delivery_id,order_id,vehicle_id,origin_site_id,destination_location_id,delivery_sequence,dispatch_datetime,delivery_datetime,distance_km,delivery_status,scenario_id,dataset_build_id,is_synthetic
DEL-SYN-000001,ORD-SYN-000001,VEH-SYN-01,SOR-01,LOC-SYN-CUS-069,1,2025-08-07T03:18:00-04:00,2025-08-07T06:18:00-04:00,13.67,delivered,B2B-V1-BASE,BLD-9102B6E8BF1ABFFC5F32,True
DEL-SYN-000002,ORD-SYN-000002,VEH-SYN-02,SOR-01,LOC-SYN-CUS-133,1,2025-08-04T03:26:00-04:00,2025-08-04T06:26:00-04:00,15.316,delivered,B2B-V1-BASE,BLD-9102B6E8BF1ABFFC5F32,True
DEL-SYN-000003,ORD-SYN-000003,VEH-SYN-03,SOR-01,LOC-SYN-CUS-006,1,2025-08-07T04:58:00-04:00,2025-08-07T07:58:00-04:00,102.381,delivered,B2B-V1-BASE,BLD-9102B6E8BF1ABFFC5F32,True
DEL-SYN-000004,ORD-SYN-000004,VEH-SYN-04,SOR-01,LOC-SYN-CUS-110,1,2025-08-02T20:09:00-04:00,2025-08-02T23:09:00-04:00,101.983,delivered,B2B-V1-BASE,BLD-9102B6E8BF1ABFFC5F32,True
DEL-SYN-000005,ORD-SYN-000004,VEH-SYN-05,SOR-01,LOC-SYN-CUS-110,2,2025-08-03T06:09:00-04:00,2025-08-03T09:09:00-04:00,101.983,delivered,B2B-V1-BASE,BLD-9102B6E8BF1ABFFC5F32,True
DEL-SYN-000006,ORD-SYN-000005,VEH-SYN-05,SOR-01,LOC-SYN-CUS-107,1,2025-08-07T06:20:00-04:00,2025-08-07T09:20:00-04:00,15.357,delivered,B2B-V1-BASE,BLD-9102B6E8BF1ABFFC5F32,True
DEL-SYN-000007,ORD-SYN-000006,VEH-SYN-06,SOR-01,LOC-SYN-CUS-094,1,2025-08-06T20:39:00-04:00,2025-08-06T23:39:00-04:00,81.241,delivered,B2B-V1-BASE,BLD-9102B6E8BF1ABFFC5F32,True
DEL-SYN-000008,ORD-SYN-000007,VEH-SYN-01,SOR-01,LOC-SYN-CUS-140,1,2025-08-07T22:37:00-04:00,2025-08-08T01:37:00-04:00,93.15,delivered,B2B-V1-BASE,BLD-9102B6E8BF1ABFFC5F32,True
DEL-SYN-000009,ORD-SYN-000008,VEH-SYN-02,SOR-01,LOC-SYN-CUS-062,1,2025-08-04T22:48:00-04:00,2025-08-05T01:48:00-04:00,84.711,delivered,B2B-V1-BASE,BLD-9102B6E8BF1ABFFC5F32,True
DEL-SYN-000010,ORD-SYN-000008,VEH-SYN-03,SOR-01,LOC-SYN-CUS-062,2,2025-08-05T08:48:00-04:00,2025-08-05T11:48:00-04:00,84.711,delivered,B2B-V1-BASE,BLD-9102B6E8BF1ABFFC5F32,True
DEL-SYN-000011,ORD-SYN-000009,VEH-SYN-03,SOR-01,LOC-SYN-CUS-141,1,2025-08-06T09:16:00-04:00,2025-08-06T12:16:00-04:00,3.791,delivered,B2B-V1-BASE,BLD-9102B6E8BF1ABFFC5F32,True
DEL-SYN-000012,ORD-SYN-000010,VEH-SYN-04,SOR-01,LOC-SYN-CUS-033,1,2025-08-07T09:55:00-04:00,2025-08-07T12:55:00-04:00,13.637,delivered,B2B-V1-BASE,BLD-9102B6E8BF1ABFFC5F32,True
DEL-SYN-000013,ORD-SYN-000011,VEH-SYN-05,SOR-01,LOC-SYN-CUS-129,1,2025-08-07T10:04:00-04:00,2025-08-07T13:04:00-04:00,10.44,delivered,B2B-V1-BASE,BLD-9102B6E8BF1ABFFC5F32,True
DEL-SYN-000014,ORD-SYN-000012,VEH-SYN-06,SOR-01,LOC-SYN-CUS-093,1,2025-08-03T17:03:00-04:00,2025-08-03T20:03:00-04:00,14.157,delivered,B2B-V1-BASE,BLD-9102B6E8BF1ABFFC5F32,True
DEL-SYN-000015,ORD-SYN-000012,VEH-SYN-01,SOR-01,LOC-SYN-CUS-093,2,2025-08-04T07:03:00-04:00,2025-08-04T10:03:00-04:00,14.157,delivered,B2B-V1-BASE,BLD-9102B6E8BF1ABFFC5F32,True
DEL-SYN-000016,ORD-SYN-000013,VEH-SYN-01,SOR-01,LOC-SYN-CUS-001,1,2025-08-05T12:05:00-04:00,2025-08-05T15:05:00-04:00,6.513,delivered,B2B-V1-BASE,BLD-9102B6E8BF1ABFFC5F32,True
DEL-SYN-000017,ORD-SYN-000014,VEH-SYN-02,SOR-01,LOC-SYN-CUS-129,1,2025-08-05T03:14:00-04:00,2025-08-05T06:14:00-04:00,10.44,delivered,B2B-V1-BASE,BLD-9102B6E8BF1ABFFC5F32,True
DEL-SYN-000018,ORD-SYN-000015,VEH-SYN-03,SOR-01,LOC-SYN-CUS-073,1,2025-08-07T04:14:00-04:00,2025-08-07T07:14:00-04:00,17.971,delivered,B2B-V1-BASE,BLD-9102B6E8BF1ABFFC5F32,True
DEL-SYN-000019,ORD-SYN-000016,VEH-SYN-04,SOR-01,LOC-SYN-CUS-014,1,2025-08-08T10:26:00-04:00,2025-08-08T13:26:00-04:00,98.171,delivered_with_incident,B2B-V1-BASE,BLD-9102B6E8BF1ABFFC5F32,True
DEL-SYN-000020,ORD-SYN-000016,VEH-SYN-05,SOR-01,LOC-SYN-CUS-014,2,2025-08-09T00:26:00-04:00,2025-08-09T03:26:00-04:00,98.171,delivered,B2B-V1-BASE,BLD-9102B6E8BF1ABFFC5F32,True
DEL-SYN-000021,ORD-SYN-000017,VEH-SYN-05,SOR-01,LOC-SYN-CUS-115,1,2025-08-06T18:35:00-04:00,2025-08-06T21:35:00-04:00,8.481,delivered,B2B-V1-BASE,BLD-9102B6E8BF1ABFFC5F32,True
DEL-SYN-000022,ORD-SYN-000018,VEH-SYN-06,SOR-01,LOC-SYN-CUS-037,1,2025-08-08T20:08:00-04:00,2025-08-08T23:08:00-04:00,1.869,delivered,B2B-V1-BASE,BLD-9102B6E8BF1ABFFC5F32,True
DEL-SYN-000023,ORD-SYN-000019,VEH-SYN-01,SOR-01,LOC-SYN-CUS-018,1,2025-08-08T06:42:00-04:00,2025-08-08T09:42:00-04:00,97.884,delivered,B2B-V1-BASE,BLD-9102B6E8BF1ABFFC5F32,True
DEL-SYN-000024,ORD-SYN-000020,VEH-SYN-02,SOR-01,LOC-SYN-CUS-072,1,2025-08-07T21:01:00-04:00,2025-08-08T00:01:00-04:00,106.388,delivered,B2B-V1-BASE,BLD-9102B6E8BF1ABFFC5F32,True
DEL-SYN-000025,ORD-SYN-000020,VEH-SYN-03,SOR-01,LOC-SYN-CUS-072,2,2025-08-08T07:01:00-04:00,2025-08-08T10:01:00-04:00,106.388,delivered,B2B-V1-BASE,BLD-9102B6E8BF1ABFFC5F32,True
DEL-SYN-000026,ORD-SYN-000021,VEH-SYN-03,SOR-01,LOC-SYN-CUS-049,1,2025-08-05T08:48:00-04:00,2025-08-05T11:48:00-04:00,13.054,delivered,B2B-V1-BASE,BLD-9102B6E8BF1ABFFC5F32,True
DEL-SYN-000027,ORD-SYN-000022,VEH-SYN-04,SOR-01,LOC-SYN-CUS-121,1,2025-08-04T09:38:00-04:00,2025-08-04T12:38:00-04:00,1.523,delivered,B2B-V1-BASE,BLD-9102B6E8BF1ABFFC5F32,True
DEL-SYN-000028,ORD-SYN-000023,VEH-SYN-05,SOR-01,LOC-SYN-CUS-109,1,2025-08-04T11:14:00-04:00,2025-08-04T14:14:00-04:00,15.631,delivered,B2B-V1-BASE,BLD-9102B6E8BF1ABFFC5F32,True
DEL-SYN-000029,ORD-SYN-000024,VEH-SYN-06,SOR-01,LOC-SYN-CUS-093,1,2025-08-08T17:34:00-04:00,2025-08-08T20:34:00-04:00,14.157,delivered,B2B-V1-BASE,BLD-9102B6E8BF1ABFFC5F32,True
DEL-SYN-000030,ORD-SYN-000024,VEH-SYN-01,SOR-01,LOC-SYN-CUS-093,2,2025-08-09T07:34:00-04:00,2025-08-09T10:34:00-04:00,14.157,delivered,B2B-V1-BASE,BLD-9102B6E8BF1ABFFC5F32,True
DEL-SYN-000031,ORD-SYN-000025,VEH-SYN-01,SOR-01,LOC-SYN-CUS-147,1,2025-08-08T12:27:00-04:00,2025-08-08T15:27:00-04:00,13.232,delivered,B2B-V1-BASE,BLD-9102B6E8BF1ABFFC5F32,True
DEL-SYN-000032,ORD-SYN-000026,VEH-SYN-02,SOR-01,LOC-SYN-CUS-010,1,2025-08-05T12:40:00-04:00,2025-08-05T15:40:00-04:00,98.174,delivered,B2B-V1-BASE,BLD-9102B6E8BF1ABFFC5F32,True
DEL-SYN-000033,ORD-SYN-000027,VEH-SYN-03,SOR-01,LOC-SYN-CUS-126,1,2025-08-08T12:58:00-04:00,2025-08-08T15:58:00-04:00,96.582,delivered,B2B-V1-BASE,BLD-9102B6E8BF1ABFFC5F32,True
DEL-SYN-000034,ORD-SYN-000028,VEH-SYN-04,SOR-01,LOC-SYN-CUS-005,1,2025-08-06T02:59:00-04:00,2025-08-06T05:59:00-04:00,9.779,delivered,B2B-V1-BASE,BLD-9102B6E8BF1ABFFC5F32,True
DEL-SYN-000035,ORD-SYN-000028,VEH-SYN-05,SOR-01,LOC-SYN-CUS-005,2,2025-08-06T12:59:00-04:00,2025-08-06T15:59:00-04:00,9.779,delivered,B2B-V1-BASE,BLD-9102B6E8BF1ABFFC5F32,True
DEL-SYN-000036,ORD-SYN-000029,VEH-SYN-05,SOR-01,LOC-SYN-CUS-006,1,2025-08-05T17:18:00-04:00,2025-08-05T20:18:00-04:00,102.381,delivered,B2B-V1-BASE,BLD-9102B6E8BF1ABFFC5F32,True
DEL-SYN-000037,ORD-SYN-000030,VEH-SYN-06,SOR-01,LOC-SYN-CUS-138,1,2025-08-06T17:36:00-04:00,2025-08-06T20:36:00-04:00,93.584,delivered,B2B-V1-BASE,BLD-9102B6E8BF1ABFFC5F32,True
DEL-SYN-000038,ORD-SYN-000031,VEH-SYN-01,SOR-01,LOC-SYN-CUS-090,1,2025-08-06T03:58:00-04:00,2025-08-06T06:58:00-04:00,114.028,delivered,B2B-V1-BASE,BLD-9102B6E8BF1ABFFC5F32,True
DEL-SYN-000039,ORD-SYN-000032,VEH-SYN-02,SOR-01,LOC-SYN-CUS-064,1,2025-08-04T20:35:00-04:00,2025-08-04T23:35:00-04:00,102.777,delivered,B2B-V1-BASE,BLD-9102B6E8BF1ABFFC5F32,True
DEL-SYN-000040,ORD-SYN-000032,VEH-SYN-03,SOR-01,LOC-SYN-CUS-064,2,2025-08-05T06:35:00-04:00,2025-08-05T09:35:00-04:00,102.777,delivered_with_incident,B2B-V1-BASE,BLD-9102B6E8BF1ABFFC5F32,True
DEL-SYN-000041,ORD-SYN-000033,VEH-SYN-03,SOR-01,LOC-SYN-CUS-024,1,2025-08-07T06:37:00-04:00,2025-08-07T09:37:00-04:00,107.095,delivered_with_incident,B2B-V1-BASE,BLD-9102B6E8BF1ABFFC5F32,True
DEL-SYN-000042,ORD-SYN-000034,VEH-SYN-04,SOR-01,LOC-SYN-CUS-054,1,2025-08-06T08:41:00-04:00,2025-08-06T11:41:00-04:00,92.335,delivered,B2B-V1-BASE,BLD-9102B6E8BF1ABFFC5F32,True
DEL-SYN-000043,ORD-SYN-000035,VEH-SYN-05,SOR-01,LOC-SYN-CUS-009,1,2025-08-09T08:46:00-04:00,2025-08-09T11:46:00-04:00,14.093,delivered,B2B-V1-BASE,BLD-9102B6E8BF1ABFFC5F32,True
DEL-SYN-000044,ORD-SYN-000036,VEH-SYN-06,SOR-01,LOC-SYN-CUS-093,1,2025-08-05T23:14:00-04:00,2025-08-06T02:14:00-04:00,14.157,delivered,B2B-V1-BASE,BLD-9102B6E8BF1ABFFC5F32,True
DEL-SYN-000045,ORD-SYN-000036,VEH-SYN-01,SOR-01,LOC-SYN-CUS-093,2,2025-08-06T09:14:00-04:00,2025-08-06T12:14:00-04:00,14.157,delivered,B2B-V1-BASE,BLD-9102B6E8BF1ABFFC5F32,True
DEL-SYN-000046,ORD-SYN-000037,VEH-SYN-01,SOR-01,LOC-SYN-CUS-038,1,2025-08-05T09:39:00-04:00,2025-08-05T12:39:00-04:00,91.614,delivered,B2B-V1-BASE,BLD-9102B6E8BF1ABFFC5F32,True
DEL-SYN-000047,ORD-SYN-000038,VEH-SYN-02,SOR-01,LOC-SYN-CUS-065,1,2025-08-07T00:31:00-04:00,2025-08-07T03:31:00-04:00,13.49,delivered,B2B-V1-BASE,BLD-9102B6E8BF1ABFFC5F32,True
DEL-SYN-000048,ORD-SYN-000039,VEH-SYN-03,SOR-01,LOC-SYN-CUS-101,1,2025-08-06T12:13:00-04:00,2025-08-06T15:13:00-04:00,8.729,delivered,B2B-V1-BASE,BLD-9102B6E8BF1ABFFC5F32,True
DEL-SYN-000049,ORD-SYN-000040,VEH-SYN-04,SOR-01,LOC-SYN-CUS-011,1,2025-08-05T02:30:00-04:00,2025-08-05T05:30:00-04:00,11.323,delivered,B2B-V1-BASE,BLD-9102B6E8BF1ABFFC5F32,True
DEL-SYN-000050,ORD-SYN-000040,VEH-SYN-05,SOR-01,LOC-SYN-CUS-011,2,2025-08-05T12:30:00-04:00,2025-08-05T15:30:00-04:00,11.323,delivered,B2B-V1-BASE,BLD-9102B6E8BF1ABFFC5F32,True
DEL-SYN-000051,ORD-SYN-000041,VEH-SYN-05,SOR-01,LOC-SYN-CUS-009,1,2025-08-08T03:36:00-04:00,2025-08-08T06:36:00-04:00,14.093,delivered,B2B-V1-BASE,BLD-9102B6E8BF1ABFFC5F32,True
DEL-SYN-000052,ORD-SYN-000042,VEH-SYN-06,SOR-01,LOC-SYN-CUS-109,1,2025-08-06T03:55:00-04:00,2025-08-06T06:55:00-04:00,15.631,delivered,B2B-V1-BASE,BLD-9102B6E8BF1ABFFC5F32,True
DEL-SYN-000053,ORD-SYN-000043,VEH-SYN-01,SOR-01,LOC-SYN-CUS-121,1,2025-08-07T18:00:00-04:00,2025-08-07T21:00:00-04:00,1.523,delivered,B2B-V1-BASE,BLD-9102B6E8BF1ABFFC5F32,True
DEL-SYN-000054,ORD-SYN-000044,VEH-SYN-02,SOR-01,LOC-SYN-CUS-056,1,2025-08-09T10:13:00-04:00,2025-08-09T13:13:00-04:00,107.19,delivered,B2B-V1-BASE,BLD-9102B6E8BF1ABFFC5F32,True
DEL-SYN-000055,ORD-SYN-000044,VEH-SYN-03,SOR-01,LOC-SYN-CUS-056,2,2025-08-10T00:13:00-04:00,2025-08-10T03:13:00-04:00,107.19,delivered,B2B-V1-BASE,BLD-9102B6E8BF1ABFFC5F32,True
DEL-SYN-000056,ORD-SYN-000045,VEH-SYN-03,SOR-01,LOC-SYN-CUS-117,1,2025-08-08T04:16:00-04:00,2025-08-08T07:16:00-04:00,14.483,delivered,B2B-V1-BASE,BLD-9102B6E8BF1ABFFC5F32,True
DEL-SYN-000057,ORD-SYN-000046,VEH-SYN-04,SOR-01,LOC-SYN-CUS-066,1,2025-08-06T05:22:00-04:00,2025-08-06T08:22:00-04:00,96.649,delivered,B2B-V1-BASE,BLD-9102B6E8BF1ABFFC5F32,True
DEL-SYN-000058,ORD-SYN-000047,VEH-SYN-05,SOR-01,LOC-SYN-CUS-064,1,2025-08-07T06:16:00-04:00,2025-08-07T09:16:00-04:00,102.777,delivered,B2B-V1-BASE,BLD-9102B6E8BF1ABFFC5F32,True
DEL-SYN-000059,ORD-SYN-000048,VEH-SYN-06,SOR-01,LOC-SYN-CUS-010,1,2025-08-07T12:18:00-04:00,2025-08-07T15:18:00-04:00,98.174,delivered,B2B-V1-BASE,BLD-9102B6E8BF1ABFFC5F32,True
DEL-SYN-000060,ORD-SYN-000048,VEH-SYN-01,SOR-01,LOC-SYN-CUS-010,2,2025-08-08T02:18:00-04:00,2025-08-08T05:18:00-04:00,98.174,delivered,B2B-V1-BASE,BLD-9102B6E8BF1ABFFC5F32,True
DEL-SYN-000061,ORD-SYN-000049,VEH-SYN-01,SOR-01,LOC-SYN-CUS-117,1,2025-08-09T21:09:00-04:00,2025-08-10T00:09:00-04:00,14.483,delivered,B2B-V1-BASE,BLD-9102B6E8BF1ABFFC5F32,True
DEL-SYN-000062,ORD-SYN-000050,VEH-SYN-02,SOR-01,LOC-SYN-CUS-149,1,2025-08-06T08:40:00-04:00,2025-08-06T11:40:00-04:00,9.994,delivered,B2B-V1-BASE,BLD-9102B6E8BF1ABFFC5F32,True
DEL-SYN-000063,ORD-SYN-000051,VEH-SYN-03,SOR-01,LOC-SYN-CUS-067,1,2025-08-06T08:51:00-04:00,2025-08-06T11:51:00-04:00,13.624,delivered,B2B-V1-BASE,BLD-9102B6E8BF1ABFFC5F32,True
DEL-SYN-000064,ORD-SYN-000052,VEH-SYN-04,SOR-01,LOC-SYN-CUS-016,1,2025-08-08T23:30:00-04:00,2025-08-09T02:30:00-04:00,89.626,delivered,B2B-V1-BASE,BLD-9102B6E8BF1ABFFC5F32,True
DEL-SYN-000065,ORD-SYN-000052,VEH-SYN-05,SOR-01,LOC-SYN-CUS-016,2,2025-08-09T09:30:00-04:00,2025-08-09T12:30:00-04:00,89.626,delivered,B2B-V1-BASE,BLD-9102B6E8BF1ABFFC5F32,True
DEL-SYN-000066,ORD-SYN-000053,VEH-SYN-05,SOR-01,LOC-SYN-CUS-029,1,2025-08-07T23:55:00-04:00,2025-08-08T02:55:00-04:00,8.682,delivered,B2B-V1-BASE,BLD-9102B6E8BF1ABFFC5F32,True
DEL-SYN-000067,ORD-SYN-000054,VEH-SYN-06,SOR-01,LOC-SYN-CUS-014,1,2025-08-10T10:09:00-04:00,2025-08-10T13:09:00-04:00,98.171,delivered,B2B-V1-BASE,BLD-9102B6E8BF1ABFFC5F32,True
DEL-SYN-000068,ORD-SYN-000055,VEH-SYN-01,SOR-01,LOC-SYN-CUS-033,1,2025-08-10T11:08:00-04:00,2025-08-10T14:08:00-04:00,13.637,delivered,B2B-V1-BASE,BLD-9102B6E8BF1ABFFC5F32,True
DEL-SYN-000069,ORD-SYN-000056,VEH-SYN-02,SOR-01,LOC-SYN-CUS-047,1,2025-08-06T02:40:00-04:00,2025-08-06T05:40:00-04:00,14.65,delivered,B2B-V1-BASE,BLD-9102B6E8BF1ABFFC5F32,True
DEL-SYN-000070,ORD-SYN-000056,VEH-SYN-03,SOR-01,LOC-SYN-CUS-047,2,2025-08-06T12:40:00-04:00,2025-08-06T15:40:00-04:00,14.65,delivered,B2B-V1-BASE,BLD-9102B6E8BF1ABFFC5F32,True
DEL-SYN-000071,ORD-SYN-000057,VEH-SYN-03,SOR-01,LOC-SYN-CUS-082,1,2025-08-11T05:38:00-04:00,2025-08-11T08:38:00-04:00,95.328,delivered,B2B-V1-BASE,BLD-9102B6E8BF1ABFFC5F32,True
DEL-SYN-000072,ORD-SYN-000058,VEH-SYN-04,SOR-01,LOC-SYN-CUS-081,1,2025-08-11T06:43:00-04:00,2025-08-11T09:43:00-04:00,6.44,delivered,B2B-V1-BASE,BLD-9102B6E8BF1ABFFC5F32,True
DEL-SYN-000073,ORD-SYN-000059,VEH-SYN-05,SOR-01,LOC-SYN-CUS-048,1,2025-08-09T21:10:00-04:00,2025-08-10T00:10:00-04:00,94.78,delivered,B2B-V1-BASE,BLD-9102B6E8BF1ABFFC5F32,True
DEL-SYN-000074,ORD-SYN-000060,VEH-SYN-06,SOR-01,LOC-SYN-CUS-065,1,2025-08-08T23:43:00-04:00,2025-08-09T02:43:00-04:00,13.49,delivered,B2B-V1-BASE,BLD-9102B6E8BF1ABFFC5F32,True
DEL-SYN-000075,ORD-SYN-000060,VEH-SYN-01,SOR-01,LOC-SYN-CUS-065,2,2025-08-09T09:43:00-04:00,2025-08-09T12:43:00-04:00,13.49,delivered,B2B-V1-BASE,BLD-9102B6E8BF1ABFFC5F32,True
DEL-SYN-000076,ORD-SYN-000061,VEH-SYN-01,SOR-01,LOC-SYN-CUS-043,1,2025-08-09T10:27:00-04:00,2025-08-09T13:27:00-04:00,10.148,delivered,B2B-V1-BASE,BLD-9102B6E8BF1ABFFC5F32,True
DEL-SYN-000077,ORD-SYN-000062,VEH-SYN-02,SOR-01,LOC-SYN-CUS-053,1,2025-08-11T17:34:00-04:00,2025-08-11T20:34:00-04:00,11.138,delivered,B2B-V1-BASE,BLD-9102B6E8BF1ABFFC5F32,True
DEL-SYN-000078,ORD-SYN-000063,VEH-SYN-03,SOR-01,LOC-SYN-CUS-021,1,2025-08-11T04:05:00-04:00,2025-08-11T07:05:00-04:00,21.891,delivered,B2B-V1-BASE,BLD-9102B6E8BF1ABFFC5F32,True
DEL-SYN-000079,ORD-SYN-000064,VEH-SYN-04,SOR-01,LOC-SYN-CUS-021,1,2025-08-08T19:21:00-04:00,2025-08-08T22:21:00-04:00,21.891,delivered,B2B-V1-BASE,BLD-9102B6E8BF1ABFFC5F32,True
DEL-SYN-000080,ORD-SYN-000064,VEH-SYN-05,SOR-01,LOC-SYN-CUS-021,2,2025-08-09T05:21:00-04:00,2025-08-09T08:21:00-04:00,21.891,delivered,B2B-V1-BASE,BLD-9102B6E8BF1ABFFC5F32,True
DEL-SYN-000081,ORD-SYN-000065,VEH-SYN-05,SOR-01,LOC-SYN-CUS-029,1,2025-08-12T20:20:00-04:00,2025-08-12T23:20:00-04:00,8.682,delivered,B2B-V1-BASE,BLD-9102B6E8BF1ABFFC5F32,True
DEL-SYN-000082,ORD-SYN-000066,VEH-SYN-06,SOR-01,LOC-SYN-CUS-025,1,2025-08-09T21:08:00-04:00,2025-08-10T00:08:00-04:00,12.656,delivered,B2B-V1-BASE,BLD-9102B6E8BF1ABFFC5F32,True
DEL-SYN-000083,ORD-SYN-000067,VEH-SYN-01,SOR-01,LOC-SYN-CUS-029,1,2025-08-12T07:33:00-04:00,2025-08-12T10:33:00-04:00,8.682,delivered,B2B-V1-BASE,BLD-9102B6E8BF1ABFFC5F32,True
DEL-SYN-000084,ORD-SYN-000068,VEH-SYN-02,SOR-01,LOC-SYN-CUS-078,1,2025-08-07T21:46:00-04:00,2025-08-08T00:46:00-04:00,97.926,delivered,B2B-V1-BASE,BLD-9102B6E8BF1ABFFC5F32,True
DEL-SYN-000085,ORD-SYN-000068,VEH-SYN-03,SOR-01,LOC-SYN-CUS-078,2,2025-08-08T07:46:00-04:00,2025-08-08T10:46:00-04:00,97.926,delivered,B2B-V1-BASE,BLD-9102B6E8BF1ABFFC5F32,True
DEL-SYN-000086,ORD-SYN-000069,VEH-SYN-03,SOR-01,LOC-SYN-CUS-102,1,2025-08-08T22:56:00-04:00,2025-08-09T01:56:00-04:00,92.902,delivered,B2B-V1-BASE,BLD-9102B6E8BF1ABFFC5F32,True
DEL-SYN-000087,ORD-SYN-000070,VEH-SYN-04,SOR-01,LOC-SYN-CUS-131,1,2025-08-12T09:28:00-04:00,2025-08-12T12:28:00-04:00,9.096,delivered,B2B-V1-BASE,BLD-9102B6E8BF1ABFFC5F32,True
DEL-SYN-000088,ORD-SYN-000071,VEH-SYN-05,SOR-01,LOC-SYN-CUS-088,1,2025-08-10T10:03:00-04:00,2025-08-10T13:03:00-04:00,103.178,delivered,B2B-V1-BASE,BLD-9102B6E8BF1ABFFC5F32,True
DEL-SYN-000089,ORD-SYN-000072,VEH-SYN-06,SOR-01,LOC-SYN-CUS-114,1,2025-08-11T16:22:00-04:00,2025-08-11T19:22:00-04:00,98.868,delivered,B2B-V1-BASE,BLD-9102B6E8BF1ABFFC5F32,True
DEL-SYN-000090,ORD-SYN-000072,VEH-SYN-01,SOR-01,LOC-SYN-CUS-114,2,2025-08-12T06:22:00-04:00,2025-08-12T09:22:00-04:00,98.868,delivered,B2B-V1-BASE,BLD-9102B6E8BF1ABFFC5F32,True
DEL-SYN-000091,ORD-SYN-000073,VEH-SYN-01,SOR-01,LOC-SYN-CUS-022,1,2025-08-09T10:22:00-04:00,2025-08-09T13:22:00-04:00,97.576,delivered,B2B-V1-BASE,BLD-9102B6E8BF1ABFFC5F32,True
DEL-SYN-000092,ORD-SYN-000074,VEH-SYN-02,SOR-01,LOC-SYN-CUS-045,1,2025-08-12T10:46:00-04:00,2025-08-12T13:46:00-04:00,12.037,delivered,B2B-V1-BASE,BLD-9102B6E8BF1ABFFC5F32,True
DEL-SYN-000093,ORD-SYN-000075,VEH-SYN-03,SOR-01,LOC-SYN-CUS-124,1,2025-08-08T12:35:00-04:00,2025-08-08T15:35:00-04:00,90.769,delivered,B2B-V1-BASE,BLD-9102B6E8BF1ABFFC5F32,True
DEL-SYN-000094,ORD-SYN-000076,VEH-SYN-04,SOR-01,LOC-SYN-CUS-046,1,2025-08-11T17:06:00-04:00,2025-08-11T20:06:00-04:00,97.72,delivered,B2B-V1-BASE,BLD-9102B6E8BF1ABFFC5F32,True
DEL-SYN-000095,ORD-SYN-000076,VEH-SYN-05,SOR-01,LOC-SYN-CUS-046,2,2025-08-12T03:06:00-04:00,2025-08-12T06:06:00-04:00,97.72,delivered,B2B-V1-BASE,BLD-9102B6E8BF1ABFFC5F32,True
DEL-SYN-000096,ORD-SYN-000077,VEH-SYN-05,SOR-01,LOC-SYN-CUS-137,1,2025-08-13T03:23:00-04:00,2025-08-13T06:23:00-04:00,11.323,delivered,B2B-V1-BASE,BLD-9102B6E8BF1ABFFC5F32,True
DEL-SYN-000097,ORD-SYN-000078,VEH-SYN-06,SOR-01,LOC-SYN-CUS-094,1,2025-08-12T17:32:00-04:00,2025-08-12T20:32:00-04:00,81.241,delivered,B2B-V1-BASE,BLD-9102B6E8BF1ABFFC5F32,True
DEL-SYN-000098,ORD-SYN-000079,VEH-SYN-01,SOR-01,LOC-SYN-CUS-085,1,2025-08-13T04:12:00-04:00,2025-08-13T07:12:00-04:00,11.234,delivered,B2B-V1-BASE,BLD-9102B6E8BF1ABFFC5F32,True
DEL-SYN-000099,ORD-SYN-000080,VEH-SYN-02,SOR-01,LOC-SYN-CUS-145,1,2025-08-08T20:44:00-04:00,2025-08-08T23:44:00-04:00,9.581,delivered,B2B-V1-BASE,BLD-9102B6E8BF1ABFFC5F32,True
DEL-SYN-000100,ORD-SYN-000080,VEH-SYN-03,SOR-01,LOC-SYN-CUS-145,2,2025-08-09T06:44:00-04:00,2025-08-09T09:44:00-04:00,9.581,delivered,B2B-V1-BASE,BLD-9102B6E8BF1ABFFC5F32,True
DEL-SYN-000101,ORD-SYN-000081,VEH-SYN-03,SOR-01,LOC-SYN-CUS-117,1,2025-08-10T07:57:00-04:00,2025-08-10T10:57:00-04:00,14.483,delivered,B2B-V1-BASE,BLD-9102B6E8BF1ABFFC5F32,True
DEL-SYN-000102,ORD-SYN-000082,VEH-SYN-04,SOR-01,LOC-SYN-CUS-081,1,2025-08-13T23:51:00-04:00,2025-08-14T02:51:00-04:00,6.44,delivered,B2B-V1-BASE,BLD-9102B6E8BF1ABFFC5F32,True
DEL-SYN-000103,ORD-SYN-000083,VEH-SYN-05,SOR-01,LOC-SYN-CUS-145,1,2025-08-11T10:55:00-04:00,2025-08-11T13:55:00-04:00,9.581,delivered,B2B-V1-BASE,BLD-9102B6E8BF1ABFFC5F32,True
DEL-SYN-000104,ORD-SYN-000084,VEH-SYN-06,SOR-01,LOC-SYN-CUS-033,1,2025-08-11T01:28:00-04:00,2025-08-11T04:28:00-04:00,13.637,delivered,B2B-V1-BASE,BLD-9102B6E8BF1ABFFC5F32,True
DEL-SYN-000105,ORD-SYN-000084,VEH-SYN-01,SOR-01,LOC-SYN-CUS-033,2,2025-08-11T11:28:00-04:00,2025-08-11T14:28:00-04:00,13.637,delivered,B2B-V1-BASE,BLD-9102B6E8BF1ABFFC5F32,True
DEL-SYN-000106,ORD-SYN-000085,VEH-SYN-01,SOR-01,LOC-SYN-CUS-096,1,2025-08-12T01:40:00-04:00,2025-08-12T04:40:00-04:00,108.662,delivered,B2B-V1-BASE,BLD-9102B6E8BF1ABFFC5F32,True
DEL-SYN-000107,ORD-SYN-000086,VEH-SYN-02,SOR-01,LOC-SYN-CUS-150,1,2025-08-11T11:47:00-04:00,2025-08-11T14:47:00-04:00,93.487,delivered,B2B-V1-BASE,BLD-9102B6E8BF1ABFFC5F32,True
DEL-SYN-000108,ORD-SYN-000087,VEH-SYN-03,SOR-01,LOC-SYN-CUS-018,1,2025-08-14T05:10:00-04:00,2025-08-14T08:10:00-04:00,97.884,delivered,B2B-V1-BASE,BLD-9102B6E8BF1ABFFC5F32,True
DEL-SYN-000109,ORD-SYN-000088,VEH-SYN-04,SOR-01,LOC-SYN-CUS-079,1,2025-08-10T12:47:00-04:00,2025-08-10T15:47:00-04:00,9.76,delivered,B2B-V1-BASE,BLD-9102B6E8BF1ABFFC5F32,True
DEL-SYN-000110,ORD-SYN-000088,VEH-SYN-05,SOR-01,LOC-SYN-CUS-079,2,2025-08-11T02:47:00-04:00,2025-08-11T05:47:00-04:00,9.76,delivered,B2B-V1-BASE,BLD-9102B6E8BF1ABFFC5F32,True
DEL-SYN-000111,ORD-SYN-000089,VEH-SYN-05,SOR-01,LOC-SYN-CUS-086,1,2025-08-13T07:15:00-04:00,2025-08-13T10:15:00-04:00,100.855,delivered,B2B-V1-BASE,BLD-9102B6E8BF1ABFFC5F32,True
DEL-SYN-000112,ORD-SYN-000090,VEH-SYN-06,SOR-01,LOC-SYN-CUS-001,1,2025-08-11T21:43:00-04:00,2025-08-12T00:43:00-04:00,6.513,delivered,B2B-V1-BASE,BLD-9102B6E8BF1ABFFC5F32,True
DEL-SYN-000113,ORD-SYN-000091,VEH-SYN-01,SOR-01,LOC-SYN-CUS-066,1,2025-08-10T22:05:00-04:00,2025-08-11T01:05:00-04:00,96.649,delivered,B2B-V1-BASE,BLD-9102B6E8BF1ABFFC5F32,True
DEL-SYN-000114,ORD-SYN-000092,VEH-SYN-02,SOR-01,LOC-SYN-CUS-122,1,2025-08-13T22:32:00-04:00,2025-08-14T01:32:00-04:00,107.646,delivered,B2B-V1-BASE,BLD-9102B6E8BF1ABFFC5F32,True
DEL-SYN-000115,ORD-SYN-000092,VEH-SYN-03,SOR-01,LOC-SYN-CUS-122,2,2025-08-14T08:32:00-04:00,2025-08-14T11:32:00-04:00,107.646,delivered,B2B-V1-BASE,BLD-9102B6E8BF1ABFFC5F32,True
DEL-SYN-000116,ORD-SYN-000093,VEH-SYN-03,SOR-01,LOC-SYN-CUS-046,1,2025-08-10T09:29:00-04:00,2025-08-10T12:29:00-04:00,97.72,delivered,B2B-V1-BASE,BLD-9102B6E8BF1ABFFC5F32,True
DEL-SYN-000117,ORD-SYN-000094,VEH-SYN-04,SOR-01,LOC-SYN-CUS-112,1,2025-08-11T09:59:00-04:00,2025-08-11T12:59:00-04:00,94.924,delivered,B2B-V1-BASE,BLD-9102B6E8BF1ABFFC5F32,True
DEL-SYN-000118,ORD-SYN-000095,VEH-SYN-05,SOR-01,LOC-SYN-CUS-016,1,2025-08-13T10:22:00-04:00,2025-08-13T13:22:00-04:00,89.626,delivered,B2B-V1-BASE,BLD-9102B6E8BF1ABFFC5F32,True
DEL-SYN-000119,ORD-SYN-000096,VEH-SYN-06,SOR-01,LOC-SYN-CUS-107,1,2025-08-12T16:25:00-04:00,2025-08-12T19:25:00-04:00,15.357,delivered_with_incident,B2B-V1-BASE,BLD-9102B6E8BF1ABFFC5F32,True
DEL-SYN-000120,ORD-SYN-000096,VEH-SYN-01,SOR-01,LOC-SYN-CUS-107,2,2025-08-13T06:25:00-04:00,2025-08-13T09:25:00-04:00,15.357,delivered,B2B-V1-BASE,BLD-9102B6E8BF1ABFFC5F32,True
DEL-SYN-000121,ORD-SYN-000097,VEH-SYN-01,SOR-01,LOC-SYN-CUS-148,1,2025-08-13T11:02:00-04:00,2025-08-13T14:02:00-04:00,94.333,delivered,B2B-V1-BASE,BLD-9102B6E8BF1ABFFC5F32,True
DEL-SYN-000122,ORD-SYN-000098,VEH-SYN-02,SOR-01,LOC-SYN-CUS-014,1,2025-08-14T11:49:00-04:00,2025-08-14T14:49:00-04:00,98.171,delivered,B2B-V1-BASE,BLD-9102B6E8BF1ABFFC5F32,True
DEL-SYN-000123,ORD-SYN-000099,VEH-SYN-03,SOR-01,LOC-SYN-CUS-077,1,2025-08-13T12:13:00-04:00,2025-08-13T15:13:00-04:00,6.85,delivered,B2B-V1-BASE,BLD-9102B6E8BF1ABFFC5F32,True
DEL-SYN-000124,ORD-SYN-000100,VEH-SYN-04,SOR-01,LOC-SYN-CUS-094,1,2025-08-11T02:58:00-04:00,2025-08-11T05:58:00-04:00,81.241,delivered,B2B-V1-BASE,BLD-9102B6E8BF1ABFFC5F32,True
DEL-SYN-000125,ORD-SYN-000100,VEH-SYN-05,SOR-01,LOC-SYN-CUS-094,2,2025-08-11T12:58:00-04:00,2025-08-11T15:58:00-04:00,81.241,delivered_with_incident,B2B-V1-BASE,BLD-9102B6E8BF1ABFFC5F32,True
DEL-SYN-000126,ORD-SYN-000101,VEH-SYN-05,SOR-01,LOC-SYN-CUS-012,1,2025-08-15T03:27:00-04:00,2025-08-15T06:27:00-04:00,93.694,delivered_with_incident,B2B-V1-BASE,BLD-9102B6E8BF1ABFFC5F32,True
DEL-SYN-000127,ORD-SYN-000102,VEH-SYN-06,SOR-01,LOC-SYN-CUS-097,1,2025-08-15T04:20:00-04:00,2025-08-15T07:20:00-04:00,10.67,delivered,B2B-V1-BASE,BLD-9102B6E8BF1ABFFC5F32,True
DEL-SYN-000128,ORD-SYN-000103,VEH-SYN-01,SOR-01,LOC-SYN-CUS-146,1,2025-08-11T19:07:00-04:00,2025-08-11T22:07:00-04:00,99.257,delivered,B2B-V1-BASE,BLD-9102B6E8BF1ABFFC5F32,True
DEL-SYN-000129,ORD-SYN-000104,VEH-SYN-02,SOR-01,LOC-SYN-CUS-135,1,2025-08-12T12:48:00-04:00,2025-08-12T15:48:00-04:00,15.798,delivered,B2B-V1-BASE,BLD-9102B6E8BF1ABFFC5F32,True
DEL-SYN-000130,ORD-SYN-000104,VEH-SYN-03,SOR-01,LOC-SYN-CUS-135,2,2025-08-13T02:48:00-04:00,2025-08-13T05:48:00-04:00,15.798,delivered,B2B-V1-BASE,BLD-9102B6E8BF1ABFFC5F32,True
DEL-SYN-000131,ORD-SYN-000105,VEH-SYN-03,SOR-01,LOC-SYN-CUS-005,1,2025-08-13T07:41:00-04:00,2025-08-13T10:41:00-04:00,9.779,delivered,B2B-V1-BASE,BLD-9102B6E8BF1ABFFC5F32,True
DEL-SYN-000132,ORD-SYN-000106,VEH-SYN-04,SOR-01,LOC-SYN-CUS-053,1,2025-08-12T07:58:00-04:00,2025-08-12T10:58:00-04:00,11.138,delivered,B2B-V1-BASE,BLD-9102B6E8BF1ABFFC5F32,True
DEL-SYN-000133,ORD-SYN-000107,VEH-SYN-05,SOR-01,LOC-SYN-CUS-105,1,2025-08-13T10:02:00-04:00,2025-08-13T13:02:00-04:00,13.533,delivered,B2B-V1-BASE,BLD-9102B6E8BF1ABFFC5F32,True
DEL-SYN-000134,ORD-SYN-000108,VEH-SYN-06,SOR-01,LOC-SYN-CUS-025,1,2025-08-11T00:24:00-04:00,2025-08-11T03:24:00-04:00,12.656,delivered,B2B-V1-BASE,BLD-9102B6E8BF1ABFFC5F32,True
DEL-SYN-000135,ORD-SYN-000108,VEH-SYN-01,SOR-01,LOC-SYN-CUS-025,2,2025-08-11T10:24:00-04:00,2025-08-11T13:24:00-04:00,12.656,delivered,B2B-V1-BASE,BLD-9102B6E8BF1ABFFC5F32,True
DEL-SYN-000136,ORD-SYN-000109,VEH-SYN-01,SOR-01,LOC-SYN-CUS-139,1,2025-08-11T10:25:00-04:00,2025-08-11T13:25:00-04:00,20.414,delivered,B2B-V1-BASE,BLD-9102B6E8BF1ABFFC5F32,True
DEL-SYN-000137,ORD-SYN-000110,VEH-SYN-02,SOR-01,LOC-SYN-CUS-134,1,2025-08-15T12:06:00-04:00,2025-08-15T15:06:00-04:00,101.573,delivered,B2B-V1-BASE,BLD-9102B6E8BF1ABFFC5F32,True
DEL-SYN-000138,ORD-SYN-000111,VEH-SYN-03,SOR-01,LOC-SYN-CUS-129,1,2025-08-15T12:46:00-04:00,2025-08-15T15:46:00-04:00,10.44,delivered,B2B-V1-BASE,BLD-9102B6E8BF1ABFFC5F32,True
DEL-SYN-000139,ORD-SYN-000112,VEH-SYN-04,SOR-01,LOC-SYN-CUS-130,1,2025-08-13T17:51:00-04:00,2025-08-13T20:51:00-04:00,92.017,delivered,B2B-V1-BASE,BLD-9102B6E8BF1ABFFC5F32,True
DEL-SYN-000140,ORD-SYN-000112,VEH-SYN-05,SOR-01,LOC-SYN-CUS-130,2,2025-08-14T03:51:00-04:00,2025-08-14T06:51:00-04:00,92.017,delivered,B2B-V1-BASE,BLD-9102B6E8BF1ABFFC5F32,True
DEL-SYN-000141,ORD-SYN-000113,VEH-SYN-05,SOR-01,LOC-SYN-CUS-078,1,2025-08-14T05:12:00-04:00,2025-08-14T08:12:00-04:00,97.926,delivered,B2B-V1-BASE,BLD-9102B6E8BF1ABFFC5F32,True
DEL-SYN-000142,ORD-SYN-000114,VEH-SYN-06,SOR-01,LOC-SYN-CUS-148,1,2025-08-13T06:53:00-04:00,2025-08-13T09:53:00-04:00,94.333,delivered,B2B-V1-BASE,BLD-9102B6E8BF1ABFFC5F32,True
DEL-SYN-000143,ORD-SYN-000115,VEH-SYN-01,SOR-01,LOC-SYN-CUS-137,1,2025-08-13T08:28:00-04:00,2025-08-13T11:28:00-04:00,11.323,delivered,B2B-V1-BASE,BLD-9102B6E8BF1ABFFC5F32,True
DEL-SYN-000144,ORD-SYN-000116,VEH-SYN-02,SOR-01,LOC-SYN-CUS-126,1,2025-08-15T22:58:00-04:00,2025-08-16T01:58:00-04:00,96.582,delivered,B2B-V1-BASE,BLD-9102B6E8BF1ABFFC5F32,True
DEL-SYN-000145,ORD-SYN-000116,VEH-SYN-03,SOR-01,LOC-SYN-CUS-126,2,2025-08-16T08:58:00-04:00,2025-08-16T11:58:00-04:00,96.582,delivered,B2B-V1-BASE,BLD-9102B6E8BF1ABFFC5F32,True
DEL-SYN-000146,ORD-SYN-000117,VEH-SYN-03,SOR-01,LOC-SYN-CUS-075,1,2025-08-13T09:22:00-04:00,2025-08-13T12:22:00-04:00,11.238,delivered,B2B-V1-BASE,BLD-9102B6E8BF1ABFFC5F32,True
DEL-SYN-000147,ORD-SYN-000118,VEH-SYN-04,SOR-01,LOC-SYN-CUS-070,1,2025-08-15T01:13:00-04:00,2025-08-15T04:13:00-04:00,93.688,delivered_with_incident,B2B-V1-BASE,BLD-9102B6E8BF1ABFFC5F32,True
DEL-SYN-000148,ORD-SYN-000119,VEH-SYN-05,SOR-01,LOC-SYN-CUS-009,1,2025-08-16T11:23:00-04:00,2025-08-16T14:23:00-04:00,14.093,delivered,B2B-V1-BASE,BLD-9102B6E8BF1ABFFC5F32,True
DEL-SYN-000149,ORD-SYN-000120,VEH-SYN-06,SOR-01,LOC-SYN-CUS-006,1,2025-08-15T02:42:00-04:00,2025-08-15T05:42:00-04:00,102.381,delivered,B2B-V1-BASE,BLD-9102B6E8BF1ABFFC5F32,True
DEL-SYN-000150,ORD-SYN-000120,VEH-SYN-01,SOR-01,LOC-SYN-CUS-006,2,2025-08-15T12:42:00-04:00,2025-08-15T15:42:00-04:00,102.381,delivered,B2B-V1-BASE,BLD-9102B6E8BF1ABFFC5F32,True
DEL-SYN-000151,ORD-SYN-000121,VEH-SYN-01,SOR-01,LOC-SYN-CUS-002,1,2025-08-16T17:05:00-04:00,2025-08-16T20:05:00-04:00,87.443,delivered,B2B-V1-BASE,BLD-9102B6E8BF1ABFFC5F32,True
DEL-SYN-000152,ORD-SYN-000122,VEH-SYN-02,SOR-01,LOC-SYN-CUS-061,1,2025-08-16T05:25:00-04:00,2025-08-16T08:25:00-04:00,12.904,delivered,B2B-V1-BASE,BLD-9102B6E8BF1ABFFC5F32,True
DEL-SYN-000153,ORD-SYN-000123,VEH-SYN-03,SOR-01,LOC-SYN-CUS-150,1,2025-08-14T20:26:00-04:00,2025-08-14T23:26:00-04:00,93.487,delivered,B2B-V1-BASE,BLD-9102B6E8BF1ABFFC5F32,True
DEL-SYN-000154,ORD-SYN-000124,VEH-SYN-04,SOR-01,LOC-SYN-CUS-098,1,2025-08-14T20:41:00-04:00,2025-08-14T23:41:00-04:00,100.419,delivered,B2B-V1-BASE,BLD-9102B6E8BF1ABFFC5F32,True
DEL-SYN-000155,ORD-SYN-000124,VEH-SYN-05,SOR-01,LOC-SYN-CUS-098,2,2025-08-15T06:41:00-04:00,2025-08-15T09:41:00-04:00,100.419,delivered,B2B-V1-BASE,BLD-9102B6E8BF1ABFFC5F32,True
DEL-SYN-000156,ORD-SYN-000125,VEH-SYN-05,SOR-01,LOC-SYN-CUS-147,1,2025-08-15T23:37:00-04:00,2025-08-16T02:37:00-04:00,13.232,delivered,B2B-V1-BASE,BLD-9102B6E8BF1ABFFC5F32,True
DEL-SYN-000157,ORD-SYN-000126,VEH-SYN-06,SOR-01,LOC-SYN-CUS-093,1,2025-08-15T10:25:00-04:00,2025-08-15T13:25:00-04:00,14.157,delivered,B2B-V1-BASE,BLD-9102B6E8BF1ABFFC5F32,True
DEL-SYN-000158,ORD-SYN-000127,VEH-SYN-01,SOR-01,LOC-SYN-CUS-007,1,2025-08-15T10:54:00-04:00,2025-08-15T13:54:00-04:00,14.599,delivered,B2B-V1-BASE,BLD-9102B6E8BF1ABFFC5F32,True
DEL-SYN-000159,ORD-SYN-000128,VEH-SYN-02,SOR-01,LOC-SYN-CUS-136,1,2025-08-15T17:55:00-04:00,2025-08-15T20:55:00-04:00,98.302,delivered,B2B-V1-BASE,BLD-9102B6E8BF1ABFFC5F32,True
DEL-SYN-000160,ORD-SYN-000128,VEH-SYN-03,SOR-01,LOC-SYN-CUS-136,2,2025-08-16T07:55:00-04:00,2025-08-16T10:55:00-04:00,98.302,delivered,B2B-V1-BASE,BLD-9102B6E8BF1ABFFC5F32,True
DEL-SYN-000161,ORD-SYN-000129,VEH-SYN-03,SOR-01,LOC-SYN-CUS-109,1,2025-08-15T03:42:00-04:00,2025-08-15T06:42:00-04:00,15.631,delivered,B2B-V1-BASE,BLD-9102B6E8BF1ABFFC5F32,True
DEL-SYN-000162,ORD-SYN-000130,VEH-SYN-04,SOR-01,LOC-SYN-CUS-052,1,2025-08-16T04:20:00-04:00,2025-08-16T07:20:00-04:00,109.906,delivered,B2B-V1-BASE,BLD-9102B6E8BF1ABFFC5F32,True
DEL-SYN-000163,ORD-SYN-000131,VEH-SYN-05,SOR-01,LOC-SYN-CUS-018,1,2025-08-18T04:39:00-04:00,2025-08-18T07:39:00-04:00,97.884,delivered,B2B-V1-BASE,BLD-9102B6E8BF1ABFFC5F32,True
DEL-SYN-000164,ORD-SYN-000132,VEH-SYN-06,SOR-01,LOC-SYN-CUS-039,1,2025-08-17T20:04:00-04:00,2025-08-17T23:04:00-04:00,12.9,delivered,B2B-V1-BASE,BLD-9102B6E8BF1ABFFC5F32,True
DEL-SYN-000165,ORD-SYN-000132,VEH-SYN-01,SOR-01,LOC-SYN-CUS-039,2,2025-08-18T06:04:00-04:00,2025-08-18T09:04:00-04:00,12.9,delivered,B2B-V1-BASE,BLD-9102B6E8BF1ABFFC5F32,True
DEL-SYN-000166,ORD-SYN-000133,VEH-SYN-01,SOR-01,LOC-SYN-CUS-074,1,2025-08-17T20:10:00-04:00,2025-08-17T23:10:00-04:00,106.713,delivered,B2B-V1-BASE,BLD-9102B6E8BF1ABFFC5F32,True
DEL-SYN-000167,ORD-SYN-000134,VEH-SYN-02,SOR-01,LOC-SYN-CUS-146,1,2025-08-18T07:07:00-04:00,2025-08-18T10:07:00-04:00,99.257,delivered,B2B-V1-BASE,BLD-9102B6E8BF1ABFFC5F32,True
DEL-SYN-000168,ORD-SYN-000135,VEH-SYN-03,SOR-01,LOC-SYN-CUS-049,1,2025-08-15T21:14:00-04:00,2025-08-16T00:14:00-04:00,13.054,delivered,B2B-V1-BASE,BLD-9102B6E8BF1ABFFC5F32,True
DEL-SYN-000169,ORD-SYN-000136,VEH-SYN-04,SOR-01,LOC-SYN-CUS-086,1,2025-08-14T23:19:00-04:00,2025-08-15T02:19:00-04:00,100.855,delivered,B2B-V1-BASE,BLD-9102B6E8BF1ABFFC5F32,True
DEL-SYN-000170,ORD-SYN-000136,VEH-SYN-05,SOR-01,LOC-SYN-CUS-086,2,2025-08-15T09:19:00-04:00,2025-08-15T12:19:00-04:00,100.855,delivered,B2B-V1-BASE,BLD-9102B6E8BF1ABFFC5F32,True
DEL-SYN-000171,ORD-SYN-000137,VEH-SYN-05,SOR-01,LOC-SYN-CUS-046,1,2025-08-18T10:15:00-04:00,2025-08-18T13:15:00-04:00,97.72,delivered,B2B-V1-BASE,BLD-9102B6E8BF1ABFFC5F32,True
DEL-SYN-000172,ORD-SYN-000138,VEH-SYN-06,SOR-01,LOC-SYN-CUS-133,1,2025-08-16T02:18:00-04:00,2025-08-16T05:18:00-04:00,15.316,delivered,B2B-V1-BASE,BLD-9102B6E8BF1ABFFC5F32,True
DEL-SYN-000173,ORD-SYN-000139,VEH-SYN-01,SOR-01,LOC-SYN-CUS-040,1,2025-08-16T12:25:00-04:00,2025-08-16T15:25:00-04:00,104.509,delivered,B2B-V1-BASE,BLD-9102B6E8BF1ABFFC5F32,True
DEL-SYN-000174,ORD-SYN-000140,VEH-SYN-02,SOR-01,LOC-SYN-CUS-137,1,2025-08-18T02:50:00-04:00,2025-08-18T05:50:00-04:00,11.323,delivered,B2B-V1-BASE,BLD-9102B6E8BF1ABFFC5F32,True
DEL-SYN-000175,ORD-SYN-000140,VEH-SYN-03,SOR-01,LOC-SYN-CUS-137,2,2025-08-18T12:50:00-04:00,2025-08-18T15:50:00-04:00,11.323,delivered,B2B-V1-BASE,BLD-9102B6E8BF1ABFFC5F32,True
DEL-SYN-000176,ORD-SYN-000141,VEH-SYN-03,SOR-01,LOC-SYN-CUS-129,1,2025-08-18T03:05:00-04:00,2025-08-18T06:05:00-04:00,10.44,delivered,B2B-V1-BASE,BLD-9102B6E8BF1ABFFC5F32,True
DEL-SYN-000177,ORD-SYN-000142,VEH-SYN-04,SOR-01,LOC-SYN-CUS-043,1,2025-08-15T03:33:00-04:00,2025-08-15T06:33:00-04:00,10.148,delivered,B2B-V1-BASE,BLD-9102B6E8BF1ABFFC5F32,True
DEL-SYN-000178,ORD-SYN-000143,VEH-SYN-05,SOR-01,LOC-SYN-CUS-050,1,2025-08-18T04:38:00-04:00,2025-08-18T07:38:00-04:00,95.323,delivered,B2B-V1-BASE,BLD-9102B6E8BF1ABFFC5F32,True
DEL-SYN-000179,ORD-SYN-000144,VEH-SYN-06,SOR-01,LOC-SYN-CUS-068,1,2025-08-17T19:21:00-04:00,2025-08-17T22:21:00-04:00,103.344,delivered,B2B-V1-BASE,BLD-9102B6E8BF1ABFFC5F32,True
DEL-SYN-000180,ORD-SYN-000144,VEH-SYN-01,SOR-01,LOC-SYN-CUS-068,2,2025-08-18T05:21:00-04:00,2025-08-18T08:21:00-04:00,103.344,delivered,B2B-V1-BASE,BLD-9102B6E8BF1ABFFC5F32,True
DEL-SYN-000181,ORD-SYN-000145,VEH-SYN-01,SOR-01,LOC-SYN-CUS-109,1,2025-08-18T07:07:00-04:00,2025-08-18T10:07:00-04:00,15.631,delivered,B2B-V1-BASE,BLD-9102B6E8BF1ABFFC5F32,True
DEL-SYN-000182,ORD-SYN-000146,VEH-SYN-02,SOR-01,LOC-SYN-CUS-073,1,2025-08-18T23:05:00-04:00,2025-08-19T02:05:00-04:00,17.971,delivered,B2B-V1-BASE,BLD-9102B6E8BF1ABFFC5F32,True
DEL-SYN-000183,ORD-SYN-000147,VEH-SYN-03,SOR-01,LOC-SYN-CUS-010,1,2025-08-15T10:41:00-04:00,2025-08-15T13:41:00-04:00,98.174,delivered,B2B-V1-BASE,BLD-9102B6E8BF1ABFFC5F32,True
DEL-SYN-000184,ORD-SYN-000148,VEH-SYN-04,SOR-01,LOC-SYN-CUS-026,1,2025-08-18T01:06:00-04:00,2025-08-18T04:06:00-04:00,93.542,delivered,B2B-V1-BASE,BLD-9102B6E8BF1ABFFC5F32,True
DEL-SYN-000185,ORD-SYN-000148,VEH-SYN-05,SOR-01,LOC-SYN-CUS-026,2,2025-08-18T11:06:00-04:00,2025-08-18T14:06:00-04:00,93.542,delivered,B2B-V1-BASE,BLD-9102B6E8BF1ABFFC5F32,True
DEL-SYN-000186,ORD-SYN-000149,VEH-SYN-05,SOR-01,LOC-SYN-CUS-101,1,2025-08-17T18:05:00-04:00,2025-08-17T21:05:00-04:00,8.729,delivered,B2B-V1-BASE,BLD-9102B6E8BF1ABFFC5F32,True
DEL-SYN-000187,ORD-SYN-000150,VEH-SYN-06,SOR-01,LOC-SYN-CUS-121,1,2025-08-18T05:17:00-04:00,2025-08-18T08:17:00-04:00,1.523,delivered,B2B-V1-BASE,BLD-9102B6E8BF1ABFFC5F32,True
DEL-SYN-000188,ORD-SYN-000151,VEH-SYN-01,SOR-01,LOC-SYN-CUS-010,1,2025-08-18T08:42:00-04:00,2025-08-18T11:42:00-04:00,98.174,delivered,B2B-V1-BASE,BLD-9102B6E8BF1ABFFC5F32,True
DEL-SYN-000189,ORD-SYN-000152,VEH-SYN-02,SOR-01,LOC-SYN-CUS-082,1,2025-08-19T22:59:00-04:00,2025-08-20T01:59:00-04:00,95.328,delivered_with_incident,B2B-V1-BASE,BLD-9102B6E8BF1ABFFC5F32,True
DEL-SYN-000190,ORD-SYN-000152,VEH-SYN-03,SOR-01,LOC-SYN-CUS-082,2,2025-08-20T08:59:00-04:00,2025-08-20T11:59:00-04:00,95.328,delivered,B2B-V1-BASE,BLD-9102B6E8BF1ABFFC5F32,True
DEL-SYN-000191,ORD-SYN-000153,VEH-SYN-03,SOR-01,LOC-SYN-CUS-087,1,2025-08-17T09:00:00-04:00,2025-08-17T12:00:00-04:00,7.154,delivered,B2B-V1-BASE,BLD-9102B6E8BF1ABFFC5F32,True
DEL-SYN-000192,ORD-SYN-000154,VEH-SYN-04,SOR-01,LOC-SYN-CUS-043,1,2025-08-18T09:50:00-04:00,2025-08-18T12:50:00-04:00,10.148,delivered,B2B-V1-BASE,BLD-9102B6E8BF1ABFFC5F32,True
DEL-SYN-000193,ORD-SYN-000155,VEH-SYN-05,SOR-01,LOC-SYN-CUS-038,1,2025-08-19T11:29:00-04:00,2025-08-19T14:29:00-04:00,91.614,delivered,B2B-V1-BASE,BLD-9102B6E8BF1ABFFC5F32,True
DEL-SYN-000194,ORD-SYN-000156,VEH-SYN-06,SOR-01,LOC-SYN-CUS-061,1,2025-08-16T01:48:00-04:00,2025-08-16T04:48:00-04:00,12.904,delivered,B2B-V1-BASE,BLD-9102B6E8BF1ABFFC5F32,True
DEL-SYN-000195,ORD-SYN-000156,VEH-SYN-01,SOR-01,LOC-SYN-CUS-061,2,2025-08-16T11:48:00-04:00,2025-08-16T14:48:00-04:00,12.904,delivered,B2B-V1-BASE,BLD-9102B6E8BF1ABFFC5F32,True
DEL-SYN-000196,ORD-SYN-000157,VEH-SYN-01,SOR-01,LOC-SYN-CUS-055,1,2025-08-16T11:54:00-04:00,2025-08-16T14:54:00-04:00,7.169,delivered,B2B-V1-BASE,BLD-9102B6E8BF1ABFFC5F32,True
DEL-SYN-000197,ORD-SYN-000158,VEH-SYN-02,SOR-01,LOC-SYN-CUS-057,1,2025-08-16T12:14:00-04:00,2025-08-16T15:14:00-04:00,11.041,delivered,B2B-V1-BASE,BLD-9102B6E8BF1ABFFC5F32,True
DEL-SYN-000198,ORD-SYN-000159,VEH-SYN-03,SOR-01,LOC-SYN-CUS-117,1,2025-08-18T04:31:00-04:00,2025-08-18T07:31:00-04:00,14.483,delivered,B2B-V1-BASE,BLD-9102B6E8BF1ABFFC5F32,True
DEL-SYN-000199,ORD-SYN-000160,VEH-SYN-04,SOR-01,LOC-SYN-CUS-016,1,2025-08-19T10:45:00-04:00,2025-08-19T13:45:00-04:00,89.626,delivered,B2B-V1-BASE,BLD-9102B6E8BF1ABFFC5F32,True
DEL-SYN-000200,ORD-SYN-000160,VEH-SYN-05,SOR-01,LOC-SYN-CUS-016,2,2025-08-20T00:45:00-04:00,2025-08-20T03:45:00-04:00,89.626,delivered,B2B-V1-BASE,BLD-9102B6E8BF1ABFFC5F32,True
DEL-SYN-000201,ORD-SYN-000161,VEH-SYN-05,SOR-01,LOC-SYN-CUS-128,1,2025-08-20T19:35:00-04:00,2025-08-20T22:35:00-04:00,84.538,delivered,B2B-V1-BASE,BLD-9102B6E8BF1ABFFC5F32,True
DEL-SYN-000202,ORD-SYN-000162,VEH-SYN-06,SOR-01,LOC-SYN-CUS-059,1,2025-08-21T07:23:00-04:00,2025-08-21T10:23:00-04:00,13.382,delivered,B2B-V1-BASE,BLD-9102B6E8BF1ABFFC5F32,True
DEL-SYN-000203,ORD-SYN-000163,VEH-SYN-01,SOR-01,LOC-SYN-CUS-146,1,2025-08-17T21:26:00-04:00,2025-08-18T00:26:00-04:00,99.257,delivered,B2B-V1-BASE,BLD-9102B6E8BF1ABFFC5F32,True
DEL-SYN-000204,ORD-SYN-000164,VEH-SYN-02,SOR-01,LOC-SYN-CUS-116,1,2025-08-17T23:39:00-04:00,2025-08-18T02:39:00-04:00,97.555,delivered,B2B-V1-BASE,BLD-9102B6E8BF1ABFFC5F32,True
DEL-SYN-000205,ORD-SYN-000164,VEH-SYN-03,SOR-01,LOC-SYN-CUS-116,2,2025-08-18T09:39:00-04:00,2025-08-18T12:39:00-04:00,97.555,delivered,B2B-V1-BASE,BLD-9102B6E8BF1ABFFC5F32,True
DEL-SYN-000206,ORD-SYN-000165,VEH-SYN-03,SOR-01,LOC-SYN-CUS-123,1,2025-08-21T09:58:00-04:00,2025-08-21T12:58:00-04:00,18.057,delivered,B2B-V1-BASE,BLD-9102B6E8BF1ABFFC5F32,True
DEL-SYN-000207,ORD-SYN-000166,VEH-SYN-04,SOR-01,LOC-SYN-CUS-009,1,2025-08-19T10:37:00-04:00,2025-08-19T13:37:00-04:00,14.093,delivered,B2B-V1-BASE,BLD-9102B6E8BF1ABFFC5F32,True
DEL-SYN-000208,ORD-SYN-000167,VEH-SYN-05,SOR-01,LOC-SYN-CUS-060,1,2025-08-17T10:54:00-04:00,2025-08-17T13:54:00-04:00,99.346,delivered,B2B-V1-BASE,BLD-9102B6E8BF1ABFFC5F32,True
DEL-SYN-000209,ORD-SYN-000168,VEH-SYN-06,SOR-01,LOC-SYN-CUS-073,1,2025-08-19T02:39:00-04:00,2025-08-19T05:39:00-04:00,17.971,delivered,B2B-V1-BASE,BLD-9102B6E8BF1ABFFC5F32,True
DEL-SYN-000210,ORD-SYN-000168,VEH-SYN-01,SOR-01,LOC-SYN-CUS-073,2,2025-08-19T12:39:00-04:00,2025-08-19T15:39:00-04:00,17.971,delivered,B2B-V1-BASE,BLD-9102B6E8BF1ABFFC5F32,True
DEL-SYN-000211,ORD-SYN-000169,VEH-SYN-01,SOR-01,LOC-SYN-CUS-129,1,2025-08-19T03:34:00-04:00,2025-08-19T06:34:00-04:00,10.44,delivered,B2B-V1-BASE,BLD-9102B6E8BF1ABFFC5F32,True
DEL-SYN-000212,ORD-SYN-000170,VEH-SYN-02,SOR-01,LOC-SYN-CUS-076,1,2025-08-22T03:44:00-04:00,2025-08-22T06:44:00-04:00,105.217,delivered,B2B-V1-BASE,BLD-9102B6E8BF1ABFFC5F32,True
DEL-SYN-000213,ORD-SYN-000171,VEH-SYN-03,SOR-01,LOC-SYN-CUS-149,1,2025-08-20T04:54:00-04:00,2025-08-20T07:54:00-04:00,9.994,delivered,B2B-V1-BASE,BLD-9102B6E8BF1ABFFC5F32,True
DEL-SYN-000214,ORD-SYN-000172,VEH-SYN-04,SOR-01,LOC-SYN-CUS-115,1,2025-08-20T11:24:00-04:00,2025-08-20T14:24:00-04:00,8.481,delivered,B2B-V1-BASE,BLD-9102B6E8BF1ABFFC5F32,True
DEL-SYN-000215,ORD-SYN-000172,VEH-SYN-05,SOR-01,LOC-SYN-CUS-115,2,2025-08-21T01:24:00-04:00,2025-08-21T04:24:00-04:00,8.481,delivered,B2B-V1-BASE,BLD-9102B6E8BF1ABFFC5F32,True
DEL-SYN-000216,ORD-SYN-000173,VEH-SYN-05,SOR-01,LOC-SYN-CUS-127,1,2025-08-20T19:30:00-04:00,2025-08-20T22:30:00-04:00,11.422,delivered,B2B-V1-BASE,BLD-9102B6E8BF1ABFFC5F32,True
DEL-SYN-000217,ORD-SYN-000174,VEH-SYN-06,SOR-01,LOC-SYN-CUS-093,1,2025-08-22T21:37:00-04:00,2025-08-23T00:37:00-04:00,14.157,delivered,B2B-V1-BASE,BLD-9102B6E8BF1ABFFC5F32,True
DEL-SYN-000218,ORD-SYN-000175,VEH-SYN-01,SOR-01,LOC-SYN-CUS-065,1,2025-08-20T07:50:00-04:00,2025-08-20T10:50:00-04:00,13.49,delivered,B2B-V1-BASE,BLD-9102B6E8BF1ABFFC5F32,True
DEL-SYN-000219,ORD-SYN-000176,VEH-SYN-02,SOR-01,LOC-SYN-CUS-085,1,2025-08-19T23:00:00-04:00,2025-08-20T02:00:00-04:00,11.234,delivered,B2B-V1-BASE,BLD-9102B6E8BF1ABFFC5F32,True
DEL-SYN-000220,ORD-SYN-000176,VEH-SYN-03,SOR-01,LOC-SYN-CUS-085,2,2025-08-20T09:00:00-04:00,2025-08-20T12:00:00-04:00,11.234,delivered,B2B-V1-BASE,BLD-9102B6E8BF1ABFFC5F32,True
DEL-SYN-000221,ORD-SYN-000177,VEH-SYN-03,SOR-01,LOC-SYN-CUS-125,1,2025-08-20T10:58:00-04:00,2025-08-20T13:58:00-04:00,11.651,delivered,B2B-V1-BASE,BLD-9102B6E8BF1ABFFC5F32,True
DEL-SYN-000222,ORD-SYN-000178,VEH-SYN-04,SOR-01,LOC-SYN-CUS-129,1,2025-08-19T11:10:00-04:00,2025-08-19T14:10:00-04:00,10.44,delivered,B2B-V1-BASE,BLD-9102B6E8BF1ABFFC5F32,True
DEL-SYN-000223,ORD-SYN-000179,VEH-SYN-05,SOR-01,LOC-SYN-CUS-098,1,2025-08-20T12:53:00-04:00,2025-08-20T15:53:00-04:00,100.419,delivered,B2B-V1-BASE,BLD-9102B6E8BF1ABFFC5F32,True
DEL-SYN-000224,ORD-SYN-000180,VEH-SYN-06,SOR-01,LOC-SYN-CUS-069,1,2025-08-22T17:18:00-04:00,2025-08-22T20:18:00-04:00,13.67,delivered,B2B-V1-BASE,BLD-9102B6E8BF1ABFFC5F32,True
DEL-SYN-000225,ORD-SYN-000180,VEH-SYN-01,SOR-01,LOC-SYN-CUS-069,2,2025-08-23T03:18:00-04:00,2025-08-23T06:18:00-04:00,13.67,delivered,B2B-V1-BASE,BLD-9102B6E8BF1ABFFC5F32,True
DEL-SYN-000226,ORD-SYN-000181,VEH-SYN-01,SOR-01,LOC-SYN-CUS-070,1,2025-08-19T04:07:00-04:00,2025-08-19T07:07:00-04:00,93.688,delivered,B2B-V1-BASE,BLD-9102B6E8BF1ABFFC5F32,True
DEL-SYN-000227,ORD-SYN-000182,VEH-SYN-02,SOR-01,LOC-SYN-CUS-141,1,2025-08-21T08:50:00-04:00,2025-08-21T11:50:00-04:00,3.791,delivered,B2B-V1-BASE,BLD-9102B6E8BF1ABFFC5F32,True
DEL-SYN-000228,ORD-SYN-000183,VEH-SYN-03,SOR-01,LOC-SYN-CUS-074,1,2025-08-23T09:54:00-04:00,2025-08-23T12:54:00-04:00,106.713,delivered,B2B-V1-BASE,BLD-9102B6E8BF1ABFFC5F32,True
DEL-SYN-000229,ORD-SYN-000184,VEH-SYN-04,SOR-01,LOC-SYN-CUS-137,1,2025-08-20T23:55:00-04:00,2025-08-21T02:55:00-04:00,11.323,delivered,B2B-V1-BASE,BLD-9102B6E8BF1ABFFC5F32,True
DEL-SYN-000230,ORD-SYN-000184,VEH-SYN-05,SOR-01,LOC-SYN-CUS-137,2,2025-08-21T09:55:00-04:00,2025-08-21T12:55:00-04:00,11.323,delivered,B2B-V1-BASE,BLD-9102B6E8BF1ABFFC5F32,True
DEL-SYN-000231,ORD-SYN-000185,VEH-SYN-05,SOR-01,LOC-SYN-CUS-026,1,2025-08-22T00:04:00-04:00,2025-08-22T03:04:00-04:00,93.542,delivered,B2B-V1-BASE,BLD-9102B6E8BF1ABFFC5F32,True
DEL-SYN-000232,ORD-SYN-000186,VEH-SYN-06,SOR-01,LOC-SYN-CUS-014,1,2025-08-21T10:24:00-04:00,2025-08-21T13:24:00-04:00,98.171,delivered_with_incident,B2B-V1-BASE,BLD-9102B6E8BF1ABFFC5F32,True
DEL-SYN-000233,ORD-SYN-000187,VEH-SYN-01,SOR-01,LOC-SYN-CUS-104,1,2025-08-24T00:26:00-04:00,2025-08-24T03:26:00-04:00,101.385,delivered,B2B-V1-BASE,BLD-9102B6E8BF1ABFFC5F32,True
DEL-SYN-000234,ORD-SYN-000188,VEH-SYN-02,SOR-01,LOC-SYN-CUS-094,1,2025-08-19T00:33:00-04:00,2025-08-19T03:33:00-04:00,81.241,delivered,B2B-V1-BASE,BLD-9102B6E8BF1ABFFC5F32,True
DEL-SYN-000235,ORD-SYN-000188,VEH-SYN-03,SOR-01,LOC-SYN-CUS-094,2,2025-08-19T10:33:00-04:00,2025-08-19T13:33:00-04:00,81.241,delivered,B2B-V1-BASE,BLD-9102B6E8BF1ABFFC5F32,True
DEL-SYN-000236,ORD-SYN-000189,VEH-SYN-03,SOR-01,LOC-SYN-CUS-003,1,2025-08-23T11:02:00-04:00,2025-08-23T14:02:00-04:00,7.59,delivered,B2B-V1-BASE,BLD-9102B6E8BF1ABFFC5F32,True
DEL-SYN-000237,ORD-SYN-000190,VEH-SYN-04,SOR-01,LOC-SYN-CUS-005,1,2025-08-23T02:24:00-04:00,2025-08-23T05:24:00-04:00,9.779,delivered,B2B-V1-BASE,BLD-9102B6E8BF1ABFFC5F32,True
DEL-SYN-000238,ORD-SYN-000191,VEH-SYN-05,SOR-01,LOC-SYN-CUS-030,1,2025-08-19T12:40:00-04:00,2025-08-19T15:40:00-04:00,95.926,delivered,B2B-V1-BASE,BLD-9102B6E8BF1ABFFC5F32,True
DEL-SYN-000239,ORD-SYN-000192,VEH-SYN-06,SOR-01,LOC-SYN-CUS-059,1,2025-08-22T18:06:00-04:00,2025-08-22T21:06:00-04:00,13.382,delivered,B2B-V1-BASE,BLD-9102B6E8BF1ABFFC5F32,True
DEL-SYN-000240,ORD-SYN-000192,VEH-SYN-01,SOR-01,LOC-SYN-CUS-059,2,2025-08-23T04:06:00-04:00,2025-08-23T07:06:00-04:00,13.382,delivered_with_incident,B2B-V1-BASE,BLD-9102B6E8BF1ABFFC5F32,True
DEL-SYN-000241,ORD-SYN-000193,VEH-SYN-01,SOR-01,LOC-SYN-CUS-115,1,2025-08-23T18:32:00-04:00,2025-08-23T21:32:00-04:00,8.481,delivered_with_incident,B2B-V1-BASE,BLD-9102B6E8BF1ABFFC5F32,True
DEL-SYN-000242,ORD-SYN-000194,VEH-SYN-02,SOR-01,LOC-SYN-CUS-010,1,2025-08-24T06:02:00-04:00,2025-08-24T09:02:00-04:00,98.174,delivered,B2B-V1-BASE,BLD-9102B6E8BF1ABFFC5F32,True
DEL-SYN-000243,ORD-SYN-000195,VEH-SYN-03,SOR-01,LOC-SYN-CUS-132,1,2025-08-21T08:02:00-04:00,2025-08-21T11:02:00-04:00,97.514,delivered,B2B-V1-BASE,BLD-9102B6E8BF1ABFFC5F32,True
DEL-SYN-000244,ORD-SYN-000196,VEH-SYN-04,SOR-01,LOC-SYN-CUS-073,1,2025-08-22T16:27:00-04:00,2025-08-22T19:27:00-04:00,17.971,delivered,B2B-V1-BASE,BLD-9102B6E8BF1ABFFC5F32,True
DEL-SYN-000245,ORD-SYN-000196,VEH-SYN-05,SOR-01,LOC-SYN-CUS-073,2,2025-08-23T06:27:00-04:00,2025-08-23T09:27:00-04:00,17.971,delivered,B2B-V1-BASE,BLD-9102B6E8BF1ABFFC5F32,True
DEL-SYN-000246,ORD-SYN-000197,VEH-SYN-05,SOR-01,LOC-SYN-CUS-105,1,2025-08-23T10:59:00-04:00,2025-08-23T13:59:00-04:00,13.533,delivered,B2B-V1-BASE,BLD-9102B6E8BF1ABFFC5F32,True
DEL-SYN-000247,ORD-SYN-000198,VEH-SYN-06,SOR-01,LOC-SYN-CUS-077,1,2025-08-23T11:00:00-04:00,2025-08-23T14:00:00-04:00,6.85,delivered,B2B-V1-BASE,BLD-9102B6E8BF1ABFFC5F32,True
DEL-SYN-000248,ORD-SYN-000199,VEH-SYN-01,SOR-01,LOC-SYN-CUS-050,1,2025-08-22T11:39:00-04:00,2025-08-22T14:39:00-04:00,95.323,delivered,B2B-V1-BASE,BLD-9102B6E8BF1ABFFC5F32,True
DEL-SYN-000249,ORD-SYN-000200,VEH-SYN-02,SOR-01,LOC-SYN-CUS-041,1,2025-08-22T09:00:00-04:00,2025-08-22T12:00:00-04:00,16.45,delivered,B2B-V1-BASE,BLD-9102B6E8BF1ABFFC5F32,True
DEL-SYN-000250,ORD-SYN-000200,VEH-SYN-03,SOR-01,LOC-SYN-CUS-041,2,2025-08-22T23:00:00-04:00,2025-08-23T02:00:00-04:00,16.45,delivered,B2B-V1-BASE,BLD-9102B6E8BF1ABFFC5F32,True
DEL-SYN-000251,ORD-SYN-000201,VEH-SYN-03,SOR-01,LOC-SYN-CUS-030,1,2025-08-21T03:25:00-04:00,2025-08-21T06:25:00-04:00,95.926,delivered,B2B-V1-BASE,BLD-9102B6E8BF1ABFFC5F32,True
DEL-SYN-000252,ORD-SYN-000202,VEH-SYN-04,SOR-01,LOC-SYN-CUS-015,1,2025-08-22T17:33:00-04:00,2025-08-22T20:33:00-04:00,20.193,delivered,B2B-V1-BASE,BLD-9102B6E8BF1ABFFC5F32,True
DEL-SYN-000253,ORD-SYN-000203,VEH-SYN-05,SOR-01,LOC-SYN-CUS-052,1,2025-08-24T03:50:00-04:00,2025-08-24T06:50:00-04:00,109.906,delivered_with_incident,B2B-V1-BASE,BLD-9102B6E8BF1ABFFC5F32,True
DEL-SYN-000254,ORD-SYN-000204,VEH-SYN-06,SOR-01,LOC-SYN-CUS-100,1,2025-08-21T18:48:00-04:00,2025-08-21T21:48:00-04:00,104.241,delivered,B2B-V1-BASE,BLD-9102B6E8BF1ABFFC5F32,True
DEL-SYN-000255,ORD-SYN-000204,VEH-SYN-01,SOR-01,LOC-SYN-CUS-100,2,2025-08-22T04:48:00-04:00,2025-08-22T07:48:00-04:00,104.241,delivered,B2B-V1-BASE,BLD-9102B6E8BF1ABFFC5F32,True
DEL-SYN-000256,ORD-SYN-000205,VEH-SYN-01,SOR-01,LOC-SYN-CUS-014,1,2025-08-21T21:28:00-04:00,2025-08-22T00:28:00-04:00,98.171,delivered,B2B-V1-BASE,BLD-9102B6E8BF1ABFFC5F32,True
DEL-SYN-000257,ORD-SYN-000206,VEH-SYN-02,SOR-01,LOC-SYN-CUS-114,1,2025-08-25T09:53:00-04:00,2025-08-25T12:53:00-04:00,98.868,delivered,B2B-V1-BASE,BLD-9102B6E8BF1ABFFC5F32,True
DEL-SYN-000258,ORD-SYN-000207,VEH-SYN-03,SOR-01,LOC-SYN-CUS-149,1,2025-08-25T10:03:00-04:00,2025-08-25T13:03:00-04:00,9.994,delivered,B2B-V1-BASE,BLD-9102B6E8BF1ABFFC5F32,True
DEL-SYN-000259,ORD-SYN-000208,VEH-SYN-04,SOR-01,LOC-SYN-CUS-097,1,2025-08-24T02:26:00-04:00,2025-08-24T05:26:00-04:00,10.67,delivered,B2B-V1-BASE,BLD-9102B6E8BF1ABFFC5F32,True
DEL-SYN-000260,ORD-SYN-000208,VEH-SYN-05,SOR-01,LOC-SYN-CUS-097,2,2025-08-24T12:26:00-04:00,2025-08-24T15:26:00-04:00,10.67,delivered,B2B-V1-BASE,BLD-9102B6E8BF1ABFFC5F32,True
DEL-SYN-000261,ORD-SYN-000209,VEH-SYN-05,SOR-01,LOC-SYN-CUS-017,1,2025-08-26T05:37:00-04:00,2025-08-26T08:37:00-04:00,7.536,delivered,B2B-V1-BASE,BLD-9102B6E8BF1ABFFC5F32,True
DEL-SYN-000262,ORD-SYN-000210,VEH-SYN-06,SOR-01,LOC-SYN-CUS-069,1,2025-08-25T05:44:00-04:00,2025-08-25T08:44:00-04:00,13.67,delivered,B2B-V1-BASE,BLD-9102B6E8BF1ABFFC5F32,True
DEL-SYN-000263,ORD-SYN-000211,VEH-SYN-01,SOR-01,LOC-SYN-CUS-137,1,2025-08-24T05:49:00-04:00,2025-08-24T08:49:00-04:00,11.323,delivered,B2B-V1-BASE,BLD-9102B6E8BF1ABFFC5F32,True
DEL-SYN-000264,ORD-SYN-000212,VEH-SYN-02,SOR-01,LOC-SYN-CUS-077,1,2025-08-23T20:10:00-04:00,2025-08-23T23:10:00-04:00,6.85,delivered,B2B-V1-BASE,BLD-9102B6E8BF1ABFFC5F32,True
DEL-SYN-000265,ORD-SYN-000212,VEH-SYN-03,SOR-01,LOC-SYN-CUS-077,2,2025-08-24T06:10:00-04:00,2025-08-24T09:10:00-04:00,6.85,delivered,B2B-V1-BASE,BLD-9102B6E8BF1ABFFC5F32,True
DEL-SYN-000266,ORD-SYN-000213,VEH-SYN-03,SOR-01,LOC-SYN-CUS-005,1,2025-08-26T22:19:00-04:00,2025-08-27T01:19:00-04:00,9.779,delivered,B2B-V1-BASE,BLD-9102B6E8BF1ABFFC5F32,True
DEL-SYN-000267,ORD-SYN-000214,VEH-SYN-04,SOR-01,LOC-SYN-CUS-050,1,2025-08-22T08:55:00-04:00,2025-08-22T11:55:00-04:00,95.323,delivered,B2B-V1-BASE,BLD-9102B6E8BF1ABFFC5F32,True
DEL-SYN-000268,ORD-SYN-000215,VEH-SYN-05,SOR-01,LOC-SYN-CUS-001,1,2025-08-26T10:37:00-04:00,2025-08-26T13:37:00-04:00,6.513,delivered,B2B-V1-BASE,BLD-9102B6E8BF1ABFFC5F32,True
DEL-SYN-000269,ORD-SYN-000216,VEH-SYN-06,SOR-01,LOC-SYN-CUS-101,1,2025-08-26T01:24:00-04:00,2025-08-26T04:24:00-04:00,8.729,delivered,B2B-V1-BASE,BLD-9102B6E8BF1ABFFC5F32,True
DEL-SYN-000270,ORD-SYN-000216,VEH-SYN-01,SOR-01,LOC-SYN-CUS-101,2,2025-08-26T11:24:00-04:00,2025-08-26T14:24:00-04:00,8.729,delivered,B2B-V1-BASE,BLD-9102B6E8BF1ABFFC5F32,True
DEL-SYN-000271,ORD-SYN-000217,VEH-SYN-01,SOR-01,LOC-SYN-CUS-138,1,2025-08-26T12:08:00-04:00,2025-08-26T15:08:00-04:00,93.584,delivered,B2B-V1-BASE,BLD-9102B6E8BF1ABFFC5F32,True
DEL-SYN-000272,ORD-SYN-000218,VEH-SYN-02,SOR-01,LOC-SYN-CUS-023,1,2025-08-23T03:18:00-04:00,2025-08-23T06:18:00-04:00,12.238,delivered,B2B-V1-BASE,BLD-9102B6E8BF1ABFFC5F32,True
DEL-SYN-000273,ORD-SYN-000219,VEH-SYN-03,SOR-01,LOC-SYN-CUS-089,1,2025-08-23T04:27:00-04:00,2025-08-23T07:27:00-04:00,10.706,delivered,B2B-V1-BASE,BLD-9102B6E8BF1ABFFC5F32,True
DEL-SYN-000274,ORD-SYN-000220,VEH-SYN-04,SOR-01,LOC-SYN-CUS-038,1,2025-08-26T18:40:00-04:00,2025-08-26T21:40:00-04:00,91.614,delivered_with_incident,B2B-V1-BASE,BLD-9102B6E8BF1ABFFC5F32,True
DEL-SYN-000275,ORD-SYN-000220,VEH-SYN-05,SOR-01,LOC-SYN-CUS-038,2,2025-08-27T04:40:00-04:00,2025-08-27T07:40:00-04:00,91.614,delivered,B2B-V1-BASE,BLD-9102B6E8BF1ABFFC5F32,True
DEL-SYN-000276,ORD-SYN-000221,VEH-SYN-05,SOR-01,LOC-SYN-CUS-145,1,2025-08-27T04:57:00-04:00,2025-08-27T07:57:00-04:00,9.581,delivered,B2B-V1-BASE,BLD-9102B6E8BF1ABFFC5F32,True
DEL-SYN-000277,ORD-SYN-000222,VEH-SYN-06,SOR-01,LOC-SYN-CUS-062,1,2025-08-25T05:00:00-04:00,2025-08-25T08:00:00-04:00,84.711,delivered,B2B-V1-BASE,BLD-9102B6E8BF1ABFFC5F32,True
DEL-SYN-000278,ORD-SYN-000223,VEH-SYN-01,SOR-01,LOC-SYN-CUS-066,1,2025-08-24T05:17:00-04:00,2025-08-24T08:17:00-04:00,96.649,delivered,B2B-V1-BASE,BLD-9102B6E8BF1ABFFC5F32,True
DEL-SYN-000279,ORD-SYN-000224,VEH-SYN-02,SOR-01,LOC-SYN-CUS-054,1,2025-08-26T19:47:00-04:00,2025-08-26T22:47:00-04:00,92.335,delivered,B2B-V1-BASE,BLD-9102B6E8BF1ABFFC5F32,True
DEL-SYN-000280,ORD-SYN-000224,VEH-SYN-03,SOR-01,LOC-SYN-CUS-054,2,2025-08-27T05:47:00-04:00,2025-08-27T08:47:00-04:00,92.335,delivered,B2B-V1-BASE,BLD-9102B6E8BF1ABFFC5F32,True
DEL-SYN-000281,ORD-SYN-000225,VEH-SYN-03,SOR-01,LOC-SYN-CUS-101,1,2025-08-27T22:35:00-04:00,2025-08-28T01:35:00-04:00,8.729,delivered,B2B-V1-BASE,BLD-9102B6E8BF1ABFFC5F32,True
DEL-SYN-000282,ORD-SYN-000226,VEH-SYN-04,SOR-01,LOC-SYN-CUS-051,1,2025-08-26T22:46:00-04:00,2025-08-27T01:46:00-04:00,8.518,delivered,B2B-V1-BASE,BLD-9102B6E8BF1ABFFC5F32,True
DEL-SYN-000283,ORD-SYN-000227,VEH-SYN-05,SOR-01,LOC-SYN-CUS-150,1,2025-08-24T23:25:00-04:00,2025-08-25T02:25:00-04:00,93.487,delivered,B2B-V1-BASE,BLD-9102B6E8BF1ABFFC5F32,True
DEL-SYN-000284,ORD-SYN-000228,VEH-SYN-06,SOR-01,LOC-SYN-CUS-061,1,2025-08-27T16:30:00-04:00,2025-08-27T19:30:00-04:00,12.904,delivered,B2B-V1-BASE,BLD-9102B6E8BF1ABFFC5F32,True
DEL-SYN-000285,ORD-SYN-000228,VEH-SYN-01,SOR-01,LOC-SYN-CUS-061,2,2025-08-28T06:30:00-04:00,2025-08-28T09:30:00-04:00,12.904,delivered,B2B-V1-BASE,BLD-9102B6E8BF1ABFFC5F32,True
DEL-SYN-000286,ORD-SYN-000229,VEH-SYN-01,SOR-01,LOC-SYN-CUS-113,1,2025-08-27T12:00:00-04:00,2025-08-27T15:00:00-04:00,18.69,delivered,B2B-V1-BASE,BLD-9102B6E8BF1ABFFC5F32,True
DEL-SYN-000287,ORD-SYN-000230,VEH-SYN-02,SOR-01,LOC-SYN-CUS-144,1,2025-08-26T04:37:00-04:00,2025-08-26T07:37:00-04:00,84.976,delivered,B2B-V1-BASE,BLD-9102B6E8BF1ABFFC5F32,True
DEL-SYN-000288,ORD-SYN-000231,VEH-SYN-03,SOR-01,LOC-SYN-CUS-035,1,2025-08-28T04:48:00-04:00,2025-08-28T07:48:00-04:00,7.948,delivered,B2B-V1-BASE,BLD-9102B6E8BF1ABFFC5F32,True
DEL-SYN-000289,ORD-SYN-000232,VEH-SYN-04,SOR-01,LOC-SYN-CUS-069,1,2025-08-25T11:06:00-04:00,2025-08-25T14:06:00-04:00,13.67,delivered,B2B-V1-BASE,BLD-9102B6E8BF1ABFFC5F32,True
DEL-SYN-000290,ORD-SYN-000232,VEH-SYN-05,SOR-01,LOC-SYN-CUS-069,2,2025-08-26T01:06:00-04:00,2025-08-26T04:06:00-04:00,13.67,delivered,B2B-V1-BASE,BLD-9102B6E8BF1ABFFC5F32,True
DEL-SYN-000291,ORD-SYN-000233,VEH-SYN-05,SOR-01,LOC-SYN-CUS-146,1,2025-08-24T06:20:00-04:00,2025-08-24T09:20:00-04:00,99.257,delivered,B2B-V1-BASE,BLD-9102B6E8BF1ABFFC5F32,True
DEL-SYN-000292,ORD-SYN-000234,VEH-SYN-06,SOR-01,LOC-SYN-CUS-130,1,2025-08-28T06:56:00-04:00,2025-08-28T09:56:00-04:00,92.017,delivered,B2B-V1-BASE,BLD-9102B6E8BF1ABFFC5F32,True
DEL-SYN-000293,ORD-SYN-000235,VEH-SYN-01,SOR-01,LOC-SYN-CUS-022,1,2025-08-24T22:22:00-04:00,2025-08-25T01:22:00-04:00,97.576,delivered,B2B-V1-BASE,BLD-9102B6E8BF1ABFFC5F32,True
DEL-SYN-000294,ORD-SYN-000236,VEH-SYN-02,SOR-01,LOC-SYN-CUS-059,1,2025-08-27T23:02:00-04:00,2025-08-28T02:02:00-04:00,13.382,delivered,B2B-V1-BASE,BLD-9102B6E8BF1ABFFC5F32,True
DEL-SYN-000295,ORD-SYN-000236,VEH-SYN-03,SOR-01,LOC-SYN-CUS-059,2,2025-08-28T09:02:00-04:00,2025-08-28T12:02:00-04:00,13.382,delivered,B2B-V1-BASE,BLD-9102B6E8BF1ABFFC5F32,True
DEL-SYN-000296,ORD-SYN-000237,VEH-SYN-03,SOR-01,LOC-SYN-CUS-121,1,2025-08-24T11:56:00-04:00,2025-08-24T14:56:00-04:00,1.523,delivered,B2B-V1-BASE,BLD-9102B6E8BF1ABFFC5F32,True
DEL-SYN-000297,ORD-SYN-000238,VEH-SYN-04,SOR-01,LOC-SYN-CUS-122,1,2025-08-25T12:06:00-04:00,2025-08-25T15:06:00-04:00,107.646,delivered,B2B-V1-BASE,BLD-9102B6E8BF1ABFFC5F32,True
DEL-SYN-000298,ORD-SYN-000239,VEH-SYN-05,SOR-01,LOC-SYN-CUS-020,1,2025-08-26T02:32:00-04:00,2025-08-26T05:32:00-04:00,98.993,delivered,B2B-V1-BASE,BLD-9102B6E8BF1ABFFC5F32,True
DEL-SYN-000299,ORD-SYN-000240,VEH-SYN-06,SOR-01,LOC-SYN-CUS-021,1,2025-08-24T18:06:00-04:00,2025-08-24T21:06:00-04:00,21.891,delivered,B2B-V1-BASE,BLD-9102B6E8BF1ABFFC5F32,True
DEL-SYN-000300,ORD-SYN-000240,VEH-SYN-01,SOR-01,LOC-SYN-CUS-021,2,2025-08-25T04:06:00-04:00,2025-08-25T07:06:00-04:00,21.891,delivered,B2B-V1-BASE,BLD-9102B6E8BF1ABFFC5F32,True
DEL-SYN-000301,ORD-SYN-000241,VEH-SYN-01,SOR-01,LOC-SYN-CUS-070,1,2025-08-25T04:28:00-04:00,2025-08-25T07:28:00-04:00,93.688,delivered,B2B-V1-BASE,BLD-9102B6E8BF1ABFFC5F32,True
DEL-SYN-000302,ORD-SYN-000242,VEH-SYN-02,SOR-01,LOC-SYN-CUS-067,1,2025-08-26T05:49:00-04:00,2025-08-26T08:49:00-04:00,13.624,delivered,B2B-V1-BASE,BLD-9102B6E8BF1ABFFC5F32,True
DEL-SYN-000303,ORD-SYN-000243,VEH-SYN-03,SOR-01,LOC-SYN-CUS-102,1,2025-08-26T08:00:00-04:00,2025-08-26T11:00:00-04:00,92.902,delivered,B2B-V1-BASE,BLD-9102B6E8BF1ABFFC5F32,True
DEL-SYN-000304,ORD-SYN-000244,VEH-SYN-04,SOR-01,LOC-SYN-CUS-048,1,2025-08-25T14:47:00-04:00,2025-08-25T17:47:00-04:00,94.78,delivered,B2B-V1-BASE,BLD-9102B6E8BF1ABFFC5F32,True
DEL-SYN-000305,ORD-SYN-000244,VEH-SYN-05,SOR-01,LOC-SYN-CUS-048,2,2025-08-26T04:47:00-04:00,2025-08-26T07:47:00-04:00,94.78,delivered,B2B-V1-BASE,BLD-9102B6E8BF1ABFFC5F32,True
DEL-SYN-000306,ORD-SYN-000245,VEH-SYN-05,SOR-01,LOC-SYN-CUS-033,1,2025-08-28T09:50:00-04:00,2025-08-28T12:50:00-04:00,13.637,delivered,B2B-V1-BASE,BLD-9102B6E8BF1ABFFC5F32,True
DEL-SYN-000307,ORD-SYN-000246,VEH-SYN-06,SOR-01,LOC-SYN-CUS-121,1,2025-08-27T10:27:00-04:00,2025-08-27T13:27:00-04:00,1.523,delivered,B2B-V1-BASE,BLD-9102B6E8BF1ABFFC5F32,True
DEL-SYN-000308,ORD-SYN-000247,VEH-SYN-01,SOR-01,LOC-SYN-CUS-041,1,2025-08-28T10:37:00-04:00,2025-08-28T13:37:00-04:00,16.45,delivered,B2B-V1-BASE,BLD-9102B6E8BF1ABFFC5F32,True
DEL-SYN-000309,ORD-SYN-000248,VEH-SYN-02,SOR-01,LOC-SYN-CUS-002,1,2025-08-26T16:51:00-04:00,2025-08-26T19:51:00-04:00,87.443,delivered,B2B-V1-BASE,BLD-9102B6E8BF1ABFFC5F32,True
DEL-SYN-000310,ORD-SYN-000248,VEH-SYN-03,SOR-01,LOC-SYN-CUS-002,2,2025-08-27T06:51:00-04:00,2025-08-27T09:51:00-04:00,87.443,delivered,B2B-V1-BASE,BLD-9102B6E8BF1ABFFC5F32,True
DEL-SYN-000311,ORD-SYN-000249,VEH-SYN-03,SOR-01,LOC-SYN-CUS-090,1,2025-08-27T02:01:00-04:00,2025-08-27T05:01:00-04:00,114.028,delivered,B2B-V1-BASE,BLD-9102B6E8BF1ABFFC5F32,True
DEL-SYN-000312,ORD-SYN-000250,VEH-SYN-04,SOR-01,LOC-SYN-CUS-066,1,2025-08-28T03:51:00-04:00,2025-08-28T06:51:00-04:00,96.649,delivered,B2B-V1-BASE,BLD-9102B6E8BF1ABFFC5F32,True
DEL-SYN-000313,ORD-SYN-000251,VEH-SYN-05,SOR-01,LOC-SYN-CUS-019,1,2025-08-29T04:27:00-04:00,2025-08-29T07:27:00-04:00,11.18,delivered,B2B-V1-BASE,BLD-9102B6E8BF1ABFFC5F32,True
DEL-SYN-000314,ORD-SYN-000252,VEH-SYN-06,SOR-01,LOC-SYN-CUS-043,1,2025-08-28T11:40:00-04:00,2025-08-28T14:40:00-04:00,10.148,delivered,B2B-V1-BASE,BLD-9102B6E8BF1ABFFC5F32,True
DEL-SYN-000315,ORD-SYN-000252,VEH-SYN-01,SOR-01,LOC-SYN-CUS-043,2,2025-08-29T01:40:00-04:00,2025-08-29T04:40:00-04:00,10.148,delivered,B2B-V1-BASE,BLD-9102B6E8BF1ABFFC5F32,True
DEL-SYN-000316,ORD-SYN-000253,VEH-SYN-01,SOR-01,LOC-SYN-CUS-116,1,2025-08-27T05:47:00-04:00,2025-08-27T08:47:00-04:00,97.555,delivered,B2B-V1-BASE,BLD-9102B6E8BF1ABFFC5F32,True
DEL-SYN-000317,ORD-SYN-000254,VEH-SYN-02,SOR-01,LOC-SYN-CUS-121,1,2025-08-26T06:15:00-04:00,2025-08-26T09:15:00-04:00,1.523,delivered,B2B-V1-BASE,BLD-9102B6E8BF1ABFFC5F32,True
DEL-SYN-000318,ORD-SYN-000255,VEH-SYN-03,SOR-01,LOC-SYN-CUS-034,1,2025-08-26T08:43:00-04:00,2025-08-26T11:43:00-04:00,92.375,delivered,B2B-V1-BASE,BLD-9102B6E8BF1ABFFC5F32,True
DEL-SYN-000319,ORD-SYN-000256,VEH-SYN-04,SOR-01,LOC-SYN-CUS-026,1,2025-08-25T23:02:00-04:00,2025-08-26T02:02:00-04:00,93.542,delivered,B2B-V1-BASE,BLD-9102B6E8BF1ABFFC5F32,True
DEL-SYN-000320,ORD-SYN-000256,VEH-SYN-05,SOR-01,LOC-SYN-CUS-026,2,2025-08-26T09:02:00-04:00,2025-08-26T12:02:00-04:00,93.542,delivered,B2B-V1-BASE,BLD-9102B6E8BF1ABFFC5F32,True
DEL-SYN-000321,ORD-SYN-000257,VEH-SYN-05,SOR-01,LOC-SYN-CUS-143,1,2025-08-30T23:02:00-04:00,2025-08-31T02:02:00-04:00,10.494,delivered,B2B-V1-BASE,BLD-9102B6E8BF1ABFFC5F32,True
DEL-SYN-000322,ORD-SYN-000258,VEH-SYN-06,SOR-01,LOC-SYN-CUS-065,1,2025-08-28T09:04:00-04:00,2025-08-28T12:04:00-04:00,13.49,delivered,B2B-V1-BASE,BLD-9102B6E8BF1ABFFC5F32,True
DEL-SYN-000323,ORD-SYN-000259,VEH-SYN-01,SOR-01,LOC-SYN-CUS-059,1,2025-08-30T09:15:00-04:00,2025-08-30T12:15:00-04:00,13.382,delivered,B2B-V1-BASE,BLD-9102B6E8BF1ABFFC5F32,True
DEL-SYN-000324,ORD-SYN-000260,VEH-SYN-02,SOR-01,LOC-SYN-CUS-089,1,2025-08-27T09:34:00-04:00,2025-08-27T12:34:00-04:00,10.706,delivered,B2B-V1-BASE,BLD-9102B6E8BF1ABFFC5F32,True
DEL-SYN-000325,ORD-SYN-000260,VEH-SYN-03,SOR-01,LOC-SYN-CUS-089,2,2025-08-27T23:34:00-04:00,2025-08-28T02:34:00-04:00,10.706,delivered,B2B-V1-BASE,BLD-9102B6E8BF1ABFFC5F32,True
DEL-SYN-000326,ORD-SYN-000261,VEH-SYN-03,SOR-01,LOC-SYN-CUS-017,1,2025-08-31T18:30:00-04:00,2025-08-31T21:30:00-04:00,7.536,delivered,B2B-V1-BASE,BLD-9102B6E8BF1ABFFC5F32,True
DEL-SYN-000327,ORD-SYN-000262,VEH-SYN-04,SOR-01,LOC-SYN-CUS-041,1,2025-08-28T05:42:00-04:00,2025-08-28T08:42:00-04:00,16.45,delivered,B2B-V1-BASE,BLD-9102B6E8BF1ABFFC5F32,True
DEL-SYN-000328,ORD-SYN-000263,VEH-SYN-05,SOR-01,LOC-SYN-CUS-054,1,2025-08-30T06:28:00-04:00,2025-08-30T09:28:00-04:00,92.335,delivered,B2B-V1-BASE,BLD-9102B6E8BF1ABFFC5F32,True
DEL-SYN-000329,ORD-SYN-000264,VEH-SYN-06,SOR-01,LOC-SYN-CUS-129,1,2025-08-26T20:33:00-04:00,2025-08-26T23:33:00-04:00,10.44,delivered,B2B-V1-BASE,BLD-9102B6E8BF1ABFFC5F32,True
DEL-SYN-000330,ORD-SYN-000264,VEH-SYN-01,SOR-01,LOC-SYN-CUS-129,2,2025-08-27T06:33:00-04:00,2025-08-27T09:33:00-04:00,10.44,delivered,B2B-V1-BASE,BLD-9102B6E8BF1ABFFC5F32,True
DEL-SYN-000331,ORD-SYN-000265,VEH-SYN-01,SOR-01,LOC-SYN-CUS-134,1,2025-08-28T21:00:00-04:00,2025-08-29T00:00:00-04:00,101.573,delivered,B2B-V1-BASE,BLD-9102B6E8BF1ABFFC5F32,True
DEL-SYN-000332,ORD-SYN-000266,VEH-SYN-02,SOR-01,LOC-SYN-CUS-022,1,2025-08-31T07:43:00-04:00,2025-08-31T10:43:00-04:00,97.576,delivered,B2B-V1-BASE,BLD-9102B6E8BF1ABFFC5F32,True
DEL-SYN-000333,ORD-SYN-000267,VEH-SYN-03,SOR-01,LOC-SYN-CUS-019,1,2025-08-27T22:52:00-04:00,2025-08-28T01:52:00-04:00,11.18,delivered,B2B-V1-BASE,BLD-9102B6E8BF1ABFFC5F32,True
DEL-SYN-000334,ORD-SYN-000268,VEH-SYN-04,SOR-01,LOC-SYN-CUS-085,1,2025-08-29T23:13:00-04:00,2025-08-30T02:13:00-04:00,11.234,delivered,B2B-V1-BASE,BLD-9102B6E8BF1ABFFC5F32,True
DEL-SYN-000335,ORD-SYN-000268,VEH-SYN-05,SOR-01,LOC-SYN-CUS-085,2,2025-08-30T09:13:00-04:00,2025-08-30T12:13:00-04:00,11.234,delivered,B2B-V1-BASE,BLD-9102B6E8BF1ABFFC5F32,True
DEL-SYN-000336,ORD-SYN-000269,VEH-SYN-05,SOR-01,LOC-SYN-CUS-070,1,2025-08-29T09:30:00-04:00,2025-08-29T12:30:00-04:00,93.688,delivered,B2B-V1-BASE,BLD-9102B6E8BF1ABFFC5F32,True
DEL-SYN-000337,ORD-SYN-000270,VEH-SYN-06,SOR-01,LOC-SYN-CUS-062,1,2025-08-28T09:32:00-04:00,2025-08-28T12:32:00-04:00,84.711,delivered,B2B-V1-BASE,BLD-9102B6E8BF1ABFFC5F32,True
DEL-SYN-000338,ORD-SYN-000271,VEH-SYN-01,SOR-01,LOC-SYN-CUS-010,1,2025-08-28T01:00:00-04:00,2025-08-28T04:00:00-04:00,98.174,delivered_with_incident,B2B-V1-BASE,BLD-9102B6E8BF1ABFFC5F32,True
DEL-SYN-000339,ORD-SYN-000272,VEH-SYN-02,SOR-01,LOC-SYN-CUS-073,1,2025-08-27T02:27:00-04:00,2025-08-27T05:27:00-04:00,17.971,delivered,B2B-V1-BASE,BLD-9102B6E8BF1ABFFC5F32,True
DEL-SYN-000340,ORD-SYN-000272,VEH-SYN-03,SOR-01,LOC-SYN-CUS-073,2,2025-08-27T12:27:00-04:00,2025-08-27T15:27:00-04:00,17.971,delivered,B2B-V1-BASE,BLD-9102B6E8BF1ABFFC5F32,True
DEL-SYN-000341,ORD-SYN-000273,VEH-SYN-03,SOR-01,LOC-SYN-CUS-094,1,2025-08-28T12:35:00-04:00,2025-08-28T15:35:00-04:00,81.241,delivered,B2B-V1-BASE,BLD-9102B6E8BF1ABFFC5F32,True
DEL-SYN-000342,ORD-SYN-000274,VEH-SYN-04,SOR-01,LOC-SYN-CUS-017,1,2025-08-31T12:46:00-04:00,2025-08-31T15:46:00-04:00,7.536,delivered,B2B-V1-BASE,BLD-9102B6E8BF1ABFFC5F32,True
DEL-SYN-000343,ORD-SYN-000275,VEH-SYN-05,SOR-01,LOC-SYN-CUS-077,1,2025-08-29T03:01:00-04:00,2025-08-29T06:01:00-04:00,6.85,delivered,B2B-V1-BASE,BLD-9102B6E8BF1ABFFC5F32,True
DEL-SYN-000344,ORD-SYN-000276,VEH-SYN-06,SOR-01,LOC-SYN-CUS-018,1,2025-08-29T18:37:00-04:00,2025-08-29T21:37:00-04:00,97.884,delivered,B2B-V1-BASE,BLD-9102B6E8BF1ABFFC5F32,True
DEL-SYN-000345,ORD-SYN-000276,VEH-SYN-01,SOR-01,LOC-SYN-CUS-018,2,2025-08-30T04:37:00-04:00,2025-08-30T07:37:00-04:00,97.884,delivered,B2B-V1-BASE,BLD-9102B6E8BF1ABFFC5F32,True
DEL-SYN-000346,ORD-SYN-000277,VEH-SYN-01,SOR-01,LOC-SYN-CUS-089,1,2025-08-30T05:55:00-04:00,2025-08-30T08:55:00-04:00,10.706,delivered,B2B-V1-BASE,BLD-9102B6E8BF1ABFFC5F32,True
DEL-SYN-000347,ORD-SYN-000278,VEH-SYN-02,SOR-01,LOC-SYN-CUS-086,1,2025-08-28T21:10:00-04:00,2025-08-29T00:10:00-04:00,100.855,delivered,B2B-V1-BASE,BLD-9102B6E8BF1ABFFC5F32,True
DEL-SYN-000348,ORD-SYN-000279,VEH-SYN-03,SOR-01,LOC-SYN-CUS-041,1,2025-08-29T08:39:00-04:00,2025-08-29T11:39:00-04:00,16.45,delivered,B2B-V1-BASE,BLD-9102B6E8BF1ABFFC5F32,True
DEL-SYN-000349,ORD-SYN-000280,VEH-SYN-04,SOR-01,LOC-SYN-CUS-078,1,2025-08-30T15:40:00-04:00,2025-08-30T18:40:00-04:00,97.926,delivered,B2B-V1-BASE,BLD-9102B6E8BF1ABFFC5F32,True
DEL-SYN-000350,ORD-SYN-000280,VEH-SYN-05,SOR-01,LOC-SYN-CUS-078,2,2025-08-31T05:40:00-04:00,2025-08-31T08:40:00-04:00,97.926,delivered,B2B-V1-BASE,BLD-9102B6E8BF1ABFFC5F32,True
DEL-SYN-000351,ORD-SYN-000281,VEH-SYN-05,SOR-01,LOC-SYN-CUS-114,1,2025-08-30T11:05:00-04:00,2025-08-30T14:05:00-04:00,98.868,delivered,B2B-V1-BASE,BLD-9102B6E8BF1ABFFC5F32,True
DEL-SYN-000352,ORD-SYN-000282,VEH-SYN-06,SOR-01,LOC-SYN-CUS-009,1,2025-09-01T02:07:00-04:00,2025-09-01T05:07:00-04:00,14.093,delivered,B2B-V1-BASE,BLD-9102B6E8BF1ABFFC5F32,True
DEL-SYN-000353,ORD-SYN-000283,VEH-SYN-01,SOR-01,LOC-SYN-CUS-022,1,2025-08-29T17:07:00-04:00,2025-08-29T20:07:00-04:00,97.576,delivered,B2B-V1-BASE,BLD-9102B6E8BF1ABFFC5F32,True
DEL-SYN-000354,ORD-SYN-000284,VEH-SYN-02,SOR-01,LOC-SYN-CUS-045,1,2025-08-31T09:09:00-04:00,2025-08-31T12:09:00-04:00,12.037,delivered,B2B-V1-BASE,BLD-9102B6E8BF1ABFFC5F32,True
DEL-SYN-000355,ORD-SYN-000284,VEH-SYN-03,SOR-01,LOC-SYN-CUS-045,2,2025-08-31T23:09:00-04:00,2025-09-01T02:09:00-04:00,12.037,delivered,B2B-V1-BASE,BLD-9102B6E8BF1ABFFC5F32,True
DEL-SYN-000356,ORD-SYN-000285,VEH-SYN-03,SOR-01,LOC-SYN-CUS-042,1,2025-08-31T03:24:00-04:00,2025-08-31T06:24:00-04:00,96.283,delivered,B2B-V1-BASE,BLD-9102B6E8BF1ABFFC5F32,True
DEL-SYN-000357,ORD-SYN-000286,VEH-SYN-04,SOR-01,LOC-SYN-CUS-133,1,2025-08-30T03:24:00-04:00,2025-08-30T06:24:00-04:00,15.316,delivered,B2B-V1-BASE,BLD-9102B6E8BF1ABFFC5F32,True
DEL-SYN-000358,ORD-SYN-000287,VEH-SYN-05,SOR-01,LOC-SYN-CUS-102,1,2025-08-30T03:39:00-04:00,2025-08-30T06:39:00-04:00,92.902,delivered,B2B-V1-BASE,BLD-9102B6E8BF1ABFFC5F32,True
DEL-SYN-000359,ORD-SYN-000288,VEH-SYN-06,SOR-01,LOC-SYN-CUS-049,1,2025-08-29T17:45:00-04:00,2025-08-29T20:45:00-04:00,13.054,delivered,B2B-V1-BASE,BLD-9102B6E8BF1ABFFC5F32,True
DEL-SYN-000360,ORD-SYN-000288,VEH-SYN-01,SOR-01,LOC-SYN-CUS-049,2,2025-08-30T03:45:00-04:00,2025-08-30T06:45:00-04:00,13.054,delivered,B2B-V1-BASE,BLD-9102B6E8BF1ABFFC5F32,True
DEL-SYN-000361,ORD-SYN-000289,VEH-SYN-01,SOR-01,LOC-SYN-CUS-078,1,2025-08-29T04:20:00-04:00,2025-08-29T07:20:00-04:00,97.926,delivered,B2B-V1-BASE,BLD-9102B6E8BF1ABFFC5F32,True
DEL-SYN-000362,ORD-SYN-000290,VEH-SYN-02,SOR-01,LOC-SYN-CUS-114,1,2025-09-01T04:21:00-04:00,2025-09-01T07:21:00-04:00,98.868,delivered,B2B-V1-BASE,BLD-9102B6E8BF1ABFFC5F32,True
DEL-SYN-000363,ORD-SYN-000291,VEH-SYN-03,SOR-01,LOC-SYN-CUS-145,1,2025-08-30T07:14:00-04:00,2025-08-30T10:14:00-04:00,9.581,delivered,B2B-V1-BASE,BLD-9102B6E8BF1ABFFC5F32,True
DEL-SYN-000364,ORD-SYN-000292,VEH-SYN-04,SOR-01,LOC-SYN-CUS-050,1,2025-08-30T21:22:00-04:00,2025-08-31T00:22:00-04:00,95.323,delivered,B2B-V1-BASE,BLD-9102B6E8BF1ABFFC5F32,True
DEL-SYN-000365,ORD-SYN-000292,VEH-SYN-05,SOR-01,LOC-SYN-CUS-050,2,2025-08-31T07:22:00-04:00,2025-08-31T10:22:00-04:00,95.323,delivered,B2B-V1-BASE,BLD-9102B6E8BF1ABFFC5F32,True
DEL-SYN-000366,ORD-SYN-000293,VEH-SYN-05,SOR-01,LOC-SYN-CUS-037,1,2025-08-31T08:04:00-04:00,2025-08-31T11:04:00-04:00,1.869,delivered,B2B-V1-BASE,BLD-9102B6E8BF1ABFFC5F32,True
DEL-SYN-000367,ORD-SYN-000294,VEH-SYN-06,SOR-01,LOC-SYN-CUS-130,1,2025-08-31T08:09:00-04:00,2025-08-31T11:09:00-04:00,92.017,delivered,B2B-V1-BASE,BLD-9102B6E8BF1ABFFC5F32,True
DEL-SYN-000368,ORD-SYN-000295,VEH-SYN-01,SOR-01,LOC-SYN-CUS-010,1,2025-09-01T10:20:00-04:00,2025-09-01T13:20:00-04:00,98.174,delivered,B2B-V1-BASE,BLD-9102B6E8BF1ABFFC5F32,True
DEL-SYN-000369,ORD-SYN-000296,VEH-SYN-02,SOR-01,LOC-SYN-CUS-109,1,2025-08-31T17:49:00-04:00,2025-08-31T20:49:00-04:00,15.631,delivered,B2B-V1-BASE,BLD-9102B6E8BF1ABFFC5F32,True
DEL-SYN-000370,ORD-SYN-000296,VEH-SYN-03,SOR-01,LOC-SYN-CUS-109,2,2025-09-01T07:49:00-04:00,2025-09-01T10:49:00-04:00,15.631,delivered,B2B-V1-BASE,BLD-9102B6E8BF1ABFFC5F32,True
DEL-SYN-000371,ORD-SYN-000297,VEH-SYN-03,SOR-01,LOC-SYN-CUS-058,1,2025-09-02T12:02:00-04:00,2025-09-02T15:02:00-04:00,98.394,delivered,B2B-V1-BASE,BLD-9102B6E8BF1ABFFC5F32,True
DEL-SYN-000372,ORD-SYN-000298,VEH-SYN-04,SOR-01,LOC-SYN-CUS-122,1,2025-09-03T02:32:00-04:00,2025-09-03T05:32:00-04:00,107.646,delivered,B2B-V1-BASE,BLD-9102B6E8BF1ABFFC5F32,True
DEL-SYN-000373,ORD-SYN-000299,VEH-SYN-05,SOR-01,LOC-SYN-CUS-065,1,2025-08-31T17:03:00-04:00,2025-08-31T20:03:00-04:00,13.49,delivered,B2B-V1-BASE,BLD-9102B6E8BF1ABFFC5F32,True
DEL-SYN-000374,ORD-SYN-000300,VEH-SYN-06,SOR-01,LOC-SYN-CUS-081,1,2025-09-02T09:23:00-04:00,2025-09-02T12:23:00-04:00,6.44,delivered,B2B-V1-BASE,BLD-9102B6E8BF1ABFFC5F32,True
DEL-SYN-000375,ORD-SYN-000300,VEH-SYN-01,SOR-01,LOC-SYN-CUS-081,2,2025-09-02T23:23:00-04:00,2025-09-03T02:23:00-04:00,6.44,delivered,B2B-V1-BASE,BLD-9102B6E8BF1ABFFC5F32,True
DEL-SYN-000376,ORD-SYN-000301,VEH-SYN-01,SOR-01,LOC-SYN-CUS-057,1,2025-09-02T03:55:00-04:00,2025-09-02T06:55:00-04:00,11.041,delivered,B2B-V1-BASE,BLD-9102B6E8BF1ABFFC5F32,True
DEL-SYN-000377,ORD-SYN-000302,VEH-SYN-02,SOR-01,LOC-SYN-CUS-110,1,2025-09-01T18:45:00-04:00,2025-09-01T21:45:00-04:00,101.983,delivered,B2B-V1-BASE,BLD-9102B6E8BF1ABFFC5F32,True
DEL-SYN-000378,ORD-SYN-000303,VEH-SYN-03,SOR-01,LOC-SYN-CUS-117,1,2025-09-02T05:28:00-04:00,2025-09-02T08:28:00-04:00,14.483,delivered,B2B-V1-BASE,BLD-9102B6E8BF1ABFFC5F32,True
DEL-SYN-000379,ORD-SYN-000304,VEH-SYN-04,SOR-01,LOC-SYN-CUS-122,1,2025-09-01T19:43:00-04:00,2025-09-01T22:43:00-04:00,107.646,delivered,B2B-V1-BASE,BLD-9102B6E8BF1ABFFC5F32,True
DEL-SYN-000380,ORD-SYN-000304,VEH-SYN-05,SOR-01,LOC-SYN-CUS-122,2,2025-09-02T05:43:00-04:00,2025-09-02T08:43:00-04:00,107.646,delivered_with_incident,B2B-V1-BASE,BLD-9102B6E8BF1ABFFC5F32,True
DEL-SYN-000381,ORD-SYN-000305,VEH-SYN-05,SOR-01,LOC-SYN-CUS-020,1,2025-08-30T20:43:00-04:00,2025-08-30T23:43:00-04:00,98.993,delivered_with_incident,B2B-V1-BASE,BLD-9102B6E8BF1ABFFC5F32,True
DEL-SYN-000382,ORD-SYN-000306,VEH-SYN-06,SOR-01,LOC-SYN-CUS-107,1,2025-08-30T07:04:00-04:00,2025-08-30T10:04:00-04:00,15.357,delivered,B2B-V1-BASE,BLD-9102B6E8BF1ABFFC5F32,True
DEL-SYN-000383,ORD-SYN-000307,VEH-SYN-01,SOR-01,LOC-SYN-CUS-095,1,2025-09-01T07:10:00-04:00,2025-09-01T10:10:00-04:00,11.423,delivered,B2B-V1-BASE,BLD-9102B6E8BF1ABFFC5F32,True
DEL-SYN-000384,ORD-SYN-000308,VEH-SYN-02,SOR-01,LOC-SYN-CUS-139,1,2025-08-30T21:32:00-04:00,2025-08-31T00:32:00-04:00,20.414,delivered,B2B-V1-BASE,BLD-9102B6E8BF1ABFFC5F32,True
DEL-SYN-000385,ORD-SYN-000308,VEH-SYN-03,SOR-01,LOC-SYN-CUS-139,2,2025-08-31T07:32:00-04:00,2025-08-31T10:32:00-04:00,20.414,delivered,B2B-V1-BASE,BLD-9102B6E8BF1ABFFC5F32,True
DEL-SYN-000386,ORD-SYN-000309,VEH-SYN-03,SOR-01,LOC-SYN-CUS-109,1,2025-09-01T07:38:00-04:00,2025-09-01T10:38:00-04:00,15.631,delivered,B2B-V1-BASE,BLD-9102B6E8BF1ABFFC5F32,True
DEL-SYN-000387,ORD-SYN-000310,VEH-SYN-04,SOR-01,LOC-SYN-CUS-023,1,2025-08-31T10:19:00-04:00,2025-08-31T13:19:00-04:00,12.238,delivered,B2B-V1-BASE,BLD-9102B6E8BF1ABFFC5F32,True
DEL-SYN-000388,ORD-SYN-000311,VEH-SYN-05,SOR-01,LOC-SYN-CUS-101,1,2025-09-02T10:30:00-04:00,2025-09-02T13:30:00-04:00,8.729,delivered,B2B-V1-BASE,BLD-9102B6E8BF1ABFFC5F32,True
DEL-SYN-000389,ORD-SYN-000312,VEH-SYN-06,SOR-01,LOC-SYN-CUS-022,1,2025-09-01T17:19:00-04:00,2025-09-01T20:19:00-04:00,97.576,delivered,B2B-V1-BASE,BLD-9102B6E8BF1ABFFC5F32,True
DEL-SYN-000390,ORD-SYN-000312,VEH-SYN-01,SOR-01,LOC-SYN-CUS-022,2,2025-09-02T07:19:00-04:00,2025-09-02T10:19:00-04:00,97.576,delivered,B2B-V1-BASE,BLD-9102B6E8BF1ABFFC5F32,True
DEL-SYN-000391,ORD-SYN-000313,VEH-SYN-01,SOR-01,LOC-SYN-CUS-112,1,2025-08-31T11:53:00-04:00,2025-08-31T14:53:00-04:00,94.924,delivered,B2B-V1-BASE,BLD-9102B6E8BF1ABFFC5F32,True
DEL-SYN-000392,ORD-SYN-000314,VEH-SYN-02,SOR-01,LOC-SYN-CUS-104,1,2025-09-03T12:07:00-04:00,2025-09-03T15:07:00-04:00,101.385,delivered,B2B-V1-BASE,BLD-9102B6E8BF1ABFFC5F32,True
DEL-SYN-000393,ORD-SYN-000315,VEH-SYN-03,SOR-01,LOC-SYN-CUS-038,1,2025-09-03T12:27:00-04:00,2025-09-03T15:27:00-04:00,91.614,delivered,B2B-V1-BASE,BLD-9102B6E8BF1ABFFC5F32,True
DEL-SYN-000394,ORD-SYN-000316,VEH-SYN-04,SOR-01,LOC-SYN-CUS-109,1,2025-09-01T02:28:00-04:00,2025-09-01T05:28:00-04:00,15.631,delivered,B2B-V1-BASE,BLD-9102B6E8BF1ABFFC5F32,True
DEL-SYN-000395,ORD-SYN-000316,VEH-SYN-05,SOR-01,LOC-SYN-CUS-109,2,2025-09-01T12:28:00-04:00,2025-09-01T15:28:00-04:00,15.631,delivered,B2B-V1-BASE,BLD-9102B6E8BF1ABFFC5F32,True
DEL-SYN-000396,ORD-SYN-000317,VEH-SYN-05,SOR-01,LOC-SYN-CUS-001,1,2025-09-01T03:07:00-04:00,2025-09-01T06:07:00-04:00,6.513,delivered,B2B-V1-BASE,BLD-9102B6E8BF1ABFFC5F32,True
DEL-SYN-000397,ORD-SYN-000318,VEH-SYN-06,SOR-01,LOC-SYN-CUS-118,1,2025-08-31T04:39:00-04:00,2025-08-31T07:39:00-04:00,89.411,delivered,B2B-V1-BASE,BLD-9102B6E8BF1ABFFC5F32,True
DEL-SYN-000398,ORD-SYN-000319,VEH-SYN-01,SOR-01,LOC-SYN-CUS-086,1,2025-08-31T04:45:00-04:00,2025-08-31T07:45:00-04:00,100.855,delivered,B2B-V1-BASE,BLD-9102B6E8BF1ABFFC5F32,True
DEL-SYN-000399,ORD-SYN-000320,VEH-SYN-02,SOR-01,LOC-SYN-CUS-021,1,2025-09-01T21:39:00-04:00,2025-09-02T00:39:00-04:00,21.891,delivered,B2B-V1-BASE,BLD-9102B6E8BF1ABFFC5F32,True
DEL-SYN-000400,ORD-SYN-000320,VEH-SYN-03,SOR-01,LOC-SYN-CUS-021,2,2025-09-02T07:39:00-04:00,2025-09-02T10:39:00-04:00,21.891,delivered,B2B-V1-BASE,BLD-9102B6E8BF1ABFFC5F32,True
DEL-SYN-000401,ORD-SYN-000321,VEH-SYN-03,SOR-01,LOC-SYN-CUS-076,1,2025-09-01T22:07:00-04:00,2025-09-02T01:07:00-04:00,105.217,delivered,B2B-V1-BASE,BLD-9102B6E8BF1ABFFC5F32,True
DEL-SYN-000402,ORD-SYN-000322,VEH-SYN-04,SOR-01,LOC-SYN-CUS-142,1,2025-08-31T08:20:00-04:00,2025-08-31T11:20:00-04:00,96.727,delivered_with_incident,B2B-V1-BASE,BLD-9102B6E8BF1ABFFC5F32,True
DEL-SYN-000403,ORD-SYN-000323,VEH-SYN-05,SOR-01,LOC-SYN-CUS-096,1,2025-09-02T09:44:00-04:00,2025-09-02T12:44:00-04:00,108.662,delivered,B2B-V1-BASE,BLD-9102B6E8BF1ABFFC5F32,True
DEL-SYN-000404,ORD-SYN-000324,VEH-SYN-06,SOR-01,LOC-SYN-CUS-114,1,2025-08-31T16:24:00-04:00,2025-08-31T19:24:00-04:00,98.868,delivered,B2B-V1-BASE,BLD-9102B6E8BF1ABFFC5F32,True
DEL-SYN-000405,ORD-SYN-000324,VEH-SYN-01,SOR-01,LOC-SYN-CUS-114,2,2025-09-01T06:24:00-04:00,2025-09-01T09:24:00-04:00,98.868,delivered,B2B-V1-BASE,BLD-9102B6E8BF1ABFFC5F32,True
DEL-SYN-000406,ORD-SYN-000325,VEH-SYN-01,SOR-01,LOC-SYN-CUS-100,1,2025-09-01T12:13:00-04:00,2025-09-01T15:13:00-04:00,104.241,delivered,B2B-V1-BASE,BLD-9102B6E8BF1ABFFC5F32,True
DEL-SYN-000407,ORD-SYN-000326,VEH-SYN-02,SOR-01,LOC-SYN-CUS-007,1,2025-09-05T03:54:00-04:00,2025-09-05T06:54:00-04:00,14.599,delivered,B2B-V1-BASE,BLD-9102B6E8BF1ABFFC5F32,True
DEL-SYN-000408,ORD-SYN-000327,VEH-SYN-03,SOR-01,LOC-SYN-CUS-149,1,2025-09-02T04:01:00-04:00,2025-09-02T07:01:00-04:00,9.994,delivered,B2B-V1-BASE,BLD-9102B6E8BF1ABFFC5F32,True
DEL-SYN-000409,ORD-SYN-000328,VEH-SYN-04,SOR-01,LOC-SYN-CUS-106,1,2025-09-02T18:56:00-04:00,2025-09-02T21:56:00-04:00,97.3,delivered,B2B-V1-BASE,BLD-9102B6E8BF1ABFFC5F32,True
DEL-SYN-000410,ORD-SYN-000328,VEH-SYN-05,SOR-01,LOC-SYN-CUS-106,2,2025-09-03T04:56:00-04:00,2025-09-03T07:56:00-04:00,97.3,delivered,B2B-V1-BASE,BLD-9102B6E8BF1ABFFC5F32,True
DEL-SYN-000411,ORD-SYN-000329,VEH-SYN-05,SOR-01,LOC-SYN-CUS-105,1,2025-09-03T06:32:00-04:00,2025-09-03T09:32:00-04:00,13.533,delivered,B2B-V1-BASE,BLD-9102B6E8BF1ABFFC5F32,True
DEL-SYN-000412,ORD-SYN-000330,VEH-SYN-06,SOR-01,LOC-SYN-CUS-077,1,2025-09-04T06:56:00-04:00,2025-09-04T09:56:00-04:00,6.85,delivered,B2B-V1-BASE,BLD-9102B6E8BF1ABFFC5F32,True
DEL-SYN-000413,ORD-SYN-000331,VEH-SYN-01,SOR-01,LOC-SYN-CUS-142,1,2025-09-04T08:02:00-04:00,2025-09-04T11:02:00-04:00,96.727,delivered,B2B-V1-BASE,BLD-9102B6E8BF1ABFFC5F32,True
DEL-SYN-000414,ORD-SYN-000332,VEH-SYN-02,SOR-01,LOC-SYN-CUS-064,1,2025-09-01T22:51:00-04:00,2025-09-02T01:51:00-04:00,102.777,delivered,B2B-V1-BASE,BLD-9102B6E8BF1ABFFC5F32,True
DEL-SYN-000415,ORD-SYN-000332,VEH-SYN-03,SOR-01,LOC-SYN-CUS-064,2,2025-09-02T08:51:00-04:00,2025-09-02T11:51:00-04:00,102.777,delivered,B2B-V1-BASE,BLD-9102B6E8BF1ABFFC5F32,True
DEL-SYN-000416,ORD-SYN-000333,VEH-SYN-03,SOR-01,LOC-SYN-CUS-021,1,2025-09-01T10:04:00-04:00,2025-09-01T13:04:00-04:00,21.891,delivered,B2B-V1-BASE,BLD-9102B6E8BF1ABFFC5F32,True
DEL-SYN-000417,ORD-SYN-000334,VEH-SYN-04,SOR-01,LOC-SYN-CUS-053,1,2025-09-04T11:15:00-04:00,2025-09-04T14:15:00-04:00,11.138,delivered,B2B-V1-BASE,BLD-9102B6E8BF1ABFFC5F32,True
DEL-SYN-000418,ORD-SYN-000335,VEH-SYN-05,SOR-01,LOC-SYN-CUS-037,1,2025-09-05T01:49:00-04:00,2025-09-05T04:49:00-04:00,1.869,delivered,B2B-V1-BASE,BLD-9102B6E8BF1ABFFC5F32,True
DEL-SYN-000419,ORD-SYN-000336,VEH-SYN-06,SOR-01,LOC-SYN-CUS-094,1,2025-09-03T17:01:00-04:00,2025-09-03T20:01:00-04:00,81.241,delivered,B2B-V1-BASE,BLD-9102B6E8BF1ABFFC5F32,True
DEL-SYN-000420,ORD-SYN-000336,VEH-SYN-01,SOR-01,LOC-SYN-CUS-094,2,2025-09-04T03:01:00-04:00,2025-09-04T06:01:00-04:00,81.241,delivered,B2B-V1-BASE,BLD-9102B6E8BF1ABFFC5F32,True
DEL-SYN-000421,ORD-SYN-000337,VEH-SYN-01,SOR-01,LOC-SYN-CUS-037,1,2025-09-06T03:53:00-04:00,2025-09-06T06:53:00-04:00,1.869,delivered,B2B-V1-BASE,BLD-9102B6E8BF1ABFFC5F32,True
DEL-SYN-000422,ORD-SYN-000338,VEH-SYN-02,SOR-01,LOC-SYN-CUS-071,1,2025-09-03T18:30:00-04:00,2025-09-03T21:30:00-04:00,15.735,delivered,B2B-V1-BASE,BLD-9102B6E8BF1ABFFC5F32,True
DEL-SYN-000423,ORD-SYN-000339,VEH-SYN-03,SOR-01,LOC-SYN-CUS-079,1,2025-09-03T05:32:00-04:00,2025-09-03T08:32:00-04:00,9.76,delivered,B2B-V1-BASE,BLD-9102B6E8BF1ABFFC5F32,True
DEL-SYN-000424,ORD-SYN-000340,VEH-SYN-04,SOR-01,LOC-SYN-CUS-066,1,2025-09-02T12:25:00-04:00,2025-09-02T15:25:00-04:00,96.649,delivered,B2B-V1-BASE,BLD-9102B6E8BF1ABFFC5F32,True
DEL-SYN-000425,ORD-SYN-000340,VEH-SYN-05,SOR-01,LOC-SYN-CUS-066,2,2025-09-03T02:25:00-04:00,2025-09-03T05:25:00-04:00,96.649,delivered,B2B-V1-BASE,BLD-9102B6E8BF1ABFFC5F32,True
DEL-SYN-000426,ORD-SYN-000341,VEH-SYN-05,SOR-01,LOC-SYN-CUS-133,1,2025-09-05T08:17:00-04:00,2025-09-05T11:17:00-04:00,15.316,delivered,B2B-V1-BASE,BLD-9102B6E8BF1ABFFC5F32,True
DEL-SYN-000427,ORD-SYN-000342,VEH-SYN-06,SOR-01,LOC-SYN-CUS-049,1,2025-09-07T00:01:00-04:00,2025-09-07T03:01:00-03:00,13.054,delivered,B2B-V1-BASE,BLD-9102B6E8BF1ABFFC5F32,True
DEL-SYN-000428,ORD-SYN-000343,VEH-SYN-01,SOR-01,LOC-SYN-CUS-096,1,2025-09-02T11:01:00-04:00,2025-09-02T14:01:00-04:00,108.662,delivered,B2B-V1-BASE,BLD-9102B6E8BF1ABFFC5F32,True
DEL-SYN-000429,ORD-SYN-000344,VEH-SYN-02,SOR-01,LOC-SYN-CUS-102,1,2025-09-02T01:05:00-04:00,2025-09-02T04:05:00-04:00,92.902,delivered,B2B-V1-BASE,BLD-9102B6E8BF1ABFFC5F32,True
DEL-SYN-000430,ORD-SYN-000344,VEH-SYN-03,SOR-01,LOC-SYN-CUS-102,2,2025-09-02T11:05:00-04:00,2025-09-02T14:05:00-04:00,92.902,delivered,B2B-V1-BASE,BLD-9102B6E8BF1ABFFC5F32,True
DEL-SYN-000431,ORD-SYN-000345,VEH-SYN-03,SOR-01,LOC-SYN-CUS-124,1,2025-09-04T11:11:00-04:00,2025-09-04T14:11:00-04:00,90.769,delivered,B2B-V1-BASE,BLD-9102B6E8BF1ABFFC5F32,True
DEL-SYN-000432,ORD-SYN-000346,VEH-SYN-04,SOR-01,LOC-SYN-CUS-009,1,2025-09-02T11:24:00-04:00,2025-09-02T14:24:00-04:00,14.093,delivered,B2B-V1-BASE,BLD-9102B6E8BF1ABFFC5F32,True
DEL-SYN-000433,ORD-SYN-000347,VEH-SYN-05,SOR-01,LOC-SYN-CUS-044,1,2025-09-03T12:32:00-04:00,2025-09-03T15:32:00-04:00,96.701,delivered,B2B-V1-BASE,BLD-9102B6E8BF1ABFFC5F32,True
DEL-SYN-000434,ORD-SYN-000348,VEH-SYN-06,SOR-01,LOC-SYN-CUS-038,1,2025-09-04T21:49:00-04:00,2025-09-05T00:49:00-04:00,91.614,delivered,B2B-V1-BASE,BLD-9102B6E8BF1ABFFC5F32,True
DEL-SYN-000435,ORD-SYN-000348,VEH-SYN-01,SOR-01,LOC-SYN-CUS-038,2,2025-09-05T07:49:00-04:00,2025-09-05T10:49:00-04:00,91.614,delivered,B2B-V1-BASE,BLD-9102B6E8BF1ABFFC5F32,True
DEL-SYN-000436,ORD-SYN-000349,VEH-SYN-01,SOR-01,LOC-SYN-CUS-006,1,2025-09-04T08:14:00-04:00,2025-09-04T11:14:00-04:00,102.381,delivered,B2B-V1-BASE,BLD-9102B6E8BF1ABFFC5F32,True
DEL-SYN-000437,ORD-SYN-000350,VEH-SYN-02,SOR-01,LOC-SYN-CUS-025,1,2025-09-05T23:03:00-04:00,2025-09-06T02:03:00-04:00,12.656,delivered,B2B-V1-BASE,BLD-9102B6E8BF1ABFFC5F32,True
DEL-SYN-000438,ORD-SYN-000351,VEH-SYN-03,SOR-01,LOC-SYN-CUS-095,1,2025-09-04T23:42:00-04:00,2025-09-05T02:42:00-04:00,11.423,delivered,B2B-V1-BASE,BLD-9102B6E8BF1ABFFC5F32,True
DEL-SYN-000439,ORD-SYN-000352,VEH-SYN-04,SOR-01,LOC-SYN-CUS-041,1,2025-09-05T23:46:00-04:00,2025-09-06T02:46:00-04:00,16.45,delivered,B2B-V1-BASE,BLD-9102B6E8BF1ABFFC5F32,True
DEL-SYN-000440,ORD-SYN-000352,VEH-SYN-05,SOR-01,LOC-SYN-CUS-041,2,2025-09-06T09:46:00-04:00,2025-09-06T12:46:00-04:00,16.45,delivered,B2B-V1-BASE,BLD-9102B6E8BF1ABFFC5F32,True
DEL-SYN-000441,ORD-SYN-000353,VEH-SYN-05,SOR-01,LOC-SYN-CUS-077,1,2025-09-07T10:50:00-03:00,2025-09-07T13:50:00-03:00,6.85,delivered,B2B-V1-BASE,BLD-9102B6E8BF1ABFFC5F32,True
DEL-SYN-000442,ORD-SYN-000354,VEH-SYN-06,SOR-01,LOC-SYN-CUS-125,1,2025-09-03T11:31:00-04:00,2025-09-03T14:31:00-04:00,11.651,delivered,B2B-V1-BASE,BLD-9102B6E8BF1ABFFC5F32,True
DEL-SYN-000443,ORD-SYN-000355,VEH-SYN-01,SOR-01,LOC-SYN-CUS-075,1,2025-09-05T12:49:00-04:00,2025-09-05T15:49:00-04:00,11.238,delivered,B2B-V1-BASE,BLD-9102B6E8BF1ABFFC5F32,True
DEL-SYN-000444,ORD-SYN-000356,VEH-SYN-02,SOR-01,LOC-SYN-CUS-035,1,2025-09-07T10:11:00-03:00,2025-09-07T13:11:00-03:00,7.948,delivered,B2B-V1-BASE,BLD-9102B6E8BF1ABFFC5F32,True
DEL-SYN-000445,ORD-SYN-000356,VEH-SYN-03,SOR-01,LOC-SYN-CUS-035,2,2025-09-08T00:11:00-03:00,2025-09-08T03:11:00-03:00,7.948,delivered,B2B-V1-BASE,BLD-9102B6E8BF1ABFFC5F32,True
DEL-SYN-000446,ORD-SYN-000357,VEH-SYN-03,SOR-01,LOC-SYN-CUS-005,1,2025-09-08T06:06:00-03:00,2025-09-08T09:06:00-03:00,9.779,delivered,B2B-V1-BASE,BLD-9102B6E8BF1ABFFC5F32,True
DEL-SYN-000447,ORD-SYN-000358,VEH-SYN-04,SOR-01,LOC-SYN-CUS-021,1,2025-09-07T06:40:00-03:00,2025-09-07T09:40:00-03:00,21.891,delivered,B2B-V1-BASE,BLD-9102B6E8BF1ABFFC5F32,True
DEL-SYN-000448,ORD-SYN-000359,VEH-SYN-05,SOR-01,LOC-SYN-CUS-067,1,2025-09-06T21:06:00-04:00,2025-09-07T00:06:00-04:00,13.624,delivered,B2B-V1-BASE,BLD-9102B6E8BF1ABFFC5F32,True
DEL-SYN-000449,ORD-SYN-000360,VEH-SYN-06,SOR-01,LOC-SYN-CUS-038,1,2025-09-06T23:52:00-04:00,2025-09-07T02:52:00-03:00,91.614,delivered,B2B-V1-BASE,BLD-9102B6E8BF1ABFFC5F32,True
DEL-SYN-000450,ORD-SYN-000360,VEH-SYN-01,SOR-01,LOC-SYN-CUS-038,2,2025-09-07T09:52:00-03:00,2025-09-07T12:52:00-03:00,91.614,delivered,B2B-V1-BASE,BLD-9102B6E8BF1ABFFC5F32,True
DEL-SYN-000451,ORD-SYN-000361,VEH-SYN-01,SOR-01,LOC-SYN-CUS-137,1,2025-09-05T10:55:00-04:00,2025-09-05T13:55:00-04:00,11.323,delivered,B2B-V1-BASE,BLD-9102B6E8BF1ABFFC5F32,True
DEL-SYN-000452,ORD-SYN-000362,VEH-SYN-02,SOR-01,LOC-SYN-CUS-035,1,2025-09-08T03:08:00-03:00,2025-09-08T06:08:00-03:00,7.948,delivered,B2B-V1-BASE,BLD-9102B6E8BF1ABFFC5F32,True
DEL-SYN-000453,ORD-SYN-000363,VEH-SYN-03,SOR-01,LOC-SYN-CUS-098,1,2025-09-06T03:20:00-04:00,2025-09-06T06:20:00-04:00,100.419,delivered,B2B-V1-BASE,BLD-9102B6E8BF1ABFFC5F32,True
DEL-SYN-000454,ORD-SYN-000364,VEH-SYN-04,SOR-01,LOC-SYN-CUS-044,1,2025-09-08T18:18:00-03:00,2025-09-08T21:18:00-03:00,96.701,delivered,B2B-V1-BASE,BLD-9102B6E8BF1ABFFC5F32,True
DEL-SYN-000455,ORD-SYN-000364,VEH-SYN-05,SOR-01,LOC-SYN-CUS-044,2,2025-09-09T04:18:00-03:00,2025-09-09T07:18:00-03:00,96.701,delivered,B2B-V1-BASE,BLD-9102B6E8BF1ABFFC5F32,True
DEL-SYN-000456,ORD-SYN-000365,VEH-SYN-05,SOR-01,LOC-SYN-CUS-008,1,2025-09-05T05:06:00-04:00,2025-09-05T08:06:00-04:00,89.436,delivered,B2B-V1-BASE,BLD-9102B6E8BF1ABFFC5F32,True
DEL-SYN-000457,ORD-SYN-000366,VEH-SYN-06,SOR-01,LOC-SYN-CUS-097,1,2025-09-09T05:16:00-03:00,2025-09-09T08:16:00-03:00,10.67,delivered,B2B-V1-BASE,BLD-9102B6E8BF1ABFFC5F32,True
DEL-SYN-000458,ORD-SYN-000367,VEH-SYN-01,SOR-01,LOC-SYN-CUS-096,1,2025-09-05T05:49:00-04:00,2025-09-05T08:49:00-04:00,108.662,delivered,B2B-V1-BASE,BLD-9102B6E8BF1ABFFC5F32,True
DEL-SYN-000459,ORD-SYN-000368,VEH-SYN-02,SOR-01,LOC-SYN-CUS-068,1,2025-09-04T20:03:00-04:00,2025-09-04T23:03:00-04:00,103.344,delivered,B2B-V1-BASE,BLD-9102B6E8BF1ABFFC5F32,True
DEL-SYN-000460,ORD-SYN-000368,VEH-SYN-03,SOR-01,LOC-SYN-CUS-068,2,2025-09-05T06:03:00-04:00,2025-09-05T09:03:00-04:00,103.344,delivered,B2B-V1-BASE,BLD-9102B6E8BF1ABFFC5F32,True
DEL-SYN-000461,ORD-SYN-000369,VEH-SYN-03,SOR-01,LOC-SYN-CUS-048,1,2025-09-08T06:16:00-03:00,2025-09-08T09:16:00-03:00,94.78,delivered,B2B-V1-BASE,BLD-9102B6E8BF1ABFFC5F32,True
DEL-SYN-000462,ORD-SYN-000370,VEH-SYN-04,SOR-01,LOC-SYN-CUS-042,1,2025-09-08T06:49:00-03:00,2025-09-08T09:49:00-03:00,96.283,delivered,B2B-V1-BASE,BLD-9102B6E8BF1ABFFC5F32,True
DEL-SYN-000463,ORD-SYN-000371,VEH-SYN-05,SOR-01,LOC-SYN-CUS-109,1,2025-09-08T23:00:00-03:00,2025-09-09T02:00:00-03:00,15.631,delivered,B2B-V1-BASE,BLD-9102B6E8BF1ABFFC5F32,True
DEL-SYN-000464,ORD-SYN-000372,VEH-SYN-06,SOR-01,LOC-SYN-CUS-034,1,2025-09-05T15:20:00-04:00,2025-09-05T18:20:00-04:00,92.375,delivered,B2B-V1-BASE,BLD-9102B6E8BF1ABFFC5F32,True
DEL-SYN-000465,ORD-SYN-000372,VEH-SYN-01,SOR-01,LOC-SYN-CUS-034,2,2025-09-06T05:20:00-04:00,2025-09-06T08:20:00-04:00,92.375,delivered_with_incident,B2B-V1-BASE,BLD-9102B6E8BF1ABFFC5F32,True
DEL-SYN-000466,ORD-SYN-000373,VEH-SYN-01,SOR-01,LOC-SYN-CUS-006,1,2025-09-05T11:11:00-04:00,2025-09-05T14:11:00-04:00,102.381,delivered_with_incident,B2B-V1-BASE,BLD-9102B6E8BF1ABFFC5F32,True
DEL-SYN-000467,ORD-SYN-000374,VEH-SYN-02,SOR-01,LOC-SYN-CUS-113,1,2025-09-05T11:47:00-04:00,2025-09-05T14:47:00-04:00,18.69,delivered,B2B-V1-BASE,BLD-9102B6E8BF1ABFFC5F32,True
DEL-SYN-000468,ORD-SYN-000375,VEH-SYN-03,SOR-01,LOC-SYN-CUS-098,1,2025-09-09T12:08:00-03:00,2025-09-09T15:08:00-03:00,100.419,delivered,B2B-V1-BASE,BLD-9102B6E8BF1ABFFC5F32,True
DEL-SYN-000469,ORD-SYN-000376,VEH-SYN-04,SOR-01,LOC-SYN-CUS-005,1,2025-09-05T02:13:00-04:00,2025-09-05T05:13:00-04:00,9.779,delivered,B2B-V1-BASE,BLD-9102B6E8BF1ABFFC5F32,True
DEL-SYN-000470,ORD-SYN-000376,VEH-SYN-05,SOR-01,LOC-SYN-CUS-005,2,2025-09-05T12:13:00-04:00,2025-09-05T15:13:00-04:00,9.779,delivered,B2B-V1-BASE,BLD-9102B6E8BF1ABFFC5F32,True
DEL-SYN-000471,ORD-SYN-000377,VEH-SYN-05,SOR-01,LOC-SYN-CUS-022,1,2025-09-09T03:42:00-03:00,2025-09-09T06:42:00-03:00,97.576,delivered,B2B-V1-BASE,BLD-9102B6E8BF1ABFFC5F32,True
DEL-SYN-000472,ORD-SYN-000378,VEH-SYN-06,SOR-01,LOC-SYN-CUS-017,1,2025-09-07T05:04:00-03:00,2025-09-07T08:04:00-03:00,7.536,delivered,B2B-V1-BASE,BLD-9102B6E8BF1ABFFC5F32,True
DEL-SYN-000473,ORD-SYN-000379,VEH-SYN-01,SOR-01,LOC-SYN-CUS-132,1,2025-09-10T05:35:00-03:00,2025-09-10T08:35:00-03:00,97.514,delivered,B2B-V1-BASE,BLD-9102B6E8BF1ABFFC5F32,True
DEL-SYN-000474,ORD-SYN-000380,VEH-SYN-02,SOR-01,LOC-SYN-CUS-143,1,2025-09-06T19:40:00-04:00,2025-09-06T22:40:00-04:00,10.494,delivered,B2B-V1-BASE,BLD-9102B6E8BF1ABFFC5F32,True
DEL-SYN-000475,ORD-SYN-000380,VEH-SYN-03,SOR-01,LOC-SYN-CUS-143,2,2025-09-07T05:40:00-03:00,2025-09-07T08:40:00-03:00,10.494,delivered,B2B-V1-BASE,BLD-9102B6E8BF1ABFFC5F32,True
DEL-SYN-000476,ORD-SYN-000381,VEH-SYN-03,SOR-01,LOC-SYN-CUS-141,1,2025-09-07T05:40:00-03:00,2025-09-07T08:40:00-03:00,3.791,delivered,B2B-V1-BASE,BLD-9102B6E8BF1ABFFC5F32,True
DEL-SYN-000477,ORD-SYN-000382,VEH-SYN-04,SOR-01,LOC-SYN-CUS-054,1,2025-09-08T07:11:00-03:00,2025-09-08T10:11:00-03:00,92.335,delivered,B2B-V1-BASE,BLD-9102B6E8BF1ABFFC5F32,True
DEL-SYN-000478,ORD-SYN-000383,VEH-SYN-05,SOR-01,LOC-SYN-CUS-017,1,2025-09-06T08:14:00-04:00,2025-09-06T11:14:00-04:00,7.536,delivered,B2B-V1-BASE,BLD-9102B6E8BF1ABFFC5F32,True
DEL-SYN-000479,ORD-SYN-000384,VEH-SYN-06,SOR-01,LOC-SYN-CUS-094,1,2025-09-06T00:09:00-04:00,2025-09-06T03:09:00-04:00,81.241,delivered,B2B-V1-BASE,BLD-9102B6E8BF1ABFFC5F32,True
DEL-SYN-000480,ORD-SYN-000384,VEH-SYN-01,SOR-01,LOC-SYN-CUS-094,2,2025-09-06T10:09:00-04:00,2025-09-06T13:09:00-04:00,81.241,delivered,B2B-V1-BASE,BLD-9102B6E8BF1ABFFC5F32,True
DEL-SYN-000481,ORD-SYN-000385,VEH-SYN-01,SOR-01,LOC-SYN-CUS-101,1,2025-09-07T11:12:00-03:00,2025-09-07T14:12:00-03:00,8.729,delivered,B2B-V1-BASE,BLD-9102B6E8BF1ABFFC5F32,True
DEL-SYN-000482,ORD-SYN-000386,VEH-SYN-02,SOR-01,LOC-SYN-CUS-142,1,2025-09-07T11:16:00-03:00,2025-09-07T14:16:00-03:00,96.727,delivered,B2B-V1-BASE,BLD-9102B6E8BF1ABFFC5F32,True
DEL-SYN-000483,ORD-SYN-000387,VEH-SYN-03,SOR-01,LOC-SYN-CUS-026,1,2025-09-06T11:20:00-04:00,2025-09-06T14:20:00-04:00,93.542,delivered,B2B-V1-BASE,BLD-9102B6E8BF1ABFFC5F32,True
DEL-SYN-000484,ORD-SYN-000388,VEH-SYN-04,SOR-01,LOC-SYN-CUS-117,1,2025-09-09T02:02:00-03:00,2025-09-09T05:02:00-03:00,14.483,delivered,B2B-V1-BASE,BLD-9102B6E8BF1ABFFC5F32,True
DEL-SYN-000485,ORD-SYN-000388,VEH-SYN-05,SOR-01,LOC-SYN-CUS-117,2,2025-09-09T12:02:00-03:00,2025-09-09T15:02:00-03:00,14.483,delivered,B2B-V1-BASE,BLD-9102B6E8BF1ABFFC5F32,True
DEL-SYN-000486,ORD-SYN-000389,VEH-SYN-05,SOR-01,LOC-SYN-CUS-072,1,2025-09-06T12:08:00-04:00,2025-09-06T15:08:00-04:00,106.388,delivered,B2B-V1-BASE,BLD-9102B6E8BF1ABFFC5F32,True
DEL-SYN-000487,ORD-SYN-000390,VEH-SYN-06,SOR-01,LOC-SYN-CUS-009,1,2025-09-08T03:12:00-03:00,2025-09-08T06:12:00-03:00,14.093,delivered,B2B-V1-BASE,BLD-9102B6E8BF1ABFFC5F32,True
DEL-SYN-000488,ORD-SYN-000391,VEH-SYN-01,SOR-01,LOC-SYN-CUS-010,1,2025-09-08T07:38:00-03:00,2025-09-08T10:38:00-03:00,98.174,delivered,B2B-V1-BASE,BLD-9102B6E8BF1ABFFC5F32,True
DEL-SYN-000489,ORD-SYN-000392,VEH-SYN-02,SOR-01,LOC-SYN-CUS-138,1,2025-09-08T22:58:00-03:00,2025-09-09T01:58:00-03:00,93.584,delivered,B2B-V1-BASE,BLD-9102B6E8BF1ABFFC5F32,True
DEL-SYN-000490,ORD-SYN-000392,VEH-SYN-03,SOR-01,LOC-SYN-CUS-138,2,2025-09-09T08:58:00-03:00,2025-09-09T11:58:00-03:00,93.584,delivered,B2B-V1-BASE,BLD-9102B6E8BF1ABFFC5F32,True
DEL-SYN-000491,ORD-SYN-000393,VEH-SYN-03,SOR-01,LOC-SYN-CUS-126,1,2025-09-11T09:30:00-03:00,2025-09-11T12:30:00-03:00,96.582,delivered,B2B-V1-BASE,BLD-9102B6E8BF1ABFFC5F32,True
DEL-SYN-000492,ORD-SYN-000394,VEH-SYN-04,SOR-01,LOC-SYN-CUS-069,1,2025-09-12T01:00:00-03:00,2025-09-12T04:00:00-03:00,13.67,delivered,B2B-V1-BASE,BLD-9102B6E8BF1ABFFC5F32,True
DEL-SYN-000493,ORD-SYN-000395,VEH-SYN-05,SOR-01,LOC-SYN-CUS-150,1,2025-09-10T11:16:00-03:00,2025-09-10T14:16:00-03:00,93.487,delivered,B2B-V1-BASE,BLD-9102B6E8BF1ABFFC5F32,True
DEL-SYN-000494,ORD-SYN-000396,VEH-SYN-06,SOR-01,LOC-SYN-CUS-150,1,2025-09-11T01:37:00-03:00,2025-09-11T04:37:00-03:00,93.487,delivered,B2B-V1-BASE,BLD-9102B6E8BF1ABFFC5F32,True
DEL-SYN-000495,ORD-SYN-000396,VEH-SYN-01,SOR-01,LOC-SYN-CUS-150,2,2025-09-11T11:37:00-03:00,2025-09-11T14:37:00-03:00,93.487,delivered,B2B-V1-BASE,BLD-9102B6E8BF1ABFFC5F32,True
DEL-SYN-000496,ORD-SYN-000397,VEH-SYN-01,SOR-01,LOC-SYN-CUS-048,1,2025-09-07T11:39:00-03:00,2025-09-07T14:39:00-03:00,94.78,delivered,B2B-V1-BASE,BLD-9102B6E8BF1ABFFC5F32,True
DEL-SYN-000497,ORD-SYN-000398,VEH-SYN-02,SOR-01,LOC-SYN-CUS-020,1,2025-09-09T12:03:00-03:00,2025-09-09T15:03:00-03:00,98.993,delivered,B2B-V1-BASE,BLD-9102B6E8BF1ABFFC5F32,True
DEL-SYN-000498,ORD-SYN-000399,VEH-SYN-03,SOR-01,LOC-SYN-CUS-135,1,2025-09-10T12:29:00-03:00,2025-09-10T15:29:00-03:00,15.798,delivered,B2B-V1-BASE,BLD-9102B6E8BF1ABFFC5F32,True
DEL-SYN-000499,ORD-SYN-000400,VEH-SYN-04,SOR-01,LOC-SYN-CUS-030,1,2025-09-10T19:08:00-03:00,2025-09-10T22:08:00-03:00,95.926,delivered,B2B-V1-BASE,BLD-9102B6E8BF1ABFFC5F32,True
DEL-SYN-000500,ORD-SYN-000400,VEH-SYN-05,SOR-01,LOC-SYN-CUS-030,2,2025-09-11T05:08:00-03:00,2025-09-11T08:08:00-03:00,95.926,delivered,B2B-V1-BASE,BLD-9102B6E8BF1ABFFC5F32,True
DEL-SYN-000501,ORD-SYN-000401,VEH-SYN-05,SOR-01,LOC-SYN-CUS-141,1,2025-09-10T19:59:00-03:00,2025-09-10T22:59:00-03:00,3.791,delivered,B2B-V1-BASE,BLD-9102B6E8BF1ABFFC5F32,True
DEL-SYN-000502,ORD-SYN-000402,VEH-SYN-06,SOR-01,LOC-SYN-CUS-092,1,2025-09-11T07:11:00-03:00,2025-09-11T10:11:00-03:00,97.21,delivered,B2B-V1-BASE,BLD-9102B6E8BF1ABFFC5F32,True
DEL-SYN-000503,ORD-SYN-000403,VEH-SYN-01,SOR-01,LOC-SYN-CUS-069,1,2025-09-11T07:51:00-03:00,2025-09-11T10:51:00-03:00,13.67,delivered,B2B-V1-BASE,BLD-9102B6E8BF1ABFFC5F32,True
DEL-SYN-000504,ORD-SYN-000404,VEH-SYN-02,SOR-01,LOC-SYN-CUS-121,1,2025-09-11T21:51:00-03:00,2025-09-12T00:51:00-03:00,1.523,delivered,B2B-V1-BASE,BLD-9102B6E8BF1ABFFC5F32,True
DEL-SYN-000505,ORD-SYN-000404,VEH-SYN-03,SOR-01,LOC-SYN-CUS-121,2,2025-09-12T07:51:00-03:00,2025-09-12T10:51:00-03:00,1.523,delivered,B2B-V1-BASE,BLD-9102B6E8BF1ABFFC5F32,True
DEL-SYN-000506,ORD-SYN-000405,VEH-SYN-03,SOR-01,LOC-SYN-CUS-143,1,2025-09-11T07:58:00-03:00,2025-09-11T10:58:00-03:00,10.494,delivered,B2B-V1-BASE,BLD-9102B6E8BF1ABFFC5F32,True
DEL-SYN-000507,ORD-SYN-000406,VEH-SYN-04,SOR-01,LOC-SYN-CUS-033,1,2025-09-09T09:13:00-03:00,2025-09-09T12:13:00-03:00,13.637,delivered,B2B-V1-BASE,BLD-9102B6E8BF1ABFFC5F32,True
DEL-SYN-000508,ORD-SYN-000407,VEH-SYN-05,SOR-01,LOC-SYN-CUS-123,1,2025-09-12T18:00:00-03:00,2025-09-12T21:00:00-03:00,18.057,delivered,B2B-V1-BASE,BLD-9102B6E8BF1ABFFC5F32,True
DEL-SYN-000509,ORD-SYN-000408,VEH-SYN-06,SOR-01,LOC-SYN-CUS-022,1,2025-09-08T18:17:00-03:00,2025-09-08T21:17:00-03:00,97.576,delivered,B2B-V1-BASE,BLD-9102B6E8BF1ABFFC5F32,True
DEL-SYN-000510,ORD-SYN-000408,VEH-SYN-01,SOR-01,LOC-SYN-CUS-022,2,2025-09-09T04:17:00-03:00,2025-09-09T07:17:00-03:00,97.576,delivered,B2B-V1-BASE,BLD-9102B6E8BF1ABFFC5F32,True
DEL-SYN-000511,ORD-SYN-000409,VEH-SYN-01,SOR-01,LOC-SYN-CUS-010,1,2025-09-12T04:27:00-03:00,2025-09-12T07:27:00-03:00,98.174,delivered,B2B-V1-BASE,BLD-9102B6E8BF1ABFFC5F32,True
DEL-SYN-000512,ORD-SYN-000410,VEH-SYN-02,SOR-01,LOC-SYN-CUS-053,1,2025-09-12T04:45:00-03:00,2025-09-12T07:45:00-03:00,11.138,delivered,B2B-V1-BASE,BLD-9102B6E8BF1ABFFC5F32,True
DEL-SYN-000513,ORD-SYN-000411,VEH-SYN-03,SOR-01,LOC-SYN-CUS-109,1,2025-09-10T04:47:00-03:00,2025-09-10T07:47:00-03:00,15.631,delivered,B2B-V1-BASE,BLD-9102B6E8BF1ABFFC5F32,True
DEL-SYN-000514,ORD-SYN-000412,VEH-SYN-04,SOR-01,LOC-SYN-CUS-053,1,2025-09-09T19:12:00-03:00,2025-09-09T22:12:00-03:00,11.138,delivered,B2B-V1-BASE,BLD-9102B6E8BF1ABFFC5F32,True
DEL-SYN-000515,ORD-SYN-000412,VEH-SYN-05,SOR-01,LOC-SYN-CUS-053,2,2025-09-10T05:12:00-03:00,2025-09-10T08:12:00-03:00,11.138,delivered,B2B-V1-BASE,BLD-9102B6E8BF1ABFFC5F32,True
DEL-SYN-000516,ORD-SYN-000413,VEH-SYN-05,SOR-01,LOC-SYN-CUS-015,1,2025-09-10T05:34:00-03:00,2025-09-10T08:34:00-03:00,20.193,delivered,B2B-V1-BASE,BLD-9102B6E8BF1ABFFC5F32,True
DEL-SYN-000517,ORD-SYN-000414,VEH-SYN-06,SOR-01,LOC-SYN-CUS-103,1,2025-09-09T05:40:00-03:00,2025-09-09T08:40:00-03:00,8.326,delivered,B2B-V1-BASE,BLD-9102B6E8BF1ABFFC5F32,True
DEL-SYN-000518,ORD-SYN-000415,VEH-SYN-01,SOR-01,LOC-SYN-CUS-127,1,2025-09-09T22:06:00-03:00,2025-09-10T01:06:00-03:00,11.422,delivered,B2B-V1-BASE,BLD-9102B6E8BF1ABFFC5F32,True
DEL-SYN-000519,ORD-SYN-000416,VEH-SYN-02,SOR-01,LOC-SYN-CUS-069,1,2025-09-11T22:36:00-03:00,2025-09-12T01:36:00-03:00,13.67,delivered,B2B-V1-BASE,BLD-9102B6E8BF1ABFFC5F32,True
DEL-SYN-000520,ORD-SYN-000416,VEH-SYN-03,SOR-01,LOC-SYN-CUS-069,2,2025-09-12T08:36:00-03:00,2025-09-12T11:36:00-03:00,13.67,delivered,B2B-V1-BASE,BLD-9102B6E8BF1ABFFC5F32,True
DEL-SYN-000521,ORD-SYN-000417,VEH-SYN-03,SOR-01,LOC-SYN-CUS-093,1,2025-09-12T22:48:00-03:00,2025-09-13T01:48:00-03:00,14.157,delivered,B2B-V1-BASE,BLD-9102B6E8BF1ABFFC5F32,True
DEL-SYN-000522,ORD-SYN-000418,VEH-SYN-04,SOR-01,LOC-SYN-CUS-027,1,2025-09-11T11:22:00-03:00,2025-09-11T14:22:00-03:00,12.025,delivered,B2B-V1-BASE,BLD-9102B6E8BF1ABFFC5F32,True
DEL-SYN-000523,ORD-SYN-000419,VEH-SYN-05,SOR-01,LOC-SYN-CUS-006,1,2025-09-12T11:50:00-03:00,2025-09-12T14:50:00-03:00,102.381,delivered,B2B-V1-BASE,BLD-9102B6E8BF1ABFFC5F32,True
DEL-SYN-000524,ORD-SYN-000420,VEH-SYN-06,SOR-01,LOC-SYN-CUS-070,1,2025-09-12T17:11:00-03:00,2025-09-12T20:11:00-03:00,93.688,delivered,B2B-V1-BASE,BLD-9102B6E8BF1ABFFC5F32,True
DEL-SYN-000525,ORD-SYN-000420,VEH-SYN-01,SOR-01,LOC-SYN-CUS-070,2,2025-09-13T03:11:00-03:00,2025-09-13T06:11:00-03:00,93.688,delivered,B2B-V1-BASE,BLD-9102B6E8BF1ABFFC5F32,True
DEL-SYN-000526,ORD-SYN-000421,VEH-SYN-01,SOR-01,LOC-SYN-CUS-019,1,2025-09-11T23:38:00-03:00,2025-09-12T02:38:00-03:00,11.18,delivered,B2B-V1-BASE,BLD-9102B6E8BF1ABFFC5F32,True
DEL-SYN-000527,ORD-SYN-000422,VEH-SYN-02,SOR-01,LOC-SYN-CUS-058,1,2025-09-14T09:56:00-03:00,2025-09-14T12:56:00-03:00,98.394,delivered,B2B-V1-BASE,BLD-9102B6E8BF1ABFFC5F32,True
DEL-SYN-000528,ORD-SYN-000423,VEH-SYN-03,SOR-01,LOC-SYN-CUS-062,1,2025-09-14T10:11:00-03:00,2025-09-14T13:11:00-03:00,84.711,delivered,B2B-V1-BASE,BLD-9102B6E8BF1ABFFC5F32,True
DEL-SYN-000529,ORD-SYN-000424,VEH-SYN-04,SOR-01,LOC-SYN-CUS-059,1,2025-09-14T00:57:00-03:00,2025-09-14T03:57:00-03:00,13.382,delivered,B2B-V1-BASE,BLD-9102B6E8BF1ABFFC5F32,True
DEL-SYN-000530,ORD-SYN-000424,VEH-SYN-05,SOR-01,LOC-SYN-CUS-059,2,2025-09-14T10:57:00-03:00,2025-09-14T13:57:00-03:00,13.382,delivered,B2B-V1-BASE,BLD-9102B6E8BF1ABFFC5F32,True
DEL-SYN-000531,ORD-SYN-000425,VEH-SYN-05,SOR-01,LOC-SYN-CUS-150,1,2025-09-14T11:28:00-03:00,2025-09-14T14:28:00-03:00,93.487,delivered,B2B-V1-BASE,BLD-9102B6E8BF1ABFFC5F32,True
DEL-SYN-000532,ORD-SYN-000426,VEH-SYN-06,SOR-01,LOC-SYN-CUS-146,1,2025-09-14T03:06:00-03:00,2025-09-14T06:06:00-03:00,99.257,delivered,B2B-V1-BASE,BLD-9102B6E8BF1ABFFC5F32,True
DEL-SYN-000533,ORD-SYN-000427,VEH-SYN-01,SOR-01,LOC-SYN-CUS-074,1,2025-09-13T03:48:00-03:00,2025-09-13T06:48:00-03:00,106.713,delivered,B2B-V1-BASE,BLD-9102B6E8BF1ABFFC5F32,True
DEL-SYN-000534,ORD-SYN-000428,VEH-SYN-02,SOR-01,LOC-SYN-CUS-125,1,2025-09-10T17:50:00-03:00,2025-09-10T20:50:00-03:00,11.651,delivered,B2B-V1-BASE,BLD-9102B6E8BF1ABFFC5F32,True
DEL-SYN-000535,ORD-SYN-000428,VEH-SYN-03,SOR-01,LOC-SYN-CUS-125,2,2025-09-11T03:50:00-03:00,2025-09-11T06:50:00-03:00,11.651,delivered,B2B-V1-BASE,BLD-9102B6E8BF1ABFFC5F32,True
DEL-SYN-000536,ORD-SYN-000429,VEH-SYN-03,SOR-01,LOC-SYN-CUS-143,1,2025-09-12T03:53:00-03:00,2025-09-12T06:53:00-03:00,10.494,delivered,B2B-V1-BASE,BLD-9102B6E8BF1ABFFC5F32,True
DEL-SYN-000537,ORD-SYN-000430,VEH-SYN-04,SOR-01,LOC-SYN-CUS-095,1,2025-09-13T04:03:00-03:00,2025-09-13T07:03:00-03:00,11.423,delivered,B2B-V1-BASE,BLD-9102B6E8BF1ABFFC5F32,True
DEL-SYN-000538,ORD-SYN-000431,VEH-SYN-05,SOR-01,LOC-SYN-CUS-090,1,2025-09-12T04:15:00-03:00,2025-09-12T07:15:00-03:00,114.028,delivered,B2B-V1-BASE,BLD-9102B6E8BF1ABFFC5F32,True
DEL-SYN-000539,ORD-SYN-000432,VEH-SYN-06,SOR-01,LOC-SYN-CUS-013,1,2025-09-13T18:39:00-03:00,2025-09-13T21:39:00-03:00,12.582,delivered,B2B-V1-BASE,BLD-9102B6E8BF1ABFFC5F32,True
DEL-SYN-000540,ORD-SYN-000432,VEH-SYN-01,SOR-01,LOC-SYN-CUS-013,2,2025-09-14T04:39:00-03:00,2025-09-14T07:39:00-03:00,12.582,delivered,B2B-V1-BASE,BLD-9102B6E8BF1ABFFC5F32,True
DEL-SYN-000541,ORD-SYN-000433,VEH-SYN-01,SOR-01,LOC-SYN-CUS-110,1,2025-09-15T05:12:00-03:00,2025-09-15T08:12:00-03:00,101.983,delivered,B2B-V1-BASE,BLD-9102B6E8BF1ABFFC5F32,True
DEL-SYN-000542,ORD-SYN-000434,VEH-SYN-02,SOR-01,LOC-SYN-CUS-142,1,2025-09-12T05:59:00-03:00,2025-09-12T08:59:00-03:00,96.727,delivered,B2B-V1-BASE,BLD-9102B6E8BF1ABFFC5F32,True
DEL-SYN-000543,ORD-SYN-000435,VEH-SYN-03,SOR-01,LOC-SYN-CUS-104,1,2025-09-14T06:45:00-03:00,2025-09-14T09:45:00-03:00,101.385,delivered,B2B-V1-BASE,BLD-9102B6E8BF1ABFFC5F32,True
DEL-SYN-000544,ORD-SYN-000436,VEH-SYN-04,SOR-01,LOC-SYN-CUS-021,1,2025-09-13T14:12:00-03:00,2025-09-13T17:12:00-03:00,21.891,delivered,B2B-V1-BASE,BLD-9102B6E8BF1ABFFC5F32,True
DEL-SYN-000545,ORD-SYN-000436,VEH-SYN-05,SOR-01,LOC-SYN-CUS-021,2,2025-09-14T04:12:00-03:00,2025-09-14T07:12:00-03:00,21.891,delivered,B2B-V1-BASE,BLD-9102B6E8BF1ABFFC5F32,True
DEL-SYN-000546,ORD-SYN-000437,VEH-SYN-05,SOR-01,LOC-SYN-CUS-143,1,2025-09-15T08:19:00-03:00,2025-09-15T11:19:00-03:00,10.494,delivered,B2B-V1-BASE,BLD-9102B6E8BF1ABFFC5F32,True
DEL-SYN-000547,ORD-SYN-000438,VEH-SYN-06,SOR-01,LOC-SYN-CUS-061,1,2025-09-11T08:53:00-03:00,2025-09-11T11:53:00-03:00,12.904,delivered,B2B-V1-BASE,BLD-9102B6E8BF1ABFFC5F32,True
DEL-SYN-000548,ORD-SYN-000439,VEH-SYN-01,SOR-01,LOC-SYN-CUS-133,1,2025-09-15T09:09:00-03:00,2025-09-15T12:09:00-03:00,15.316,delivered,B2B-V1-BASE,BLD-9102B6E8BF1ABFFC5F32,True
DEL-SYN-000549,ORD-SYN-000440,VEH-SYN-02,SOR-01,LOC-SYN-CUS-069,1,2025-09-15T00:54:00-03:00,2025-09-15T03:54:00-03:00,13.67,delivered,B2B-V1-BASE,BLD-9102B6E8BF1ABFFC5F32,True
DEL-SYN-000550,ORD-SYN-000440,VEH-SYN-03,SOR-01,LOC-SYN-CUS-069,2,2025-09-15T10:54:00-03:00,2025-09-15T13:54:00-03:00,13.67,delivered,B2B-V1-BASE,BLD-9102B6E8BF1ABFFC5F32,True
DEL-SYN-000551,ORD-SYN-000441,VEH-SYN-03,SOR-01,LOC-SYN-CUS-089,1,2025-09-12T03:21:00-03:00,2025-09-12T06:21:00-03:00,10.706,delivered,B2B-V1-BASE,BLD-9102B6E8BF1ABFFC5F32,True
DEL-SYN-000552,ORD-SYN-000442,VEH-SYN-04,SOR-01,LOC-SYN-CUS-082,1,2025-09-13T18:18:00-03:00,2025-09-13T21:18:00-03:00,95.328,delivered,B2B-V1-BASE,BLD-9102B6E8BF1ABFFC5F32,True
DEL-SYN-000553,ORD-SYN-000443,VEH-SYN-05,SOR-01,LOC-SYN-CUS-070,1,2025-09-13T18:39:00-03:00,2025-09-13T21:39:00-03:00,93.688,delivered,B2B-V1-BASE,BLD-9102B6E8BF1ABFFC5F32,True
DEL-SYN-000554,ORD-SYN-000444,VEH-SYN-06,SOR-01,LOC-SYN-CUS-041,1,2025-09-13T19:20:00-03:00,2025-09-13T22:20:00-03:00,16.45,delivered,B2B-V1-BASE,BLD-9102B6E8BF1ABFFC5F32,True
DEL-SYN-000555,ORD-SYN-000444,VEH-SYN-01,SOR-01,LOC-SYN-CUS-041,2,2025-09-14T05:20:00-03:00,2025-09-14T08:20:00-03:00,16.45,delivered,B2B-V1-BASE,BLD-9102B6E8BF1ABFFC5F32,True
DEL-SYN-000556,ORD-SYN-000445,VEH-SYN-01,SOR-01,LOC-SYN-CUS-032,1,2025-09-14T06:59:00-03:00,2025-09-14T09:59:00-03:00,100.378,delivered,B2B-V1-BASE,BLD-9102B6E8BF1ABFFC5F32,True
DEL-SYN-000557,ORD-SYN-000446,VEH-SYN-02,SOR-01,LOC-SYN-CUS-117,1,2025-09-12T07:30:00-03:00,2025-09-12T10:30:00-03:00,14.483,delivered,B2B-V1-BASE,BLD-9102B6E8BF1ABFFC5F32,True
DEL-SYN-000558,ORD-SYN-000447,VEH-SYN-03,SOR-01,LOC-SYN-CUS-137,1,2025-09-13T22:30:00-03:00,2025-09-14T01:30:00-03:00,11.323,delivered,B2B-V1-BASE,BLD-9102B6E8BF1ABFFC5F32,True
DEL-SYN-000559,ORD-SYN-000448,VEH-SYN-04,SOR-01,LOC-SYN-CUS-114,1,2025-09-12T22:50:00-03:00,2025-09-13T01:50:00-03:00,98.868,delivered,B2B-V1-BASE,BLD-9102B6E8BF1ABFFC5F32,True
DEL-SYN-000560,ORD-SYN-000448,VEH-SYN-05,SOR-01,LOC-SYN-CUS-114,2,2025-09-13T08:50:00-03:00,2025-09-13T11:50:00-03:00,98.868,delivered,B2B-V1-BASE,BLD-9102B6E8BF1ABFFC5F32,True
DEL-SYN-000561,ORD-SYN-000449,VEH-SYN-05,SOR-01,LOC-SYN-CUS-001,1,2025-09-14T09:55:00-03:00,2025-09-14T12:55:00-03:00,6.513,delivered,B2B-V1-BASE,BLD-9102B6E8BF1ABFFC5F32,True
DEL-SYN-000562,ORD-SYN-000450,VEH-SYN-06,SOR-01,LOC-SYN-CUS-141,1,2025-09-12T10:35:00-03:00,2025-09-12T13:35:00-03:00,3.791,delivered,B2B-V1-BASE,BLD-9102B6E8BF1ABFFC5F32,True
DEL-SYN-000563,ORD-SYN-000451,VEH-SYN-01,SOR-01,LOC-SYN-CUS-025,1,2025-09-16T11:07:00-03:00,2025-09-16T14:07:00-03:00,12.656,delivered,B2B-V1-BASE,BLD-9102B6E8BF1ABFFC5F32,True
DEL-SYN-000564,ORD-SYN-000452,VEH-SYN-02,SOR-01,LOC-SYN-CUS-086,1,2025-09-12T01:13:00-03:00,2025-09-12T04:13:00-03:00,100.855,delivered,B2B-V1-BASE,BLD-9102B6E8BF1ABFFC5F32,True
DEL-SYN-000565,ORD-SYN-000452,VEH-SYN-03,SOR-01,LOC-SYN-CUS-086,2,2025-09-12T11:13:00-03:00,2025-09-12T14:13:00-03:00,100.855,delivered,B2B-V1-BASE,BLD-9102B6E8BF1ABFFC5F32,True
DEL-SYN-000566,ORD-SYN-000453,VEH-SYN-03,SOR-01,LOC-SYN-CUS-134,1,2025-09-16T12:14:00-03:00,2025-09-16T15:14:00-03:00,101.573,delivered,B2B-V1-BASE,BLD-9102B6E8BF1ABFFC5F32,True
DEL-SYN-000567,ORD-SYN-000454,VEH-SYN-04,SOR-01,LOC-SYN-CUS-050,1,2025-09-14T02:59:00-03:00,2025-09-14T05:59:00-03:00,95.323,delivered,B2B-V1-BASE,BLD-9102B6E8BF1ABFFC5F32,True
DEL-SYN-000568,ORD-SYN-000455,VEH-SYN-05,SOR-01,LOC-SYN-CUS-025,1,2025-09-14T04:29:00-03:00,2025-09-14T07:29:00-03:00,12.656,delivered,B2B-V1-BASE,BLD-9102B6E8BF1ABFFC5F32,True
DEL-SYN-000569,ORD-SYN-000456,VEH-SYN-06,SOR-01,LOC-SYN-CUS-104,1,2025-09-14T12:33:00-03:00,2025-09-14T15:33:00-03:00,101.385,delivered,B2B-V1-BASE,BLD-9102B6E8BF1ABFFC5F32,True
DEL-SYN-000570,ORD-SYN-000456,VEH-SYN-01,SOR-01,LOC-SYN-CUS-104,2,2025-09-15T02:33:00-03:00,2025-09-15T05:33:00-03:00,101.385,delivered,B2B-V1-BASE,BLD-9102B6E8BF1ABFFC5F32,True
DEL-SYN-000571,ORD-SYN-000457,VEH-SYN-01,SOR-01,LOC-SYN-CUS-081,1,2025-09-17T07:11:00-03:00,2025-09-17T10:11:00-03:00,6.44,delivered,B2B-V1-BASE,BLD-9102B6E8BF1ABFFC5F32,True
DEL-SYN-000572,ORD-SYN-000458,VEH-SYN-02,SOR-01,LOC-SYN-CUS-026,1,2025-09-15T07:22:00-03:00,2025-09-15T10:22:00-03:00,93.542,delivered_with_incident,B2B-V1-BASE,BLD-9102B6E8BF1ABFFC5F32,True
DEL-SYN-000573,ORD-SYN-000459,VEH-SYN-03,SOR-01,LOC-SYN-CUS-122,1,2025-09-15T07:40:00-03:00,2025-09-15T10:40:00-03:00,107.646,delivered,B2B-V1-BASE,BLD-9102B6E8BF1ABFFC5F32,True
DEL-SYN-000574,ORD-SYN-000460,VEH-SYN-04,SOR-01,LOC-SYN-CUS-091,1,2025-09-16T14:17:00-03:00,2025-09-16T17:17:00-03:00,11.908,delivered,B2B-V1-BASE,BLD-9102B6E8BF1ABFFC5F32,True
DEL-SYN-000575,ORD-SYN-000460,VEH-SYN-05,SOR-01,LOC-SYN-CUS-091,2,2025-09-17T04:17:00-03:00,2025-09-17T07:17:00-03:00,11.908,delivered,B2B-V1-BASE,BLD-9102B6E8BF1ABFFC5F32,True
DEL-SYN-000576,ORD-SYN-000461,VEH-SYN-05,SOR-01,LOC-SYN-CUS-022,1,2025-09-15T08:47:00-03:00,2025-09-15T11:47:00-03:00,97.576,delivered,B2B-V1-BASE,BLD-9102B6E8BF1ABFFC5F32,True
DEL-SYN-000577,ORD-SYN-000462,VEH-SYN-06,SOR-01,LOC-SYN-CUS-141,1,2025-09-17T23:23:00-03:00,2025-09-18T02:23:00-03:00,3.791,delivered,B2B-V1-BASE,BLD-9102B6E8BF1ABFFC5F32,True
DEL-SYN-000578,ORD-SYN-000463,VEH-SYN-01,SOR-01,LOC-SYN-CUS-121,1,2025-09-17T10:26:00-03:00,2025-09-17T13:26:00-03:00,1.523,delivered,B2B-V1-BASE,BLD-9102B6E8BF1ABFFC5F32,True
DEL-SYN-000579,ORD-SYN-000464,VEH-SYN-02,SOR-01,LOC-SYN-CUS-065,1,2025-09-15T01:17:00-03:00,2025-09-15T04:17:00-03:00,13.49,delivered,B2B-V1-BASE,BLD-9102B6E8BF1ABFFC5F32,True
DEL-SYN-000580,ORD-SYN-000464,VEH-SYN-03,SOR-01,LOC-SYN-CUS-065,2,2025-09-15T11:17:00-03:00,2025-09-15T14:17:00-03:00,13.49,delivered,B2B-V1-BASE,BLD-9102B6E8BF1ABFFC5F32,True
DEL-SYN-000581,ORD-SYN-000465,VEH-SYN-03,SOR-01,LOC-SYN-CUS-137,1,2025-09-16T05:22:00-03:00,2025-09-16T08:22:00-03:00,11.323,delivered,B2B-V1-BASE,BLD-9102B6E8BF1ABFFC5F32,True
DEL-SYN-000582,ORD-SYN-000466,VEH-SYN-04,SOR-01,LOC-SYN-CUS-003,1,2025-09-14T05:48:00-03:00,2025-09-14T08:48:00-03:00,7.59,delivered,B2B-V1-BASE,BLD-9102B6E8BF1ABFFC5F32,True
DEL-SYN-000583,ORD-SYN-000467,VEH-SYN-05,SOR-01,LOC-SYN-CUS-072,1,2025-09-15T06:24:00-03:00,2025-09-15T09:24:00-03:00,106.388,delivered,B2B-V1-BASE,BLD-9102B6E8BF1ABFFC5F32,True
DEL-SYN-000584,ORD-SYN-000468,VEH-SYN-06,SOR-01,LOC-SYN-CUS-130,1,2025-09-15T20:46:00-03:00,2025-09-15T23:46:00-03:00,92.017,delivered,B2B-V1-BASE,BLD-9102B6E8BF1ABFFC5F32,True
DEL-SYN-000585,ORD-SYN-000468,VEH-SYN-01,SOR-01,LOC-SYN-CUS-130,2,2025-09-16T06:46:00-03:00,2025-09-16T09:46:00-03:00,92.017,delivered,B2B-V1-BASE,BLD-9102B6E8BF1ABFFC5F32,True
DEL-SYN-000586,ORD-SYN-000469,VEH-SYN-01,SOR-01,LOC-SYN-CUS-008,1,2025-09-14T21:36:00-03:00,2025-09-15T00:36:00-03:00,89.436,delivered,B2B-V1-BASE,BLD-9102B6E8BF1ABFFC5F32,True
DEL-SYN-000587,ORD-SYN-000470,VEH-SYN-02,SOR-01,LOC-SYN-CUS-002,1,2025-09-18T07:40:00-03:00,2025-09-18T10:40:00-03:00,87.443,delivered,B2B-V1-BASE,BLD-9102B6E8BF1ABFFC5F32,True
DEL-SYN-000588,ORD-SYN-000471,VEH-SYN-03,SOR-01,LOC-SYN-CUS-024,1,2025-09-15T22:09:00-03:00,2025-09-16T01:09:00-03:00,107.095,delivered,B2B-V1-BASE,BLD-9102B6E8BF1ABFFC5F32,True
DEL-SYN-000589,ORD-SYN-000472,VEH-SYN-04,SOR-01,LOC-SYN-CUS-053,1,2025-09-17T00:32:00-03:00,2025-09-17T03:32:00-03:00,11.138,delivered,B2B-V1-BASE,BLD-9102B6E8BF1ABFFC5F32,True
DEL-SYN-000590,ORD-SYN-000472,VEH-SYN-05,SOR-01,LOC-SYN-CUS-053,2,2025-09-17T10:32:00-03:00,2025-09-17T13:32:00-03:00,11.138,delivered,B2B-V1-BASE,BLD-9102B6E8BF1ABFFC5F32,True
DEL-SYN-000591,ORD-SYN-000473,VEH-SYN-05,SOR-01,LOC-SYN-CUS-045,1,2025-09-17T00:50:00-03:00,2025-09-17T03:50:00-03:00,12.037,delivered,B2B-V1-BASE,BLD-9102B6E8BF1ABFFC5F32,True
DEL-SYN-000592,ORD-SYN-000474,VEH-SYN-06,SOR-01,LOC-SYN-CUS-078,1,2025-09-16T11:32:00-03:00,2025-09-16T14:32:00-03:00,97.926,delivered,B2B-V1-BASE,BLD-9102B6E8BF1ABFFC5F32,True
DEL-SYN-000593,ORD-SYN-000475,VEH-SYN-01,SOR-01,LOC-SYN-CUS-061,1,2025-09-14T12:22:00-03:00,2025-09-14T15:22:00-03:00,12.904,delivered,B2B-V1-BASE,BLD-9102B6E8BF1ABFFC5F32,True
DEL-SYN-000594,ORD-SYN-000476,VEH-SYN-02,SOR-01,LOC-SYN-CUS-089,1,2025-09-17T02:32:00-03:00,2025-09-17T05:32:00-03:00,10.706,delivered,B2B-V1-BASE,BLD-9102B6E8BF1ABFFC5F32,True
DEL-SYN-000595,ORD-SYN-000476,VEH-SYN-03,SOR-01,LOC-SYN-CUS-089,2,2025-09-17T12:32:00-03:00,2025-09-17T15:32:00-03:00,10.706,delivered,B2B-V1-BASE,BLD-9102B6E8BF1ABFFC5F32,True
DEL-SYN-000596,ORD-SYN-000477,VEH-SYN-03,SOR-01,LOC-SYN-CUS-137,1,2025-09-17T02:52:00-03:00,2025-09-17T05:52:00-03:00,11.323,delivered,B2B-V1-BASE,BLD-9102B6E8BF1ABFFC5F32,True
DEL-SYN-000597,ORD-SYN-000478,VEH-SYN-04,SOR-01,LOC-SYN-CUS-150,1,2025-09-16T02:56:00-03:00,2025-09-16T05:56:00-03:00,93.487,delivered,B2B-V1-BASE,BLD-9102B6E8BF1ABFFC5F32,True
DEL-SYN-000598,ORD-SYN-000479,VEH-SYN-05,SOR-01,LOC-SYN-CUS-126,1,2025-09-19T17:32:00-03:00,2025-09-19T20:32:00-03:00,96.582,delivered,B2B-V1-BASE,BLD-9102B6E8BF1ABFFC5F32,True
DEL-SYN-000599,ORD-SYN-000480,VEH-SYN-06,SOR-01,LOC-SYN-CUS-058,1,2025-09-17T18:18:00-03:00,2025-09-17T21:18:00-03:00,98.394,delivered,B2B-V1-BASE,BLD-9102B6E8BF1ABFFC5F32,True
DEL-SYN-000600,ORD-SYN-000480,VEH-SYN-01,SOR-01,LOC-SYN-CUS-058,2,2025-09-18T04:18:00-03:00,2025-09-18T07:18:00-03:00,98.394,delivered,B2B-V1-BASE,BLD-9102B6E8BF1ABFFC5F32,True
DEL-SYN-000601,ORD-SYN-000481,VEH-SYN-01,SOR-01,LOC-SYN-CUS-099,1,2025-09-15T06:27:00-03:00,2025-09-15T09:27:00-03:00,11.542,delivered,B2B-V1-BASE,BLD-9102B6E8BF1ABFFC5F32,True
DEL-SYN-000602,ORD-SYN-000482,VEH-SYN-02,SOR-01,LOC-SYN-CUS-050,1,2025-09-18T06:50:00-03:00,2025-09-18T09:50:00-03:00,95.323,delivered,B2B-V1-BASE,BLD-9102B6E8BF1ABFFC5F32,True
DEL-SYN-000603,ORD-SYN-000483,VEH-SYN-03,SOR-01,LOC-SYN-CUS-077,1,2025-09-15T07:20:00-03:00,2025-09-15T10:20:00-03:00,6.85,delivered,B2B-V1-BASE,BLD-9102B6E8BF1ABFFC5F32,True
DEL-SYN-000604,ORD-SYN-000484,VEH-SYN-04,SOR-01,LOC-SYN-CUS-105,1,2025-09-15T22:09:00-03:00,2025-09-16T01:09:00-03:00,13.533,delivered_with_incident,B2B-V1-BASE,BLD-9102B6E8BF1ABFFC5F32,True
DEL-SYN-000605,ORD-SYN-000484,VEH-SYN-05,SOR-01,LOC-SYN-CUS-105,2,2025-09-16T08:09:00-03:00,2025-09-16T11:09:00-03:00,13.533,delivered,B2B-V1-BASE,BLD-9102B6E8BF1ABFFC5F32,True
DEL-SYN-000606,ORD-SYN-000485,VEH-SYN-05,SOR-01,LOC-SYN-CUS-010,1,2025-09-19T08:40:00-03:00,2025-09-19T11:40:00-03:00,98.174,delivered,B2B-V1-BASE,BLD-9102B6E8BF1ABFFC5F32,True
DEL-SYN-000607,ORD-SYN-000486,VEH-SYN-06,SOR-01,LOC-SYN-CUS-125,1,2025-09-19T01:28:00-03:00,2025-09-19T04:28:00-03:00,11.651,delivered,B2B-V1-BASE,BLD-9102B6E8BF1ABFFC5F32,True
DEL-SYN-000608,ORD-SYN-000487,VEH-SYN-01,SOR-01,LOC-SYN-CUS-078,1,2025-09-18T12:06:00-03:00,2025-09-18T15:06:00-03:00,97.926,delivered,B2B-V1-BASE,BLD-9102B6E8BF1ABFFC5F32,True
DEL-SYN-000609,ORD-SYN-000488,VEH-SYN-02,SOR-01,LOC-SYN-CUS-046,1,2025-09-15T02:39:00-03:00,2025-09-15T05:39:00-03:00,97.72,delivered,B2B-V1-BASE,BLD-9102B6E8BF1ABFFC5F32,True
DEL-SYN-000610,ORD-SYN-000488,VEH-SYN-03,SOR-01,LOC-SYN-CUS-046,2,2025-09-15T12:39:00-03:00,2025-09-15T15:39:00-03:00,97.72,delivered,B2B-V1-BASE,BLD-9102B6E8BF1ABFFC5F32,True
DEL-SYN-000611,ORD-SYN-000489,VEH-SYN-03,SOR-01,LOC-SYN-CUS-093,1,2025-09-18T12:54:00-03:00,2025-09-18T15:54:00-03:00,14.157,delivered,B2B-V1-BASE,BLD-9102B6E8BF1ABFFC5F32,True
DEL-SYN-000612,ORD-SYN-000490,VEH-SYN-04,SOR-01,LOC-SYN-CUS-123,1,2025-09-18T18:24:00-03:00,2025-09-18T21:24:00-03:00,18.057,delivered,B2B-V1-BASE,BLD-9102B6E8BF1ABFFC5F32,True
DEL-SYN-000613,ORD-SYN-000491,VEH-SYN-05,SOR-01,LOC-SYN-CUS-033,1,2025-09-19T07:38:00-03:00,2025-09-19T10:38:00-03:00,13.637,delivered,B2B-V1-BASE,BLD-9102B6E8BF1ABFFC5F32,True
DEL-SYN-000614,ORD-SYN-000492,VEH-SYN-06,SOR-01,LOC-SYN-CUS-149,1,2025-09-15T22:03:00-03:00,2025-09-16T01:03:00-03:00,9.994,delivered,B2B-V1-BASE,BLD-9102B6E8BF1ABFFC5F32,True
DEL-SYN-000615,ORD-SYN-000492,VEH-SYN-01,SOR-01,LOC-SYN-CUS-149,2,2025-09-16T08:03:00-03:00,2025-09-16T11:03:00-03:00,9.994,delivered,B2B-V1-BASE,BLD-9102B6E8BF1ABFFC5F32,True
DEL-SYN-000616,ORD-SYN-000493,VEH-SYN-01,SOR-01,LOC-SYN-CUS-029,1,2025-09-19T08:53:00-03:00,2025-09-19T11:53:00-03:00,8.682,delivered,B2B-V1-BASE,BLD-9102B6E8BF1ABFFC5F32,True
DEL-SYN-000617,ORD-SYN-000494,VEH-SYN-02,SOR-01,LOC-SYN-CUS-119,1,2025-09-20T09:28:00-03:00,2025-09-20T12:28:00-03:00,15.599,delivered,B2B-V1-BASE,BLD-9102B6E8BF1ABFFC5F32,True
DEL-SYN-000618,ORD-SYN-000495,VEH-SYN-03,SOR-01,LOC-SYN-CUS-070,1,2025-09-18T09:41:00-03:00,2025-09-18T12:41:00-03:00,93.688,delivered,B2B-V1-BASE,BLD-9102B6E8BF1ABFFC5F32,True
DEL-SYN-000619,ORD-SYN-000496,VEH-SYN-04,SOR-01,LOC-SYN-CUS-065,1,2025-09-16T23:57:00-03:00,2025-09-17T02:57:00-03:00,13.49,delivered,B2B-V1-BASE,BLD-9102B6E8BF1ABFFC5F32,True
DEL-SYN-000620,ORD-SYN-000496,VEH-SYN-05,SOR-01,LOC-SYN-CUS-065,2,2025-09-17T09:57:00-03:00,2025-09-17T12:57:00-03:00,13.49,delivered,B2B-V1-BASE,BLD-9102B6E8BF1ABFFC5F32,True
DEL-SYN-000621,ORD-SYN-000497,VEH-SYN-05,SOR-01,LOC-SYN-CUS-078,1,2025-09-16T10:55:00-03:00,2025-09-16T13:55:00-03:00,97.926,delivered,B2B-V1-BASE,BLD-9102B6E8BF1ABFFC5F32,True
DEL-SYN-000622,ORD-SYN-000498,VEH-SYN-06,SOR-01,LOC-SYN-CUS-115,1,2025-09-20T10:57:00-03:00,2025-09-20T13:57:00-03:00,8.481,delivered,B2B-V1-BASE,BLD-9102B6E8BF1ABFFC5F32,True
DEL-SYN-000623,ORD-SYN-000499,VEH-SYN-01,SOR-01,LOC-SYN-CUS-006,1,2025-09-18T12:12:00-03:00,2025-09-18T15:12:00-03:00,102.381,delivered,B2B-V1-BASE,BLD-9102B6E8BF1ABFFC5F32,True
DEL-SYN-000624,ORD-SYN-000500,VEH-SYN-02,SOR-01,LOC-SYN-CUS-128,1,2025-09-17T18:46:00-03:00,2025-09-17T21:46:00-03:00,84.538,delivered,B2B-V1-BASE,BLD-9102B6E8BF1ABFFC5F32,True
DEL-SYN-000625,ORD-SYN-000500,VEH-SYN-03,SOR-01,LOC-SYN-CUS-128,2,2025-09-18T08:46:00-03:00,2025-09-18T11:46:00-03:00,84.538,delivered,B2B-V1-BASE,BLD-9102B6E8BF1ABFFC5F32,True
DEL-SYN-000626,ORD-SYN-000501,VEH-SYN-03,SOR-01,LOC-SYN-CUS-122,1,2025-09-18T02:50:00-03:00,2025-09-18T05:50:00-03:00,107.646,delivered,B2B-V1-BASE,BLD-9102B6E8BF1ABFFC5F32,True
DEL-SYN-000627,ORD-SYN-000502,VEH-SYN-04,SOR-01,LOC-SYN-CUS-103,1,2025-09-21T03:26:00-03:00,2025-09-21T06:26:00-03:00,8.326,delivered,B2B-V1-BASE,BLD-9102B6E8BF1ABFFC5F32,True
DEL-SYN-000628,ORD-SYN-000503,VEH-SYN-05,SOR-01,LOC-SYN-CUS-035,1,2025-09-21T18:50:00-03:00,2025-09-21T21:50:00-03:00,7.948,delivered,B2B-V1-BASE,BLD-9102B6E8BF1ABFFC5F32,True
DEL-SYN-000629,ORD-SYN-000504,VEH-SYN-06,SOR-01,LOC-SYN-CUS-007,1,2025-09-17T18:51:00-03:00,2025-09-17T21:51:00-03:00,14.599,delivered,B2B-V1-BASE,BLD-9102B6E8BF1ABFFC5F32,True
DEL-SYN-000630,ORD-SYN-000504,VEH-SYN-01,SOR-01,LOC-SYN-CUS-007,2,2025-09-18T04:51:00-03:00,2025-09-18T07:51:00-03:00,14.599,delivered,B2B-V1-BASE,BLD-9102B6E8BF1ABFFC5F32,True
DEL-SYN-000631,ORD-SYN-000505,VEH-SYN-01,SOR-01,LOC-SYN-CUS-093,1,2025-09-18T05:13:00-03:00,2025-09-18T08:13:00-03:00,14.157,delivered,B2B-V1-BASE,BLD-9102B6E8BF1ABFFC5F32,True
DEL-SYN-000632,ORD-SYN-000506,VEH-SYN-02,SOR-01,LOC-SYN-CUS-121,1,2025-09-17T05:31:00-03:00,2025-09-17T08:31:00-03:00,1.523,delivered,B2B-V1-BASE,BLD-9102B6E8BF1ABFFC5F32,True
DEL-SYN-000633,ORD-SYN-000507,VEH-SYN-03,SOR-01,LOC-SYN-CUS-064,1,2025-09-19T05:59:00-03:00,2025-09-19T08:59:00-03:00,102.777,delivered,B2B-V1-BASE,BLD-9102B6E8BF1ABFFC5F32,True
DEL-SYN-000634,ORD-SYN-000508,VEH-SYN-04,SOR-01,LOC-SYN-CUS-061,1,2025-09-17T20:12:00-03:00,2025-09-17T23:12:00-03:00,12.904,delivered,B2B-V1-BASE,BLD-9102B6E8BF1ABFFC5F32,True
DEL-SYN-000635,ORD-SYN-000508,VEH-SYN-05,SOR-01,LOC-SYN-CUS-061,2,2025-09-18T06:12:00-03:00,2025-09-18T09:12:00-03:00,12.904,delivered,B2B-V1-BASE,BLD-9102B6E8BF1ABFFC5F32,True
DEL-SYN-000636,ORD-SYN-000509,VEH-SYN-05,SOR-01,LOC-SYN-CUS-081,1,2025-09-19T06:56:00-03:00,2025-09-19T09:56:00-03:00,6.44,delivered,B2B-V1-BASE,BLD-9102B6E8BF1ABFFC5F32,True
DEL-SYN-000637,ORD-SYN-000510,VEH-SYN-06,SOR-01,LOC-SYN-CUS-114,1,2025-09-17T07:25:00-03:00,2025-09-17T10:25:00-03:00,98.868,delivered,B2B-V1-BASE,BLD-9102B6E8BF1ABFFC5F32,True
DEL-SYN-000638,ORD-SYN-000511,VEH-SYN-01,SOR-01,LOC-SYN-CUS-081,1,2025-09-20T08:35:00-03:00,2025-09-20T11:35:00-03:00,6.44,delivered,B2B-V1-BASE,BLD-9102B6E8BF1ABFFC5F32,True
DEL-SYN-000639,ORD-SYN-000512,VEH-SYN-02,SOR-01,LOC-SYN-CUS-086,1,2025-09-17T23:22:00-03:00,2025-09-18T02:22:00-03:00,100.855,delivered,B2B-V1-BASE,BLD-9102B6E8BF1ABFFC5F32,True
DEL-SYN-000640,ORD-SYN-000512,VEH-SYN-03,SOR-01,LOC-SYN-CUS-086,2,2025-09-18T09:22:00-03:00,2025-09-18T12:22:00-03:00,100.855,delivered,B2B-V1-BASE,BLD-9102B6E8BF1ABFFC5F32,True
DEL-SYN-000641,ORD-SYN-000513,VEH-SYN-03,SOR-01,LOC-SYN-CUS-020,1,2025-09-21T09:59:00-03:00,2025-09-21T12:59:00-03:00,98.993,delivered,B2B-V1-BASE,BLD-9102B6E8BF1ABFFC5F32,True
DEL-SYN-000642,ORD-SYN-000514,VEH-SYN-04,SOR-01,LOC-SYN-CUS-034,1,2025-09-20T11:25:00-03:00,2025-09-20T14:25:00-03:00,92.375,delivered,B2B-V1-BASE,BLD-9102B6E8BF1ABFFC5F32,True
DEL-SYN-000643,ORD-SYN-000515,VEH-SYN-05,SOR-01,LOC-SYN-CUS-062,1,2025-09-22T04:04:00-03:00,2025-09-22T07:04:00-03:00,84.711,delivered,B2B-V1-BASE,BLD-9102B6E8BF1ABFFC5F32,True
DEL-SYN-000644,ORD-SYN-000516,VEH-SYN-06,SOR-01,LOC-SYN-CUS-042,1,2025-09-20T19:16:00-03:00,2025-09-20T22:16:00-03:00,96.283,delivered,B2B-V1-BASE,BLD-9102B6E8BF1ABFFC5F32,True
DEL-SYN-000645,ORD-SYN-000516,VEH-SYN-01,SOR-01,LOC-SYN-CUS-042,2,2025-09-21T05:16:00-03:00,2025-09-21T08:16:00-03:00,96.283,delivered,B2B-V1-BASE,BLD-9102B6E8BF1ABFFC5F32,True
DEL-SYN-000646,ORD-SYN-000517,VEH-SYN-01,SOR-01,LOC-SYN-CUS-026,1,2025-09-18T05:34:00-03:00,2025-09-18T08:34:00-03:00,93.542,delivered,B2B-V1-BASE,BLD-9102B6E8BF1ABFFC5F32,True
DEL-SYN-000647,ORD-SYN-000518,VEH-SYN-02,SOR-01,LOC-SYN-CUS-046,1,2025-09-21T06:08:00-03:00,2025-09-21T09:08:00-03:00,97.72,delivered,B2B-V1-BASE,BLD-9102B6E8BF1ABFFC5F32,True
DEL-SYN-000648,ORD-SYN-000519,VEH-SYN-03,SOR-01,LOC-SYN-CUS-042,1,2025-09-20T06:29:00-03:00,2025-09-20T09:29:00-03:00,96.283,delivered,B2B-V1-BASE,BLD-9102B6E8BF1ABFFC5F32,True
DEL-SYN-000649,ORD-SYN-000520,VEH-SYN-04,SOR-01,LOC-SYN-CUS-070,1,2025-09-21T21:15:00-03:00,2025-09-22T00:15:00-03:00,93.688,delivered,B2B-V1-BASE,BLD-9102B6E8BF1ABFFC5F32,True
DEL-SYN-000650,ORD-SYN-000520,VEH-SYN-05,SOR-01,LOC-SYN-CUS-070,2,2025-09-22T07:15:00-03:00,2025-09-22T10:15:00-03:00,93.688,delivered,B2B-V1-BASE,BLD-9102B6E8BF1ABFFC5F32,True
DEL-SYN-000651,ORD-SYN-000521,VEH-SYN-05,SOR-01,LOC-SYN-CUS-093,1,2025-09-18T07:39:00-03:00,2025-09-18T10:39:00-03:00,14.157,delivered,B2B-V1-BASE,BLD-9102B6E8BF1ABFFC5F32,True
DEL-SYN-000652,ORD-SYN-000522,VEH-SYN-06,SOR-01,LOC-SYN-CUS-133,1,2025-09-21T09:24:00-03:00,2025-09-21T12:24:00-03:00,15.316,delivered,B2B-V1-BASE,BLD-9102B6E8BF1ABFFC5F32,True
DEL-SYN-000653,ORD-SYN-000523,VEH-SYN-01,SOR-01,LOC-SYN-CUS-119,1,2025-09-19T10:48:00-03:00,2025-09-19T13:48:00-03:00,15.599,delivered,B2B-V1-BASE,BLD-9102B6E8BF1ABFFC5F32,True
DEL-SYN-000654,ORD-SYN-000524,VEH-SYN-02,SOR-01,LOC-SYN-CUS-041,1,2025-09-21T01:29:00-03:00,2025-09-21T04:29:00-03:00,16.45,delivered,B2B-V1-BASE,BLD-9102B6E8BF1ABFFC5F32,True
DEL-SYN-000655,ORD-SYN-000524,VEH-SYN-03,SOR-01,LOC-SYN-CUS-041,2,2025-09-21T11:29:00-03:00,2025-09-21T14:29:00-03:00,16.45,delivered,B2B-V1-BASE,BLD-9102B6E8BF1ABFFC5F32,True
DEL-SYN-000656,ORD-SYN-000525,VEH-SYN-03,SOR-01,LOC-SYN-CUS-073,1,2025-09-21T02:04:00-03:00,2025-09-21T05:04:00-03:00,17.971,delivered,B2B-V1-BASE,BLD-9102B6E8BF1ABFFC5F32,True
DEL-SYN-000657,ORD-SYN-000526,VEH-SYN-04,SOR-01,LOC-SYN-CUS-136,1,2025-09-21T03:42:00-03:00,2025-09-21T06:42:00-03:00,98.302,delivered_with_incident,B2B-V1-BASE,BLD-9102B6E8BF1ABFFC5F32,True
DEL-SYN-000658,ORD-SYN-000527,VEH-SYN-05,SOR-01,LOC-SYN-CUS-117,1,2025-09-21T03:57:00-03:00,2025-09-21T06:57:00-03:00,14.483,delivered,B2B-V1-BASE,BLD-9102B6E8BF1ABFFC5F32,True
DEL-SYN-000659,ORD-SYN-000528,VEH-SYN-06,SOR-01,LOC-SYN-CUS-059,1,2025-09-22T19:15:00-03:00,2025-09-22T22:15:00-03:00,13.382,delivered,B2B-V1-BASE,BLD-9102B6E8BF1ABFFC5F32,True
DEL-SYN-000660,ORD-SYN-000528,VEH-SYN-01,SOR-01,LOC-SYN-CUS-059,2,2025-09-23T05:15:00-03:00,2025-09-23T08:15:00-03:00,13.382,delivered,B2B-V1-BASE,BLD-9102B6E8BF1ABFFC5F32,True
DEL-SYN-000661,ORD-SYN-000529,VEH-SYN-01,SOR-01,LOC-SYN-CUS-094,1,2025-09-21T19:20:00-03:00,2025-09-21T22:20:00-03:00,81.241,delivered,B2B-V1-BASE,BLD-9102B6E8BF1ABFFC5F32,True
DEL-SYN-000662,ORD-SYN-000530,VEH-SYN-02,SOR-01,LOC-SYN-CUS-094,1,2025-09-21T19:59:00-03:00,2025-09-21T22:59:00-03:00,81.241,delivered,B2B-V1-BASE,BLD-9102B6E8BF1ABFFC5F32,True
DEL-SYN-000663,ORD-SYN-000531,VEH-SYN-03,SOR-01,LOC-SYN-CUS-058,1,2025-09-21T06:08:00-03:00,2025-09-21T09:08:00-03:00,98.394,delivered,B2B-V1-BASE,BLD-9102B6E8BF1ABFFC5F32,True
DEL-SYN-000664,ORD-SYN-000532,VEH-SYN-04,SOR-01,LOC-SYN-CUS-150,1,2025-09-21T13:21:00-03:00,2025-09-21T16:21:00-03:00,93.487,delivered,B2B-V1-BASE,BLD-9102B6E8BF1ABFFC5F32,True
DEL-SYN-000665,ORD-SYN-000532,VEH-SYN-05,SOR-01,LOC-SYN-CUS-150,2,2025-09-22T03:21:00-03:00,2025-09-22T06:21:00-03:00,93.487,delivered,B2B-V1-BASE,BLD-9102B6E8BF1ABFFC5F32,True
DEL-SYN-000666,ORD-SYN-000533,VEH-SYN-05,SOR-01,LOC-SYN-CUS-080,1,2025-09-23T07:32:00-03:00,2025-09-23T10:32:00-03:00,82.096,delivered,B2B-V1-BASE,BLD-9102B6E8BF1ABFFC5F32,True
DEL-SYN-000667,ORD-SYN-000534,VEH-SYN-06,SOR-01,LOC-SYN-CUS-150,1,2025-09-19T09:37:00-03:00,2025-09-19T12:37:00-03:00,93.487,delivered,B2B-V1-BASE,BLD-9102B6E8BF1ABFFC5F32,True
DEL-SYN-000668,ORD-SYN-000535,VEH-SYN-01,SOR-01,LOC-SYN-CUS-029,1,2025-09-22T10:38:00-03:00,2025-09-22T13:38:00-03:00,8.682,delivered,B2B-V1-BASE,BLD-9102B6E8BF1ABFFC5F32,True
DEL-SYN-000669,ORD-SYN-000536,VEH-SYN-02,SOR-01,LOC-SYN-CUS-129,1,2025-09-19T00:47:00-03:00,2025-09-19T03:47:00-03:00,10.44,delivered,B2B-V1-BASE,BLD-9102B6E8BF1ABFFC5F32,True
DEL-SYN-000670,ORD-SYN-000536,VEH-SYN-03,SOR-01,LOC-SYN-CUS-129,2,2025-09-19T10:47:00-03:00,2025-09-19T13:47:00-03:00,10.44,delivered,B2B-V1-BASE,BLD-9102B6E8BF1ABFFC5F32,True
DEL-SYN-000671,ORD-SYN-000537,VEH-SYN-03,SOR-01,LOC-SYN-CUS-102,1,2025-09-22T10:48:00-03:00,2025-09-22T13:48:00-03:00,92.902,delivered,B2B-V1-BASE,BLD-9102B6E8BF1ABFFC5F32,True
DEL-SYN-000672,ORD-SYN-000538,VEH-SYN-04,SOR-01,LOC-SYN-CUS-091,1,2025-09-21T11:34:00-03:00,2025-09-21T14:34:00-03:00,11.908,delivered,B2B-V1-BASE,BLD-9102B6E8BF1ABFFC5F32,True
DEL-SYN-000673,ORD-SYN-000539,VEH-SYN-05,SOR-01,LOC-SYN-CUS-113,1,2025-09-23T11:50:00-03:00,2025-09-23T14:50:00-03:00,18.69,delivered,B2B-V1-BASE,BLD-9102B6E8BF1ABFFC5F32,True
DEL-SYN-000674,ORD-SYN-000540,VEH-SYN-06,SOR-01,LOC-SYN-CUS-017,1,2025-09-21T02:16:00-03:00,2025-09-21T05:16:00-03:00,7.536,delivered,B2B-V1-BASE,BLD-9102B6E8BF1ABFFC5F32,True
DEL-SYN-000675,ORD-SYN-000540,VEH-SYN-01,SOR-01,LOC-SYN-CUS-017,2,2025-09-21T12:16:00-03:00,2025-09-21T15:16:00-03:00,7.536,delivered,B2B-V1-BASE,BLD-9102B6E8BF1ABFFC5F32,True
DEL-SYN-000676,ORD-SYN-000541,VEH-SYN-01,SOR-01,LOC-SYN-CUS-040,1,2025-09-22T03:47:00-03:00,2025-09-22T06:47:00-03:00,104.509,delivered,B2B-V1-BASE,BLD-9102B6E8BF1ABFFC5F32,True
DEL-SYN-000677,ORD-SYN-000542,VEH-SYN-02,SOR-01,LOC-SYN-CUS-137,1,2025-09-20T04:53:00-03:00,2025-09-20T07:53:00-03:00,11.323,delivered,B2B-V1-BASE,BLD-9102B6E8BF1ABFFC5F32,True
DEL-SYN-000678,ORD-SYN-000543,VEH-SYN-03,SOR-01,LOC-SYN-CUS-102,1,2025-09-24T05:42:00-03:00,2025-09-24T08:42:00-03:00,92.902,delivered_with_incident,B2B-V1-BASE,BLD-9102B6E8BF1ABFFC5F32,True
DEL-SYN-000679,ORD-SYN-000544,VEH-SYN-04,SOR-01,LOC-SYN-CUS-032,1,2025-09-20T21:19:00-03:00,2025-09-21T00:19:00-03:00,100.378,delivered,B2B-V1-BASE,BLD-9102B6E8BF1ABFFC5F32,True
DEL-SYN-000680,ORD-SYN-000544,VEH-SYN-05,SOR-01,LOC-SYN-CUS-032,2,2025-09-21T07:19:00-03:00,2025-09-21T10:19:00-03:00,100.378,delivered,B2B-V1-BASE,BLD-9102B6E8BF1ABFFC5F32,True
DEL-SYN-000681,ORD-SYN-000545,VEH-SYN-05,SOR-01,LOC-SYN-CUS-122,1,2025-09-21T07:56:00-03:00,2025-09-21T10:56:00-03:00,107.646,delivered,B2B-V1-BASE,BLD-9102B6E8BF1ABFFC5F32,True
DEL-SYN-000682,ORD-SYN-000546,VEH-SYN-06,SOR-01,LOC-SYN-CUS-083,1,2025-09-21T22:08:00-03:00,2025-09-22T01:08:00-03:00,15.586,delivered,B2B-V1-BASE,BLD-9102B6E8BF1ABFFC5F32,True
DEL-SYN-000683,ORD-SYN-000547,VEH-SYN-01,SOR-01,LOC-SYN-CUS-137,1,2025-09-24T22:41:00-03:00,2025-09-25T01:41:00-03:00,11.323,delivered,B2B-V1-BASE,BLD-9102B6E8BF1ABFFC5F32,True
DEL-SYN-000684,ORD-SYN-000548,VEH-SYN-02,SOR-01,LOC-SYN-CUS-053,1,2025-09-23T17:17:00-03:00,2025-09-23T20:17:00-03:00,11.138,delivered,B2B-V1-BASE,BLD-9102B6E8BF1ABFFC5F32,True
DEL-SYN-000685,ORD-SYN-000548,VEH-SYN-03,SOR-01,LOC-SYN-CUS-053,2,2025-09-24T07:17:00-03:00,2025-09-24T10:17:00-03:00,11.138,delivered,B2B-V1-BASE,BLD-9102B6E8BF1ABFFC5F32,True
DEL-SYN-000686,ORD-SYN-000549,VEH-SYN-03,SOR-01,LOC-SYN-CUS-150,1,2025-09-20T11:18:00-03:00,2025-09-20T14:18:00-03:00,93.487,delivered,B2B-V1-BASE,BLD-9102B6E8BF1ABFFC5F32,True
DEL-SYN-000687,ORD-SYN-000550,VEH-SYN-04,SOR-01,LOC-SYN-CUS-050,1,2025-09-24T01:51:00-03:00,2025-09-24T04:51:00-03:00,95.323,delivered,B2B-V1-BASE,BLD-9102B6E8BF1ABFFC5F32,True
DEL-SYN-000688,ORD-SYN-000551,VEH-SYN-05,SOR-01,LOC-SYN-CUS-144,1,2025-09-22T12:09:00-03:00,2025-09-22T15:09:00-03:00,84.976,delivered,B2B-V1-BASE,BLD-9102B6E8BF1ABFFC5F32,True
DEL-SYN-000689,ORD-SYN-000552,VEH-SYN-06,SOR-01,LOC-SYN-CUS-145,1,2025-09-24T17:52:00-03:00,2025-09-24T20:52:00-03:00,9.581,delivered,B2B-V1-BASE,BLD-9102B6E8BF1ABFFC5F32,True
DEL-SYN-000690,ORD-SYN-000552,VEH-SYN-01,SOR-01,LOC-SYN-CUS-145,2,2025-09-25T03:52:00-03:00,2025-09-25T06:52:00-03:00,9.581,delivered,B2B-V1-BASE,BLD-9102B6E8BF1ABFFC5F32,True
DEL-SYN-000691,ORD-SYN-000553,VEH-SYN-01,SOR-01,LOC-SYN-CUS-010,1,2025-09-23T05:09:00-03:00,2025-09-23T08:09:00-03:00,98.174,delivered,B2B-V1-BASE,BLD-9102B6E8BF1ABFFC5F32,True
DEL-SYN-000692,ORD-SYN-000554,VEH-SYN-02,SOR-01,LOC-SYN-CUS-012,1,2025-09-22T10:05:00-03:00,2025-09-22T13:05:00-03:00,93.694,delivered,B2B-V1-BASE,BLD-9102B6E8BF1ABFFC5F32,True
DEL-SYN-000693,ORD-SYN-000555,VEH-SYN-03,SOR-01,LOC-SYN-CUS-005,1,2025-09-23T10:19:00-03:00,2025-09-23T13:19:00-03:00,9.779,delivered,B2B-V1-BASE,BLD-9102B6E8BF1ABFFC5F32,True
DEL-SYN-000694,ORD-SYN-000556,VEH-SYN-04,SOR-01,LOC-SYN-CUS-065,1,2025-09-23T00:36:00-03:00,2025-09-23T03:36:00-03:00,13.49,delivered,B2B-V1-BASE,BLD-9102B6E8BF1ABFFC5F32,True
DEL-SYN-000695,ORD-SYN-000556,VEH-SYN-05,SOR-01,LOC-SYN-CUS-065,2,2025-09-23T10:36:00-03:00,2025-09-23T13:36:00-03:00,13.49,delivered,B2B-V1-BASE,BLD-9102B6E8BF1ABFFC5F32,True
DEL-SYN-000696,ORD-SYN-000557,VEH-SYN-05,SOR-01,LOC-SYN-CUS-138,1,2025-09-23T10:45:00-03:00,2025-09-23T13:45:00-03:00,93.584,delivered,B2B-V1-BASE,BLD-9102B6E8BF1ABFFC5F32,True
DEL-SYN-000697,ORD-SYN-000558,VEH-SYN-06,SOR-01,LOC-SYN-CUS-129,1,2025-09-23T01:48:00-03:00,2025-09-23T04:48:00-03:00,10.44,delivered,B2B-V1-BASE,BLD-9102B6E8BF1ABFFC5F32,True
DEL-SYN-000698,ORD-SYN-000559,VEH-SYN-01,SOR-01,LOC-SYN-CUS-006,1,2025-09-26T01:55:00-03:00,2025-09-26T04:55:00-03:00,102.381,delivered,B2B-V1-BASE,BLD-9102B6E8BF1ABFFC5F32,True
DEL-SYN-000699,ORD-SYN-000560,VEH-SYN-02,SOR-01,LOC-SYN-CUS-098,1,2025-09-25T09:58:00-03:00,2025-09-25T12:58:00-03:00,100.419,delivered_with_incident,B2B-V1-BASE,BLD-9102B6E8BF1ABFFC5F32,True
DEL-SYN-000700,ORD-SYN-000560,VEH-SYN-03,SOR-01,LOC-SYN-CUS-098,2,2025-09-25T23:58:00-03:00,2025-09-26T02:58:00-03:00,100.419,delivered,B2B-V1-BASE,BLD-9102B6E8BF1ABFFC5F32,True
DEL-SYN-000701,ORD-SYN-000561,VEH-SYN-03,SOR-01,LOC-SYN-CUS-111,1,2025-09-22T04:17:00-03:00,2025-09-22T07:17:00-03:00,11.121,delivered,B2B-V1-BASE,BLD-9102B6E8BF1ABFFC5F32,True
DEL-SYN-000702,ORD-SYN-000562,VEH-SYN-04,SOR-01,LOC-SYN-CUS-070,1,2025-09-23T06:33:00-03:00,2025-09-23T09:33:00-03:00,93.688,delivered,B2B-V1-BASE,BLD-9102B6E8BF1ABFFC5F32,True
DEL-SYN-000703,ORD-SYN-000563,VEH-SYN-05,SOR-01,LOC-SYN-CUS-006,1,2025-09-25T06:44:00-03:00,2025-09-25T09:44:00-03:00,102.381,delivered,B2B-V1-BASE,BLD-9102B6E8BF1ABFFC5F32,True
DEL-SYN-000704,ORD-SYN-000564,VEH-SYN-06,SOR-01,LOC-SYN-CUS-053,1,2025-09-25T20:56:00-03:00,2025-09-25T23:56:00-03:00,11.138,delivered,B2B-V1-BASE,BLD-9102B6E8BF1ABFFC5F32,True
DEL-SYN-000705,ORD-SYN-000564,VEH-SYN-01,SOR-01,LOC-SYN-CUS-053,2,2025-09-26T06:56:00-03:00,2025-09-26T09:56:00-03:00,11.138,delivered,B2B-V1-BASE,BLD-9102B6E8BF1ABFFC5F32,True
DEL-SYN-000706,ORD-SYN-000565,VEH-SYN-01,SOR-01,LOC-SYN-CUS-026,1,2025-09-24T07:18:00-03:00,2025-09-24T10:18:00-03:00,93.542,delivered,B2B-V1-BASE,BLD-9102B6E8BF1ABFFC5F32,True
DEL-SYN-000707,ORD-SYN-000566,VEH-SYN-02,SOR-01,LOC-SYN-CUS-103,1,2025-09-26T07:55:00-03:00,2025-09-26T10:55:00-03:00,8.326,delivered,B2B-V1-BASE,BLD-9102B6E8BF1ABFFC5F32,True
DEL-SYN-000708,ORD-SYN-000567,VEH-SYN-03,SOR-01,LOC-SYN-CUS-141,1,2025-09-24T08:06:00-03:00,2025-09-24T11:06:00-03:00,3.791,delivered,B2B-V1-BASE,BLD-9102B6E8BF1ABFFC5F32,True
DEL-SYN-000709,ORD-SYN-000568,VEH-SYN-04,SOR-01,LOC-SYN-CUS-025,1,2025-09-21T22:45:00-03:00,2025-09-22T01:45:00-03:00,12.656,delivered,B2B-V1-BASE,BLD-9102B6E8BF1ABFFC5F32,True
DEL-SYN-000710,ORD-SYN-000568,VEH-SYN-05,SOR-01,LOC-SYN-CUS-025,2,2025-09-22T08:45:00-03:00,2025-09-22T11:45:00-03:00,12.656,delivered,B2B-V1-BASE,BLD-9102B6E8BF1ABFFC5F32,True
DEL-SYN-000711,ORD-SYN-000569,VEH-SYN-05,SOR-01,LOC-SYN-CUS-033,1,2025-09-24T10:19:00-03:00,2025-09-24T13:19:00-03:00,13.637,delivered,B2B-V1-BASE,BLD-9102B6E8BF1ABFFC5F32,True
DEL-SYN-000712,ORD-SYN-000570,VEH-SYN-06,SOR-01,LOC-SYN-CUS-041,1,2025-09-23T10:32:00-03:00,2025-09-23T13:32:00-03:00,16.45,delivered,B2B-V1-BASE,BLD-9102B6E8BF1ABFFC5F32,True
DEL-SYN-000713,ORD-SYN-000571,VEH-SYN-01,SOR-01,LOC-SYN-CUS-146,1,2025-09-26T12:28:00-03:00,2025-09-26T15:28:00-03:00,99.257,delivered,B2B-V1-BASE,BLD-9102B6E8BF1ABFFC5F32,True
DEL-SYN-000714,ORD-SYN-000572,VEH-SYN-02,SOR-01,LOC-SYN-CUS-038,1,2025-09-26T17:27:00-03:00,2025-09-26T20:27:00-03:00,91.614,delivered,B2B-V1-BASE,BLD-9102B6E8BF1ABFFC5F32,True
DEL-SYN-000715,ORD-SYN-000572,VEH-SYN-03,SOR-01,LOC-SYN-CUS-038,2,2025-09-27T03:27:00-03:00,2025-09-27T06:27:00-03:00,91.614,delivered,B2B-V1-BASE,BLD-9102B6E8BF1ABFFC5F32,True
DEL-SYN-000716,ORD-SYN-000573,VEH-SYN-03,SOR-01,LOC-SYN-CUS-091,1,2025-09-25T04:50:00-03:00,2025-09-25T07:50:00-03:00,11.908,delivered,B2B-V1-BASE,BLD-9102B6E8BF1ABFFC5F32,True
DEL-SYN-000717,ORD-SYN-000574,VEH-SYN-04,SOR-01,LOC-SYN-CUS-041,1,2025-09-27T05:42:00-03:00,2025-09-27T08:42:00-03:00,16.45,delivered,B2B-V1-BASE,BLD-9102B6E8BF1ABFFC5F32,True
DEL-SYN-000718,ORD-SYN-000575,VEH-SYN-05,SOR-01,LOC-SYN-CUS-132,1,2025-09-24T05:45:00-03:00,2025-09-24T08:45:00-03:00,97.514,delivered,B2B-V1-BASE,BLD-9102B6E8BF1ABFFC5F32,True
DEL-SYN-000719,ORD-SYN-000576,VEH-SYN-06,SOR-01,LOC-SYN-CUS-001,1,2025-09-26T19:55:00-03:00,2025-09-26T22:55:00-03:00,6.513,delivered,B2B-V1-BASE,BLD-9102B6E8BF1ABFFC5F32,True
DEL-SYN-000720,ORD-SYN-000576,VEH-SYN-01,SOR-01,LOC-SYN-CUS-001,2,2025-09-27T05:55:00-03:00,2025-09-27T08:55:00-03:00,6.513,delivered,B2B-V1-BASE,BLD-9102B6E8BF1ABFFC5F32,True
DEL-SYN-000721,ORD-SYN-000577,VEH-SYN-01,SOR-01,LOC-SYN-CUS-016,1,2025-09-25T20:34:00-03:00,2025-09-25T23:34:00-03:00,89.626,delivered_with_incident,B2B-V1-BASE,BLD-9102B6E8BF1ABFFC5F32,True
DEL-SYN-000722,ORD-SYN-000578,VEH-SYN-02,SOR-01,LOC-SYN-CUS-033,1,2025-09-26T06:39:00-03:00,2025-09-26T09:39:00-03:00,13.637,delivered,B2B-V1-BASE,BLD-9102B6E8BF1ABFFC5F32,True
DEL-SYN-000723,ORD-SYN-000579,VEH-SYN-03,SOR-01,LOC-SYN-CUS-134,1,2025-09-24T07:04:00-03:00,2025-09-24T10:04:00-03:00,101.573,delivered,B2B-V1-BASE,BLD-9102B6E8BF1ABFFC5F32,True
DEL-SYN-000724,ORD-SYN-000580,VEH-SYN-04,SOR-01,LOC-SYN-CUS-112,1,2025-09-25T22:08:00-03:00,2025-09-26T01:08:00-03:00,94.924,delivered,B2B-V1-BASE,BLD-9102B6E8BF1ABFFC5F32,True
DEL-SYN-000725,ORD-SYN-000580,VEH-SYN-05,SOR-01,LOC-SYN-CUS-112,2,2025-09-26T08:08:00-03:00,2025-09-26T11:08:00-03:00,94.924,delivered,B2B-V1-BASE,BLD-9102B6E8BF1ABFFC5F32,True
DEL-SYN-000726,ORD-SYN-000581,VEH-SYN-05,SOR-01,LOC-SYN-CUS-118,1,2025-09-24T08:51:00-03:00,2025-09-24T11:51:00-03:00,89.411,delivered,B2B-V1-BASE,BLD-9102B6E8BF1ABFFC5F32,True
DEL-SYN-000727,ORD-SYN-000582,VEH-SYN-06,SOR-01,LOC-SYN-CUS-064,1,2025-09-28T17:05:00-03:00,2025-09-28T20:05:00-03:00,102.777,delivered,B2B-V1-BASE,BLD-9102B6E8BF1ABFFC5F32,True
DEL-SYN-000728,ORD-SYN-000583,VEH-SYN-01,SOR-01,LOC-SYN-CUS-040,1,2025-09-25T03:47:00-03:00,2025-09-25T06:47:00-03:00,104.509,delivered,B2B-V1-BASE,BLD-9102B6E8BF1ABFFC5F32,True
DEL-SYN-000729,ORD-SYN-000584,VEH-SYN-02,SOR-01,LOC-SYN-CUS-013,1,2025-09-23T19:45:00-03:00,2025-09-23T22:45:00-03:00,12.582,delivered,B2B-V1-BASE,BLD-9102B6E8BF1ABFFC5F32,True
DEL-SYN-000730,ORD-SYN-000584,VEH-SYN-03,SOR-01,LOC-SYN-CUS-013,2,2025-09-24T05:45:00-03:00,2025-09-24T08:45:00-03:00,12.582,delivered,B2B-V1-BASE,BLD-9102B6E8BF1ABFFC5F32,True
DEL-SYN-000731,ORD-SYN-000585,VEH-SYN-03,SOR-01,LOC-SYN-CUS-090,1,2025-09-26T07:23:00-03:00,2025-09-26T10:23:00-03:00,114.028,delivered,B2B-V1-BASE,BLD-9102B6E8BF1ABFFC5F32,True
DEL-SYN-000732,ORD-SYN-000586,VEH-SYN-04,SOR-01,LOC-SYN-CUS-017,1,2025-09-25T23:17:00-03:00,2025-09-26T02:17:00-03:00,7.536,delivered,B2B-V1-BASE,BLD-9102B6E8BF1ABFFC5F32,True
DEL-SYN-000733,ORD-SYN-000587,VEH-SYN-05,SOR-01,LOC-SYN-CUS-025,1,2025-09-28T09:22:00-03:00,2025-09-28T12:22:00-03:00,12.656,delivered,B2B-V1-BASE,BLD-9102B6E8BF1ABFFC5F32,True
DEL-SYN-000734,ORD-SYN-000588,VEH-SYN-06,SOR-01,LOC-SYN-CUS-133,1,2025-09-26T00:17:00-03:00,2025-09-26T03:17:00-03:00,15.316,delivered,B2B-V1-BASE,BLD-9102B6E8BF1ABFFC5F32,True
DEL-SYN-000735,ORD-SYN-000588,VEH-SYN-01,SOR-01,LOC-SYN-CUS-133,2,2025-09-26T10:17:00-03:00,2025-09-26T13:17:00-03:00,15.316,delivered,B2B-V1-BASE,BLD-9102B6E8BF1ABFFC5F32,True
DEL-SYN-000736,ORD-SYN-000589,VEH-SYN-01,SOR-01,LOC-SYN-CUS-029,1,2025-09-27T01:37:00-03:00,2025-09-27T04:37:00-03:00,8.682,delivered,B2B-V1-BASE,BLD-9102B6E8BF1ABFFC5F32,True
DEL-SYN-000737,ORD-SYN-000590,VEH-SYN-02,SOR-01,LOC-SYN-CUS-148,1,2025-09-28T04:50:00-03:00,2025-09-28T07:50:00-03:00,94.333,delivered,B2B-V1-BASE,BLD-9102B6E8BF1ABFFC5F32,True
DEL-SYN-000738,ORD-SYN-000591,VEH-SYN-03,SOR-01,LOC-SYN-CUS-122,1,2025-09-27T05:04:00-03:00,2025-09-27T08:04:00-03:00,107.646,delivered,B2B-V1-BASE,BLD-9102B6E8BF1ABFFC5F32,True
DEL-SYN-000739,ORD-SYN-000592,VEH-SYN-04,SOR-01,LOC-SYN-CUS-050,1,2025-09-28T11:12:00-03:00,2025-09-28T14:12:00-03:00,95.323,delivered,B2B-V1-BASE,BLD-9102B6E8BF1ABFFC5F32,True
DEL-SYN-000740,ORD-SYN-000592,VEH-SYN-05,SOR-01,LOC-SYN-CUS-050,2,2025-09-29T01:12:00-03:00,2025-09-29T04:12:00-03:00,95.323,delivered,B2B-V1-BASE,BLD-9102B6E8BF1ABFFC5F32,True
DEL-SYN-000741,ORD-SYN-000593,VEH-SYN-05,SOR-01,LOC-SYN-CUS-109,1,2025-09-26T07:03:00-03:00,2025-09-26T10:03:00-03:00,15.631,delivered,B2B-V1-BASE,BLD-9102B6E8BF1ABFFC5F32,True
DEL-SYN-000742,ORD-SYN-000594,VEH-SYN-06,SOR-01,LOC-SYN-CUS-090,1,2025-09-28T09:06:00-03:00,2025-09-28T12:06:00-03:00,114.028,delivered_with_incident,B2B-V1-BASE,BLD-9102B6E8BF1ABFFC5F32,True
DEL-SYN-000743,ORD-SYN-000595,VEH-SYN-01,SOR-01,LOC-SYN-CUS-055,1,2025-09-25T09:22:00-03:00,2025-09-25T12:22:00-03:00,7.169,delivered,B2B-V1-BASE,BLD-9102B6E8BF1ABFFC5F32,True
DEL-SYN-000744,ORD-SYN-000596,VEH-SYN-02,SOR-01,LOC-SYN-CUS-115,1,2025-09-24T23:49:00-03:00,2025-09-25T02:49:00-03:00,8.481,delivered,B2B-V1-BASE,BLD-9102B6E8BF1ABFFC5F32,True
DEL-SYN-000745,ORD-SYN-000596,VEH-SYN-03,SOR-01,LOC-SYN-CUS-115,2,2025-09-25T09:49:00-03:00,2025-09-25T12:49:00-03:00,8.481,delivered,B2B-V1-BASE,BLD-9102B6E8BF1ABFFC5F32,True
DEL-SYN-000746,ORD-SYN-000597,VEH-SYN-03,SOR-01,LOC-SYN-CUS-002,1,2025-09-29T10:06:00-03:00,2025-09-29T13:06:00-03:00,87.443,delivered,B2B-V1-BASE,BLD-9102B6E8BF1ABFFC5F32,True
DEL-SYN-000747,ORD-SYN-000598,VEH-SYN-04,SOR-01,LOC-SYN-CUS-034,1,2025-09-26T10:29:00-03:00,2025-09-26T13:29:00-03:00,92.375,delivered,B2B-V1-BASE,BLD-9102B6E8BF1ABFFC5F32,True
DEL-SYN-000748,ORD-SYN-000599,VEH-SYN-05,SOR-01,LOC-SYN-CUS-058,1,2025-09-26T10:30:00-03:00,2025-09-26T13:30:00-03:00,98.394,delivered,B2B-V1-BASE,BLD-9102B6E8BF1ABFFC5F32,True
DEL-SYN-000749,ORD-SYN-000600,VEH-SYN-06,SOR-01,LOC-SYN-CUS-134,1,2025-09-29T02:27:00-03:00,2025-09-29T05:27:00-03:00,101.573,delivered,B2B-V1-BASE,BLD-9102B6E8BF1ABFFC5F32,True
DEL-SYN-000750,ORD-SYN-000600,VEH-SYN-01,SOR-01,LOC-SYN-CUS-134,2,2025-09-29T12:27:00-03:00,2025-09-29T15:27:00-03:00,101.573,delivered,B2B-V1-BASE,BLD-9102B6E8BF1ABFFC5F32,True
DEL-SYN-000751,ORD-SYN-000601,VEH-SYN-01,SOR-01,LOC-SYN-CUS-147,1,2025-09-28T12:52:00-03:00,2025-09-28T15:52:00-03:00,13.232,delivered,B2B-V1-BASE,BLD-9102B6E8BF1ABFFC5F32,True
DEL-SYN-000752,ORD-SYN-000602,VEH-SYN-02,SOR-01,LOC-SYN-CUS-041,1,2025-09-29T03:46:00-03:00,2025-09-29T06:46:00-03:00,16.45,delivered,B2B-V1-BASE,BLD-9102B6E8BF1ABFFC5F32,True
DEL-SYN-000753,ORD-SYN-000603,VEH-SYN-03,SOR-01,LOC-SYN-CUS-026,1,2025-09-30T05:13:00-03:00,2025-09-30T08:13:00-03:00,93.542,delivered,B2B-V1-BASE,BLD-9102B6E8BF1ABFFC5F32,True
DEL-SYN-000754,ORD-SYN-000604,VEH-SYN-04,SOR-01,LOC-SYN-CUS-036,1,2025-09-29T19:55:00-03:00,2025-09-29T22:55:00-03:00,96.208,delivered,B2B-V1-BASE,BLD-9102B6E8BF1ABFFC5F32,True
DEL-SYN-000755,ORD-SYN-000604,VEH-SYN-05,SOR-01,LOC-SYN-CUS-036,2,2025-09-30T05:55:00-03:00,2025-09-30T08:55:00-03:00,96.208,delivered,B2B-V1-BASE,BLD-9102B6E8BF1ABFFC5F32,True
DEL-SYN-000756,ORD-SYN-000605,VEH-SYN-05,SOR-01,LOC-SYN-CUS-006,1,2025-09-26T09:18:00-03:00,2025-09-26T12:18:00-03:00,102.381,delivered,B2B-V1-BASE,BLD-9102B6E8BF1ABFFC5F32,True
DEL-SYN-000757,ORD-SYN-000606,VEH-SYN-06,SOR-01,LOC-SYN-CUS-003,1,2025-09-29T09:43:00-03:00,2025-09-29T12:43:00-03:00,7.59,delivered,B2B-V1-BASE,BLD-9102B6E8BF1ABFFC5F32,True
DEL-SYN-000758,ORD-SYN-000607,VEH-SYN-01,SOR-01,LOC-SYN-CUS-026,1,2025-09-27T00:17:00-03:00,2025-09-27T03:17:00-03:00,93.542,delivered,B2B-V1-BASE,BLD-9102B6E8BF1ABFFC5F32,True
DEL-SYN-000759,ORD-SYN-000608,VEH-SYN-02,SOR-01,LOC-SYN-CUS-086,1,2025-09-27T02:56:00-03:00,2025-09-27T05:56:00-03:00,100.855,delivered,B2B-V1-BASE,BLD-9102B6E8BF1ABFFC5F32,True
DEL-SYN-000760,ORD-SYN-000608,VEH-SYN-03,SOR-01,LOC-SYN-CUS-086,2,2025-09-27T12:56:00-03:00,2025-09-27T15:56:00-03:00,100.855,delivered,B2B-V1-BASE,BLD-9102B6E8BF1ABFFC5F32,True
DEL-SYN-000761,ORD-SYN-000609,VEH-SYN-03,SOR-01,LOC-SYN-CUS-074,1,2025-09-29T06:04:00-03:00,2025-09-29T09:04:00-03:00,106.713,delivered,B2B-V1-BASE,BLD-9102B6E8BF1ABFFC5F32,True
DEL-SYN-000762,ORD-SYN-000610,VEH-SYN-04,SOR-01,LOC-SYN-CUS-051,1,2025-09-30T07:08:00-03:00,2025-09-30T10:08:00-03:00,8.518,delivered,B2B-V1-BASE,BLD-9102B6E8BF1ABFFC5F32,True
DEL-SYN-000763,ORD-SYN-000611,VEH-SYN-05,SOR-01,LOC-SYN-CUS-058,1,2025-09-28T22:27:00-03:00,2025-09-29T01:27:00-03:00,98.394,delivered_with_incident,B2B-V1-BASE,BLD-9102B6E8BF1ABFFC5F32,True
DEL-SYN-000764,ORD-SYN-000612,VEH-SYN-06,SOR-01,LOC-SYN-CUS-001,1,2025-10-01T14:28:00-03:00,2025-10-01T17:28:00-03:00,6.513,delivered,B2B-V1-BASE,BLD-9102B6E8BF1ABFFC5F32,True
DEL-SYN-000765,ORD-SYN-000612,VEH-SYN-01,SOR-01,LOC-SYN-CUS-001,2,2025-10-02T04:28:00-03:00,2025-10-02T07:28:00-03:00,6.513,delivered,B2B-V1-BASE,BLD-9102B6E8BF1ABFFC5F32,True
DEL-SYN-000766,ORD-SYN-000613,VEH-SYN-01,SOR-01,LOC-SYN-CUS-051,1,2025-09-30T08:47:00-03:00,2025-09-30T11:47:00-03:00,8.518,delivered,B2B-V1-BASE,BLD-9102B6E8BF1ABFFC5F32,True
DEL-SYN-000767,ORD-SYN-000614,VEH-SYN-02,SOR-01,LOC-SYN-CUS-032,1,2025-09-29T10:04:00-03:00,2025-09-29T13:04:00-03:00,100.378,delivered,B2B-V1-BASE,BLD-9102B6E8BF1ABFFC5F32,True
DEL-SYN-000768,ORD-SYN-000615,VEH-SYN-03,SOR-01,LOC-SYN-CUS-038,1,2025-09-28T10:14:00-03:00,2025-09-28T13:14:00-03:00,91.614,delivered,B2B-V1-BASE,BLD-9102B6E8BF1ABFFC5F32,True
DEL-SYN-000769,ORD-SYN-000616,VEH-SYN-04,SOR-01,LOC-SYN-CUS-052,1,2025-09-28T01:17:00-03:00,2025-09-28T04:17:00-03:00,109.906,delivered,B2B-V1-BASE,BLD-9102B6E8BF1ABFFC5F32,True
DEL-SYN-000770,ORD-SYN-000616,VEH-SYN-05,SOR-01,LOC-SYN-CUS-052,2,2025-09-28T11:17:00-03:00,2025-09-28T14:17:00-03:00,109.906,delivered,B2B-V1-BASE,BLD-9102B6E8BF1ABFFC5F32,True
DEL-SYN-000771,ORD-SYN-000617,VEH-SYN-05,SOR-01,LOC-SYN-CUS-133,1,2025-10-01T01:38:00-03:00,2025-10-01T04:38:00-03:00,15.316,delivered,B2B-V1-BASE,BLD-9102B6E8BF1ABFFC5F32,True
DEL-SYN-000772,ORD-SYN-000618,VEH-SYN-06,SOR-01,LOC-SYN-CUS-117,1,2025-10-01T11:54:00-03:00,2025-10-01T14:54:00-03:00,14.483,delivered,B2B-V1-BASE,BLD-9102B6E8BF1ABFFC5F32,True
DEL-SYN-000773,ORD-SYN-000619,VEH-SYN-01,SOR-01,LOC-SYN-CUS-009,1,2025-09-29T02:11:00-03:00,2025-09-29T05:11:00-03:00,14.093,delivered,B2B-V1-BASE,BLD-9102B6E8BF1ABFFC5F32,True
DEL-SYN-000774,ORD-SYN-000620,VEH-SYN-02,SOR-01,LOC-SYN-CUS-030,1,2025-09-28T19:44:00-03:00,2025-09-28T22:44:00-03:00,95.926,delivered,B2B-V1-BASE,BLD-9102B6E8BF1ABFFC5F32,True
DEL-SYN-000775,ORD-SYN-000620,VEH-SYN-03,SOR-01,LOC-SYN-CUS-030,2,2025-09-29T05:44:00-03:00,2025-09-29T08:44:00-03:00,95.926,delivered,B2B-V1-BASE,BLD-9102B6E8BF1ABFFC5F32,True
DEL-SYN-000776,ORD-SYN-000621,VEH-SYN-03,SOR-01,LOC-SYN-CUS-062,1,2025-09-28T08:49:00-03:00,2025-09-28T11:49:00-03:00,84.711,delivered,B2B-V1-BASE,BLD-9102B6E8BF1ABFFC5F32,True
DEL-SYN-000777,ORD-SYN-000622,VEH-SYN-04,SOR-01,LOC-SYN-CUS-113,1,2025-09-30T08:54:00-03:00,2025-09-30T11:54:00-03:00,18.69,delivered,B2B-V1-BASE,BLD-9102B6E8BF1ABFFC5F32,True
DEL-SYN-000778,ORD-SYN-000623,VEH-SYN-05,SOR-01,LOC-SYN-CUS-006,1,2025-09-29T11:04:00-03:00,2025-09-29T14:04:00-03:00,102.381,delivered,B2B-V1-BASE,BLD-9102B6E8BF1ABFFC5F32,True
DEL-SYN-000779,ORD-SYN-000624,VEH-SYN-06,SOR-01,LOC-SYN-CUS-073,1,2025-09-30T01:05:00-03:00,2025-09-30T04:05:00-03:00,17.971,delivered,B2B-V1-BASE,BLD-9102B6E8BF1ABFFC5F32,True
DEL-SYN-000780,ORD-SYN-000624,VEH-SYN-01,SOR-01,LOC-SYN-CUS-073,2,2025-09-30T11:05:00-03:00,2025-09-30T14:05:00-03:00,17.971,delivered,B2B-V1-BASE,BLD-9102B6E8BF1ABFFC5F32,True
DEL-SYN-000781,ORD-SYN-000625,VEH-SYN-01,SOR-01,LOC-SYN-CUS-110,1,2025-10-01T11:22:00-03:00,2025-10-01T14:22:00-03:00,101.983,delivered,B2B-V1-BASE,BLD-9102B6E8BF1ABFFC5F32,True
DEL-SYN-000782,ORD-SYN-000626,VEH-SYN-02,SOR-01,LOC-SYN-CUS-012,1,2025-09-28T11:44:00-03:00,2025-09-28T14:44:00-03:00,93.694,delivered,B2B-V1-BASE,BLD-9102B6E8BF1ABFFC5F32,True
DEL-SYN-000783,ORD-SYN-000627,VEH-SYN-03,SOR-01,LOC-SYN-CUS-028,1,2025-10-02T02:48:00-03:00,2025-10-02T05:48:00-03:00,103.781,delivered,B2B-V1-BASE,BLD-9102B6E8BF1ABFFC5F32,True
DEL-SYN-000784,ORD-SYN-000628,VEH-SYN-04,SOR-01,LOC-SYN-CUS-109,1,2025-09-30T19:46:00-03:00,2025-09-30T22:46:00-03:00,15.631,delivered,B2B-V1-BASE,BLD-9102B6E8BF1ABFFC5F32,True
DEL-SYN-000785,ORD-SYN-000628,VEH-SYN-05,SOR-01,LOC-SYN-CUS-109,2,2025-10-01T05:46:00-03:00,2025-10-01T08:46:00-03:00,15.631,delivered,B2B-V1-BASE,BLD-9102B6E8BF1ABFFC5F32,True
DEL-SYN-000786,ORD-SYN-000629,VEH-SYN-05,SOR-01,LOC-SYN-CUS-110,1,2025-10-01T05:58:00-03:00,2025-10-01T08:58:00-03:00,101.983,delivered,B2B-V1-BASE,BLD-9102B6E8BF1ABFFC5F32,True
DEL-SYN-000787,ORD-SYN-000630,VEH-SYN-06,SOR-01,LOC-SYN-CUS-103,1,2025-09-29T06:37:00-03:00,2025-09-29T09:37:00-03:00,8.326,delivered,B2B-V1-BASE,BLD-9102B6E8BF1ABFFC5F32,True
DEL-SYN-000788,ORD-SYN-000631,VEH-SYN-01,SOR-01,LOC-SYN-CUS-134,1,2025-09-30T06:48:00-03:00,2025-09-30T09:48:00-03:00,101.573,delivered,B2B-V1-BASE,BLD-9102B6E8BF1ABFFC5F32,True
DEL-SYN-000789,ORD-SYN-000632,VEH-SYN-02,SOR-01,LOC-SYN-CUS-073,1,2025-09-30T14:49:00-03:00,2025-09-30T17:49:00-03:00,17.971,delivered,B2B-V1-BASE,BLD-9102B6E8BF1ABFFC5F32,True
DEL-SYN-000790,ORD-SYN-000632,VEH-SYN-03,SOR-01,LOC-SYN-CUS-073,2,2025-10-01T04:49:00-03:00,2025-10-01T07:49:00-03:00,17.971,delivered,B2B-V1-BASE,BLD-9102B6E8BF1ABFFC5F32,True
DEL-SYN-000791,ORD-SYN-000633,VEH-SYN-03,SOR-01,LOC-SYN-CUS-065,1,2025-10-02T08:59:00-03:00,2025-10-02T11:59:00-03:00,13.49,delivered,B2B-V1-BASE,BLD-9102B6E8BF1ABFFC5F32,True
DEL-SYN-000792,ORD-SYN-000634,VEH-SYN-04,SOR-01,LOC-SYN-CUS-013,1,2025-10-02T09:03:00-03:00,2025-10-02T12:03:00-03:00,12.582,delivered,B2B-V1-BASE,BLD-9102B6E8BF1ABFFC5F32,True
DEL-SYN-000793,ORD-SYN-000635,VEH-SYN-05,SOR-01,LOC-SYN-CUS-077,1,2025-10-01T10:48:00-03:00,2025-10-01T13:48:00-03:00,6.85,delivered,B2B-V1-BASE,BLD-9102B6E8BF1ABFFC5F32,True
DEL-SYN-000794,ORD-SYN-000636,VEH-SYN-06,SOR-01,LOC-SYN-CUS-045,1,2025-10-02T01:18:00-03:00,2025-10-02T04:18:00-03:00,12.037,delivered,B2B-V1-BASE,BLD-9102B6E8BF1ABFFC5F32,True
DEL-SYN-000795,ORD-SYN-000636,VEH-SYN-01,SOR-01,LOC-SYN-CUS-045,2,2025-10-02T11:18:00-03:00,2025-10-02T14:18:00-03:00,12.037,delivered,B2B-V1-BASE,BLD-9102B6E8BF1ABFFC5F32,True
DEL-SYN-000796,ORD-SYN-000637,VEH-SYN-01,SOR-01,LOC-SYN-CUS-083,1,2025-10-04T01:35:00-03:00,2025-10-04T04:35:00-03:00,15.586,delivered,B2B-V1-BASE,BLD-9102B6E8BF1ABFFC5F32,True
DEL-SYN-000797,ORD-SYN-000638,VEH-SYN-02,SOR-01,LOC-SYN-CUS-077,1,2025-09-29T11:54:00-03:00,2025-09-29T14:54:00-03:00,6.85,delivered,B2B-V1-BASE,BLD-9102B6E8BF1ABFFC5F32,True
DEL-SYN-000798,ORD-SYN-000639,VEH-SYN-03,SOR-01,LOC-SYN-CUS-005,1,2025-09-29T12:03:00-03:00,2025-09-29T15:03:00-03:00,9.779,delivered,B2B-V1-BASE,BLD-9102B6E8BF1ABFFC5F32,True
DEL-SYN-000799,ORD-SYN-000640,VEH-SYN-04,SOR-01,LOC-SYN-CUS-010,1,2025-09-29T18:43:00-03:00,2025-09-29T21:43:00-03:00,98.174,delivered,B2B-V1-BASE,BLD-9102B6E8BF1ABFFC5F32,True
DEL-SYN-000800,ORD-SYN-000640,VEH-SYN-05,SOR-01,LOC-SYN-CUS-010,2,2025-09-30T08:43:00-03:00,2025-09-30T11:43:00-03:00,98.174,delivered,B2B-V1-BASE,BLD-9102B6E8BF1ABFFC5F32,True
DEL-SYN-000801,ORD-SYN-000641,VEH-SYN-05,SOR-01,LOC-SYN-CUS-057,1,2025-10-04T04:28:00-03:00,2025-10-04T07:28:00-03:00,11.041,delivered,B2B-V1-BASE,BLD-9102B6E8BF1ABFFC5F32,True
DEL-SYN-000802,ORD-SYN-000642,VEH-SYN-06,SOR-01,LOC-SYN-CUS-109,1,2025-10-02T04:58:00-03:00,2025-10-02T07:58:00-03:00,15.631,delivered,B2B-V1-BASE,BLD-9102B6E8BF1ABFFC5F32,True
DEL-SYN-000803,ORD-SYN-000643,VEH-SYN-01,SOR-01,LOC-SYN-CUS-045,1,2025-10-03T05:14:00-03:00,2025-10-03T08:14:00-03:00,12.037,delivered,B2B-V1-BASE,BLD-9102B6E8BF1ABFFC5F32,True
DEL-SYN-000804,ORD-SYN-000644,VEH-SYN-02,SOR-01,LOC-SYN-CUS-010,1,2025-10-03T22:06:00-03:00,2025-10-04T01:06:00-03:00,98.174,delivered,B2B-V1-BASE,BLD-9102B6E8BF1ABFFC5F32,True
DEL-SYN-000805,ORD-SYN-000644,VEH-SYN-03,SOR-01,LOC-SYN-CUS-010,2,2025-10-04T08:06:00-03:00,2025-10-04T11:06:00-03:00,98.174,delivered_with_incident,B2B-V1-BASE,BLD-9102B6E8BF1ABFFC5F32,True
DEL-SYN-000806,ORD-SYN-000645,VEH-SYN-03,SOR-01,LOC-SYN-CUS-097,1,2025-10-03T22:23:00-03:00,2025-10-04T01:23:00-03:00,10.67,delivered,B2B-V1-BASE,BLD-9102B6E8BF1ABFFC5F32,True
DEL-SYN-000807,ORD-SYN-000646,VEH-SYN-04,SOR-01,LOC-SYN-CUS-017,1,2025-10-01T08:45:00-03:00,2025-10-01T11:45:00-03:00,7.536,delivered,B2B-V1-BASE,BLD-9102B6E8BF1ABFFC5F32,True
DEL-SYN-000808,ORD-SYN-000647,VEH-SYN-05,SOR-01,LOC-SYN-CUS-078,1,2025-10-03T10:38:00-03:00,2025-10-03T13:38:00-03:00,97.926,delivered,B2B-V1-BASE,BLD-9102B6E8BF1ABFFC5F32,True
DEL-SYN-000809,ORD-SYN-000648,VEH-SYN-06,SOR-01,LOC-SYN-CUS-043,1,2025-09-30T00:41:00-03:00,2025-09-30T03:41:00-03:00,10.148,delivered,B2B-V1-BASE,BLD-9102B6E8BF1ABFFC5F32,True
DEL-SYN-000810,ORD-SYN-000648,VEH-SYN-01,SOR-01,LOC-SYN-CUS-043,2,2025-09-30T10:41:00-03:00,2025-09-30T13:41:00-03:00,10.148,delivered,B2B-V1-BASE,BLD-9102B6E8BF1ABFFC5F32,True
DEL-SYN-000811,ORD-SYN-000649,VEH-SYN-01,SOR-01,LOC-SYN-CUS-047,1,2025-10-05T00:43:00-03:00,2025-10-05T03:43:00-03:00,14.65,delivered,B2B-V1-BASE,BLD-9102B6E8BF1ABFFC5F32,True
DEL-SYN-000812,ORD-SYN-000650,VEH-SYN-02,SOR-01,LOC-SYN-CUS-056,1,2025-10-01T12:20:00-03:00,2025-10-01T15:20:00-03:00,107.19,delivered,B2B-V1-BASE,BLD-9102B6E8BF1ABFFC5F32,True
DEL-SYN-000813,ORD-SYN-000651,VEH-SYN-03,SOR-01,LOC-SYN-CUS-106,1,2025-09-30T12:22:00-03:00,2025-09-30T15:22:00-03:00,97.3,delivered,B2B-V1-BASE,BLD-9102B6E8BF1ABFFC5F32,True
DEL-SYN-000814,ORD-SYN-000652,VEH-SYN-04,SOR-01,LOC-SYN-CUS-124,1,2025-10-01T17:04:00-03:00,2025-10-01T20:04:00-03:00,90.769,delivered,B2B-V1-BASE,BLD-9102B6E8BF1ABFFC5F32,True
DEL-SYN-000815,ORD-SYN-000652,VEH-SYN-05,SOR-01,LOC-SYN-CUS-124,2,2025-10-02T03:04:00-03:00,2025-10-02T06:04:00-03:00,90.769,delivered,B2B-V1-BASE,BLD-9102B6E8BF1ABFFC5F32,True
DEL-SYN-000816,ORD-SYN-000653,VEH-SYN-05,SOR-01,LOC-SYN-CUS-084,1,2025-10-02T08:07:00-03:00,2025-10-02T11:07:00-03:00,94.071,delivered,B2B-V1-BASE,BLD-9102B6E8BF1ABFFC5F32,True
DEL-SYN-000817,ORD-SYN-000654,VEH-SYN-06,SOR-01,LOC-SYN-CUS-021,1,2025-10-03T10:00:00-03:00,2025-10-03T13:00:00-03:00,21.891,delivered,B2B-V1-BASE,BLD-9102B6E8BF1ABFFC5F32,True
DEL-SYN-000818,ORD-SYN-000655,VEH-SYN-01,SOR-01,LOC-SYN-CUS-066,1,2025-10-05T00:08:00-03:00,2025-10-05T03:08:00-03:00,96.649,delivered,B2B-V1-BASE,BLD-9102B6E8BF1ABFFC5F32,True
DEL-SYN-000819,ORD-SYN-000656,VEH-SYN-02,SOR-01,LOC-SYN-CUS-014,1,2025-10-01T16:34:00-03:00,2025-10-01T19:34:00-03:00,98.171,delivered,B2B-V1-BASE,BLD-9102B6E8BF1ABFFC5F32,True
DEL-SYN-000820,ORD-SYN-000656,VEH-SYN-03,SOR-01,LOC-SYN-CUS-014,2,2025-10-02T06:34:00-03:00,2025-10-02T09:34:00-03:00,98.171,delivered,B2B-V1-BASE,BLD-9102B6E8BF1ABFFC5F32,True
DEL-SYN-000821,ORD-SYN-000657,VEH-SYN-03,SOR-01,LOC-SYN-CUS-053,1,2025-10-06T01:17:00-03:00,2025-10-06T04:17:00-03:00,11.138,delivered,B2B-V1-BASE,BLD-9102B6E8BF1ABFFC5F32,True
DEL-SYN-000822,ORD-SYN-000658,VEH-SYN-04,SOR-01,LOC-SYN-CUS-030,1,2025-10-02T11:29:00-03:00,2025-10-02T14:29:00-03:00,95.926,delivered,B2B-V1-BASE,BLD-9102B6E8BF1ABFFC5F32,True
DEL-SYN-000823,ORD-SYN-000659,VEH-SYN-05,SOR-01,LOC-SYN-CUS-061,1,2025-10-04T03:52:00-03:00,2025-10-04T06:52:00-03:00,12.904,delivered,B2B-V1-BASE,BLD-9102B6E8BF1ABFFC5F32,True
DEL-SYN-000824,ORD-SYN-000660,VEH-SYN-06,SOR-01,LOC-SYN-CUS-137,1,2025-10-03T19:03:00-03:00,2025-10-03T22:03:00-03:00,11.323,delivered,B2B-V1-BASE,BLD-9102B6E8BF1ABFFC5F32,True
DEL-SYN-000825,ORD-SYN-000660,VEH-SYN-01,SOR-01,LOC-SYN-CUS-137,2,2025-10-04T05:03:00-03:00,2025-10-04T08:03:00-03:00,11.323,delivered,B2B-V1-BASE,BLD-9102B6E8BF1ABFFC5F32,True
DEL-SYN-000826,ORD-SYN-000661,VEH-SYN-01,SOR-01,LOC-SYN-CUS-042,1,2025-10-05T19:18:00-03:00,2025-10-05T22:18:00-03:00,96.283,delivered,B2B-V1-BASE,BLD-9102B6E8BF1ABFFC5F32,True
DEL-SYN-000827,ORD-SYN-000662,VEH-SYN-02,SOR-01,LOC-SYN-CUS-102,1,2025-10-05T05:37:00-03:00,2025-10-05T08:37:00-03:00,92.902,delivered_with_incident,B2B-V1-BASE,BLD-9102B6E8BF1ABFFC5F32,True
DEL-SYN-000828,ORD-SYN-000663,VEH-SYN-03,SOR-01,LOC-SYN-CUS-018,1,2025-10-05T05:55:00-03:00,2025-10-05T08:55:00-03:00,97.884,delivered,B2B-V1-BASE,BLD-9102B6E8BF1ABFFC5F32,True
DEL-SYN-000829,ORD-SYN-000664,VEH-SYN-04,SOR-01,LOC-SYN-CUS-009,1,2025-10-04T20:53:00-03:00,2025-10-04T23:53:00-03:00,14.093,delivered,B2B-V1-BASE,BLD-9102B6E8BF1ABFFC5F32,True
DEL-SYN-000830,ORD-SYN-000664,VEH-SYN-05,SOR-01,LOC-SYN-CUS-009,2,2025-10-05T06:53:00-03:00,2025-10-05T09:53:00-03:00,14.093,delivered,B2B-V1-BASE,BLD-9102B6E8BF1ABFFC5F32,True
DEL-SYN-000831,ORD-SYN-000665,VEH-SYN-05,SOR-01,LOC-SYN-CUS-078,1,2025-10-03T07:03:00-03:00,2025-10-03T10:03:00-03:00,97.926,delivered,B2B-V1-BASE,BLD-9102B6E8BF1ABFFC5F32,True
DEL-SYN-000832,ORD-SYN-000666,VEH-SYN-06,SOR-01,LOC-SYN-CUS-098,1,2025-10-03T08:40:00-03:00,2025-10-03T11:40:00-03:00,100.419,delivered,B2B-V1-BASE,BLD-9102B6E8BF1ABFFC5F32,True
DEL-SYN-000833,ORD-SYN-000667,VEH-SYN-01,SOR-01,LOC-SYN-CUS-050,1,2025-10-03T09:30:00-03:00,2025-10-03T12:30:00-03:00,95.323,delivered,B2B-V1-BASE,BLD-9102B6E8BF1ABFFC5F32,True
DEL-SYN-000834,ORD-SYN-000668,VEH-SYN-02,SOR-01,LOC-SYN-CUS-057,1,2025-10-06T01:59:00-03:00,2025-10-06T04:59:00-03:00,11.041,delivered,B2B-V1-BASE,BLD-9102B6E8BF1ABFFC5F32,True
DEL-SYN-000835,ORD-SYN-000668,VEH-SYN-03,SOR-01,LOC-SYN-CUS-057,2,2025-10-06T11:59:00-03:00,2025-10-06T14:59:00-03:00,11.041,delivered,B2B-V1-BASE,BLD-9102B6E8BF1ABFFC5F32,True
DEL-SYN-000836,ORD-SYN-000669,VEH-SYN-03,SOR-01,LOC-SYN-CUS-005,1,2025-10-07T03:02:00-03:00,2025-10-07T06:02:00-03:00,9.779,delivered,B2B-V1-BASE,BLD-9102B6E8BF1ABFFC5F32,True
DEL-SYN-000837,ORD-SYN-000670,VEH-SYN-04,SOR-01,LOC-SYN-CUS-142,1,2025-10-03T17:52:00-03:00,2025-10-03T20:52:00-03:00,96.727,delivered,B2B-V1-BASE,BLD-9102B6E8BF1ABFFC5F32,True
DEL-SYN-000838,ORD-SYN-000671,VEH-SYN-05,SOR-01,LOC-SYN-CUS-129,1,2025-10-03T04:28:00-03:00,2025-10-03T07:28:00-03:00,10.44,delivered,B2B-V1-BASE,BLD-9102B6E8BF1ABFFC5F32,True
DEL-SYN-000839,ORD-SYN-000672,VEH-SYN-06,SOR-01,LOC-SYN-CUS-082,1,2025-10-04T19:35:00-03:00,2025-10-04T22:35:00-03:00,95.328,delivered,B2B-V1-BASE,BLD-9102B6E8BF1ABFFC5F32,True
DEL-SYN-000840,ORD-SYN-000672,VEH-SYN-01,SOR-01,LOC-SYN-CUS-082,2,2025-10-05T05:35:00-03:00,2025-10-05T08:35:00-03:00,95.328,delivered,B2B-V1-BASE,BLD-9102B6E8BF1ABFFC5F32,True
DEL-SYN-000841,ORD-SYN-000673,VEH-SYN-01,SOR-01,LOC-SYN-CUS-072,1,2025-10-03T07:55:00-03:00,2025-10-03T10:55:00-03:00,106.388,delivered,B2B-V1-BASE,BLD-9102B6E8BF1ABFFC5F32,True
DEL-SYN-000842,ORD-SYN-000674,VEH-SYN-02,SOR-01,LOC-SYN-CUS-037,1,2025-10-06T04:08:00-03:00,2025-10-06T07:08:00-03:00,1.869,delivered,B2B-V1-BASE,BLD-9102B6E8BF1ABFFC5F32,True
DEL-SYN-000843,ORD-SYN-000675,VEH-SYN-03,SOR-01,LOC-SYN-CUS-097,1,2025-10-08T07:24:00-03:00,2025-10-08T10:24:00-03:00,10.67,delivered,B2B-V1-BASE,BLD-9102B6E8BF1ABFFC5F32,True
DEL-SYN-000844,ORD-SYN-000676,VEH-SYN-04,SOR-01,LOC-SYN-CUS-061,1,2025-10-04T00:30:00-03:00,2025-10-04T03:30:00-03:00,12.904,delivered,B2B-V1-BASE,BLD-9102B6E8BF1ABFFC5F32,True
DEL-SYN-000845,ORD-SYN-000676,VEH-SYN-05,SOR-01,LOC-SYN-CUS-061,2,2025-10-04T10:30:00-03:00,2025-10-04T13:30:00-03:00,12.904,delivered,B2B-V1-BASE,BLD-9102B6E8BF1ABFFC5F32,True
DEL-SYN-000846,ORD-SYN-000677,VEH-SYN-05,SOR-01,LOC-SYN-CUS-049,1,2025-10-06T00:58:00-03:00,2025-10-06T03:58:00-03:00,13.054,delivered,B2B-V1-BASE,BLD-9102B6E8BF1ABFFC5F32,True
DEL-SYN-000847,ORD-SYN-000678,VEH-SYN-06,SOR-01,LOC-SYN-CUS-030,1,2025-10-04T11:57:00-03:00,2025-10-04T14:57:00-03:00,95.926,delivered,B2B-V1-BASE,BLD-9102B6E8BF1ABFFC5F32,True
DEL-SYN-000848,ORD-SYN-000679,VEH-SYN-01,SOR-01,LOC-SYN-CUS-103,1,2025-10-08T05:37:00-03:00,2025-10-08T08:37:00-03:00,8.326,delivered,B2B-V1-BASE,BLD-9102B6E8BF1ABFFC5F32,True
DEL-SYN-000849,ORD-SYN-000680,VEH-SYN-02,SOR-01,LOC-SYN-CUS-142,1,2025-10-08T20:41:00-03:00,2025-10-08T23:41:00-03:00,96.727,delivered,B2B-V1-BASE,BLD-9102B6E8BF1ABFFC5F32,True
DEL-SYN-000850,ORD-SYN-000680,VEH-SYN-03,SOR-01,LOC-SYN-CUS-142,2,2025-10-09T06:41:00-03:00,2025-10-09T09:41:00-03:00,96.727,delivered,B2B-V1-BASE,BLD-9102B6E8BF1ABFFC5F32,True
DEL-SYN-000851,ORD-SYN-000681,VEH-SYN-03,SOR-01,LOC-SYN-CUS-105,1,2025-10-09T21:23:00-03:00,2025-10-10T00:23:00-03:00,13.533,delivered,B2B-V1-BASE,BLD-9102B6E8BF1ABFFC5F32,True
DEL-SYN-000852,ORD-SYN-000682,VEH-SYN-04,SOR-01,LOC-SYN-CUS-069,1,2025-10-08T07:48:00-03:00,2025-10-08T10:48:00-03:00,13.67,delivered,B2B-V1-BASE,BLD-9102B6E8BF1ABFFC5F32,True
DEL-SYN-000853,ORD-SYN-000683,VEH-SYN-05,SOR-01,LOC-SYN-CUS-077,1,2025-10-07T08:00:00-03:00,2025-10-07T11:00:00-03:00,6.85,delivered,B2B-V1-BASE,BLD-9102B6E8BF1ABFFC5F32,True
DEL-SYN-000854,ORD-SYN-000684,VEH-SYN-06,SOR-01,LOC-SYN-CUS-149,1,2025-10-04T22:21:00-03:00,2025-10-05T01:21:00-03:00,9.994,delivered,B2B-V1-BASE,BLD-9102B6E8BF1ABFFC5F32,True
DEL-SYN-000855,ORD-SYN-000684,VEH-SYN-01,SOR-01,LOC-SYN-CUS-149,2,2025-10-05T08:21:00-03:00,2025-10-05T11:21:00-03:00,9.994,delivered,B2B-V1-BASE,BLD-9102B6E8BF1ABFFC5F32,True
DEL-SYN-000856,ORD-SYN-000685,VEH-SYN-01,SOR-01,LOC-SYN-CUS-136,1,2025-10-09T11:51:00-03:00,2025-10-09T14:51:00-03:00,98.302,delivered,B2B-V1-BASE,BLD-9102B6E8BF1ABFFC5F32,True
DEL-SYN-000857,ORD-SYN-000686,VEH-SYN-02,SOR-01,LOC-SYN-CUS-065,1,2025-10-07T11:59:00-03:00,2025-10-07T14:59:00-03:00,13.49,delivered,B2B-V1-BASE,BLD-9102B6E8BF1ABFFC5F32,True
DEL-SYN-000858,ORD-SYN-000687,VEH-SYN-03,SOR-01,LOC-SYN-CUS-076,1,2025-10-05T12:08:00-03:00,2025-10-05T15:08:00-03:00,105.217,delivered,B2B-V1-BASE,BLD-9102B6E8BF1ABFFC5F32,True
DEL-SYN-000859,ORD-SYN-000688,VEH-SYN-04,SOR-01,LOC-SYN-CUS-003,1,2025-10-05T02:19:00-03:00,2025-10-05T05:19:00-03:00,7.59,delivered,B2B-V1-BASE,BLD-9102B6E8BF1ABFFC5F32,True
DEL-SYN-000860,ORD-SYN-000688,VEH-SYN-05,SOR-01,LOC-SYN-CUS-003,2,2025-10-05T12:19:00-03:00,2025-10-05T15:19:00-03:00,7.59,delivered,B2B-V1-BASE,BLD-9102B6E8BF1ABFFC5F32,True
DEL-SYN-000861,ORD-SYN-000689,VEH-SYN-05,SOR-01,LOC-SYN-CUS-009,1,2025-10-09T04:17:00-03:00,2025-10-09T07:17:00-03:00,14.093,delivered,B2B-V1-BASE,BLD-9102B6E8BF1ABFFC5F32,True
DEL-SYN-000862,ORD-SYN-000690,VEH-SYN-06,SOR-01,LOC-SYN-CUS-073,1,2025-10-09T19:17:00-03:00,2025-10-09T22:17:00-03:00,17.971,delivered,B2B-V1-BASE,BLD-9102B6E8BF1ABFFC5F32,True
DEL-SYN-000863,ORD-SYN-000691,VEH-SYN-01,SOR-01,LOC-SYN-CUS-149,1,2025-10-06T07:29:00-03:00,2025-10-06T10:29:00-03:00,9.994,delivered,B2B-V1-BASE,BLD-9102B6E8BF1ABFFC5F32,True
DEL-SYN-000864,ORD-SYN-000692,VEH-SYN-02,SOR-01,LOC-SYN-CUS-069,1,2025-10-05T21:36:00-03:00,2025-10-06T00:36:00-03:00,13.67,delivered,B2B-V1-BASE,BLD-9102B6E8BF1ABFFC5F32,True
DEL-SYN-000865,ORD-SYN-000692,VEH-SYN-03,SOR-01,LOC-SYN-CUS-069,2,2025-10-06T07:36:00-03:00,2025-10-06T10:36:00-03:00,13.67,delivered,B2B-V1-BASE,BLD-9102B6E8BF1ABFFC5F32,True
DEL-SYN-000866,ORD-SYN-000693,VEH-SYN-03,SOR-01,LOC-SYN-CUS-101,1,2025-10-08T21:54:00-03:00,2025-10-09T00:54:00-03:00,8.729,delivered,B2B-V1-BASE,BLD-9102B6E8BF1ABFFC5F32,True
DEL-SYN-000867,ORD-SYN-000694,VEH-SYN-04,SOR-01,LOC-SYN-CUS-122,1,2025-10-10T07:56:00-03:00,2025-10-10T10:56:00-03:00,107.646,delivered,B2B-V1-BASE,BLD-9102B6E8BF1ABFFC5F32,True
DEL-SYN-000868,ORD-SYN-000695,VEH-SYN-05,SOR-01,LOC-SYN-CUS-099,1,2025-10-07T08:11:00-03:00,2025-10-07T11:11:00-03:00,11.542,delivered,B2B-V1-BASE,BLD-9102B6E8BF1ABFFC5F32,True
DEL-SYN-000869,ORD-SYN-000696,VEH-SYN-06,SOR-01,LOC-SYN-CUS-045,1,2025-10-06T23:23:00-03:00,2025-10-07T02:23:00-03:00,12.037,delivered,B2B-V1-BASE,BLD-9102B6E8BF1ABFFC5F32,True
DEL-SYN-000870,ORD-SYN-000696,VEH-SYN-01,SOR-01,LOC-SYN-CUS-045,2,2025-10-07T09:23:00-03:00,2025-10-07T12:23:00-03:00,12.037,delivered,B2B-V1-BASE,BLD-9102B6E8BF1ABFFC5F32,True
DEL-SYN-000871,ORD-SYN-000697,VEH-SYN-01,SOR-01,LOC-SYN-CUS-057,1,2025-10-08T23:26:00-03:00,2025-10-09T02:26:00-03:00,11.041,delivered,B2B-V1-BASE,BLD-9102B6E8BF1ABFFC5F32,True
DEL-SYN-000872,ORD-SYN-000698,VEH-SYN-02,SOR-01,LOC-SYN-CUS-134,1,2025-10-07T10:22:00-03:00,2025-10-07T13:22:00-03:00,101.573,delivered,B2B-V1-BASE,BLD-9102B6E8BF1ABFFC5F32,True
DEL-SYN-000873,ORD-SYN-000699,VEH-SYN-03,SOR-01,LOC-SYN-CUS-057,1,2025-10-06T10:24:00-03:00,2025-10-06T13:24:00-03:00,11.041,delivered,B2B-V1-BASE,BLD-9102B6E8BF1ABFFC5F32,True
DEL-SYN-000874,ORD-SYN-000700,VEH-SYN-04,SOR-01,LOC-SYN-CUS-061,1,2025-10-10T01:16:00-03:00,2025-10-10T04:16:00-03:00,12.904,delivered,B2B-V1-BASE,BLD-9102B6E8BF1ABFFC5F32,True
DEL-SYN-000875,ORD-SYN-000700,VEH-SYN-05,SOR-01,LOC-SYN-CUS-061,2,2025-10-10T11:16:00-03:00,2025-10-10T14:16:00-03:00,12.904,delivered,B2B-V1-BASE,BLD-9102B6E8BF1ABFFC5F32,True
DEL-SYN-000876,ORD-SYN-000701,VEH-SYN-05,SOR-01,LOC-SYN-CUS-026,1,2025-10-07T01:45:00-03:00,2025-10-07T04:45:00-03:00,93.542,delivered,B2B-V1-BASE,BLD-9102B6E8BF1ABFFC5F32,True
DEL-SYN-000877,ORD-SYN-000702,VEH-SYN-06,SOR-01,LOC-SYN-CUS-010,1,2025-10-10T12:45:00-03:00,2025-10-10T15:45:00-03:00,98.174,delivered,B2B-V1-BASE,BLD-9102B6E8BF1ABFFC5F32,True
DEL-SYN-000878,ORD-SYN-000703,VEH-SYN-01,SOR-01,LOC-SYN-CUS-146,1,2025-10-09T03:45:00-03:00,2025-10-09T06:45:00-03:00,99.257,delivered,B2B-V1-BASE,BLD-9102B6E8BF1ABFFC5F32,True
DEL-SYN-000879,ORD-SYN-000704,VEH-SYN-02,SOR-01,LOC-SYN-CUS-014,1,2025-10-07T10:00:00-03:00,2025-10-07T13:00:00-03:00,98.171,delivered,B2B-V1-BASE,BLD-9102B6E8BF1ABFFC5F32,True
DEL-SYN-000880,ORD-SYN-000704,VEH-SYN-03,SOR-01,LOC-SYN-CUS-014,2,2025-10-08T00:00:00-03:00,2025-10-08T03:00:00-03:00,98.171,delivered,B2B-V1-BASE,BLD-9102B6E8BF1ABFFC5F32,True
DEL-SYN-000881,ORD-SYN-000705,VEH-SYN-03,SOR-01,LOC-SYN-CUS-098,1,2025-10-11T04:15:00-03:00,2025-10-11T07:15:00-03:00,100.419,delivered,B2B-V1-BASE,BLD-9102B6E8BF1ABFFC5F32,True
DEL-SYN-000882,ORD-SYN-000706,VEH-SYN-04,SOR-01,LOC-SYN-CUS-112,1,2025-10-10T05:37:00-03:00,2025-10-10T08:37:00-03:00,94.924,delivered,B2B-V1-BASE,BLD-9102B6E8BF1ABFFC5F32,True
DEL-SYN-000883,ORD-SYN-000707,VEH-SYN-05,SOR-01,LOC-SYN-CUS-083,1,2025-10-09T05:41:00-03:00,2025-10-09T08:41:00-03:00,15.586,delivered,B2B-V1-BASE,BLD-9102B6E8BF1ABFFC5F32,True
DEL-SYN-000884,ORD-SYN-000708,VEH-SYN-06,SOR-01,LOC-SYN-CUS-117,1,2025-10-10T19:54:00-03:00,2025-10-10T22:54:00-03:00,14.483,delivered,B2B-V1-BASE,BLD-9102B6E8BF1ABFFC5F32,True
DEL-SYN-000885,ORD-SYN-000708,VEH-SYN-01,SOR-01,LOC-SYN-CUS-117,2,2025-10-11T05:54:00-03:00,2025-10-11T08:54:00-03:00,14.483,delivered,B2B-V1-BASE,BLD-9102B6E8BF1ABFFC5F32,True
DEL-SYN-000886,ORD-SYN-000709,VEH-SYN-01,SOR-01,LOC-SYN-CUS-046,1,2025-10-07T06:33:00-03:00,2025-10-07T09:33:00-03:00,97.72,delivered,B2B-V1-BASE,BLD-9102B6E8BF1ABFFC5F32,True
DEL-SYN-000887,ORD-SYN-000710,VEH-SYN-02,SOR-01,LOC-SYN-CUS-132,1,2025-10-11T07:34:00-03:00,2025-10-11T10:34:00-03:00,97.514,delivered,B2B-V1-BASE,BLD-9102B6E8BF1ABFFC5F32,True
DEL-SYN-000888,ORD-SYN-000711,VEH-SYN-03,SOR-01,LOC-SYN-CUS-010,1,2025-10-08T10:45:00-03:00,2025-10-08T13:45:00-03:00,98.174,delivered,B2B-V1-BASE,BLD-9102B6E8BF1ABFFC5F32,True
DEL-SYN-000889,ORD-SYN-000712,VEH-SYN-04,SOR-01,LOC-SYN-CUS-086,1,2025-10-09T19:06:00-03:00,2025-10-09T22:06:00-03:00,100.855,delivered,B2B-V1-BASE,BLD-9102B6E8BF1ABFFC5F32,True
DEL-SYN-000890,ORD-SYN-000712,VEH-SYN-05,SOR-01,LOC-SYN-CUS-086,2,2025-10-10T05:06:00-03:00,2025-10-10T08:06:00-03:00,100.855,delivered_with_incident,B2B-V1-BASE,BLD-9102B6E8BF1ABFFC5F32,True
DEL-SYN-000891,ORD-SYN-000713,VEH-SYN-05,SOR-01,LOC-SYN-CUS-006,1,2025-10-09T05:14:00-03:00,2025-10-09T08:14:00-03:00,102.381,delivered_with_incident,B2B-V1-BASE,BLD-9102B6E8BF1ABFFC5F32,True
DEL-SYN-000892,ORD-SYN-000714,VEH-SYN-06,SOR-01,LOC-SYN-CUS-063,1,2025-10-08T05:22:00-03:00,2025-10-08T08:22:00-03:00,10.053,delivered,B2B-V1-BASE,BLD-9102B6E8BF1ABFFC5F32,True
DEL-SYN-000893,ORD-SYN-000715,VEH-SYN-01,SOR-01,LOC-SYN-CUS-117,1,2025-10-11T05:27:00-03:00,2025-10-11T08:27:00-03:00,14.483,delivered,B2B-V1-BASE,BLD-9102B6E8BF1ABFFC5F32,True
DEL-SYN-000894,ORD-SYN-000716,VEH-SYN-02,SOR-01,LOC-SYN-CUS-105,1,2025-10-10T20:06:00-03:00,2025-10-10T23:06:00-03:00,13.533,delivered,B2B-V1-BASE,BLD-9102B6E8BF1ABFFC5F32,True
DEL-SYN-000895,ORD-SYN-000716,VEH-SYN-03,SOR-01,LOC-SYN-CUS-105,2,2025-10-11T06:06:00-03:00,2025-10-11T09:06:00-03:00,13.533,delivered,B2B-V1-BASE,BLD-9102B6E8BF1ABFFC5F32,True
DEL-SYN-000896,ORD-SYN-000717,VEH-SYN-03,SOR-01,LOC-SYN-CUS-097,1,2025-10-08T07:03:00-03:00,2025-10-08T10:03:00-03:00,10.67,delivered,B2B-V1-BASE,BLD-9102B6E8BF1ABFFC5F32,True
DEL-SYN-000897,ORD-SYN-000718,VEH-SYN-04,SOR-01,LOC-SYN-CUS-141,1,2025-10-10T07:21:00-03:00,2025-10-10T10:21:00-03:00,3.791,delivered,B2B-V1-BASE,BLD-9102B6E8BF1ABFFC5F32,True
DEL-SYN-000898,ORD-SYN-000719,VEH-SYN-05,SOR-01,LOC-SYN-CUS-133,1,2025-10-11T07:55:00-03:00,2025-10-11T10:55:00-03:00,15.316,delivered,B2B-V1-BASE,BLD-9102B6E8BF1ABFFC5F32,True
DEL-SYN-000899,ORD-SYN-000720,VEH-SYN-06,SOR-01,LOC-SYN-CUS-069,1,2025-10-08T21:57:00-03:00,2025-10-09T00:57:00-03:00,13.67,delivered,B2B-V1-BASE,BLD-9102B6E8BF1ABFFC5F32,True
DEL-SYN-000900,ORD-SYN-000720,VEH-SYN-01,SOR-01,LOC-SYN-CUS-069,2,2025-10-09T07:57:00-03:00,2025-10-09T10:57:00-03:00,13.67,delivered,B2B-V1-BASE,BLD-9102B6E8BF1ABFFC5F32,True
DEL-SYN-000901,ORD-SYN-000721,VEH-SYN-01,SOR-01,LOC-SYN-CUS-078,1,2025-10-09T08:48:00-03:00,2025-10-09T11:48:00-03:00,97.926,delivered,B2B-V1-BASE,BLD-9102B6E8BF1ABFFC5F32,True
DEL-SYN-000902,ORD-SYN-000722,VEH-SYN-02,SOR-01,LOC-SYN-CUS-089,1,2025-10-12T09:47:00-03:00,2025-10-12T12:47:00-03:00,10.706,delivered,B2B-V1-BASE,BLD-9102B6E8BF1ABFFC5F32,True
DEL-SYN-000903,ORD-SYN-000723,VEH-SYN-03,SOR-01,LOC-SYN-CUS-017,1,2025-10-11T10:35:00-03:00,2025-10-11T13:35:00-03:00,7.536,delivered,B2B-V1-BASE,BLD-9102B6E8BF1ABFFC5F32,True
DEL-SYN-000904,ORD-SYN-000724,VEH-SYN-04,SOR-01,LOC-SYN-CUS-085,1,2025-10-09T01:34:00-03:00,2025-10-09T04:34:00-03:00,11.234,delivered,B2B-V1-BASE,BLD-9102B6E8BF1ABFFC5F32,True
DEL-SYN-000905,ORD-SYN-000724,VEH-SYN-05,SOR-01,LOC-SYN-CUS-085,2,2025-10-09T11:34:00-03:00,2025-10-09T14:34:00-03:00,11.234,delivered,B2B-V1-BASE,BLD-9102B6E8BF1ABFFC5F32,True
DEL-SYN-000906,ORD-SYN-000725,VEH-SYN-05,SOR-01,LOC-SYN-CUS-094,1,2025-10-10T11:49:00-03:00,2025-10-10T14:49:00-03:00,81.241,delivered,B2B-V1-BASE,BLD-9102B6E8BF1ABFFC5F32,True
DEL-SYN-000907,ORD-SYN-000726,VEH-SYN-06,SOR-01,LOC-SYN-CUS-138,1,2025-10-09T03:11:00-03:00,2025-10-09T06:11:00-03:00,93.584,delivered,B2B-V1-BASE,BLD-9102B6E8BF1ABFFC5F32,True
DEL-SYN-000908,ORD-SYN-000727,VEH-SYN-01,SOR-01,LOC-SYN-CUS-077,1,2025-10-11T04:43:00-03:00,2025-10-11T07:43:00-03:00,6.85,delivered,B2B-V1-BASE,BLD-9102B6E8BF1ABFFC5F32,True
DEL-SYN-000909,ORD-SYN-000728,VEH-SYN-02,SOR-01,LOC-SYN-CUS-046,1,2025-10-10T19:04:00-03:00,2025-10-10T22:04:00-03:00,97.72,delivered,B2B-V1-BASE,BLD-9102B6E8BF1ABFFC5F32,True
DEL-SYN-000910,ORD-SYN-000728,VEH-SYN-03,SOR-01,LOC-SYN-CUS-046,2,2025-10-11T05:04:00-03:00,2025-10-11T08:04:00-03:00,97.72,delivered,B2B-V1-BASE,BLD-9102B6E8BF1ABFFC5F32,True
DEL-SYN-000911,ORD-SYN-000729,VEH-SYN-03,SOR-01,LOC-SYN-CUS-041,1,2025-10-09T19:28:00-03:00,2025-10-09T22:28:00-03:00,16.45,delivered,B2B-V1-BASE,BLD-9102B6E8BF1ABFFC5F32,True
DEL-SYN-000912,ORD-SYN-000730,VEH-SYN-04,SOR-01,LOC-SYN-CUS-105,1,2025-10-10T06:40:00-03:00,2025-10-10T09:40:00-03:00,13.533,delivered,B2B-V1-BASE,BLD-9102B6E8BF1ABFFC5F32,True
DEL-SYN-000913,ORD-SYN-000731,VEH-SYN-05,SOR-01,LOC-SYN-CUS-119,1,2025-10-09T07:59:00-03:00,2025-10-09T10:59:00-03:00,15.599,delivered,B2B-V1-BASE,BLD-9102B6E8BF1ABFFC5F32,True
DEL-SYN-000914,ORD-SYN-000732,VEH-SYN-06,SOR-01,LOC-SYN-CUS-123,1,2025-10-12T14:26:00-03:00,2025-10-12T17:26:00-03:00,18.057,delivered,B2B-V1-BASE,BLD-9102B6E8BF1ABFFC5F32,True
DEL-SYN-000915,ORD-SYN-000732,VEH-SYN-01,SOR-01,LOC-SYN-CUS-123,2,2025-10-13T04:26:00-03:00,2025-10-13T07:26:00-03:00,18.057,delivered,B2B-V1-BASE,BLD-9102B6E8BF1ABFFC5F32,True
DEL-SYN-000916,ORD-SYN-000733,VEH-SYN-01,SOR-01,LOC-SYN-CUS-146,1,2025-10-11T09:04:00-03:00,2025-10-11T12:04:00-03:00,99.257,delivered,B2B-V1-BASE,BLD-9102B6E8BF1ABFFC5F32,True
DEL-SYN-000917,ORD-SYN-000734,VEH-SYN-02,SOR-01,LOC-SYN-CUS-022,1,2025-10-13T09:58:00-03:00,2025-10-13T12:58:00-03:00,97.576,delivered,B2B-V1-BASE,BLD-9102B6E8BF1ABFFC5F32,True
DEL-SYN-000918,ORD-SYN-000735,VEH-SYN-03,SOR-01,LOC-SYN-CUS-038,1,2025-10-13T00:09:00-03:00,2025-10-13T03:09:00-03:00,91.614,delivered,B2B-V1-BASE,BLD-9102B6E8BF1ABFFC5F32,True
DEL-SYN-000919,ORD-SYN-000736,VEH-SYN-04,SOR-01,LOC-SYN-CUS-062,1,2025-10-10T01:51:00-03:00,2025-10-10T04:51:00-03:00,84.711,delivered,B2B-V1-BASE,BLD-9102B6E8BF1ABFFC5F32,True
DEL-SYN-000920,ORD-SYN-000736,VEH-SYN-05,SOR-01,LOC-SYN-CUS-062,2,2025-10-10T11:51:00-03:00,2025-10-10T14:51:00-03:00,84.711,delivered,B2B-V1-BASE,BLD-9102B6E8BF1ABFFC5F32,True
DEL-SYN-000921,ORD-SYN-000737,VEH-SYN-05,SOR-01,LOC-SYN-CUS-110,1,2025-10-10T19:23:00-03:00,2025-10-10T22:23:00-03:00,101.983,delivered,B2B-V1-BASE,BLD-9102B6E8BF1ABFFC5F32,True
DEL-SYN-000922,ORD-SYN-000738,VEH-SYN-06,SOR-01,LOC-SYN-CUS-010,1,2025-10-14T05:35:00-03:00,2025-10-14T08:35:00-03:00,98.174,delivered,B2B-V1-BASE,BLD-9102B6E8BF1ABFFC5F32,True
DEL-SYN-000923,ORD-SYN-000739,VEH-SYN-01,SOR-01,LOC-SYN-CUS-030,1,2025-10-12T05:43:00-03:00,2025-10-12T08:43:00-03:00,95.926,delivered,B2B-V1-BASE,BLD-9102B6E8BF1ABFFC5F32,True
DEL-SYN-000924,ORD-SYN-000740,VEH-SYN-02,SOR-01,LOC-SYN-CUS-138,1,2025-10-13T19:44:00-03:00,2025-10-13T22:44:00-03:00,93.584,delivered,B2B-V1-BASE,BLD-9102B6E8BF1ABFFC5F32,True
DEL-SYN-000925,ORD-SYN-000740,VEH-SYN-03,SOR-01,LOC-SYN-CUS-138,2,2025-10-14T05:44:00-03:00,2025-10-14T08:44:00-03:00,93.584,delivered,B2B-V1-BASE,BLD-9102B6E8BF1ABFFC5F32,True
DEL-SYN-000926,ORD-SYN-000741,VEH-SYN-03,SOR-01,LOC-SYN-CUS-022,1,2025-10-11T06:52:00-03:00,2025-10-11T09:52:00-03:00,97.576,delivered,B2B-V1-BASE,BLD-9102B6E8BF1ABFFC5F32,True
DEL-SYN-000927,ORD-SYN-000742,VEH-SYN-04,SOR-01,LOC-SYN-CUS-064,1,2025-10-13T07:51:00-03:00,2025-10-13T10:51:00-03:00,102.777,delivered,B2B-V1-BASE,BLD-9102B6E8BF1ABFFC5F32,True
DEL-SYN-000928,ORD-SYN-000743,VEH-SYN-05,SOR-01,LOC-SYN-CUS-057,1,2025-10-10T09:00:00-03:00,2025-10-10T12:00:00-03:00,11.041,delivered,B2B-V1-BASE,BLD-9102B6E8BF1ABFFC5F32,True
DEL-SYN-000929,ORD-SYN-000744,VEH-SYN-06,SOR-01,LOC-SYN-CUS-011,1,2025-10-12T23:22:00-03:00,2025-10-13T02:22:00-03:00,11.323,delivered,B2B-V1-BASE,BLD-9102B6E8BF1ABFFC5F32,True
DEL-SYN-000930,ORD-SYN-000744,VEH-SYN-01,SOR-01,LOC-SYN-CUS-011,2,2025-10-13T09:22:00-03:00,2025-10-13T12:22:00-03:00,11.323,delivered,B2B-V1-BASE,BLD-9102B6E8BF1ABFFC5F32,True
DEL-SYN-000931,ORD-SYN-000745,VEH-SYN-01,SOR-01,LOC-SYN-CUS-133,1,2025-10-12T01:59:00-03:00,2025-10-12T04:59:00-03:00,15.316,delivered,B2B-V1-BASE,BLD-9102B6E8BF1ABFFC5F32,True
DEL-SYN-000932,ORD-SYN-000746,VEH-SYN-02,SOR-01,LOC-SYN-CUS-122,1,2025-10-13T12:23:00-03:00,2025-10-13T15:23:00-03:00,107.646,delivered,B2B-V1-BASE,BLD-9102B6E8BF1ABFFC5F32,True
DEL-SYN-000933,ORD-SYN-000747,VEH-SYN-03,SOR-01,LOC-SYN-CUS-150,1,2025-10-10T12:39:00-03:00,2025-10-10T15:39:00-03:00,93.487,delivered_with_incident,B2B-V1-BASE,BLD-9102B6E8BF1ABFFC5F32,True
DEL-SYN-000934,ORD-SYN-000748,VEH-SYN-04,SOR-01,LOC-SYN-CUS-081,1,2025-10-14T18:42:00-03:00,2025-10-14T21:42:00-03:00,6.44,delivered,B2B-V1-BASE,BLD-9102B6E8BF1ABFFC5F32,True
DEL-SYN-000935,ORD-SYN-000748,VEH-SYN-05,SOR-01,LOC-SYN-CUS-081,2,2025-10-15T04:42:00-03:00,2025-10-15T07:42:00-03:00,6.44,delivered,B2B-V1-BASE,BLD-9102B6E8BF1ABFFC5F32,True
DEL-SYN-000936,ORD-SYN-000749,VEH-SYN-05,SOR-01,LOC-SYN-CUS-105,1,2025-10-15T18:53:00-03:00,2025-10-15T21:53:00-03:00,13.533,delivered,B2B-V1-BASE,BLD-9102B6E8BF1ABFFC5F32,True
DEL-SYN-000937,ORD-SYN-000750,VEH-SYN-06,SOR-01,LOC-SYN-CUS-005,1,2025-10-13T05:07:00-03:00,2025-10-13T08:07:00-03:00,9.779,delivered,B2B-V1-BASE,BLD-9102B6E8BF1ABFFC5F32,True
DEL-SYN-000938,ORD-SYN-000751,VEH-SYN-01,SOR-01,LOC-SYN-CUS-100,1,2025-10-15T06:25:00-03:00,2025-10-15T09:25:00-03:00,104.241,delivered,B2B-V1-BASE,BLD-9102B6E8BF1ABFFC5F32,True
DEL-SYN-000939,ORD-SYN-000752,VEH-SYN-02,SOR-01,LOC-SYN-CUS-023,1,2025-10-11T20:55:00-03:00,2025-10-11T23:55:00-03:00,12.238,delivered,B2B-V1-BASE,BLD-9102B6E8BF1ABFFC5F32,True
DEL-SYN-000940,ORD-SYN-000752,VEH-SYN-03,SOR-01,LOC-SYN-CUS-023,2,2025-10-12T06:55:00-03:00,2025-10-12T09:55:00-03:00,12.238,delivered,B2B-V1-BASE,BLD-9102B6E8BF1ABFFC5F32,True
DEL-SYN-000941,ORD-SYN-000753,VEH-SYN-03,SOR-01,LOC-SYN-CUS-013,1,2025-10-12T07:38:00-03:00,2025-10-12T10:38:00-03:00,12.582,delivered,B2B-V1-BASE,BLD-9102B6E8BF1ABFFC5F32,True
DEL-SYN-000942,ORD-SYN-000754,VEH-SYN-04,SOR-01,LOC-SYN-CUS-150,1,2025-10-11T08:14:00-03:00,2025-10-11T11:14:00-03:00,93.487,delivered,B2B-V1-BASE,BLD-9102B6E8BF1ABFFC5F32,True
DEL-SYN-000943,ORD-SYN-000755,VEH-SYN-05,SOR-01,LOC-SYN-CUS-058,1,2025-10-14T08:38:00-03:00,2025-10-14T11:38:00-03:00,98.394,delivered,B2B-V1-BASE,BLD-9102B6E8BF1ABFFC5F32,True
DEL-SYN-000944,ORD-SYN-000756,VEH-SYN-06,SOR-01,LOC-SYN-CUS-014,1,2025-10-14T23:34:00-03:00,2025-10-15T02:34:00-03:00,98.171,delivered,B2B-V1-BASE,BLD-9102B6E8BF1ABFFC5F32,True
DEL-SYN-000945,ORD-SYN-000756,VEH-SYN-01,SOR-01,LOC-SYN-CUS-014,2,2025-10-15T09:34:00-03:00,2025-10-15T12:34:00-03:00,98.171,delivered,B2B-V1-BASE,BLD-9102B6E8BF1ABFFC5F32,True
DEL-SYN-000946,ORD-SYN-000757,VEH-SYN-01,SOR-01,LOC-SYN-CUS-023,1,2025-10-11T10:03:00-03:00,2025-10-11T13:03:00-03:00,12.238,delivered,B2B-V1-BASE,BLD-9102B6E8BF1ABFFC5F32,True
DEL-SYN-000947,ORD-SYN-000758,VEH-SYN-02,SOR-01,LOC-SYN-CUS-056,1,2025-10-14T10:46:00-03:00,2025-10-14T13:46:00-03:00,107.19,delivered,B2B-V1-BASE,BLD-9102B6E8BF1ABFFC5F32,True
DEL-SYN-000948,ORD-SYN-000759,VEH-SYN-03,SOR-01,LOC-SYN-CUS-093,1,2025-10-14T11:39:00-03:00,2025-10-14T14:39:00-03:00,14.157,delivered,B2B-V1-BASE,BLD-9102B6E8BF1ABFFC5F32,True
DEL-SYN-000949,ORD-SYN-000760,VEH-SYN-04,SOR-01,LOC-SYN-CUS-022,1,2025-10-11T02:26:00-03:00,2025-10-11T05:26:00-03:00,97.576,delivered,B2B-V1-BASE,BLD-9102B6E8BF1ABFFC5F32,True
DEL-SYN-000950,ORD-SYN-000760,VEH-SYN-05,SOR-01,LOC-SYN-CUS-022,2,2025-10-11T12:26:00-03:00,2025-10-11T15:26:00-03:00,97.576,delivered,B2B-V1-BASE,BLD-9102B6E8BF1ABFFC5F32,True
DEL-SYN-000951,ORD-SYN-000761,VEH-SYN-05,SOR-01,LOC-SYN-CUS-093,1,2025-10-12T03:26:00-03:00,2025-10-12T06:26:00-03:00,14.157,delivered,B2B-V1-BASE,BLD-9102B6E8BF1ABFFC5F32,True
DEL-SYN-000952,ORD-SYN-000762,VEH-SYN-06,SOR-01,LOC-SYN-CUS-016,1,2025-10-15T17:54:00-03:00,2025-10-15T20:54:00-03:00,89.626,delivered,B2B-V1-BASE,BLD-9102B6E8BF1ABFFC5F32,True
DEL-SYN-000953,ORD-SYN-000763,VEH-SYN-01,SOR-01,LOC-SYN-CUS-105,1,2025-10-15T05:43:00-03:00,2025-10-15T08:43:00-03:00,13.533,delivered,B2B-V1-BASE,BLD-9102B6E8BF1ABFFC5F32,True
DEL-SYN-000954,ORD-SYN-000764,VEH-SYN-02,SOR-01,LOC-SYN-CUS-139,1,2025-10-12T20:31:00-03:00,2025-10-12T23:31:00-03:00,20.414,delivered,B2B-V1-BASE,BLD-9102B6E8BF1ABFFC5F32,True
DEL-SYN-000955,ORD-SYN-000764,VEH-SYN-03,SOR-01,LOC-SYN-CUS-139,2,2025-10-13T06:31:00-03:00,2025-10-13T09:31:00-03:00,20.414,delivered,B2B-V1-BASE,BLD-9102B6E8BF1ABFFC5F32,True
DEL-SYN-000956,ORD-SYN-000765,VEH-SYN-03,SOR-01,LOC-SYN-CUS-096,1,2025-10-16T07:08:00-03:00,2025-10-16T10:08:00-03:00,108.662,delivered,B2B-V1-BASE,BLD-9102B6E8BF1ABFFC5F32,True
DEL-SYN-000957,ORD-SYN-000766,VEH-SYN-04,SOR-01,LOC-SYN-CUS-011,1,2025-10-15T21:19:00-03:00,2025-10-16T00:19:00-03:00,11.323,delivered,B2B-V1-BASE,BLD-9102B6E8BF1ABFFC5F32,True
DEL-SYN-000958,ORD-SYN-000767,VEH-SYN-05,SOR-01,LOC-SYN-CUS-141,1,2025-10-13T07:29:00-03:00,2025-10-13T10:29:00-03:00,3.791,delivered,B2B-V1-BASE,BLD-9102B6E8BF1ABFFC5F32,True
DEL-SYN-000959,ORD-SYN-000768,VEH-SYN-06,SOR-01,LOC-SYN-CUS-097,1,2025-10-11T22:15:00-03:00,2025-10-12T01:15:00-03:00,10.67,delivered,B2B-V1-BASE,BLD-9102B6E8BF1ABFFC5F32,True
DEL-SYN-000960,ORD-SYN-000768,VEH-SYN-01,SOR-01,LOC-SYN-CUS-097,2,2025-10-12T08:15:00-03:00,2025-10-12T11:15:00-03:00,10.67,delivered,B2B-V1-BASE,BLD-9102B6E8BF1ABFFC5F32,True
DEL-SYN-000961,ORD-SYN-000769,VEH-SYN-01,SOR-01,LOC-SYN-CUS-102,1,2025-10-13T10:15:00-03:00,2025-10-13T13:15:00-03:00,92.902,delivered,B2B-V1-BASE,BLD-9102B6E8BF1ABFFC5F32,True
DEL-SYN-000962,ORD-SYN-000770,VEH-SYN-02,SOR-01,LOC-SYN-CUS-037,1,2025-10-14T10:24:00-03:00,2025-10-14T13:24:00-03:00,1.869,delivered,B2B-V1-BASE,BLD-9102B6E8BF1ABFFC5F32,True
DEL-SYN-000963,ORD-SYN-000771,VEH-SYN-03,SOR-01,LOC-SYN-CUS-074,1,2025-10-12T10:25:00-03:00,2025-10-12T13:25:00-03:00,106.713,delivered,B2B-V1-BASE,BLD-9102B6E8BF1ABFFC5F32,True
DEL-SYN-000964,ORD-SYN-000772,VEH-SYN-04,SOR-01,LOC-SYN-CUS-018,1,2025-10-12T00:52:00-03:00,2025-10-12T03:52:00-03:00,97.884,delivered,B2B-V1-BASE,BLD-9102B6E8BF1ABFFC5F32,True
DEL-SYN-000965,ORD-SYN-000772,VEH-SYN-05,SOR-01,LOC-SYN-CUS-018,2,2025-10-12T10:52:00-03:00,2025-10-12T13:52:00-03:00,97.884,delivered,B2B-V1-BASE,BLD-9102B6E8BF1ABFFC5F32,True
DEL-SYN-000966,ORD-SYN-000773,VEH-SYN-05,SOR-01,LOC-SYN-CUS-113,1,2025-10-15T11:11:00-03:00,2025-10-15T14:11:00-03:00,18.69,delivered,B2B-V1-BASE,BLD-9102B6E8BF1ABFFC5F32,True
DEL-SYN-000967,ORD-SYN-000774,VEH-SYN-06,SOR-01,LOC-SYN-CUS-057,1,2025-10-15T01:28:00-03:00,2025-10-15T04:28:00-03:00,11.041,delivered,B2B-V1-BASE,BLD-9102B6E8BF1ABFFC5F32,True
DEL-SYN-000968,ORD-SYN-000775,VEH-SYN-01,SOR-01,LOC-SYN-CUS-077,1,2025-10-14T04:05:00-03:00,2025-10-14T07:05:00-03:00,6.85,delivered_with_incident,B2B-V1-BASE,BLD-9102B6E8BF1ABFFC5F32,True
DEL-SYN-000969,ORD-SYN-000776,VEH-SYN-02,SOR-01,LOC-SYN-CUS-054,1,2025-10-15T10:39:00-03:00,2025-10-15T13:39:00-03:00,92.335,delivered,B2B-V1-BASE,BLD-9102B6E8BF1ABFFC5F32,True
DEL-SYN-000970,ORD-SYN-000776,VEH-SYN-03,SOR-01,LOC-SYN-CUS-054,2,2025-10-16T00:39:00-03:00,2025-10-16T03:39:00-03:00,92.335,delivered,B2B-V1-BASE,BLD-9102B6E8BF1ABFFC5F32,True
DEL-SYN-000971,ORD-SYN-000777,VEH-SYN-03,SOR-01,LOC-SYN-CUS-059,1,2025-10-17T19:11:00-03:00,2025-10-17T22:11:00-03:00,13.382,delivered,B2B-V1-BASE,BLD-9102B6E8BF1ABFFC5F32,True
DEL-SYN-000972,ORD-SYN-000778,VEH-SYN-04,SOR-01,LOC-SYN-CUS-016,1,2025-10-14T19:44:00-03:00,2025-10-14T22:44:00-03:00,89.626,delivered,B2B-V1-BASE,BLD-9102B6E8BF1ABFFC5F32,True
DEL-SYN-000973,ORD-SYN-000779,VEH-SYN-05,SOR-01,LOC-SYN-CUS-050,1,2025-10-15T06:07:00-03:00,2025-10-15T09:07:00-03:00,95.323,delivered,B2B-V1-BASE,BLD-9102B6E8BF1ABFFC5F32,True
DEL-SYN-000974,ORD-SYN-000780,VEH-SYN-06,SOR-01,LOC-SYN-CUS-094,1,2025-10-13T12:59:00-03:00,2025-10-13T15:59:00-03:00,81.241,delivered,B2B-V1-BASE,BLD-9102B6E8BF1ABFFC5F32,True
DEL-SYN-000975,ORD-SYN-000780,VEH-SYN-01,SOR-01,LOC-SYN-CUS-094,2,2025-10-14T02:59:00-03:00,2025-10-14T05:59:00-03:00,81.241,delivered_with_incident,B2B-V1-BASE,BLD-9102B6E8BF1ABFFC5F32,True
DEL-SYN-000976,ORD-SYN-000781,VEH-SYN-01,SOR-01,LOC-SYN-CUS-118,1,2025-10-13T07:59:00-03:00,2025-10-13T10:59:00-03:00,89.411,delivered_with_incident,B2B-V1-BASE,BLD-9102B6E8BF1ABFFC5F32,True
DEL-SYN-000977,ORD-SYN-000782,VEH-SYN-02,SOR-01,LOC-SYN-CUS-050,1,2025-10-16T08:06:00-03:00,2025-10-16T11:06:00-03:00,95.323,delivered,B2B-V1-BASE,BLD-9102B6E8BF1ABFFC5F32,True
DEL-SYN-000978,ORD-SYN-000783,VEH-SYN-03,SOR-01,LOC-SYN-CUS-094,1,2025-10-13T08:55:00-03:00,2025-10-13T11:55:00-03:00,81.241,delivered,B2B-V1-BASE,BLD-9102B6E8BF1ABFFC5F32,True
DEL-SYN-000979,ORD-SYN-000784,VEH-SYN-04,SOR-01,LOC-SYN-CUS-036,1,2025-10-16T23:30:00-03:00,2025-10-17T02:30:00-03:00,96.208,delivered,B2B-V1-BASE,BLD-9102B6E8BF1ABFFC5F32,True
DEL-SYN-000980,ORD-SYN-000784,VEH-SYN-05,SOR-01,LOC-SYN-CUS-036,2,2025-10-17T09:30:00-03:00,2025-10-17T12:30:00-03:00,96.208,delivered,B2B-V1-BASE,BLD-9102B6E8BF1ABFFC5F32,True
DEL-SYN-000981,ORD-SYN-000785,VEH-SYN-05,SOR-01,LOC-SYN-CUS-094,1,2025-10-14T09:36:00-03:00,2025-10-14T12:36:00-03:00,81.241,delivered,B2B-V1-BASE,BLD-9102B6E8BF1ABFFC5F32,True
DEL-SYN-000982,ORD-SYN-000786,VEH-SYN-06,SOR-01,LOC-SYN-CUS-129,1,2025-10-14T10:27:00-03:00,2025-10-14T13:27:00-03:00,10.44,delivered,B2B-V1-BASE,BLD-9102B6E8BF1ABFFC5F32,True
DEL-SYN-000983,ORD-SYN-000787,VEH-SYN-01,SOR-01,LOC-SYN-CUS-136,1,2025-10-13T11:34:00-03:00,2025-10-13T14:34:00-03:00,98.302,delivered,B2B-V1-BASE,BLD-9102B6E8BF1ABFFC5F32,True
DEL-SYN-000984,ORD-SYN-000788,VEH-SYN-02,SOR-01,LOC-SYN-CUS-114,1,2025-10-14T09:22:00-03:00,2025-10-14T12:22:00-03:00,98.868,delivered,B2B-V1-BASE,BLD-9102B6E8BF1ABFFC5F32,True
DEL-SYN-000985,ORD-SYN-000788,VEH-SYN-03,SOR-01,LOC-SYN-CUS-114,2,2025-10-14T23:22:00-03:00,2025-10-15T02:22:00-03:00,98.868,delivered,B2B-V1-BASE,BLD-9102B6E8BF1ABFFC5F32,True
DEL-SYN-000986,ORD-SYN-000789,VEH-SYN-03,SOR-01,LOC-SYN-CUS-121,1,2025-10-17T04:25:00-03:00,2025-10-17T07:25:00-03:00,1.523,delivered,B2B-V1-BASE,BLD-9102B6E8BF1ABFFC5F32,True
DEL-SYN-000987,ORD-SYN-000790,VEH-SYN-04,SOR-01,LOC-SYN-CUS-037,1,2025-10-14T06:07:00-03:00,2025-10-14T09:07:00-03:00,1.869,delivered,B2B-V1-BASE,BLD-9102B6E8BF1ABFFC5F32,True
DEL-SYN-000988,ORD-SYN-000791,VEH-SYN-05,SOR-01,LOC-SYN-CUS-072,1,2025-10-16T20:09:00-03:00,2025-10-16T23:09:00-03:00,106.388,delivered,B2B-V1-BASE,BLD-9102B6E8BF1ABFFC5F32,True
DEL-SYN-000989,ORD-SYN-000792,VEH-SYN-06,SOR-01,LOC-SYN-CUS-012,1,2025-10-15T20:16:00-03:00,2025-10-15T23:16:00-03:00,93.694,delivered,B2B-V1-BASE,BLD-9102B6E8BF1ABFFC5F32,True
DEL-SYN-000990,ORD-SYN-000792,VEH-SYN-01,SOR-01,LOC-SYN-CUS-012,2,2025-10-16T06:16:00-03:00,2025-10-16T09:16:00-03:00,93.694,delivered,B2B-V1-BASE,BLD-9102B6E8BF1ABFFC5F32,True
DEL-SYN-000991,ORD-SYN-000793,VEH-SYN-01,SOR-01,LOC-SYN-CUS-054,1,2025-10-16T06:39:00-03:00,2025-10-16T09:39:00-03:00,92.335,delivered,B2B-V1-BASE,BLD-9102B6E8BF1ABFFC5F32,True
DEL-SYN-000992,ORD-SYN-000794,VEH-SYN-02,SOR-01,LOC-SYN-CUS-057,1,2025-10-15T07:02:00-03:00,2025-10-15T10:02:00-03:00,11.041,delivered,B2B-V1-BASE,BLD-9102B6E8BF1ABFFC5F32,True
DEL-SYN-000993,ORD-SYN-000795,VEH-SYN-03,SOR-01,LOC-SYN-CUS-113,1,2025-10-16T08:24:00-03:00,2025-10-16T11:24:00-03:00,18.69,delivered,B2B-V1-BASE,BLD-9102B6E8BF1ABFFC5F32,True
DEL-SYN-000994,ORD-SYN-000796,VEH-SYN-04,SOR-01,LOC-SYN-CUS-058,1,2025-10-15T22:43:00-03:00,2025-10-16T01:43:00-03:00,98.394,delivered,B2B-V1-BASE,BLD-9102B6E8BF1ABFFC5F32,True
DEL-SYN-000995,ORD-SYN-000796,VEH-SYN-05,SOR-01,LOC-SYN-CUS-058,2,2025-10-16T08:43:00-03:00,2025-10-16T11:43:00-03:00,98.394,delivered,B2B-V1-BASE,BLD-9102B6E8BF1ABFFC5F32,True
DEL-SYN-000996,ORD-SYN-000797,VEH-SYN-05,SOR-01,LOC-SYN-CUS-061,1,2025-10-15T08:50:00-03:00,2025-10-15T11:50:00-03:00,12.904,delivered,B2B-V1-BASE,BLD-9102B6E8BF1ABFFC5F32,True
DEL-SYN-000997,ORD-SYN-000798,VEH-SYN-06,SOR-01,LOC-SYN-CUS-086,1,2025-10-16T08:55:00-03:00,2025-10-16T11:55:00-03:00,100.855,delivered_with_incident,B2B-V1-BASE,BLD-9102B6E8BF1ABFFC5F32,True
DEL-SYN-000998,ORD-SYN-000799,VEH-SYN-01,SOR-01,LOC-SYN-CUS-033,1,2025-10-18T12:31:00-03:00,2025-10-18T15:31:00-03:00,13.637,delivered,B2B-V1-BASE,BLD-9102B6E8BF1ABFFC5F32,True
DEL-SYN-000999,ORD-SYN-000800,VEH-SYN-02,SOR-01,LOC-SYN-CUS-117,1,2025-10-14T02:35:00-03:00,2025-10-14T05:35:00-03:00,14.483,delivered,B2B-V1-BASE,BLD-9102B6E8BF1ABFFC5F32,True
DEL-SYN-001000,ORD-SYN-000800,VEH-SYN-03,SOR-01,LOC-SYN-CUS-117,2,2025-10-14T12:35:00-03:00,2025-10-14T15:35:00-03:00,14.483,delivered,B2B-V1-BASE,BLD-9102B6E8BF1ABFFC5F32,True
DEL-SYN-001001,ORD-SYN-000801,VEH-SYN-03,SOR-01,LOC-SYN-CUS-113,1,2025-10-17T12:58:00-03:00,2025-10-17T15:58:00-03:00,18.69,delivered,B2B-V1-BASE,BLD-9102B6E8BF1ABFFC5F32,True
DEL-SYN-001002,ORD-SYN-000802,VEH-SYN-04,SOR-01,LOC-SYN-CUS-099,1,2025-10-15T04:37:00-03:00,2025-10-15T07:37:00-03:00,11.542,delivered,B2B-V1-BASE,BLD-9102B6E8BF1ABFFC5F32,True
DEL-SYN-001003,ORD-SYN-000803,VEH-SYN-05,SOR-01,LOC-SYN-CUS-113,1,2025-10-18T20:01:00-03:00,2025-10-18T23:01:00-03:00,18.69,delivered,B2B-V1-BASE,BLD-9102B6E8BF1ABFFC5F32,True
DEL-SYN-001004,ORD-SYN-000804,VEH-SYN-06,SOR-01,LOC-SYN-CUS-001,1,2025-10-18T20:26:00-03:00,2025-10-18T23:26:00-03:00,6.513,delivered,B2B-V1-BASE,BLD-9102B6E8BF1ABFFC5F32,True
DEL-SYN-001005,ORD-SYN-000804,VEH-SYN-01,SOR-01,LOC-SYN-CUS-001,2,2025-10-19T06:26:00-03:00,2025-10-19T09:26:00-03:00,6.513,delivered,B2B-V1-BASE,BLD-9102B6E8BF1ABFFC5F32,True
DEL-SYN-001006,ORD-SYN-000805,VEH-SYN-01,SOR-01,LOC-SYN-CUS-076,1,2025-10-16T06:54:00-03:00,2025-10-16T09:54:00-03:00,105.217,delivered,B2B-V1-BASE,BLD-9102B6E8BF1ABFFC5F32,True
DEL-SYN-001007,ORD-SYN-000806,VEH-SYN-02,SOR-01,LOC-SYN-CUS-077,1,2025-10-17T07:24:00-03:00,2025-10-17T10:24:00-03:00,6.85,delivered,B2B-V1-BASE,BLD-9102B6E8BF1ABFFC5F32,True
DEL-SYN-001008,ORD-SYN-000807,VEH-SYN-03,SOR-01,LOC-SYN-CUS-016,1,2025-10-17T08:18:00-03:00,2025-10-17T11:18:00-03:00,89.626,delivered,B2B-V1-BASE,BLD-9102B6E8BF1ABFFC5F32,True
DEL-SYN-001009,ORD-SYN-000808,VEH-SYN-04,SOR-01,LOC-SYN-CUS-046,1,2025-10-16T22:42:00-03:00,2025-10-17T01:42:00-03:00,97.72,delivered,B2B-V1-BASE,BLD-9102B6E8BF1ABFFC5F32,True
DEL-SYN-001010,ORD-SYN-000808,VEH-SYN-05,SOR-01,LOC-SYN-CUS-046,2,2025-10-17T08:42:00-03:00,2025-10-17T11:42:00-03:00,97.72,delivered,B2B-V1-BASE,BLD-9102B6E8BF1ABFFC5F32,True
DEL-SYN-001011,ORD-SYN-000809,VEH-SYN-05,SOR-01,LOC-SYN-CUS-133,1,2025-10-19T22:51:00-03:00,2025-10-20T01:51:00-03:00,15.316,delivered,B2B-V1-BASE,BLD-9102B6E8BF1ABFFC5F32,True
DEL-SYN-001012,ORD-SYN-000810,VEH-SYN-06,SOR-01,LOC-SYN-CUS-133,1,2025-10-15T09:09:00-03:00,2025-10-15T12:09:00-03:00,15.316,delivered,B2B-V1-BASE,BLD-9102B6E8BF1ABFFC5F32,True
DEL-SYN-001013,ORD-SYN-000811,VEH-SYN-01,SOR-01,LOC-SYN-CUS-034,1,2025-10-19T00:00:00-03:00,2025-10-19T03:00:00-03:00,92.375,delivered,B2B-V1-BASE,BLD-9102B6E8BF1ABFFC5F32,True
DEL-SYN-001014,ORD-SYN-000812,VEH-SYN-02,SOR-01,LOC-SYN-CUS-101,1,2025-10-19T01:22:00-03:00,2025-10-19T04:22:00-03:00,8.729,delivered,B2B-V1-BASE,BLD-9102B6E8BF1ABFFC5F32,True
DEL-SYN-001015,ORD-SYN-000812,VEH-SYN-03,SOR-01,LOC-SYN-CUS-101,2,2025-10-19T11:22:00-03:00,2025-10-19T14:22:00-03:00,8.729,delivered,B2B-V1-BASE,BLD-9102B6E8BF1ABFFC5F32,True
DEL-SYN-001016,ORD-SYN-000813,VEH-SYN-03,SOR-01,LOC-SYN-CUS-101,1,2025-10-17T11:47:00-03:00,2025-10-17T14:47:00-03:00,8.729,delivered,B2B-V1-BASE,BLD-9102B6E8BF1ABFFC5F32,True
DEL-SYN-001017,ORD-SYN-000814,VEH-SYN-04,SOR-01,LOC-SYN-CUS-145,1,2025-10-18T02:34:00-03:00,2025-10-18T05:34:00-03:00,9.581,delivered,B2B-V1-BASE,BLD-9102B6E8BF1ABFFC5F32,True
DEL-SYN-001018,ORD-SYN-000815,VEH-SYN-05,SOR-01,LOC-SYN-CUS-097,1,2025-10-20T03:47:00-03:00,2025-10-20T06:47:00-03:00,10.67,delivered,B2B-V1-BASE,BLD-9102B6E8BF1ABFFC5F32,True
DEL-SYN-001019,ORD-SYN-000816,VEH-SYN-06,SOR-01,LOC-SYN-CUS-133,1,2025-10-17T17:51:00-03:00,2025-10-17T20:51:00-03:00,15.316,delivered,B2B-V1-BASE,BLD-9102B6E8BF1ABFFC5F32,True
DEL-SYN-001020,ORD-SYN-000816,VEH-SYN-01,SOR-01,LOC-SYN-CUS-133,2,2025-10-18T03:51:00-03:00,2025-10-18T06:51:00-03:00,15.316,delivered,B2B-V1-BASE,BLD-9102B6E8BF1ABFFC5F32,True
DEL-SYN-001021,ORD-SYN-000817,VEH-SYN-01,SOR-01,LOC-SYN-CUS-094,1,2025-10-19T20:05:00-03:00,2025-10-19T23:05:00-03:00,81.241,delivered,B2B-V1-BASE,BLD-9102B6E8BF1ABFFC5F32,True
DEL-SYN-001022,ORD-SYN-000818,VEH-SYN-02,SOR-01,LOC-SYN-CUS-001,1,2025-10-17T06:34:00-03:00,2025-10-17T09:34:00-03:00,6.513,delivered,B2B-V1-BASE,BLD-9102B6E8BF1ABFFC5F32,True
DEL-SYN-001023,ORD-SYN-000819,VEH-SYN-03,SOR-01,LOC-SYN-CUS-145,1,2025-10-19T06:48:00-03:00,2025-10-19T09:48:00-03:00,9.581,delivered,B2B-V1-BASE,BLD-9102B6E8BF1ABFFC5F32,True
DEL-SYN-001024,ORD-SYN-000820,VEH-SYN-04,SOR-01,LOC-SYN-CUS-021,1,2025-10-19T22:46:00-03:00,2025-10-20T01:46:00-03:00,21.891,delivered,B2B-V1-BASE,BLD-9102B6E8BF1ABFFC5F32,True
DEL-SYN-001025,ORD-SYN-000820,VEH-SYN-05,SOR-01,LOC-SYN-CUS-021,2,2025-10-20T08:46:00-03:00,2025-10-20T11:46:00-03:00,21.891,delivered,B2B-V1-BASE,BLD-9102B6E8BF1ABFFC5F32,True
DEL-SYN-001026,ORD-SYN-000821,VEH-SYN-05,SOR-01,LOC-SYN-CUS-105,1,2025-10-17T09:04:00-03:00,2025-10-17T12:04:00-03:00,13.533,delivered,B2B-V1-BASE,BLD-9102B6E8BF1ABFFC5F32,True
DEL-SYN-001027,ORD-SYN-000822,VEH-SYN-06,SOR-01,LOC-SYN-CUS-094,1,2025-10-21T00:03:00-03:00,2025-10-21T03:03:00-03:00,81.241,delivered,B2B-V1-BASE,BLD-9102B6E8BF1ABFFC5F32,True
DEL-SYN-001028,ORD-SYN-000823,VEH-SYN-01,SOR-01,LOC-SYN-CUS-053,1,2025-10-19T10:40:00-03:00,2025-10-19T13:40:00-03:00,11.138,delivered,B2B-V1-BASE,BLD-9102B6E8BF1ABFFC5F32,True
DEL-SYN-001029,ORD-SYN-000824,VEH-SYN-02,SOR-01,LOC-SYN-CUS-075,1,2025-10-17T16:57:00-03:00,2025-10-17T19:57:00-03:00,11.238,delivered,B2B-V1-BASE,BLD-9102B6E8BF1ABFFC5F32,True
DEL-SYN-001030,ORD-SYN-000824,VEH-SYN-03,SOR-01,LOC-SYN-CUS-075,2,2025-10-18T06:57:00-03:00,2025-10-18T09:57:00-03:00,11.238,delivered,B2B-V1-BASE,BLD-9102B6E8BF1ABFFC5F32,True
DEL-SYN-001031,ORD-SYN-000825,VEH-SYN-03,SOR-01,LOC-SYN-CUS-138,1,2025-10-16T11:57:00-03:00,2025-10-16T14:57:00-03:00,93.584,delivered,B2B-V1-BASE,BLD-9102B6E8BF1ABFFC5F32,True
DEL-SYN-001032,ORD-SYN-000826,VEH-SYN-04,SOR-01,LOC-SYN-CUS-049,1,2025-10-17T12:08:00-03:00,2025-10-17T15:08:00-03:00,13.054,delivered,B2B-V1-BASE,BLD-9102B6E8BF1ABFFC5F32,True
DEL-SYN-001033,ORD-SYN-000827,VEH-SYN-05,SOR-01,LOC-SYN-CUS-034,1,2025-10-16T12:22:00-03:00,2025-10-16T15:22:00-03:00,92.375,delivered,B2B-V1-BASE,BLD-9102B6E8BF1ABFFC5F32,True
DEL-SYN-001034,ORD-SYN-000828,VEH-SYN-06,SOR-01,LOC-SYN-CUS-025,1,2025-10-19T02:57:00-03:00,2025-10-19T05:57:00-03:00,12.656,delivered,B2B-V1-BASE,BLD-9102B6E8BF1ABFFC5F32,True
DEL-SYN-001035,ORD-SYN-000828,VEH-SYN-01,SOR-01,LOC-SYN-CUS-025,2,2025-10-19T12:57:00-03:00,2025-10-19T15:57:00-03:00,12.656,delivered,B2B-V1-BASE,BLD-9102B6E8BF1ABFFC5F32,True
DEL-SYN-001036,ORD-SYN-000829,VEH-SYN-01,SOR-01,LOC-SYN-CUS-035,1,2025-10-19T03:29:00-03:00,2025-10-19T06:29:00-03:00,7.948,delivered,B2B-V1-BASE,BLD-9102B6E8BF1ABFFC5F32,True
DEL-SYN-001037,ORD-SYN-000830,VEH-SYN-02,SOR-01,LOC-SYN-CUS-110,1,2025-10-21T17:51:00-03:00,2025-10-21T20:51:00-03:00,101.983,delivered,B2B-V1-BASE,BLD-9102B6E8BF1ABFFC5F32,True
DEL-SYN-001038,ORD-SYN-000831,VEH-SYN-03,SOR-01,LOC-SYN-CUS-017,1,2025-10-19T04:03:00-03:00,2025-10-19T07:03:00-03:00,7.536,delivered,B2B-V1-BASE,BLD-9102B6E8BF1ABFFC5F32,True
DEL-SYN-001039,ORD-SYN-000832,VEH-SYN-04,SOR-01,LOC-SYN-CUS-105,1,2025-10-20T10:21:00-03:00,2025-10-20T13:21:00-03:00,13.533,delivered,B2B-V1-BASE,BLD-9102B6E8BF1ABFFC5F32,True
DEL-SYN-001040,ORD-SYN-000832,VEH-SYN-05,SOR-01,LOC-SYN-CUS-105,2,2025-10-21T00:21:00-03:00,2025-10-21T03:21:00-03:00,13.533,delivered,B2B-V1-BASE,BLD-9102B6E8BF1ABFFC5F32,True
DEL-SYN-001041,ORD-SYN-000833,VEH-SYN-05,SOR-01,LOC-SYN-CUS-112,1,2025-10-20T05:15:00-03:00,2025-10-20T08:15:00-03:00,94.924,delivered,B2B-V1-BASE,BLD-9102B6E8BF1ABFFC5F32,True
DEL-SYN-001042,ORD-SYN-000834,VEH-SYN-06,SOR-01,LOC-SYN-CUS-050,1,2025-10-18T06:17:00-03:00,2025-10-18T09:17:00-03:00,95.323,delivered,B2B-V1-BASE,BLD-9102B6E8BF1ABFFC5F32,True
DEL-SYN-001043,ORD-SYN-000835,VEH-SYN-01,SOR-01,LOC-SYN-CUS-029,1,2025-10-19T06:31:00-03:00,2025-10-19T09:31:00-03:00,8.682,delivered,B2B-V1-BASE,BLD-9102B6E8BF1ABFFC5F32,True
DEL-SYN-001044,ORD-SYN-000836,VEH-SYN-02,SOR-01,LOC-SYN-CUS-017,1,2025-10-18T21:59:00-03:00,2025-10-19T00:59:00-03:00,7.536,delivered,B2B-V1-BASE,BLD-9102B6E8BF1ABFFC5F32,True
DEL-SYN-001045,ORD-SYN-000836,VEH-SYN-03,SOR-01,LOC-SYN-CUS-017,2,2025-10-19T07:59:00-03:00,2025-10-19T10:59:00-03:00,7.536,delivered,B2B-V1-BASE,BLD-9102B6E8BF1ABFFC5F32,True
DEL-SYN-001046,ORD-SYN-000837,VEH-SYN-03,SOR-01,LOC-SYN-CUS-001,1,2025-10-21T08:13:00-03:00,2025-10-21T11:13:00-03:00,6.513,delivered,B2B-V1-BASE,BLD-9102B6E8BF1ABFFC5F32,True
DEL-SYN-001047,ORD-SYN-000838,VEH-SYN-04,SOR-01,LOC-SYN-CUS-134,1,2025-10-18T10:29:00-03:00,2025-10-18T13:29:00-03:00,101.573,delivered,B2B-V1-BASE,BLD-9102B6E8BF1ABFFC5F32,True
DEL-SYN-001048,ORD-SYN-000839,VEH-SYN-05,SOR-01,LOC-SYN-CUS-040,1,2025-10-21T11:54:00-03:00,2025-10-21T14:54:00-03:00,104.509,delivered,B2B-V1-BASE,BLD-9102B6E8BF1ABFFC5F32,True
DEL-SYN-001049,ORD-SYN-000840,VEH-SYN-06,SOR-01,LOC-SYN-CUS-012,1,2025-10-18T17:17:00-03:00,2025-10-18T20:17:00-03:00,93.694,delivered,B2B-V1-BASE,BLD-9102B6E8BF1ABFFC5F32,True
DEL-SYN-001050,ORD-SYN-000840,VEH-SYN-01,SOR-01,LOC-SYN-CUS-012,2,2025-10-19T03:17:00-03:00,2025-10-19T06:17:00-03:00,93.694,delivered,B2B-V1-BASE,BLD-9102B6E8BF1ABFFC5F32,True
DEL-SYN-001051,ORD-SYN-000841,VEH-SYN-01,SOR-01,LOC-SYN-CUS-149,1,2025-10-22T04:23:00-03:00,2025-10-22T07:23:00-03:00,9.994,delivered,B2B-V1-BASE,BLD-9102B6E8BF1ABFFC5F32,True
DEL-SYN-001052,ORD-SYN-000842,VEH-SYN-02,SOR-01,LOC-SYN-CUS-018,1,2025-10-20T04:32:00-03:00,2025-10-20T07:32:00-03:00,97.884,delivered,B2B-V1-BASE,BLD-9102B6E8BF1ABFFC5F32,True
DEL-SYN-001053,ORD-SYN-000843,VEH-SYN-03,SOR-01,LOC-SYN-CUS-037,1,2025-10-21T05:37:00-03:00,2025-10-21T08:37:00-03:00,1.869,delivered,B2B-V1-BASE,BLD-9102B6E8BF1ABFFC5F32,True
DEL-SYN-001054,ORD-SYN-000844,VEH-SYN-04,SOR-01,LOC-SYN-CUS-015,1,2025-10-18T20:32:00-03:00,2025-10-18T23:32:00-03:00,20.193,delivered,B2B-V1-BASE,BLD-9102B6E8BF1ABFFC5F32,True
DEL-SYN-001055,ORD-SYN-000844,VEH-SYN-05,SOR-01,LOC-SYN-CUS-015,2,2025-10-19T06:32:00-03:00,2025-10-19T09:32:00-03:00,20.193,delivered,B2B-V1-BASE,BLD-9102B6E8BF1ABFFC5F32,True
DEL-SYN-001056,ORD-SYN-000845,VEH-SYN-05,SOR-01,LOC-SYN-CUS-041,1,2025-10-22T07:06:00-03:00,2025-10-22T10:06:00-03:00,16.45,delivered,B2B-V1-BASE,BLD-9102B6E8BF1ABFFC5F32,True
DEL-SYN-001057,ORD-SYN-000846,VEH-SYN-06,SOR-01,LOC-SYN-CUS-060,1,2025-10-19T11:56:00-03:00,2025-10-19T14:56:00-03:00,99.346,delivered,B2B-V1-BASE,BLD-9102B6E8BF1ABFFC5F32,True
DEL-SYN-001058,ORD-SYN-000847,VEH-SYN-01,SOR-01,LOC-SYN-CUS-107,1,2025-10-21T12:26:00-03:00,2025-10-21T15:26:00-03:00,15.357,delivered,B2B-V1-BASE,BLD-9102B6E8BF1ABFFC5F32,True
DEL-SYN-001059,ORD-SYN-000848,VEH-SYN-02,SOR-01,LOC-SYN-CUS-090,1,2025-10-22T02:27:00-03:00,2025-10-22T05:27:00-03:00,114.028,delivered,B2B-V1-BASE,BLD-9102B6E8BF1ABFFC5F32,True
DEL-SYN-001060,ORD-SYN-000848,VEH-SYN-03,SOR-01,LOC-SYN-CUS-090,2,2025-10-22T12:27:00-03:00,2025-10-22T15:27:00-03:00,114.028,delivered_with_incident,B2B-V1-BASE,BLD-9102B6E8BF1ABFFC5F32,True
DEL-SYN-001061,ORD-SYN-000849,VEH-SYN-03,SOR-01,LOC-SYN-CUS-051,1,2025-10-21T08:10:00-03:00,2025-10-21T11:10:00-03:00,8.518,delivered,B2B-V1-BASE,BLD-9102B6E8BF1ABFFC5F32,True
DEL-SYN-001062,ORD-SYN-000850,VEH-SYN-04,SOR-01,LOC-SYN-CUS-105,1,2025-10-19T22:41:00-03:00,2025-10-20T01:41:00-03:00,13.533,delivered,B2B-V1-BASE,BLD-9102B6E8BF1ABFFC5F32,True
DEL-SYN-001063,ORD-SYN-000851,VEH-SYN-05,SOR-01,LOC-SYN-CUS-021,1,2025-10-23T10:12:00-03:00,2025-10-23T13:12:00-03:00,21.891,delivered,B2B-V1-BASE,BLD-9102B6E8BF1ABFFC5F32,True
DEL-SYN-001064,ORD-SYN-000852,VEH-SYN-06,SOR-01,LOC-SYN-CUS-126,1,2025-10-23T02:09:00-03:00,2025-10-23T05:09:00-03:00,96.582,delivered,B2B-V1-BASE,BLD-9102B6E8BF1ABFFC5F32,True
DEL-SYN-001065,ORD-SYN-000852,VEH-SYN-01,SOR-01,LOC-SYN-CUS-126,2,2025-10-23T12:09:00-03:00,2025-10-23T15:09:00-03:00,96.582,delivered,B2B-V1-BASE,BLD-9102B6E8BF1ABFFC5F32,True
DEL-SYN-001066,ORD-SYN-000853,VEH-SYN-01,SOR-01,LOC-SYN-CUS-033,1,2025-10-21T12:48:00-03:00,2025-10-21T15:48:00-03:00,13.637,delivered,B2B-V1-BASE,BLD-9102B6E8BF1ABFFC5F32,True
DEL-SYN-001067,ORD-SYN-000854,VEH-SYN-02,SOR-01,LOC-SYN-CUS-043,1,2025-10-22T03:07:00-03:00,2025-10-22T06:07:00-03:00,10.148,delivered,B2B-V1-BASE,BLD-9102B6E8BF1ABFFC5F32,True
DEL-SYN-001068,ORD-SYN-000855,VEH-SYN-03,SOR-01,LOC-SYN-CUS-041,1,2025-10-23T04:14:00-03:00,2025-10-23T07:14:00-03:00,16.45,delivered,B2B-V1-BASE,BLD-9102B6E8BF1ABFFC5F32,True
DEL-SYN-001069,ORD-SYN-000856,VEH-SYN-04,SOR-01,LOC-SYN-CUS-125,1,2025-10-23T18:22:00-03:00,2025-10-23T21:22:00-03:00,11.651,delivered,B2B-V1-BASE,BLD-9102B6E8BF1ABFFC5F32,True
DEL-SYN-001070,ORD-SYN-000856,VEH-SYN-05,SOR-01,LOC-SYN-CUS-125,2,2025-10-24T04:22:00-03:00,2025-10-24T07:22:00-03:00,11.651,delivered,B2B-V1-BASE,BLD-9102B6E8BF1ABFFC5F32,True
DEL-SYN-001071,ORD-SYN-000857,VEH-SYN-05,SOR-01,LOC-SYN-CUS-105,1,2025-10-21T04:41:00-03:00,2025-10-21T07:41:00-03:00,13.533,delivered,B2B-V1-BASE,BLD-9102B6E8BF1ABFFC5F32,True
DEL-SYN-001072,ORD-SYN-000858,VEH-SYN-06,SOR-01,LOC-SYN-CUS-014,1,2025-10-20T05:41:00-03:00,2025-10-20T08:41:00-03:00,98.171,delivered,B2B-V1-BASE,BLD-9102B6E8BF1ABFFC5F32,True
DEL-SYN-001073,ORD-SYN-000859,VEH-SYN-01,SOR-01,LOC-SYN-CUS-110,1,2025-10-24T06:55:00-03:00,2025-10-24T09:55:00-03:00,101.983,delivered,B2B-V1-BASE,BLD-9102B6E8BF1ABFFC5F32,True
DEL-SYN-001074,ORD-SYN-000860,VEH-SYN-02,SOR-01,LOC-SYN-CUS-021,1,2025-10-19T21:08:00-03:00,2025-10-20T00:08:00-03:00,21.891,delivered,B2B-V1-BASE,BLD-9102B6E8BF1ABFFC5F32,True
DEL-SYN-001075,ORD-SYN-000860,VEH-SYN-03,SOR-01,LOC-SYN-CUS-021,2,2025-10-20T07:08:00-03:00,2025-10-20T10:08:00-03:00,21.891,delivered,B2B-V1-BASE,BLD-9102B6E8BF1ABFFC5F32,True
DEL-SYN-001076,ORD-SYN-000861,VEH-SYN-03,SOR-01,LOC-SYN-CUS-030,1,2025-10-20T07:52:00-03:00,2025-10-20T10:52:00-03:00,95.926,delivered,B2B-V1-BASE,BLD-9102B6E8BF1ABFFC5F32,True
DEL-SYN-001077,ORD-SYN-000862,VEH-SYN-04,SOR-01,LOC-SYN-CUS-034,1,2025-10-24T08:23:00-03:00,2025-10-24T11:23:00-03:00,92.375,delivered,B2B-V1-BASE,BLD-9102B6E8BF1ABFFC5F32,True
DEL-SYN-001078,ORD-SYN-000863,VEH-SYN-05,SOR-01,LOC-SYN-CUS-073,1,2025-10-22T09:25:00-03:00,2025-10-22T12:25:00-03:00,17.971,delivered,B2B-V1-BASE,BLD-9102B6E8BF1ABFFC5F32,True
DEL-SYN-001079,ORD-SYN-000864,VEH-SYN-06,SOR-01,LOC-SYN-CUS-130,1,2025-10-20T17:26:00-03:00,2025-10-20T20:26:00-03:00,92.017,delivered,B2B-V1-BASE,BLD-9102B6E8BF1ABFFC5F32,True
DEL-SYN-001080,ORD-SYN-000864,VEH-SYN-01,SOR-01,LOC-SYN-CUS-130,2,2025-10-21T03:26:00-03:00,2025-10-21T06:26:00-03:00,92.017,delivered,B2B-V1-BASE,BLD-9102B6E8BF1ABFFC5F32,True
DEL-SYN-001081,ORD-SYN-000865,VEH-SYN-01,SOR-01,LOC-SYN-CUS-106,1,2025-10-21T03:47:00-03:00,2025-10-21T06:47:00-03:00,97.3,delivered,B2B-V1-BASE,BLD-9102B6E8BF1ABFFC5F32,True
DEL-SYN-001082,ORD-SYN-000866,VEH-SYN-02,SOR-01,LOC-SYN-CUS-044,1,2025-10-24T04:50:00-03:00,2025-10-24T07:50:00-03:00,96.701,delivered_with_incident,B2B-V1-BASE,BLD-9102B6E8BF1ABFFC5F32,True
DEL-SYN-001083,ORD-SYN-000867,VEH-SYN-03,SOR-01,LOC-SYN-CUS-149,1,2025-10-22T06:05:00-03:00,2025-10-22T09:05:00-03:00,9.994,delivered,B2B-V1-BASE,BLD-9102B6E8BF1ABFFC5F32,True
DEL-SYN-001084,ORD-SYN-000868,VEH-SYN-04,SOR-01,LOC-SYN-CUS-033,1,2025-10-20T20:23:00-03:00,2025-10-20T23:23:00-03:00,13.637,delivered,B2B-V1-BASE,BLD-9102B6E8BF1ABFFC5F32,True
DEL-SYN-001085,ORD-SYN-000868,VEH-SYN-05,SOR-01,LOC-SYN-CUS-033,2,2025-10-21T06:23:00-03:00,2025-10-21T09:23:00-03:00,13.637,delivered,B2B-V1-BASE,BLD-9102B6E8BF1ABFFC5F32,True
DEL-SYN-001086,ORD-SYN-000869,VEH-SYN-05,SOR-01,LOC-SYN-CUS-024,1,2025-10-25T06:38:00-03:00,2025-10-25T09:38:00-03:00,107.095,delivered,B2B-V1-BASE,BLD-9102B6E8BF1ABFFC5F32,True
DEL-SYN-001087,ORD-SYN-000870,VEH-SYN-06,SOR-01,LOC-SYN-CUS-130,1,2025-10-21T08:11:00-03:00,2025-10-21T11:11:00-03:00,92.017,delivered,B2B-V1-BASE,BLD-9102B6E8BF1ABFFC5F32,True
DEL-SYN-001088,ORD-SYN-000871,VEH-SYN-01,SOR-01,LOC-SYN-CUS-110,1,2025-10-24T08:12:00-03:00,2025-10-24T11:12:00-03:00,101.983,delivered,B2B-V1-BASE,BLD-9102B6E8BF1ABFFC5F32,True
DEL-SYN-001089,ORD-SYN-000872,VEH-SYN-02,SOR-01,LOC-SYN-CUS-066,1,2025-10-20T22:52:00-03:00,2025-10-21T01:52:00-03:00,96.649,delivered,B2B-V1-BASE,BLD-9102B6E8BF1ABFFC5F32,True
DEL-SYN-001090,ORD-SYN-000872,VEH-SYN-03,SOR-01,LOC-SYN-CUS-066,2,2025-10-21T08:52:00-03:00,2025-10-21T11:52:00-03:00,96.649,delivered,B2B-V1-BASE,BLD-9102B6E8BF1ABFFC5F32,True
DEL-SYN-001091,ORD-SYN-000873,VEH-SYN-03,SOR-01,LOC-SYN-CUS-134,1,2025-10-24T10:26:00-03:00,2025-10-24T13:26:00-03:00,101.573,delivered,B2B-V1-BASE,BLD-9102B6E8BF1ABFFC5F32,True
DEL-SYN-001092,ORD-SYN-000874,VEH-SYN-04,SOR-01,LOC-SYN-CUS-031,1,2025-10-25T12:40:00-03:00,2025-10-25T15:40:00-03:00,2.694,delivered,B2B-V1-BASE,BLD-9102B6E8BF1ABFFC5F32,True
DEL-SYN-001093,ORD-SYN-000875,VEH-SYN-05,SOR-01,LOC-SYN-CUS-113,1,2025-10-21T12:42:00-03:00,2025-10-21T15:42:00-03:00,18.69,delivered,B2B-V1-BASE,BLD-9102B6E8BF1ABFFC5F32,True
DEL-SYN-001094,ORD-SYN-000876,VEH-SYN-06,SOR-01,LOC-SYN-CUS-141,1,2025-10-25T17:17:00-03:00,2025-10-25T20:17:00-03:00,3.791,delivered,B2B-V1-BASE,BLD-9102B6E8BF1ABFFC5F32,True
DEL-SYN-001095,ORD-SYN-000876,VEH-SYN-01,SOR-01,LOC-SYN-CUS-141,2,2025-10-26T03:17:00-03:00,2025-10-26T06:17:00-03:00,3.791,delivered,B2B-V1-BASE,BLD-9102B6E8BF1ABFFC5F32,True
DEL-SYN-001096,ORD-SYN-000877,VEH-SYN-01,SOR-01,LOC-SYN-CUS-031,1,2025-10-26T19:41:00-03:00,2025-10-26T22:41:00-03:00,2.694,delivered,B2B-V1-BASE,BLD-9102B6E8BF1ABFFC5F32,True
DEL-SYN-001097,ORD-SYN-000878,VEH-SYN-02,SOR-01,LOC-SYN-CUS-054,1,2025-10-24T19:51:00-03:00,2025-10-24T22:51:00-03:00,92.335,delivered,B2B-V1-BASE,BLD-9102B6E8BF1ABFFC5F32,True
DEL-SYN-001098,ORD-SYN-000879,VEH-SYN-03,SOR-01,LOC-SYN-CUS-013,1,2025-10-26T06:04:00-03:00,2025-10-26T09:04:00-03:00,12.582,delivered,B2B-V1-BASE,BLD-9102B6E8BF1ABFFC5F32,True
DEL-SYN-001099,ORD-SYN-000880,VEH-SYN-04,SOR-01,LOC-SYN-CUS-110,1,2025-10-21T20:09:00-03:00,2025-10-21T23:09:00-03:00,101.983,delivered,B2B-V1-BASE,BLD-9102B6E8BF1ABFFC5F32,True
DEL-SYN-001100,ORD-SYN-000880,VEH-SYN-05,SOR-01,LOC-SYN-CUS-110,2,2025-10-22T06:09:00-03:00,2025-10-22T09:09:00-03:00,101.983,delivered,B2B-V1-BASE,BLD-9102B6E8BF1ABFFC5F32,True
DEL-SYN-001101,ORD-SYN-000881,VEH-SYN-05,SOR-01,LOC-SYN-CUS-085,1,2025-10-23T20:16:00-03:00,2025-10-23T23:16:00-03:00,11.234,delivered,B2B-V1-BASE,BLD-9102B6E8BF1ABFFC5F32,True
DEL-SYN-001102,ORD-SYN-000882,VEH-SYN-06,SOR-01,LOC-SYN-CUS-066,1,2025-10-24T06:18:00-03:00,2025-10-24T09:18:00-03:00,96.649,delivered,B2B-V1-BASE,BLD-9102B6E8BF1ABFFC5F32,True
DEL-SYN-001103,ORD-SYN-000883,VEH-SYN-01,SOR-01,LOC-SYN-CUS-093,1,2025-10-25T06:22:00-03:00,2025-10-25T09:22:00-03:00,14.157,delivered,B2B-V1-BASE,BLD-9102B6E8BF1ABFFC5F32,True
DEL-SYN-001104,ORD-SYN-000884,VEH-SYN-02,SOR-01,LOC-SYN-CUS-047,1,2025-10-21T20:26:00-03:00,2025-10-21T23:26:00-03:00,14.65,delivered,B2B-V1-BASE,BLD-9102B6E8BF1ABFFC5F32,True
DEL-SYN-001105,ORD-SYN-000884,VEH-SYN-03,SOR-01,LOC-SYN-CUS-047,2,2025-10-22T06:26:00-03:00,2025-10-22T09:26:00-03:00,14.65,delivered,B2B-V1-BASE,BLD-9102B6E8BF1ABFFC5F32,True
DEL-SYN-001106,ORD-SYN-000885,VEH-SYN-03,SOR-01,LOC-SYN-CUS-133,1,2025-10-25T06:49:00-03:00,2025-10-25T09:49:00-03:00,15.316,delivered,B2B-V1-BASE,BLD-9102B6E8BF1ABFFC5F32,True
DEL-SYN-001107,ORD-SYN-000886,VEH-SYN-04,SOR-01,LOC-SYN-CUS-136,1,2025-10-22T07:17:00-03:00,2025-10-22T10:17:00-03:00,98.302,delivered,B2B-V1-BASE,BLD-9102B6E8BF1ABFFC5F32,True
DEL-SYN-001108,ORD-SYN-000887,VEH-SYN-05,SOR-01,LOC-SYN-CUS-029,1,2025-10-22T08:16:00-03:00,2025-10-22T11:16:00-03:00,8.682,delivered,B2B-V1-BASE,BLD-9102B6E8BF1ABFFC5F32,True
DEL-SYN-001109,ORD-SYN-000888,VEH-SYN-06,SOR-01,LOC-SYN-CUS-026,1,2025-10-25T22:19:00-03:00,2025-10-26T01:19:00-03:00,93.542,delivered,B2B-V1-BASE,BLD-9102B6E8BF1ABFFC5F32,True
DEL-SYN-001110,ORD-SYN-000888,VEH-SYN-01,SOR-01,LOC-SYN-CUS-026,2,2025-10-26T08:19:00-03:00,2025-10-26T11:19:00-03:00,93.542,delivered,B2B-V1-BASE,BLD-9102B6E8BF1ABFFC5F32,True
DEL-SYN-001111,ORD-SYN-000889,VEH-SYN-01,SOR-01,LOC-SYN-CUS-109,1,2025-10-24T08:25:00-03:00,2025-10-24T11:25:00-03:00,15.631,delivered,B2B-V1-BASE,BLD-9102B6E8BF1ABFFC5F32,True
DEL-SYN-001112,ORD-SYN-000890,VEH-SYN-02,SOR-01,LOC-SYN-CUS-001,1,2025-10-25T09:01:00-03:00,2025-10-25T12:01:00-03:00,6.513,delivered,B2B-V1-BASE,BLD-9102B6E8BF1ABFFC5F32,True
DEL-SYN-001113,ORD-SYN-000891,VEH-SYN-03,SOR-01,LOC-SYN-CUS-073,1,2025-10-25T00:24:00-03:00,2025-10-25T03:24:00-03:00,17.971,delivered,B2B-V1-BASE,BLD-9102B6E8BF1ABFFC5F32,True
DEL-SYN-001114,ORD-SYN-000892,VEH-SYN-04,SOR-01,LOC-SYN-CUS-025,1,2025-10-25T17:54:00-03:00,2025-10-25T20:54:00-03:00,12.656,delivered,B2B-V1-BASE,BLD-9102B6E8BF1ABFFC5F32,True
DEL-SYN-001115,ORD-SYN-000892,VEH-SYN-05,SOR-01,LOC-SYN-CUS-025,2,2025-10-26T03:54:00-03:00,2025-10-26T06:54:00-03:00,12.656,delivered,B2B-V1-BASE,BLD-9102B6E8BF1ABFFC5F32,True
DEL-SYN-001116,ORD-SYN-000893,VEH-SYN-05,SOR-01,LOC-SYN-CUS-122,1,2025-10-25T04:25:00-03:00,2025-10-25T07:25:00-03:00,107.646,delivered,B2B-V1-BASE,BLD-9102B6E8BF1ABFFC5F32,True
DEL-SYN-001117,ORD-SYN-000894,VEH-SYN-06,SOR-01,LOC-SYN-CUS-136,1,2025-10-23T18:49:00-03:00,2025-10-23T21:49:00-03:00,98.302,delivered,B2B-V1-BASE,BLD-9102B6E8BF1ABFFC5F32,True
DEL-SYN-001118,ORD-SYN-000895,VEH-SYN-01,SOR-01,LOC-SYN-CUS-084,1,2025-10-26T05:56:00-03:00,2025-10-26T08:56:00-03:00,94.071,delivered,B2B-V1-BASE,BLD-9102B6E8BF1ABFFC5F32,True
DEL-SYN-001119,ORD-SYN-000896,VEH-SYN-02,SOR-01,LOC-SYN-CUS-102,1,2025-10-22T21:39:00-03:00,2025-10-23T00:39:00-03:00,92.902,delivered,B2B-V1-BASE,BLD-9102B6E8BF1ABFFC5F32,True
DEL-SYN-001120,ORD-SYN-000896,VEH-SYN-03,SOR-01,LOC-SYN-CUS-102,2,2025-10-23T07:39:00-03:00,2025-10-23T10:39:00-03:00,92.902,delivered,B2B-V1-BASE,BLD-9102B6E8BF1ABFFC5F32,True
DEL-SYN-001121,ORD-SYN-000897,VEH-SYN-03,SOR-01,LOC-SYN-CUS-116,1,2025-10-26T08:20:00-03:00,2025-10-26T11:20:00-03:00,97.555,delivered,B2B-V1-BASE,BLD-9102B6E8BF1ABFFC5F32,True
DEL-SYN-001122,ORD-SYN-000898,VEH-SYN-04,SOR-01,LOC-SYN-CUS-097,1,2025-10-27T09:25:00-03:00,2025-10-27T12:25:00-03:00,10.67,delivered,B2B-V1-BASE,BLD-9102B6E8BF1ABFFC5F32,True
DEL-SYN-001123,ORD-SYN-000899,VEH-SYN-05,SOR-01,LOC-SYN-CUS-122,1,2025-10-26T09:53:00-03:00,2025-10-26T12:53:00-03:00,107.646,delivered,B2B-V1-BASE,BLD-9102B6E8BF1ABFFC5F32,True
DEL-SYN-001124,ORD-SYN-000900,VEH-SYN-06,SOR-01,LOC-SYN-CUS-034,1,2025-10-24T00:09:00-03:00,2025-10-24T03:09:00-03:00,92.375,delivered_with_incident,B2B-V1-BASE,BLD-9102B6E8BF1ABFFC5F32,True
DEL-SYN-001125,ORD-SYN-000900,VEH-SYN-01,SOR-01,LOC-SYN-CUS-034,2,2025-10-24T10:09:00-03:00,2025-10-24T13:09:00-03:00,92.375,delivered,B2B-V1-BASE,BLD-9102B6E8BF1ABFFC5F32,True
DEL-SYN-001126,ORD-SYN-000901,VEH-SYN-01,SOR-01,LOC-SYN-CUS-124,1,2025-10-28T00:42:00-03:00,2025-10-28T03:42:00-03:00,90.769,delivered,B2B-V1-BASE,BLD-9102B6E8BF1ABFFC5F32,True
DEL-SYN-001127,ORD-SYN-000902,VEH-SYN-02,SOR-01,LOC-SYN-CUS-026,1,2025-10-24T12:00:00-03:00,2025-10-24T15:00:00-03:00,93.542,delivered,B2B-V1-BASE,BLD-9102B6E8BF1ABFFC5F32,True
DEL-SYN-001128,ORD-SYN-000903,VEH-SYN-03,SOR-01,LOC-SYN-CUS-137,1,2025-10-28T02:18:00-03:00,2025-10-28T05:18:00-03:00,11.323,delivered,B2B-V1-BASE,BLD-9102B6E8BF1ABFFC5F32,True
DEL-SYN-001129,ORD-SYN-000904,VEH-SYN-04,SOR-01,LOC-SYN-CUS-079,1,2025-10-26T17:33:00-03:00,2025-10-26T20:33:00-03:00,9.76,delivered,B2B-V1-BASE,BLD-9102B6E8BF1ABFFC5F32,True
DEL-SYN-001130,ORD-SYN-000904,VEH-SYN-05,SOR-01,LOC-SYN-CUS-079,2,2025-10-27T03:33:00-03:00,2025-10-27T06:33:00-03:00,9.76,delivered,B2B-V1-BASE,BLD-9102B6E8BF1ABFFC5F32,True
DEL-SYN-001131,ORD-SYN-000905,VEH-SYN-05,SOR-01,LOC-SYN-CUS-065,1,2025-10-24T05:37:00-03:00,2025-10-24T08:37:00-03:00,13.49,delivered,B2B-V1-BASE,BLD-9102B6E8BF1ABFFC5F32,True
DEL-SYN-001132,ORD-SYN-000906,VEH-SYN-06,SOR-01,LOC-SYN-CUS-107,1,2025-10-24T19:39:00-03:00,2025-10-24T22:39:00-03:00,15.357,delivered,B2B-V1-BASE,BLD-9102B6E8BF1ABFFC5F32,True
DEL-SYN-001133,ORD-SYN-000907,VEH-SYN-01,SOR-01,LOC-SYN-CUS-095,1,2025-10-25T06:26:00-03:00,2025-10-25T09:26:00-03:00,11.423,delivered,B2B-V1-BASE,BLD-9102B6E8BF1ABFFC5F32,True
DEL-SYN-001134,ORD-SYN-000908,VEH-SYN-02,SOR-01,LOC-SYN-CUS-094,1,2025-10-24T20:28:00-03:00,2025-10-24T23:28:00-03:00,81.241,delivered,B2B-V1-BASE,BLD-9102B6E8BF1ABFFC5F32,True
DEL-SYN-001135,ORD-SYN-000908,VEH-SYN-03,SOR-01,LOC-SYN-CUS-094,2,2025-10-25T06:28:00-03:00,2025-10-25T09:28:00-03:00,81.241,delivered,B2B-V1-BASE,BLD-9102B6E8BF1ABFFC5F32,True
DEL-SYN-001136,ORD-SYN-000909,VEH-SYN-03,SOR-01,LOC-SYN-CUS-125,1,2025-10-26T21:00:00-03:00,2025-10-27T00:00:00-03:00,11.651,delivered,B2B-V1-BASE,BLD-9102B6E8BF1ABFFC5F32,True
DEL-SYN-001137,ORD-SYN-000910,VEH-SYN-04,SOR-01,LOC-SYN-CUS-015,1,2025-10-24T07:03:00-03:00,2025-10-24T10:03:00-03:00,20.193,delivered,B2B-V1-BASE,BLD-9102B6E8BF1ABFFC5F32,True
DEL-SYN-001138,ORD-SYN-000911,VEH-SYN-05,SOR-01,LOC-SYN-CUS-097,1,2025-10-26T07:09:00-03:00,2025-10-26T10:09:00-03:00,10.67,delivered,B2B-V1-BASE,BLD-9102B6E8BF1ABFFC5F32,True
DEL-SYN-001139,ORD-SYN-000912,VEH-SYN-06,SOR-01,LOC-SYN-CUS-023,1,2025-10-27T13:33:00-03:00,2025-10-27T16:33:00-03:00,12.238,delivered,B2B-V1-BASE,BLD-9102B6E8BF1ABFFC5F32,True
DEL-SYN-001140,ORD-SYN-000912,VEH-SYN-01,SOR-01,LOC-SYN-CUS-023,2,2025-10-28T03:33:00-03:00,2025-10-28T06:33:00-03:00,12.238,delivered,B2B-V1-BASE,BLD-9102B6E8BF1ABFFC5F32,True
DEL-SYN-001141,ORD-SYN-000913,VEH-SYN-01,SOR-01,LOC-SYN-CUS-010,1,2025-10-28T07:58:00-03:00,2025-10-28T10:58:00-03:00,98.174,delivered,B2B-V1-BASE,BLD-9102B6E8BF1ABFFC5F32,True
DEL-SYN-001142,ORD-SYN-000914,VEH-SYN-02,SOR-01,LOC-SYN-CUS-130,1,2025-10-26T22:03:00-03:00,2025-10-27T01:03:00-03:00,92.017,delivered,B2B-V1-BASE,BLD-9102B6E8BF1ABFFC5F32,True
DEL-SYN-001143,ORD-SYN-000915,VEH-SYN-03,SOR-01,LOC-SYN-CUS-101,1,2025-10-28T08:57:00-03:00,2025-10-28T11:57:00-03:00,8.729,delivered,B2B-V1-BASE,BLD-9102B6E8BF1ABFFC5F32,True
DEL-SYN-001144,ORD-SYN-000916,VEH-SYN-04,SOR-01,LOC-SYN-CUS-082,1,2025-10-28T15:20:00-03:00,2025-10-28T18:20:00-03:00,95.328,delivered,B2B-V1-BASE,BLD-9102B6E8BF1ABFFC5F32,True
DEL-SYN-001145,ORD-SYN-000916,VEH-SYN-05,SOR-01,LOC-SYN-CUS-082,2,2025-10-29T05:20:00-03:00,2025-10-29T08:20:00-03:00,95.328,delivered_with_incident,B2B-V1-BASE,BLD-9102B6E8BF1ABFFC5F32,True
DEL-SYN-001146,ORD-SYN-000917,VEH-SYN-05,SOR-01,LOC-SYN-CUS-135,1,2025-10-28T09:31:00-03:00,2025-10-28T12:31:00-03:00,15.798,delivered,B2B-V1-BASE,BLD-9102B6E8BF1ABFFC5F32,True
DEL-SYN-001147,ORD-SYN-000918,VEH-SYN-06,SOR-01,LOC-SYN-CUS-028,1,2025-10-24T10:50:00-03:00,2025-10-24T13:50:00-03:00,103.781,delivered,B2B-V1-BASE,BLD-9102B6E8BF1ABFFC5F32,True
DEL-SYN-001148,ORD-SYN-000919,VEH-SYN-01,SOR-01,LOC-SYN-CUS-009,1,2025-10-27T01:53:00-03:00,2025-10-27T04:53:00-03:00,14.093,delivered,B2B-V1-BASE,BLD-9102B6E8BF1ABFFC5F32,True
DEL-SYN-001149,ORD-SYN-000920,VEH-SYN-02,SOR-01,LOC-SYN-CUS-037,1,2025-10-27T17:03:00-03:00,2025-10-27T20:03:00-03:00,1.869,delivered,B2B-V1-BASE,BLD-9102B6E8BF1ABFFC5F32,True
DEL-SYN-001150,ORD-SYN-000920,VEH-SYN-03,SOR-01,LOC-SYN-CUS-037,2,2025-10-28T03:03:00-03:00,2025-10-28T06:03:00-03:00,1.869,delivered,B2B-V1-BASE,BLD-9102B6E8BF1ABFFC5F32,True
DEL-SYN-001151,ORD-SYN-000921,VEH-SYN-03,SOR-01,LOC-SYN-CUS-033,1,2025-10-25T03:41:00-03:00,2025-10-25T06:41:00-03:00,13.637,delivered,B2B-V1-BASE,BLD-9102B6E8BF1ABFFC5F32,True
DEL-SYN-001152,ORD-SYN-000922,VEH-SYN-04,SOR-01,LOC-SYN-CUS-063,1,2025-10-25T05:00:00-03:00,2025-10-25T08:00:00-03:00,10.053,delivered,B2B-V1-BASE,BLD-9102B6E8BF1ABFFC5F32,True
DEL-SYN-001153,ORD-SYN-000923,VEH-SYN-05,SOR-01,LOC-SYN-CUS-006,1,2025-10-28T05:23:00-03:00,2025-10-28T08:23:00-03:00,102.381,delivered,B2B-V1-BASE,BLD-9102B6E8BF1ABFFC5F32,True
DEL-SYN-001154,ORD-SYN-000924,VEH-SYN-06,SOR-01,LOC-SYN-CUS-086,1,2025-10-27T19:40:00-03:00,2025-10-27T22:40:00-03:00,100.855,delivered,B2B-V1-BASE,BLD-9102B6E8BF1ABFFC5F32,True
DEL-SYN-001155,ORD-SYN-000924,VEH-SYN-01,SOR-01,LOC-SYN-CUS-086,2,2025-10-28T05:40:00-03:00,2025-10-28T08:40:00-03:00,100.855,delivered,B2B-V1-BASE,BLD-9102B6E8BF1ABFFC5F32,True
DEL-SYN-001156,ORD-SYN-000925,VEH-SYN-01,SOR-01,LOC-SYN-CUS-146,1,2025-10-26T05:57:00-03:00,2025-10-26T08:57:00-03:00,99.257,delivered,B2B-V1-BASE,BLD-9102B6E8BF1ABFFC5F32,True
DEL-SYN-001157,ORD-SYN-000926,VEH-SYN-02,SOR-01,LOC-SYN-CUS-021,1,2025-10-28T06:12:00-03:00,2025-10-28T09:12:00-03:00,21.891,delivered,B2B-V1-BASE,BLD-9102B6E8BF1ABFFC5F32,True
DEL-SYN-001158,ORD-SYN-000927,VEH-SYN-03,SOR-01,LOC-SYN-CUS-094,1,2025-10-29T06:55:00-03:00,2025-10-29T09:55:00-03:00,81.241,delivered,B2B-V1-BASE,BLD-9102B6E8BF1ABFFC5F32,True
DEL-SYN-001159,ORD-SYN-000928,VEH-SYN-04,SOR-01,LOC-SYN-CUS-126,1,2025-10-28T12:58:00-03:00,2025-10-28T15:58:00-03:00,96.582,delivered,B2B-V1-BASE,BLD-9102B6E8BF1ABFFC5F32,True
DEL-SYN-001160,ORD-SYN-000928,VEH-SYN-05,SOR-01,LOC-SYN-CUS-126,2,2025-10-29T02:58:00-03:00,2025-10-29T05:58:00-03:00,96.582,delivered,B2B-V1-BASE,BLD-9102B6E8BF1ABFFC5F32,True
DEL-SYN-001161,ORD-SYN-000929,VEH-SYN-05,SOR-01,LOC-SYN-CUS-079,1,2025-10-29T07:15:00-03:00,2025-10-29T10:15:00-03:00,9.76,delivered,B2B-V1-BASE,BLD-9102B6E8BF1ABFFC5F32,True
DEL-SYN-001162,ORD-SYN-000930,VEH-SYN-06,SOR-01,LOC-SYN-CUS-043,1,2025-10-27T07:53:00-03:00,2025-10-27T10:53:00-03:00,10.148,delivered,B2B-V1-BASE,BLD-9102B6E8BF1ABFFC5F32,True
DEL-SYN-001163,ORD-SYN-000931,VEH-SYN-01,SOR-01,LOC-SYN-CUS-021,1,2025-10-29T22:36:00-03:00,2025-10-30T01:36:00-03:00,21.891,delivered,B2B-V1-BASE,BLD-9102B6E8BF1ABFFC5F32,True
DEL-SYN-001164,ORD-SYN-000932,VEH-SYN-02,SOR-01,LOC-SYN-CUS-148,1,2025-10-28T00:23:00-03:00,2025-10-28T03:23:00-03:00,94.333,delivered,B2B-V1-BASE,BLD-9102B6E8BF1ABFFC5F32,True
DEL-SYN-001165,ORD-SYN-000932,VEH-SYN-03,SOR-01,LOC-SYN-CUS-148,2,2025-10-28T10:23:00-03:00,2025-10-28T13:23:00-03:00,94.333,delivered,B2B-V1-BASE,BLD-9102B6E8BF1ABFFC5F32,True
DEL-SYN-001166,ORD-SYN-000933,VEH-SYN-03,SOR-01,LOC-SYN-CUS-142,1,2025-10-25T11:42:00-03:00,2025-10-25T14:42:00-03:00,96.727,delivered,B2B-V1-BASE,BLD-9102B6E8BF1ABFFC5F32,True
DEL-SYN-001167,ORD-SYN-000934,VEH-SYN-04,SOR-01,LOC-SYN-CUS-137,1,2025-10-29T12:55:00-03:00,2025-10-29T15:55:00-03:00,11.323,delivered,B2B-V1-BASE,BLD-9102B6E8BF1ABFFC5F32,True
DEL-SYN-001168,ORD-SYN-000935,VEH-SYN-05,SOR-01,LOC-SYN-CUS-149,1,2025-10-26T05:09:00-03:00,2025-10-26T08:09:00-03:00,9.994,delivered,B2B-V1-BASE,BLD-9102B6E8BF1ABFFC5F32,True
DEL-SYN-001169,ORD-SYN-000936,VEH-SYN-06,SOR-01,LOC-SYN-CUS-057,1,2025-10-30T11:22:00-03:00,2025-10-30T14:22:00-03:00,11.041,delivered,B2B-V1-BASE,BLD-9102B6E8BF1ABFFC5F32,True
DEL-SYN-001170,ORD-SYN-000936,VEH-SYN-01,SOR-01,LOC-SYN-CUS-057,2,2025-10-31T01:22:00-03:00,2025-10-31T04:22:00-03:00,11.041,delivered,B2B-V1-BASE,BLD-9102B6E8BF1ABFFC5F32,True
DEL-SYN-001171,ORD-SYN-000937,VEH-SYN-01,SOR-01,LOC-SYN-CUS-105,1,2025-10-30T07:57:00-03:00,2025-10-30T10:57:00-03:00,13.533,delivered,B2B-V1-BASE,BLD-9102B6E8BF1ABFFC5F32,True
DEL-SYN-001172,ORD-SYN-000938,VEH-SYN-02,SOR-01,LOC-SYN-CUS-125,1,2025-10-29T07:59:00-03:00,2025-10-29T10:59:00-03:00,11.651,delivered,B2B-V1-BASE,BLD-9102B6E8BF1ABFFC5F32,True
DEL-SYN-001173,ORD-SYN-000939,VEH-SYN-03,SOR-01,LOC-SYN-CUS-092,1,2025-10-26T08:00:00-03:00,2025-10-26T11:00:00-03:00,97.21,delivered,B2B-V1-BASE,BLD-9102B6E8BF1ABFFC5F32,True
DEL-SYN-001174,ORD-SYN-000940,VEH-SYN-04,SOR-01,LOC-SYN-CUS-054,1,2025-10-25T22:25:00-03:00,2025-10-26T01:25:00-03:00,92.335,delivered,B2B-V1-BASE,BLD-9102B6E8BF1ABFFC5F32,True
DEL-SYN-001175,ORD-SYN-000940,VEH-SYN-05,SOR-01,LOC-SYN-CUS-054,2,2025-10-26T08:25:00-03:00,2025-10-26T11:25:00-03:00,92.335,delivered,B2B-V1-BASE,BLD-9102B6E8BF1ABFFC5F32,True
DEL-SYN-001176,ORD-SYN-000941,VEH-SYN-05,SOR-01,LOC-SYN-CUS-142,1,2025-10-27T09:45:00-03:00,2025-10-27T12:45:00-03:00,96.727,delivered,B2B-V1-BASE,BLD-9102B6E8BF1ABFFC5F32,True
DEL-SYN-001177,ORD-SYN-000942,VEH-SYN-06,SOR-01,LOC-SYN-CUS-100,1,2025-10-27T00:21:00-03:00,2025-10-27T03:21:00-03:00,104.241,delivered,B2B-V1-BASE,BLD-9102B6E8BF1ABFFC5F32,True
DEL-SYN-001178,ORD-SYN-000943,VEH-SYN-01,SOR-01,LOC-SYN-CUS-013,1,2025-10-30T10:48:00-03:00,2025-10-30T13:48:00-03:00,12.582,delivered,B2B-V1-BASE,BLD-9102B6E8BF1ABFFC5F32,True
DEL-SYN-001179,ORD-SYN-000944,VEH-SYN-02,SOR-01,LOC-SYN-CUS-122,1,2025-10-28T00:58:00-03:00,2025-10-28T03:58:00-03:00,107.646,delivered,B2B-V1-BASE,BLD-9102B6E8BF1ABFFC5F32,True
DEL-SYN-001180,ORD-SYN-000944,VEH-SYN-03,SOR-01,LOC-SYN-CUS-122,2,2025-10-28T10:58:00-03:00,2025-10-28T13:58:00-03:00,107.646,delivered,B2B-V1-BASE,BLD-9102B6E8BF1ABFFC5F32,True
DEL-SYN-001181,ORD-SYN-000945,VEH-SYN-03,SOR-01,LOC-SYN-CUS-094,1,2025-10-28T12:41:00-03:00,2025-10-28T15:41:00-03:00,81.241,delivered,B2B-V1-BASE,BLD-9102B6E8BF1ABFFC5F32,True
DEL-SYN-001182,ORD-SYN-000946,VEH-SYN-04,SOR-01,LOC-SYN-CUS-015,1,2025-10-30T12:55:00-03:00,2025-10-30T15:55:00-03:00,20.193,delivered,B2B-V1-BASE,BLD-9102B6E8BF1ABFFC5F32,True
DEL-SYN-001183,ORD-SYN-000947,VEH-SYN-05,SOR-01,LOC-SYN-CUS-085,1,2025-10-30T03:22:00-03:00,2025-10-30T06:22:00-03:00,11.234,delivered,B2B-V1-BASE,BLD-9102B6E8BF1ABFFC5F32,True
DEL-SYN-001184,ORD-SYN-000948,VEH-SYN-06,SOR-01,LOC-SYN-CUS-038,1,2025-10-27T18:02:00-03:00,2025-10-27T21:02:00-03:00,91.614,delivered,B2B-V1-BASE,BLD-9102B6E8BF1ABFFC5F32,True
DEL-SYN-001185,ORD-SYN-000948,VEH-SYN-01,SOR-01,LOC-SYN-CUS-038,2,2025-10-28T04:02:00-03:00,2025-10-28T07:02:00-03:00,91.614,delivered,B2B-V1-BASE,BLD-9102B6E8BF1ABFFC5F32,True
DEL-SYN-001186,ORD-SYN-000949,VEH-SYN-01,SOR-01,LOC-SYN-CUS-066,1,2025-10-29T07:36:00-03:00,2025-10-29T10:36:00-03:00,96.649,delivered,B2B-V1-BASE,BLD-9102B6E8BF1ABFFC5F32,True
DEL-SYN-001187,ORD-SYN-000950,VEH-SYN-02,SOR-01,LOC-SYN-CUS-018,1,2025-10-29T07:40:00-03:00,2025-10-29T10:40:00-03:00,97.884,delivered,B2B-V1-BASE,BLD-9102B6E8BF1ABFFC5F32,True
DEL-SYN-001188,ORD-SYN-000951,VEH-SYN-03,SOR-01,LOC-SYN-CUS-071,1,2025-10-28T21:48:00-03:00,2025-10-29T00:48:00-03:00,15.735,delivered,B2B-V1-BASE,BLD-9102B6E8BF1ABFFC5F32,True
DEL-SYN-001189,ORD-SYN-000952,VEH-SYN-04,SOR-01,LOC-SYN-CUS-041,1,2025-10-29T14:03:00-03:00,2025-10-29T17:03:00-03:00,16.45,delivered,B2B-V1-BASE,BLD-9102B6E8BF1ABFFC5F32,True
DEL-SYN-001190,ORD-SYN-000952,VEH-SYN-05,SOR-01,LOC-SYN-CUS-041,2,2025-10-30T04:03:00-03:00,2025-10-30T07:03:00-03:00,16.45,delivered,B2B-V1-BASE,BLD-9102B6E8BF1ABFFC5F32,True
DEL-SYN-001191,ORD-SYN-000953,VEH-SYN-05,SOR-01,LOC-SYN-CUS-007,1,2025-10-30T08:29:00-03:00,2025-10-30T11:29:00-03:00,14.599,delivered,B2B-V1-BASE,BLD-9102B6E8BF1ABFFC5F32,True
DEL-SYN-001192,ORD-SYN-000954,VEH-SYN-06,SOR-01,LOC-SYN-CUS-127,1,2025-10-29T08:38:00-03:00,2025-10-29T11:38:00-03:00,11.422,delivered,B2B-V1-BASE,BLD-9102B6E8BF1ABFFC5F32,True
DEL-SYN-001193,ORD-SYN-000955,VEH-SYN-01,SOR-01,LOC-SYN-CUS-037,1,2025-10-31T09:41:00-03:00,2025-10-31T12:41:00-03:00,1.869,delivered,B2B-V1-BASE,BLD-9102B6E8BF1ABFFC5F32,True
DEL-SYN-001194,ORD-SYN-000956,VEH-SYN-02,SOR-01,LOC-SYN-CUS-029,1,2025-10-27T00:20:00-03:00,2025-10-27T03:20:00-03:00,8.682,delivered,B2B-V1-BASE,BLD-9102B6E8BF1ABFFC5F32,True
DEL-SYN-001195,ORD-SYN-000956,VEH-SYN-03,SOR-01,LOC-SYN-CUS-029,2,2025-10-27T10:20:00-03:00,2025-10-27T13:20:00-03:00,8.682,delivered,B2B-V1-BASE,BLD-9102B6E8BF1ABFFC5F32,True
DEL-SYN-001196,ORD-SYN-000957,VEH-SYN-03,SOR-01,LOC-SYN-CUS-048,1,2025-10-31T10:27:00-03:00,2025-10-31T13:27:00-03:00,94.78,delivered,B2B-V1-BASE,BLD-9102B6E8BF1ABFFC5F32,True
DEL-SYN-001197,ORD-SYN-000958,VEH-SYN-04,SOR-01,LOC-SYN-CUS-110,1,2025-10-28T11:21:00-03:00,2025-10-28T14:21:00-03:00,101.983,delivered,B2B-V1-BASE,BLD-9102B6E8BF1ABFFC5F32,True
DEL-SYN-001198,ORD-SYN-000959,VEH-SYN-05,SOR-01,LOC-SYN-CUS-013,1,2025-10-31T03:19:00-03:00,2025-10-31T06:19:00-03:00,12.582,delivered,B2B-V1-BASE,BLD-9102B6E8BF1ABFFC5F32,True
DEL-SYN-001199,ORD-SYN-000960,VEH-SYN-06,SOR-01,LOC-SYN-CUS-058,1,2025-10-30T18:07:00-03:00,2025-10-30T21:07:00-03:00,98.394,delivered,B2B-V1-BASE,BLD-9102B6E8BF1ABFFC5F32,True
DEL-SYN-001200,ORD-SYN-000960,VEH-SYN-01,SOR-01,LOC-SYN-CUS-058,2,2025-10-31T04:07:00-03:00,2025-10-31T07:07:00-03:00,98.394,delivered,B2B-V1-BASE,BLD-9102B6E8BF1ABFFC5F32,True
DEL-SYN-001201,ORD-SYN-000961,VEH-SYN-01,SOR-01,LOC-SYN-CUS-009,1,2025-10-30T04:25:00-03:00,2025-10-30T07:25:00-03:00,14.093,delivered,B2B-V1-BASE,BLD-9102B6E8BF1ABFFC5F32,True
DEL-SYN-001202,ORD-SYN-000962,VEH-SYN-02,SOR-01,LOC-SYN-CUS-064,1,2025-10-28T05:31:00-03:00,2025-10-28T08:31:00-03:00,102.777,delivered,B2B-V1-BASE,BLD-9102B6E8BF1ABFFC5F32,True
DEL-SYN-001203,ORD-SYN-000963,VEH-SYN-03,SOR-01,LOC-SYN-CUS-050,1,2025-10-31T06:01:00-03:00,2025-10-31T09:01:00-03:00,95.323,delivered,B2B-V1-BASE,BLD-9102B6E8BF1ABFFC5F32,True
DEL-SYN-001204,ORD-SYN-000964,VEH-SYN-04,SOR-01,LOC-SYN-CUS-034,1,2025-10-29T01:38:00-03:00,2025-10-29T04:38:00-03:00,92.375,delivered,B2B-V1-BASE,BLD-9102B6E8BF1ABFFC5F32,True
DEL-SYN-001205,ORD-SYN-000964,VEH-SYN-05,SOR-01,LOC-SYN-CUS-034,2,2025-10-29T11:38:00-03:00,2025-10-29T14:38:00-03:00,92.375,delivered,B2B-V1-BASE,BLD-9102B6E8BF1ABFFC5F32,True
DEL-SYN-001206,ORD-SYN-000965,VEH-SYN-05,SOR-01,LOC-SYN-CUS-050,1,2025-10-30T12:36:00-03:00,2025-10-30T15:36:00-03:00,95.323,delivered,B2B-V1-BASE,BLD-9102B6E8BF1ABFFC5F32,True
DEL-SYN-001207,ORD-SYN-000966,VEH-SYN-06,SOR-01,LOC-SYN-CUS-124,1,2025-10-30T12:47:00-03:00,2025-10-30T15:47:00-03:00,90.769,delivered,B2B-V1-BASE,BLD-9102B6E8BF1ABFFC5F32,True
DEL-SYN-001208,ORD-SYN-000967,VEH-SYN-01,SOR-01,LOC-SYN-CUS-085,1,2025-10-29T03:05:00-03:00,2025-10-29T06:05:00-03:00,11.234,delivered,B2B-V1-BASE,BLD-9102B6E8BF1ABFFC5F32,True
DEL-SYN-001209,ORD-SYN-000968,VEH-SYN-02,SOR-01,LOC-SYN-CUS-106,1,2025-10-29T17:19:00-03:00,2025-10-29T20:19:00-03:00,97.3,delivered_with_incident,B2B-V1-BASE,BLD-9102B6E8BF1ABFFC5F32,True
DEL-SYN-001210,ORD-SYN-000968,VEH-SYN-03,SOR-01,LOC-SYN-CUS-106,2,2025-10-30T03:19:00-03:00,2025-10-30T06:19:00-03:00,97.3,delivered,B2B-V1-BASE,BLD-9102B6E8BF1ABFFC5F32,True
DEL-SYN-001211,ORD-SYN-000969,VEH-SYN-03,SOR-01,LOC-SYN-CUS-078,1,2025-10-29T04:29:00-03:00,2025-10-29T07:29:00-03:00,97.926,delivered,B2B-V1-BASE,BLD-9102B6E8BF1ABFFC5F32,True
DEL-SYN-001212,ORD-SYN-000970,VEH-SYN-04,SOR-01,LOC-SYN-CUS-107,1,2025-11-02T04:59:00-03:00,2025-11-02T07:59:00-03:00,15.357,delivered,B2B-V1-BASE,BLD-9102B6E8BF1ABFFC5F32,True
DEL-SYN-001213,ORD-SYN-000971,VEH-SYN-05,SOR-01,LOC-SYN-CUS-150,1,2025-10-29T05:00:00-03:00,2025-10-29T08:00:00-03:00,93.487,delivered,B2B-V1-BASE,BLD-9102B6E8BF1ABFFC5F32,True
DEL-SYN-001214,ORD-SYN-000972,VEH-SYN-06,SOR-01,LOC-SYN-CUS-114,1,2025-10-30T11:01:00-03:00,2025-10-30T14:01:00-03:00,98.868,delivered,B2B-V1-BASE,BLD-9102B6E8BF1ABFFC5F32,True
DEL-SYN-001215,ORD-SYN-000972,VEH-SYN-01,SOR-01,LOC-SYN-CUS-114,2,2025-10-31T01:01:00-03:00,2025-10-31T04:01:00-03:00,98.868,delivered,B2B-V1-BASE,BLD-9102B6E8BF1ABFFC5F32,True
DEL-SYN-001216,ORD-SYN-000973,VEH-SYN-01,SOR-01,LOC-SYN-CUS-042,1,2025-10-31T06:11:00-03:00,2025-10-31T09:11:00-03:00,96.283,delivered,B2B-V1-BASE,BLD-9102B6E8BF1ABFFC5F32,True
DEL-SYN-001217,ORD-SYN-000974,VEH-SYN-02,SOR-01,LOC-SYN-CUS-058,1,2025-10-29T07:51:00-03:00,2025-10-29T10:51:00-03:00,98.394,delivered,B2B-V1-BASE,BLD-9102B6E8BF1ABFFC5F32,True
DEL-SYN-001218,ORD-SYN-000975,VEH-SYN-03,SOR-01,LOC-SYN-CUS-006,1,2025-10-29T08:17:00-03:00,2025-10-29T11:17:00-03:00,102.381,delivered,B2B-V1-BASE,BLD-9102B6E8BF1ABFFC5F32,True
DEL-SYN-001219,ORD-SYN-000976,VEH-SYN-04,SOR-01,LOC-SYN-CUS-064,1,2025-10-29T22:54:00-03:00,2025-10-30T01:54:00-03:00,102.777,delivered,B2B-V1-BASE,BLD-9102B6E8BF1ABFFC5F32,True
DEL-SYN-001220,ORD-SYN-000976,VEH-SYN-05,SOR-01,LOC-SYN-CUS-064,2,2025-10-30T08:54:00-03:00,2025-10-30T11:54:00-03:00,102.777,delivered,B2B-V1-BASE,BLD-9102B6E8BF1ABFFC5F32,True
DEL-SYN-001221,ORD-SYN-000977,VEH-SYN-05,SOR-01,LOC-SYN-CUS-010,1,2025-10-29T09:10:00-03:00,2025-10-29T12:10:00-03:00,98.174,delivered,B2B-V1-BASE,BLD-9102B6E8BF1ABFFC5F32,True
DEL-SYN-001222,ORD-SYN-000978,VEH-SYN-06,SOR-01,LOC-SYN-CUS-086,1,2025-11-02T09:50:00-03:00,2025-11-02T12:50:00-03:00,100.855,delivered,B2B-V1-BASE,BLD-9102B6E8BF1ABFFC5F32,True
DEL-SYN-001223,ORD-SYN-000979,VEH-SYN-01,SOR-01,LOC-SYN-CUS-137,1,2025-11-01T10:15:00-03:00,2025-11-01T13:15:00-03:00,11.323,delivered,B2B-V1-BASE,BLD-9102B6E8BF1ABFFC5F32,True
DEL-SYN-001224,ORD-SYN-000980,VEH-SYN-02,SOR-01,LOC-SYN-CUS-125,1,2025-11-02T02:53:00-03:00,2025-11-02T05:53:00-03:00,11.651,delivered,B2B-V1-BASE,BLD-9102B6E8BF1ABFFC5F32,True
DEL-SYN-001225,ORD-SYN-000980,VEH-SYN-03,SOR-01,LOC-SYN-CUS-125,2,2025-11-02T12:53:00-03:00,2025-11-02T15:53:00-03:00,11.651,delivered,B2B-V1-BASE,BLD-9102B6E8BF1ABFFC5F32,True
DEL-SYN-001226,ORD-SYN-000981,VEH-SYN-03,SOR-01,LOC-SYN-CUS-069,1,2025-10-30T03:11:00-03:00,2025-10-30T06:11:00-03:00,13.67,delivered,B2B-V1-BASE,BLD-9102B6E8BF1ABFFC5F32,True
DEL-SYN-001227,ORD-SYN-000982,VEH-SYN-04,SOR-01,LOC-SYN-CUS-044,1,2025-11-01T03:12:00-03:00,2025-11-01T06:12:00-03:00,96.701,delivered,B2B-V1-BASE,BLD-9102B6E8BF1ABFFC5F32,True
DEL-SYN-001228,ORD-SYN-000983,VEH-SYN-05,SOR-01,LOC-SYN-CUS-037,1,2025-10-30T04:35:00-03:00,2025-10-30T07:35:00-03:00,1.869,delivered,B2B-V1-BASE,BLD-9102B6E8BF1ABFFC5F32,True
DEL-SYN-001229,ORD-SYN-000984,VEH-SYN-06,SOR-01,LOC-SYN-CUS-062,1,2025-10-29T19:01:00-03:00,2025-10-29T22:01:00-03:00,84.711,delivered,B2B-V1-BASE,BLD-9102B6E8BF1ABFFC5F32,True
DEL-SYN-001230,ORD-SYN-000984,VEH-SYN-01,SOR-01,LOC-SYN-CUS-062,2,2025-10-30T05:01:00-03:00,2025-10-30T08:01:00-03:00,84.711,delivered_with_incident,B2B-V1-BASE,BLD-9102B6E8BF1ABFFC5F32,True
DEL-SYN-001231,ORD-SYN-000985,VEH-SYN-01,SOR-01,LOC-SYN-CUS-102,1,2025-10-31T05:33:00-03:00,2025-10-31T08:33:00-03:00,92.902,delivered_with_incident,B2B-V1-BASE,BLD-9102B6E8BF1ABFFC5F32,True
DEL-SYN-001232,ORD-SYN-000986,VEH-SYN-02,SOR-01,LOC-SYN-CUS-108,1,2025-10-30T05:34:00-03:00,2025-10-30T08:34:00-03:00,104.477,delivered,B2B-V1-BASE,BLD-9102B6E8BF1ABFFC5F32,True
DEL-SYN-001233,ORD-SYN-000987,VEH-SYN-03,SOR-01,LOC-SYN-CUS-110,1,2025-10-30T06:16:00-03:00,2025-10-30T09:16:00-03:00,101.983,delivered,B2B-V1-BASE,BLD-9102B6E8BF1ABFFC5F32,True
DEL-SYN-001234,ORD-SYN-000988,VEH-SYN-04,SOR-01,LOC-SYN-CUS-004,1,2025-10-30T21:48:00-03:00,2025-10-31T00:48:00-03:00,101.893,delivered,B2B-V1-BASE,BLD-9102B6E8BF1ABFFC5F32,True
DEL-SYN-001235,ORD-SYN-000988,VEH-SYN-05,SOR-01,LOC-SYN-CUS-004,2,2025-10-31T07:48:00-03:00,2025-10-31T10:48:00-03:00,101.893,delivered,B2B-V1-BASE,BLD-9102B6E8BF1ABFFC5F32,True
DEL-SYN-001236,ORD-SYN-000989,VEH-SYN-05,SOR-01,LOC-SYN-CUS-025,1,2025-10-30T08:53:00-03:00,2025-10-30T11:53:00-03:00,12.656,delivered,B2B-V1-BASE,BLD-9102B6E8BF1ABFFC5F32,True
DEL-SYN-001237,ORD-SYN-000990,VEH-SYN-06,SOR-01,LOC-SYN-CUS-121,1,2025-11-02T10:58:00-03:00,2025-11-02T13:58:00-03:00,1.523,delivered,B2B-V1-BASE,BLD-9102B6E8BF1ABFFC5F32,True
DEL-SYN-001238,ORD-SYN-000991,VEH-SYN-01,SOR-01,LOC-SYN-CUS-119,1,2025-10-31T12:00:00-03:00,2025-10-31T15:00:00-03:00,15.599,delivered,B2B-V1-BASE,BLD-9102B6E8BF1ABFFC5F32,True
DEL-SYN-001239,ORD-SYN-000992,VEH-SYN-02,SOR-01,LOC-SYN-CUS-117,1,2025-10-31T18:35:00-03:00,2025-10-31T21:35:00-03:00,14.483,delivered,B2B-V1-BASE,BLD-9102B6E8BF1ABFFC5F32,True
DEL-SYN-001240,ORD-SYN-000992,VEH-SYN-03,SOR-01,LOC-SYN-CUS-117,2,2025-11-01T08:35:00-03:00,2025-11-01T11:35:00-03:00,14.483,delivered,B2B-V1-BASE,BLD-9102B6E8BF1ABFFC5F32,True
DEL-SYN-001241,ORD-SYN-000993,VEH-SYN-03,SOR-01,LOC-SYN-CUS-114,1,2025-11-02T06:07:00-03:00,2025-11-02T09:07:00-03:00,98.868,delivered,B2B-V1-BASE,BLD-9102B6E8BF1ABFFC5F32,True
DEL-SYN-001242,ORD-SYN-000994,VEH-SYN-04,SOR-01,LOC-SYN-CUS-034,1,2025-10-31T20:14:00-03:00,2025-10-31T23:14:00-03:00,92.375,delivered,B2B-V1-BASE,BLD-9102B6E8BF1ABFFC5F32,True
DEL-SYN-001243,ORD-SYN-000995,VEH-SYN-05,SOR-01,LOC-SYN-CUS-149,1,2025-11-03T06:38:00-03:00,2025-11-03T09:38:00-03:00,9.994,delivered,B2B-V1-BASE,BLD-9102B6E8BF1ABFFC5F32,True
DEL-SYN-001244,ORD-SYN-000996,VEH-SYN-06,SOR-01,LOC-SYN-CUS-018,1,2025-11-03T21:00:00-03:00,2025-11-04T00:00:00-03:00,97.884,delivered,B2B-V1-BASE,BLD-9102B6E8BF1ABFFC5F32,True
DEL-SYN-001245,ORD-SYN-000996,VEH-SYN-01,SOR-01,LOC-SYN-CUS-018,2,2025-11-04T07:00:00-03:00,2025-11-04T10:00:00-03:00,97.884,delivered,B2B-V1-BASE,BLD-9102B6E8BF1ABFFC5F32,True
DEL-SYN-001246,ORD-SYN-000997,VEH-SYN-01,SOR-01,LOC-SYN-CUS-149,1,2025-10-31T07:12:00-03:00,2025-10-31T10:12:00-03:00,9.994,delivered,B2B-V1-BASE,BLD-9102B6E8BF1ABFFC5F32,True
DEL-SYN-001247,ORD-SYN-000998,VEH-SYN-02,SOR-01,LOC-SYN-CUS-024,1,2025-11-01T23:22:00-03:00,2025-11-02T02:22:00-03:00,107.095,delivered,B2B-V1-BASE,BLD-9102B6E8BF1ABFFC5F32,True
DEL-SYN-001248,ORD-SYN-000999,VEH-SYN-03,SOR-01,LOC-SYN-CUS-018,1,2025-10-31T09:38:00-03:00,2025-10-31T12:38:00-03:00,97.884,delivered,B2B-V1-BASE,BLD-9102B6E8BF1ABFFC5F32,True
DEL-SYN-001249,ORD-SYN-001000,VEH-SYN-04,SOR-01,LOC-SYN-CUS-118,1,2025-11-02T01:35:00-03:00,2025-11-02T04:35:00-03:00,89.411,delivered,B2B-V1-BASE,BLD-9102B6E8BF1ABFFC5F32,True
DEL-SYN-001250,ORD-SYN-001000,VEH-SYN-05,SOR-01,LOC-SYN-CUS-118,2,2025-11-02T11:35:00-03:00,2025-11-02T14:35:00-03:00,89.411,delivered,B2B-V1-BASE,BLD-9102B6E8BF1ABFFC5F32,True
DEL-SYN-001251,ORD-SYN-001001,VEH-SYN-05,SOR-01,LOC-SYN-CUS-049,1,2025-11-03T12:09:00-03:00,2025-11-03T15:09:00-03:00,13.054,delivered,B2B-V1-BASE,BLD-9102B6E8BF1ABFFC5F32,True
DEL-SYN-001252,ORD-SYN-001002,VEH-SYN-06,SOR-01,LOC-SYN-CUS-106,1,2025-11-04T02:51:00-03:00,2025-11-04T05:51:00-03:00,97.3,delivered_with_incident,B2B-V1-BASE,BLD-9102B6E8BF1ABFFC5F32,True
DEL-SYN-001253,ORD-SYN-001003,VEH-SYN-01,SOR-01,LOC-SYN-CUS-149,1,2025-11-01T03:00:00-03:00,2025-11-01T06:00:00-03:00,9.994,delivered,B2B-V1-BASE,BLD-9102B6E8BF1ABFFC5F32,True
DEL-SYN-001254,ORD-SYN-001004,VEH-SYN-02,SOR-01,LOC-SYN-CUS-017,1,2025-11-02T18:14:00-03:00,2025-11-02T21:14:00-03:00,7.536,delivered,B2B-V1-BASE,BLD-9102B6E8BF1ABFFC5F32,True
DEL-SYN-001255,ORD-SYN-001004,VEH-SYN-03,SOR-01,LOC-SYN-CUS-017,2,2025-11-03T04:14:00-03:00,2025-11-03T07:14:00-03:00,7.536,delivered,B2B-V1-BASE,BLD-9102B6E8BF1ABFFC5F32,True
DEL-SYN-001256,ORD-SYN-001005,VEH-SYN-03,SOR-01,LOC-SYN-CUS-015,1,2025-11-04T04:49:00-03:00,2025-11-04T07:49:00-03:00,20.193,delivered,B2B-V1-BASE,BLD-9102B6E8BF1ABFFC5F32,True
DEL-SYN-001257,ORD-SYN-001006,VEH-SYN-04,SOR-01,LOC-SYN-CUS-117,1,2025-11-04T04:59:00-03:00,2025-11-04T07:59:00-03:00,14.483,delivered,B2B-V1-BASE,BLD-9102B6E8BF1ABFFC5F32,True
DEL-SYN-001258,ORD-SYN-001007,VEH-SYN-05,SOR-01,LOC-SYN-CUS-078,1,2025-11-01T05:06:00-03:00,2025-11-01T08:06:00-03:00,97.926,delivered,B2B-V1-BASE,BLD-9102B6E8BF1ABFFC5F32,True
DEL-SYN-001259,ORD-SYN-001008,VEH-SYN-06,SOR-01,LOC-SYN-CUS-010,1,2025-11-03T19:40:00-03:00,2025-11-03T22:40:00-03:00,98.174,delivered,B2B-V1-BASE,BLD-9102B6E8BF1ABFFC5F32,True
DEL-SYN-001260,ORD-SYN-001008,VEH-SYN-01,SOR-01,LOC-SYN-CUS-010,2,2025-11-04T05:40:00-03:00,2025-11-04T08:40:00-03:00,98.174,delivered,B2B-V1-BASE,BLD-9102B6E8BF1ABFFC5F32,True
DEL-SYN-001261,ORD-SYN-001009,VEH-SYN-01,SOR-01,LOC-SYN-CUS-037,1,2025-11-01T06:28:00-03:00,2025-11-01T09:28:00-03:00,1.869,delivered,B2B-V1-BASE,BLD-9102B6E8BF1ABFFC5F32,True
DEL-SYN-001262,ORD-SYN-001010,VEH-SYN-02,SOR-01,LOC-SYN-CUS-078,1,2025-11-01T06:59:00-03:00,2025-11-01T09:59:00-03:00,97.926,delivered,B2B-V1-BASE,BLD-9102B6E8BF1ABFFC5F32,True
DEL-SYN-001263,ORD-SYN-001011,VEH-SYN-03,SOR-01,LOC-SYN-CUS-117,1,2025-11-01T07:18:00-03:00,2025-11-01T10:18:00-03:00,14.483,delivered,B2B-V1-BASE,BLD-9102B6E8BF1ABFFC5F32,True
DEL-SYN-001264,ORD-SYN-001012,VEH-SYN-04,SOR-01,LOC-SYN-CUS-070,1,2025-11-02T13:57:00-03:00,2025-11-02T16:57:00-03:00,93.688,delivered,B2B-V1-BASE,BLD-9102B6E8BF1ABFFC5F32,True
DEL-SYN-001265,ORD-SYN-001012,VEH-SYN-05,SOR-01,LOC-SYN-CUS-070,2,2025-11-03T03:57:00-03:00,2025-11-03T06:57:00-03:00,93.688,delivered,B2B-V1-BASE,BLD-9102B6E8BF1ABFFC5F32,True
DEL-SYN-001266,ORD-SYN-001013,VEH-SYN-05,SOR-01,LOC-SYN-CUS-093,1,2025-11-03T23:05:00-03:00,2025-11-04T02:05:00-03:00,14.157,delivered,B2B-V1-BASE,BLD-9102B6E8BF1ABFFC5F32,True
DEL-SYN-001267,ORD-SYN-001014,VEH-SYN-06,SOR-01,LOC-SYN-CUS-077,1,2025-11-04T11:23:00-03:00,2025-11-04T14:23:00-03:00,6.85,delivered,B2B-V1-BASE,BLD-9102B6E8BF1ABFFC5F32,True
DEL-SYN-001268,ORD-SYN-001015,VEH-SYN-01,SOR-01,LOC-SYN-CUS-138,1,2025-11-02T11:29:00-03:00,2025-11-02T14:29:00-03:00,93.584,delivered,B2B-V1-BASE,BLD-9102B6E8BF1ABFFC5F32,True
DEL-SYN-001269,ORD-SYN-001016,VEH-SYN-02,SOR-01,LOC-SYN-CUS-133,1,2025-11-05T02:00:00-03:00,2025-11-05T05:00:00-03:00,15.316,delivered,B2B-V1-BASE,BLD-9102B6E8BF1ABFFC5F32,True
DEL-SYN-001270,ORD-SYN-001016,VEH-SYN-03,SOR-01,LOC-SYN-CUS-133,2,2025-11-05T12:00:00-03:00,2025-11-05T15:00:00-03:00,15.316,delivered,B2B-V1-BASE,BLD-9102B6E8BF1ABFFC5F32,True
DEL-SYN-001271,ORD-SYN-001017,VEH-SYN-03,SOR-01,LOC-SYN-CUS-088,1,2025-11-01T12:11:00-03:00,2025-11-01T15:11:00-03:00,103.178,delivered,B2B-V1-BASE,BLD-9102B6E8BF1ABFFC5F32,True
DEL-SYN-001272,ORD-SYN-001018,VEH-SYN-04,SOR-01,LOC-SYN-CUS-077,1,2025-11-01T12:36:00-03:00,2025-11-01T15:36:00-03:00,6.85,delivered,B2B-V1-BASE,BLD-9102B6E8BF1ABFFC5F32,True
DEL-SYN-001273,ORD-SYN-001019,VEH-SYN-05,SOR-01,LOC-SYN-CUS-112,1,2025-11-06T04:29:00-03:00,2025-11-06T07:29:00-03:00,94.924,delivered_with_incident,B2B-V1-BASE,BLD-9102B6E8BF1ABFFC5F32,True
DEL-SYN-001274,ORD-SYN-001020,VEH-SYN-06,SOR-01,LOC-SYN-CUS-054,1,2025-11-04T19:34:00-03:00,2025-11-04T22:34:00-03:00,92.335,delivered,B2B-V1-BASE,BLD-9102B6E8BF1ABFFC5F32,True
DEL-SYN-001275,ORD-SYN-001020,VEH-SYN-01,SOR-01,LOC-SYN-CUS-054,2,2025-11-05T05:34:00-03:00,2025-11-05T08:34:00-03:00,92.335,delivered,B2B-V1-BASE,BLD-9102B6E8BF1ABFFC5F32,True
DEL-SYN-001276,ORD-SYN-001021,VEH-SYN-01,SOR-01,LOC-SYN-CUS-025,1,2025-11-05T05:44:00-03:00,2025-11-05T08:44:00-03:00,12.656,delivered,B2B-V1-BASE,BLD-9102B6E8BF1ABFFC5F32,True
DEL-SYN-001277,ORD-SYN-001022,VEH-SYN-02,SOR-01,LOC-SYN-CUS-081,1,2025-11-03T06:26:00-03:00,2025-11-03T09:26:00-03:00,6.44,delivered,B2B-V1-BASE,BLD-9102B6E8BF1ABFFC5F32,True
DEL-SYN-001278,ORD-SYN-001023,VEH-SYN-03,SOR-01,LOC-SYN-CUS-094,1,2025-11-06T07:04:00-03:00,2025-11-06T10:04:00-03:00,81.241,delivered,B2B-V1-BASE,BLD-9102B6E8BF1ABFFC5F32,True
DEL-SYN-001279,ORD-SYN-001024,VEH-SYN-04,SOR-01,LOC-SYN-CUS-091,1,2025-11-03T14:10:00-03:00,2025-11-03T17:10:00-03:00,11.908,delivered,B2B-V1-BASE,BLD-9102B6E8BF1ABFFC5F32,True
DEL-SYN-001280,ORD-SYN-001024,VEH-SYN-05,SOR-01,LOC-SYN-CUS-091,2,2025-11-04T04:10:00-03:00,2025-11-04T07:10:00-03:00,11.908,delivered,B2B-V1-BASE,BLD-9102B6E8BF1ABFFC5F32,True
DEL-SYN-001281,ORD-SYN-001025,VEH-SYN-05,SOR-01,LOC-SYN-CUS-110,1,2025-11-02T08:41:00-03:00,2025-11-02T11:41:00-03:00,101.983,delivered,B2B-V1-BASE,BLD-9102B6E8BF1ABFFC5F32,True
DEL-SYN-001282,ORD-SYN-001026,VEH-SYN-06,SOR-01,LOC-SYN-CUS-013,1,2025-11-04T10:12:00-03:00,2025-11-04T13:12:00-03:00,12.582,delivered,B2B-V1-BASE,BLD-9102B6E8BF1ABFFC5F32,True
DEL-SYN-001283,ORD-SYN-001027,VEH-SYN-01,SOR-01,LOC-SYN-CUS-005,1,2025-11-04T00:54:00-03:00,2025-11-04T03:54:00-03:00,9.779,delivered,B2B-V1-BASE,BLD-9102B6E8BF1ABFFC5F32,True
DEL-SYN-001284,ORD-SYN-001028,VEH-SYN-02,SOR-01,LOC-SYN-CUS-136,1,2025-11-05T01:06:00-03:00,2025-11-05T04:06:00-03:00,98.302,delivered,B2B-V1-BASE,BLD-9102B6E8BF1ABFFC5F32,True
DEL-SYN-001285,ORD-SYN-001028,VEH-SYN-03,SOR-01,LOC-SYN-CUS-136,2,2025-11-05T11:06:00-03:00,2025-11-05T14:06:00-03:00,98.302,delivered,B2B-V1-BASE,BLD-9102B6E8BF1ABFFC5F32,True
DEL-SYN-001286,ORD-SYN-001029,VEH-SYN-03,SOR-01,LOC-SYN-CUS-069,1,2025-11-03T11:44:00-03:00,2025-11-03T14:44:00-03:00,13.67,delivered,B2B-V1-BASE,BLD-9102B6E8BF1ABFFC5F32,True
DEL-SYN-001287,ORD-SYN-001030,VEH-SYN-04,SOR-01,LOC-SYN-CUS-109,1,2025-11-02T12:13:00-03:00,2025-11-02T15:13:00-03:00,15.631,delivered,B2B-V1-BASE,BLD-9102B6E8BF1ABFFC5F32,True
DEL-SYN-001288,ORD-SYN-001031,VEH-SYN-05,SOR-01,LOC-SYN-CUS-048,1,2025-11-05T12:45:00-03:00,2025-11-05T15:45:00-03:00,94.78,delivered,B2B-V1-BASE,BLD-9102B6E8BF1ABFFC5F32,True
DEL-SYN-001289,ORD-SYN-001032,VEH-SYN-06,SOR-01,LOC-SYN-CUS-017,1,2025-11-03T18:15:00-03:00,2025-11-03T21:15:00-03:00,7.536,delivered,B2B-V1-BASE,BLD-9102B6E8BF1ABFFC5F32,True
DEL-SYN-001290,ORD-SYN-001032,VEH-SYN-01,SOR-01,LOC-SYN-CUS-017,2,2025-11-04T04:15:00-03:00,2025-11-04T07:15:00-03:00,7.536,delivered,B2B-V1-BASE,BLD-9102B6E8BF1ABFFC5F32,True
DEL-SYN-001291,ORD-SYN-001033,VEH-SYN-01,SOR-01,LOC-SYN-CUS-134,1,2025-11-03T04:45:00-03:00,2025-11-03T07:45:00-03:00,101.573,delivered,B2B-V1-BASE,BLD-9102B6E8BF1ABFFC5F32,True
DEL-SYN-001292,ORD-SYN-001034,VEH-SYN-02,SOR-01,LOC-SYN-CUS-025,1,2025-11-03T05:38:00-03:00,2025-11-03T08:38:00-03:00,12.656,delivered,B2B-V1-BASE,BLD-9102B6E8BF1ABFFC5F32,True
DEL-SYN-001293,ORD-SYN-001035,VEH-SYN-03,SOR-01,LOC-SYN-CUS-147,1,2025-11-05T20:44:00-03:00,2025-11-05T23:44:00-03:00,13.232,delivered,B2B-V1-BASE,BLD-9102B6E8BF1ABFFC5F32,True
DEL-SYN-001294,ORD-SYN-001036,VEH-SYN-04,SOR-01,LOC-SYN-CUS-069,1,2025-11-04T22:11:00-03:00,2025-11-05T01:11:00-03:00,13.67,delivered,B2B-V1-BASE,BLD-9102B6E8BF1ABFFC5F32,True
DEL-SYN-001295,ORD-SYN-001036,VEH-SYN-05,SOR-01,LOC-SYN-CUS-069,2,2025-11-05T08:11:00-03:00,2025-11-05T11:11:00-03:00,13.67,delivered,B2B-V1-BASE,BLD-9102B6E8BF1ABFFC5F32,True
DEL-SYN-001296,ORD-SYN-001037,VEH-SYN-05,SOR-01,LOC-SYN-CUS-037,1,2025-11-03T09:31:00-03:00,2025-11-03T12:31:00-03:00,1.869,delivered,B2B-V1-BASE,BLD-9102B6E8BF1ABFFC5F32,True
DEL-SYN-001297,ORD-SYN-001038,VEH-SYN-06,SOR-01,LOC-SYN-CUS-034,1,2025-11-03T10:14:00-03:00,2025-11-03T13:14:00-03:00,92.375,delivered,B2B-V1-BASE,BLD-9102B6E8BF1ABFFC5F32,True
DEL-SYN-001298,ORD-SYN-001039,VEH-SYN-01,SOR-01,LOC-SYN-CUS-144,1,2025-11-04T00:27:00-03:00,2025-11-04T03:27:00-03:00,84.976,delivered,B2B-V1-BASE,BLD-9102B6E8BF1ABFFC5F32,True
DEL-SYN-001299,ORD-SYN-001040,VEH-SYN-02,SOR-01,LOC-SYN-CUS-104,1,2025-11-04T01:00:00-03:00,2025-11-04T04:00:00-03:00,101.385,delivered,B2B-V1-BASE,BLD-9102B6E8BF1ABFFC5F32,True
DEL-SYN-001300,ORD-SYN-001040,VEH-SYN-03,SOR-01,LOC-SYN-CUS-104,2,2025-11-04T11:00:00-03:00,2025-11-04T14:00:00-03:00,101.385,delivered,B2B-V1-BASE,BLD-9102B6E8BF1ABFFC5F32,True
DEL-SYN-001301,ORD-SYN-001041,VEH-SYN-03,SOR-01,LOC-SYN-CUS-139,1,2025-11-06T11:25:00-03:00,2025-11-06T14:25:00-03:00,20.414,delivered,B2B-V1-BASE,BLD-9102B6E8BF1ABFFC5F32,True
DEL-SYN-001302,ORD-SYN-001042,VEH-SYN-04,SOR-01,LOC-SYN-CUS-141,1,2025-11-06T03:02:00-03:00,2025-11-06T06:02:00-03:00,3.791,delivered,B2B-V1-BASE,BLD-9102B6E8BF1ABFFC5F32,True
DEL-SYN-001303,ORD-SYN-001043,VEH-SYN-05,SOR-01,LOC-SYN-CUS-090,1,2025-11-08T03:59:00-03:00,2025-11-08T06:59:00-03:00,114.028,delivered,B2B-V1-BASE,BLD-9102B6E8BF1ABFFC5F32,True
DEL-SYN-001304,ORD-SYN-001044,VEH-SYN-06,SOR-01,LOC-SYN-CUS-046,1,2025-11-06T18:43:00-03:00,2025-11-06T21:43:00-03:00,97.72,delivered,B2B-V1-BASE,BLD-9102B6E8BF1ABFFC5F32,True
DEL-SYN-001305,ORD-SYN-001044,VEH-SYN-01,SOR-01,LOC-SYN-CUS-046,2,2025-11-07T04:43:00-03:00,2025-11-07T07:43:00-03:00,97.72,delivered,B2B-V1-BASE,BLD-9102B6E8BF1ABFFC5F32,True
DEL-SYN-001306,ORD-SYN-001045,VEH-SYN-01,SOR-01,LOC-SYN-CUS-074,1,2025-11-08T04:45:00-03:00,2025-11-08T07:45:00-03:00,106.713,delivered,B2B-V1-BASE,BLD-9102B6E8BF1ABFFC5F32,True
DEL-SYN-001307,ORD-SYN-001046,VEH-SYN-02,SOR-01,LOC-SYN-CUS-087,1,2025-11-08T19:51:00-03:00,2025-11-08T22:51:00-03:00,7.154,delivered,B2B-V1-BASE,BLD-9102B6E8BF1ABFFC5F32,True
DEL-SYN-001308,ORD-SYN-001047,VEH-SYN-03,SOR-01,LOC-SYN-CUS-082,1,2025-11-06T06:04:00-03:00,2025-11-06T09:04:00-03:00,95.328,delivered,B2B-V1-BASE,BLD-9102B6E8BF1ABFFC5F32,True
DEL-SYN-001309,ORD-SYN-001048,VEH-SYN-04,SOR-01,LOC-SYN-CUS-059,1,2025-11-03T20:32:00-03:00,2025-11-03T23:32:00-03:00,13.382,delivered,B2B-V1-BASE,BLD-9102B6E8BF1ABFFC5F32,True
DEL-SYN-001310,ORD-SYN-001048,VEH-SYN-05,SOR-01,LOC-SYN-CUS-059,2,2025-11-04T06:32:00-03:00,2025-11-04T09:32:00-03:00,13.382,delivered,B2B-V1-BASE,BLD-9102B6E8BF1ABFFC5F32,True
DEL-SYN-001311,ORD-SYN-001049,VEH-SYN-05,SOR-01,LOC-SYN-CUS-102,1,2025-11-05T06:38:00-03:00,2025-11-05T09:38:00-03:00,92.902,delivered,B2B-V1-BASE,BLD-9102B6E8BF1ABFFC5F32,True
DEL-SYN-001312,ORD-SYN-001050,VEH-SYN-06,SOR-01,LOC-SYN-CUS-119,1,2025-11-08T07:20:00-03:00,2025-11-08T10:20:00-03:00,15.599,delivered,B2B-V1-BASE,BLD-9102B6E8BF1ABFFC5F32,True
DEL-SYN-001313,ORD-SYN-001051,VEH-SYN-01,SOR-01,LOC-SYN-CUS-044,1,2025-11-06T07:53:00-03:00,2025-11-06T10:53:00-03:00,96.701,delivered,B2B-V1-BASE,BLD-9102B6E8BF1ABFFC5F32,True
DEL-SYN-001314,ORD-SYN-001052,VEH-SYN-02,SOR-01,LOC-SYN-CUS-092,1,2025-11-04T00:43:00-03:00,2025-11-04T03:43:00-03:00,97.21,delivered,B2B-V1-BASE,BLD-9102B6E8BF1ABFFC5F32,True
DEL-SYN-001315,ORD-SYN-001052,VEH-SYN-03,SOR-01,LOC-SYN-CUS-092,2,2025-11-04T10:43:00-03:00,2025-11-04T13:43:00-03:00,97.21,delivered_with_incident,B2B-V1-BASE,BLD-9102B6E8BF1ABFFC5F32,True
DEL-SYN-001316,ORD-SYN-001053,VEH-SYN-03,SOR-01,LOC-SYN-CUS-027,1,2025-11-06T10:56:00-03:00,2025-11-06T13:56:00-03:00,12.025,delivered,B2B-V1-BASE,BLD-9102B6E8BF1ABFFC5F32,True
DEL-SYN-001317,ORD-SYN-001054,VEH-SYN-04,SOR-01,LOC-SYN-CUS-075,1,2025-11-04T11:42:00-03:00,2025-11-04T14:42:00-03:00,11.238,delivered,B2B-V1-BASE,BLD-9102B6E8BF1ABFFC5F32,True
DEL-SYN-001318,ORD-SYN-001055,VEH-SYN-05,SOR-01,LOC-SYN-CUS-033,1,2025-11-05T03:01:00-03:00,2025-11-05T06:01:00-03:00,13.637,delivered,B2B-V1-BASE,BLD-9102B6E8BF1ABFFC5F32,True
DEL-SYN-001319,ORD-SYN-001056,VEH-SYN-06,SOR-01,LOC-SYN-CUS-075,1,2025-11-07T18:16:00-03:00,2025-11-07T21:16:00-03:00,11.238,delivered,B2B-V1-BASE,BLD-9102B6E8BF1ABFFC5F32,True
DEL-SYN-001320,ORD-SYN-001056,VEH-SYN-01,SOR-01,LOC-SYN-CUS-075,2,2025-11-08T04:16:00-03:00,2025-11-08T07:16:00-03:00,11.238,delivered,B2B-V1-BASE,BLD-9102B6E8BF1ABFFC5F32,True
DEL-SYN-001321,ORD-SYN-001057,VEH-SYN-01,SOR-01,LOC-SYN-CUS-148,1,2025-11-07T18:27:00-03:00,2025-11-07T21:27:00-03:00,94.333,delivered,B2B-V1-BASE,BLD-9102B6E8BF1ABFFC5F32,True
DEL-SYN-001322,ORD-SYN-001058,VEH-SYN-02,SOR-01,LOC-SYN-CUS-005,1,2025-11-08T04:39:00-03:00,2025-11-08T07:39:00-03:00,9.779,delivered,B2B-V1-BASE,BLD-9102B6E8BF1ABFFC5F32,True
DEL-SYN-001323,ORD-SYN-001059,VEH-SYN-03,SOR-01,LOC-SYN-CUS-039,1,2025-11-08T19:00:00-03:00,2025-11-08T22:00:00-03:00,12.9,delivered,B2B-V1-BASE,BLD-9102B6E8BF1ABFFC5F32,True
DEL-SYN-001324,ORD-SYN-001060,VEH-SYN-04,SOR-01,LOC-SYN-CUS-009,1,2025-11-04T23:14:00-03:00,2025-11-05T02:14:00-03:00,14.093,delivered,B2B-V1-BASE,BLD-9102B6E8BF1ABFFC5F32,True
DEL-SYN-001325,ORD-SYN-001060,VEH-SYN-05,SOR-01,LOC-SYN-CUS-009,2,2025-11-05T09:14:00-03:00,2025-11-05T12:14:00-03:00,14.093,delivered,B2B-V1-BASE,BLD-9102B6E8BF1ABFFC5F32,True
DEL-SYN-001326,ORD-SYN-001061,VEH-SYN-05,SOR-01,LOC-SYN-CUS-046,1,2025-11-05T09:46:00-03:00,2025-11-05T12:46:00-03:00,97.72,delivered,B2B-V1-BASE,BLD-9102B6E8BF1ABFFC5F32,True
DEL-SYN-001327,ORD-SYN-001062,VEH-SYN-06,SOR-01,LOC-SYN-CUS-104,1,2025-11-06T09:49:00-03:00,2025-11-06T12:49:00-03:00,101.385,delivered,B2B-V1-BASE,BLD-9102B6E8BF1ABFFC5F32,True
DEL-SYN-001328,ORD-SYN-001063,VEH-SYN-01,SOR-01,LOC-SYN-CUS-062,1,2025-11-06T12:23:00-03:00,2025-11-06T15:23:00-03:00,84.711,delivered,B2B-V1-BASE,BLD-9102B6E8BF1ABFFC5F32,True
DEL-SYN-001329,ORD-SYN-001064,VEH-SYN-02,SOR-01,LOC-SYN-CUS-078,1,2025-11-09T09:19:00-03:00,2025-11-09T12:19:00-03:00,97.926,delivered,B2B-V1-BASE,BLD-9102B6E8BF1ABFFC5F32,True
DEL-SYN-001330,ORD-SYN-001064,VEH-SYN-03,SOR-01,LOC-SYN-CUS-078,2,2025-11-09T23:19:00-03:00,2025-11-10T02:19:00-03:00,97.926,delivered,B2B-V1-BASE,BLD-9102B6E8BF1ABFFC5F32,True
DEL-SYN-001331,ORD-SYN-001065,VEH-SYN-03,SOR-01,LOC-SYN-CUS-062,1,2025-11-06T19:08:00-03:00,2025-11-06T22:08:00-03:00,84.711,delivered,B2B-V1-BASE,BLD-9102B6E8BF1ABFFC5F32,True
DEL-SYN-001332,ORD-SYN-001066,VEH-SYN-04,SOR-01,LOC-SYN-CUS-078,1,2025-11-06T08:35:00-03:00,2025-11-06T11:35:00-03:00,97.926,delivered,B2B-V1-BASE,BLD-9102B6E8BF1ABFFC5F32,True
DEL-SYN-001333,ORD-SYN-001067,VEH-SYN-05,SOR-01,LOC-SYN-CUS-073,1,2025-11-08T09:11:00-03:00,2025-11-08T12:11:00-03:00,17.971,delivered,B2B-V1-BASE,BLD-9102B6E8BF1ABFFC5F32,True
DEL-SYN-001334,ORD-SYN-001068,VEH-SYN-06,SOR-01,LOC-SYN-CUS-141,1,2025-11-07T15:17:00-03:00,2025-11-07T18:17:00-03:00,3.791,delivered,B2B-V1-BASE,BLD-9102B6E8BF1ABFFC5F32,True
DEL-SYN-001335,ORD-SYN-001068,VEH-SYN-01,SOR-01,LOC-SYN-CUS-141,2,2025-11-08T05:17:00-03:00,2025-11-08T08:17:00-03:00,3.791,delivered,B2B-V1-BASE,BLD-9102B6E8BF1ABFFC5F32,True
DEL-SYN-001336,ORD-SYN-001069,VEH-SYN-01,SOR-01,LOC-SYN-CUS-063,1,2025-11-10T09:34:00-03:00,2025-11-10T12:34:00-03:00,10.053,delivered,B2B-V1-BASE,BLD-9102B6E8BF1ABFFC5F32,True
DEL-SYN-001337,ORD-SYN-001070,VEH-SYN-02,SOR-01,LOC-SYN-CUS-042,1,2025-11-09T09:47:00-03:00,2025-11-09T12:47:00-03:00,96.283,delivered_with_incident,B2B-V1-BASE,BLD-9102B6E8BF1ABFFC5F32,True
DEL-SYN-001338,ORD-SYN-001071,VEH-SYN-03,SOR-01,LOC-SYN-CUS-006,1,2025-11-07T00:15:00-03:00,2025-11-07T03:15:00-03:00,102.381,delivered,B2B-V1-BASE,BLD-9102B6E8BF1ABFFC5F32,True
DEL-SYN-001339,ORD-SYN-001072,VEH-SYN-04,SOR-01,LOC-SYN-CUS-134,1,2025-11-09T00:51:00-03:00,2025-11-09T03:51:00-03:00,101.573,delivered,B2B-V1-BASE,BLD-9102B6E8BF1ABFFC5F32,True
DEL-SYN-001340,ORD-SYN-001072,VEH-SYN-05,SOR-01,LOC-SYN-CUS-134,2,2025-11-09T10:51:00-03:00,2025-11-09T13:51:00-03:00,101.573,delivered,B2B-V1-BASE,BLD-9102B6E8BF1ABFFC5F32,True
DEL-SYN-001341,ORD-SYN-001073,VEH-SYN-05,SOR-01,LOC-SYN-CUS-090,1,2025-11-07T11:17:00-03:00,2025-11-07T14:17:00-03:00,114.028,delivered,B2B-V1-BASE,BLD-9102B6E8BF1ABFFC5F32,True
DEL-SYN-001342,ORD-SYN-001074,VEH-SYN-06,SOR-01,LOC-SYN-CUS-009,1,2025-11-07T03:40:00-03:00,2025-11-07T06:40:00-03:00,14.093,delivered,B2B-V1-BASE,BLD-9102B6E8BF1ABFFC5F32,True
DEL-SYN-001343,ORD-SYN-001075,VEH-SYN-01,SOR-01,LOC-SYN-CUS-105,1,2025-11-08T04:33:00-03:00,2025-11-08T07:33:00-03:00,13.533,delivered,B2B-V1-BASE,BLD-9102B6E8BF1ABFFC5F32,True
DEL-SYN-001344,ORD-SYN-001076,VEH-SYN-02,SOR-01,LOC-SYN-CUS-131,1,2025-11-07T18:51:00-03:00,2025-11-07T21:51:00-03:00,9.096,delivered,B2B-V1-BASE,BLD-9102B6E8BF1ABFFC5F32,True
DEL-SYN-001345,ORD-SYN-001076,VEH-SYN-03,SOR-01,LOC-SYN-CUS-131,2,2025-11-08T04:51:00-03:00,2025-11-08T07:51:00-03:00,9.096,delivered,B2B-V1-BASE,BLD-9102B6E8BF1ABFFC5F32,True
DEL-SYN-001346,ORD-SYN-001077,VEH-SYN-03,SOR-01,LOC-SYN-CUS-131,1,2025-11-08T05:57:00-03:00,2025-11-08T08:57:00-03:00,9.096,delivered,B2B-V1-BASE,BLD-9102B6E8BF1ABFFC5F32,True
DEL-SYN-001347,ORD-SYN-001078,VEH-SYN-04,SOR-01,LOC-SYN-CUS-046,1,2025-11-11T21:17:00-03:00,2025-11-12T00:17:00-03:00,97.72,delivered,B2B-V1-BASE,BLD-9102B6E8BF1ABFFC5F32,True
DEL-SYN-001348,ORD-SYN-001079,VEH-SYN-05,SOR-01,LOC-SYN-CUS-138,1,2025-11-11T07:24:00-03:00,2025-11-11T10:24:00-03:00,93.584,delivered,B2B-V1-BASE,BLD-9102B6E8BF1ABFFC5F32,True
DEL-SYN-001349,ORD-SYN-001080,VEH-SYN-06,SOR-01,LOC-SYN-CUS-053,1,2025-11-09T22:11:00-03:00,2025-11-10T01:11:00-03:00,11.138,delivered,B2B-V1-BASE,BLD-9102B6E8BF1ABFFC5F32,True
DEL-SYN-001350,ORD-SYN-001080,VEH-SYN-01,SOR-01,LOC-SYN-CUS-053,2,2025-11-10T08:11:00-03:00,2025-11-10T11:11:00-03:00,11.138,delivered,B2B-V1-BASE,BLD-9102B6E8BF1ABFFC5F32,True
DEL-SYN-001351,ORD-SYN-001081,VEH-SYN-01,SOR-01,LOC-SYN-CUS-102,1,2025-11-10T08:50:00-03:00,2025-11-10T11:50:00-03:00,92.902,delivered,B2B-V1-BASE,BLD-9102B6E8BF1ABFFC5F32,True
DEL-SYN-001352,ORD-SYN-001082,VEH-SYN-02,SOR-01,LOC-SYN-CUS-109,1,2025-11-08T08:57:00-03:00,2025-11-08T11:57:00-03:00,15.631,delivered,B2B-V1-BASE,BLD-9102B6E8BF1ABFFC5F32,True
DEL-SYN-001353,ORD-SYN-001083,VEH-SYN-03,SOR-01,LOC-SYN-CUS-102,1,2025-11-08T09:20:00-03:00,2025-11-08T12:20:00-03:00,92.902,delivered,B2B-V1-BASE,BLD-9102B6E8BF1ABFFC5F32,True
DEL-SYN-001354,ORD-SYN-001084,VEH-SYN-04,SOR-01,LOC-SYN-CUS-061,1,2025-11-08T23:59:00-03:00,2025-11-09T02:59:00-03:00,12.904,delivered,B2B-V1-BASE,BLD-9102B6E8BF1ABFFC5F32,True
DEL-SYN-001355,ORD-SYN-001084,VEH-SYN-05,SOR-01,LOC-SYN-CUS-061,2,2025-11-09T09:59:00-03:00,2025-11-09T12:59:00-03:00,12.904,delivered,B2B-V1-BASE,BLD-9102B6E8BF1ABFFC5F32,True
DEL-SYN-001356,ORD-SYN-001085,VEH-SYN-05,SOR-01,LOC-SYN-CUS-014,1,2025-11-09T00:50:00-03:00,2025-11-09T03:50:00-03:00,98.171,delivered,B2B-V1-BASE,BLD-9102B6E8BF1ABFFC5F32,True
DEL-SYN-001357,ORD-SYN-001086,VEH-SYN-06,SOR-01,LOC-SYN-CUS-041,1,2025-11-11T03:02:00-03:00,2025-11-11T06:02:00-03:00,16.45,delivered,B2B-V1-BASE,BLD-9102B6E8BF1ABFFC5F32,True
DEL-SYN-001358,ORD-SYN-001087,VEH-SYN-01,SOR-01,LOC-SYN-CUS-076,1,2025-11-08T17:32:00-03:00,2025-11-08T20:32:00-03:00,105.217,delivered_with_incident,B2B-V1-BASE,BLD-9102B6E8BF1ABFFC5F32,True
DEL-SYN-001359,ORD-SYN-001088,VEH-SYN-02,SOR-01,LOC-SYN-CUS-058,1,2025-11-07T18:04:00-03:00,2025-11-07T21:04:00-03:00,98.394,delivered,B2B-V1-BASE,BLD-9102B6E8BF1ABFFC5F32,True
DEL-SYN-001360,ORD-SYN-001088,VEH-SYN-03,SOR-01,LOC-SYN-CUS-058,2,2025-11-08T04:04:00-03:00,2025-11-08T07:04:00-03:00,98.394,delivered,B2B-V1-BASE,BLD-9102B6E8BF1ABFFC5F32,True
DEL-SYN-001361,ORD-SYN-001089,VEH-SYN-03,SOR-01,LOC-SYN-CUS-037,1,2025-11-10T04:17:00-03:00,2025-11-10T07:17:00-03:00,1.869,delivered,B2B-V1-BASE,BLD-9102B6E8BF1ABFFC5F32,True
DEL-SYN-001362,ORD-SYN-001090,VEH-SYN-04,SOR-01,LOC-SYN-CUS-017,1,2025-11-11T04:37:00-03:00,2025-11-11T07:37:00-03:00,7.536,delivered,B2B-V1-BASE,BLD-9102B6E8BF1ABFFC5F32,True
DEL-SYN-001363,ORD-SYN-001091,VEH-SYN-05,SOR-01,LOC-SYN-CUS-142,1,2025-11-08T04:49:00-03:00,2025-11-08T07:49:00-03:00,96.727,delivered,B2B-V1-BASE,BLD-9102B6E8BF1ABFFC5F32,True
DEL-SYN-001364,ORD-SYN-001092,VEH-SYN-06,SOR-01,LOC-SYN-CUS-012,1,2025-11-11T18:55:00-03:00,2025-11-11T21:55:00-03:00,93.694,delivered,B2B-V1-BASE,BLD-9102B6E8BF1ABFFC5F32,True
DEL-SYN-001365,ORD-SYN-001092,VEH-SYN-01,SOR-01,LOC-SYN-CUS-012,2,2025-11-12T04:55:00-03:00,2025-11-12T07:55:00-03:00,93.694,delivered,B2B-V1-BASE,BLD-9102B6E8BF1ABFFC5F32,True
DEL-SYN-001366,ORD-SYN-001093,VEH-SYN-01,SOR-01,LOC-SYN-CUS-146,1,2025-11-08T05:25:00-03:00,2025-11-08T08:25:00-03:00,99.257,delivered,B2B-V1-BASE,BLD-9102B6E8BF1ABFFC5F32,True
DEL-SYN-001367,ORD-SYN-001094,VEH-SYN-02,SOR-01,LOC-SYN-CUS-149,1,2025-11-12T08:17:00-03:00,2025-11-12T11:17:00-03:00,9.994,delivered,B2B-V1-BASE,BLD-9102B6E8BF1ABFFC5F32,True
DEL-SYN-001368,ORD-SYN-001095,VEH-SYN-03,SOR-01,LOC-SYN-CUS-115,1,2025-11-09T08:34:00-03:00,2025-11-09T11:34:00-03:00,8.481,delivered,B2B-V1-BASE,BLD-9102B6E8BF1ABFFC5F32,True
DEL-SYN-001369,ORD-SYN-001096,VEH-SYN-04,SOR-01,LOC-SYN-CUS-102,1,2025-11-08T22:48:00-03:00,2025-11-09T01:48:00-03:00,92.902,delivered,B2B-V1-BASE,BLD-9102B6E8BF1ABFFC5F32,True
DEL-SYN-001370,ORD-SYN-001096,VEH-SYN-05,SOR-01,LOC-SYN-CUS-102,2,2025-11-09T08:48:00-03:00,2025-11-09T11:48:00-03:00,92.902,delivered,B2B-V1-BASE,BLD-9102B6E8BF1ABFFC5F32,True
DEL-SYN-001371,ORD-SYN-001097,VEH-SYN-05,SOR-01,LOC-SYN-CUS-107,1,2025-11-12T09:15:00-03:00,2025-11-12T12:15:00-03:00,15.357,delivered,B2B-V1-BASE,BLD-9102B6E8BF1ABFFC5F32,True
DEL-SYN-001372,ORD-SYN-001098,VEH-SYN-06,SOR-01,LOC-SYN-CUS-018,1,2025-11-08T09:20:00-03:00,2025-11-08T12:20:00-03:00,97.884,delivered,B2B-V1-BASE,BLD-9102B6E8BF1ABFFC5F32,True
DEL-SYN-001373,ORD-SYN-001099,VEH-SYN-01,SOR-01,LOC-SYN-CUS-134,1,2025-11-11T09:22:00-03:00,2025-11-11T12:22:00-03:00,101.573,delivered,B2B-V1-BASE,BLD-9102B6E8BF1ABFFC5F32,True
DEL-SYN-001374,ORD-SYN-001100,VEH-SYN-02,SOR-01,LOC-SYN-CUS-069,1,2025-11-08T23:25:00-03:00,2025-11-09T02:25:00-03:00,13.67,delivered,B2B-V1-BASE,BLD-9102B6E8BF1ABFFC5F32,True
DEL-SYN-001375,ORD-SYN-001100,VEH-SYN-03,SOR-01,LOC-SYN-CUS-069,2,2025-11-09T09:25:00-03:00,2025-11-09T12:25:00-03:00,13.67,delivered,B2B-V1-BASE,BLD-9102B6E8BF1ABFFC5F32,True
DEL-SYN-001376,ORD-SYN-001101,VEH-SYN-03,SOR-01,LOC-SYN-CUS-129,1,2025-11-09T10:26:00-03:00,2025-11-09T13:26:00-03:00,10.44,delivered,B2B-V1-BASE,BLD-9102B6E8BF1ABFFC5F32,True
DEL-SYN-001377,ORD-SYN-001102,VEH-SYN-04,SOR-01,LOC-SYN-CUS-126,1,2025-11-08T11:25:00-03:00,2025-11-08T14:25:00-03:00,96.582,delivered,B2B-V1-BASE,BLD-9102B6E8BF1ABFFC5F32,True
DEL-SYN-001378,ORD-SYN-001103,VEH-SYN-05,SOR-01,LOC-SYN-CUS-029,1,2025-11-10T12:50:00-03:00,2025-11-10T15:50:00-03:00,8.682,delivered,B2B-V1-BASE,BLD-9102B6E8BF1ABFFC5F32,True
DEL-SYN-001379,ORD-SYN-001104,VEH-SYN-06,SOR-01,LOC-SYN-CUS-149,1,2025-11-08T17:07:00-03:00,2025-11-08T20:07:00-03:00,9.994,delivered,B2B-V1-BASE,BLD-9102B6E8BF1ABFFC5F32,True
DEL-SYN-001380,ORD-SYN-001104,VEH-SYN-01,SOR-01,LOC-SYN-CUS-149,2,2025-11-09T03:07:00-03:00,2025-11-09T06:07:00-03:00,9.994,delivered,B2B-V1-BASE,BLD-9102B6E8BF1ABFFC5F32,True
DEL-SYN-001381,ORD-SYN-001105,VEH-SYN-01,SOR-01,LOC-SYN-CUS-045,1,2025-11-13T03:19:00-03:00,2025-11-13T06:19:00-03:00,12.037,delivered,B2B-V1-BASE,BLD-9102B6E8BF1ABFFC5F32,True
DEL-SYN-001382,ORD-SYN-001106,VEH-SYN-02,SOR-01,LOC-SYN-CUS-037,1,2025-11-10T04:26:00-03:00,2025-11-10T07:26:00-03:00,1.869,delivered,B2B-V1-BASE,BLD-9102B6E8BF1ABFFC5F32,True
DEL-SYN-001383,ORD-SYN-001107,VEH-SYN-03,SOR-01,LOC-SYN-CUS-052,1,2025-11-10T06:58:00-03:00,2025-11-10T09:58:00-03:00,109.906,delivered,B2B-V1-BASE,BLD-9102B6E8BF1ABFFC5F32,True
DEL-SYN-001384,ORD-SYN-001108,VEH-SYN-04,SOR-01,LOC-SYN-CUS-013,1,2025-11-08T21:31:00-03:00,2025-11-09T00:31:00-03:00,12.582,delivered,B2B-V1-BASE,BLD-9102B6E8BF1ABFFC5F32,True
DEL-SYN-001385,ORD-SYN-001108,VEH-SYN-05,SOR-01,LOC-SYN-CUS-013,2,2025-11-09T07:31:00-03:00,2025-11-09T10:31:00-03:00,12.582,delivered,B2B-V1-BASE,BLD-9102B6E8BF1ABFFC5F32,True
DEL-SYN-001386,ORD-SYN-001109,VEH-SYN-05,SOR-01,LOC-SYN-CUS-022,1,2025-11-09T07:40:00-03:00,2025-11-09T10:40:00-03:00,97.576,delivered,B2B-V1-BASE,BLD-9102B6E8BF1ABFFC5F32,True
DEL-SYN-001387,ORD-SYN-001110,VEH-SYN-06,SOR-01,LOC-SYN-CUS-018,1,2025-11-09T08:05:00-03:00,2025-11-09T11:05:00-03:00,97.884,delivered,B2B-V1-BASE,BLD-9102B6E8BF1ABFFC5F32,True
DEL-SYN-001388,ORD-SYN-001111,VEH-SYN-01,SOR-01,LOC-SYN-CUS-095,1,2025-11-13T09:00:00-03:00,2025-11-13T12:00:00-03:00,11.423,delivered,B2B-V1-BASE,BLD-9102B6E8BF1ABFFC5F32,True
DEL-SYN-001389,ORD-SYN-001112,VEH-SYN-02,SOR-01,LOC-SYN-CUS-053,1,2025-11-09T23:39:00-03:00,2025-11-10T02:39:00-03:00,11.138,delivered,B2B-V1-BASE,BLD-9102B6E8BF1ABFFC5F32,True
DEL-SYN-001390,ORD-SYN-001112,VEH-SYN-03,SOR-01,LOC-SYN-CUS-053,2,2025-11-10T09:39:00-03:00,2025-11-10T12:39:00-03:00,11.138,delivered,B2B-V1-BASE,BLD-9102B6E8BF1ABFFC5F32,True
DEL-SYN-001391,ORD-SYN-001113,VEH-SYN-03,SOR-01,LOC-SYN-CUS-090,1,2025-11-11T10:21:00-03:00,2025-11-11T13:21:00-03:00,114.028,delivered,B2B-V1-BASE,BLD-9102B6E8BF1ABFFC5F32,True
DEL-SYN-001392,ORD-SYN-001114,VEH-SYN-04,SOR-01,LOC-SYN-CUS-054,1,2025-11-12T01:53:00-03:00,2025-11-12T04:53:00-03:00,92.335,delivered,B2B-V1-BASE,BLD-9102B6E8BF1ABFFC5F32,True
DEL-SYN-001393,ORD-SYN-001115,VEH-SYN-05,SOR-01,LOC-SYN-CUS-065,1,2025-11-10T03:50:00-03:00,2025-11-10T06:50:00-03:00,13.49,delivered,B2B-V1-BASE,BLD-9102B6E8BF1ABFFC5F32,True
DEL-SYN-001394,ORD-SYN-001116,VEH-SYN-06,SOR-01,LOC-SYN-CUS-045,1,2025-11-11T18:05:00-03:00,2025-11-11T21:05:00-03:00,12.037,delivered,B2B-V1-BASE,BLD-9102B6E8BF1ABFFC5F32,True
DEL-SYN-001395,ORD-SYN-001116,VEH-SYN-01,SOR-01,LOC-SYN-CUS-045,2,2025-11-12T04:05:00-03:00,2025-11-12T07:05:00-03:00,12.037,delivered,B2B-V1-BASE,BLD-9102B6E8BF1ABFFC5F32,True
DEL-SYN-001396,ORD-SYN-001117,VEH-SYN-01,SOR-01,LOC-SYN-CUS-078,1,2025-11-10T04:37:00-03:00,2025-11-10T07:37:00-03:00,97.926,delivered,B2B-V1-BASE,BLD-9102B6E8BF1ABFFC5F32,True
DEL-SYN-001397,ORD-SYN-001118,VEH-SYN-02,SOR-01,LOC-SYN-CUS-146,1,2025-11-10T05:25:00-03:00,2025-11-10T08:25:00-03:00,99.257,delivered,B2B-V1-BASE,BLD-9102B6E8BF1ABFFC5F32,True
DEL-SYN-001398,ORD-SYN-001119,VEH-SYN-03,SOR-01,LOC-SYN-CUS-069,1,2025-11-11T05:32:00-03:00,2025-11-11T08:32:00-03:00,13.67,delivered,B2B-V1-BASE,BLD-9102B6E8BF1ABFFC5F32,True
DEL-SYN-001399,ORD-SYN-001120,VEH-SYN-04,SOR-01,LOC-SYN-CUS-102,1,2025-11-13T20:19:00-03:00,2025-11-13T23:19:00-03:00,92.902,delivered,B2B-V1-BASE,BLD-9102B6E8BF1ABFFC5F32,True
DEL-SYN-001400,ORD-SYN-001120,VEH-SYN-05,SOR-01,LOC-SYN-CUS-102,2,2025-11-14T06:19:00-03:00,2025-11-14T09:19:00-03:00,92.902,delivered_with_incident,B2B-V1-BASE,BLD-9102B6E8BF1ABFFC5F32,True
DEL-SYN-001401,ORD-SYN-001121,VEH-SYN-05,SOR-01,LOC-SYN-CUS-124,1,2025-11-10T06:40:00-03:00,2025-11-10T09:40:00-03:00,90.769,delivered_with_incident,B2B-V1-BASE,BLD-9102B6E8BF1ABFFC5F32,True
DEL-SYN-001402,ORD-SYN-001122,VEH-SYN-06,SOR-01,LOC-SYN-CUS-058,1,2025-11-10T08:11:00-03:00,2025-11-10T11:11:00-03:00,98.394,delivered,B2B-V1-BASE,BLD-9102B6E8BF1ABFFC5F32,True
DEL-SYN-001403,ORD-SYN-001123,VEH-SYN-01,SOR-01,LOC-SYN-CUS-121,1,2025-11-14T01:24:00-03:00,2025-11-14T04:24:00-03:00,1.523,delivered,B2B-V1-BASE,BLD-9102B6E8BF1ABFFC5F32,True
DEL-SYN-001404,ORD-SYN-001124,VEH-SYN-02,SOR-01,LOC-SYN-CUS-062,1,2025-11-13T01:30:00-03:00,2025-11-13T04:30:00-03:00,84.711,delivered,B2B-V1-BASE,BLD-9102B6E8BF1ABFFC5F32,True
DEL-SYN-001405,ORD-SYN-001124,VEH-SYN-03,SOR-01,LOC-SYN-CUS-062,2,2025-11-13T11:30:00-03:00,2025-11-13T14:30:00-03:00,84.711,delivered,B2B-V1-BASE,BLD-9102B6E8BF1ABFFC5F32,True
DEL-SYN-001406,ORD-SYN-001125,VEH-SYN-03,SOR-01,LOC-SYN-CUS-026,1,2025-11-13T11:39:00-03:00,2025-11-13T14:39:00-03:00,93.542,delivered,B2B-V1-BASE,BLD-9102B6E8BF1ABFFC5F32,True
DEL-SYN-001407,ORD-SYN-001126,VEH-SYN-04,SOR-01,LOC-SYN-CUS-006,1,2025-11-11T12:15:00-03:00,2025-11-11T15:15:00-03:00,102.381,delivered,B2B-V1-BASE,BLD-9102B6E8BF1ABFFC5F32,True
DEL-SYN-001408,ORD-SYN-001127,VEH-SYN-05,SOR-01,LOC-SYN-CUS-006,1,2025-11-14T12:25:00-03:00,2025-11-14T15:25:00-03:00,102.381,delivered,B2B-V1-BASE,BLD-9102B6E8BF1ABFFC5F32,True
DEL-SYN-001409,ORD-SYN-001128,VEH-SYN-06,SOR-01,LOC-SYN-CUS-141,1,2025-11-11T02:40:00-03:00,2025-11-11T05:40:00-03:00,3.791,delivered,B2B-V1-BASE,BLD-9102B6E8BF1ABFFC5F32,True
DEL-SYN-001410,ORD-SYN-001128,VEH-SYN-01,SOR-01,LOC-SYN-CUS-141,2,2025-11-11T12:40:00-03:00,2025-11-11T15:40:00-03:00,3.791,delivered,B2B-V1-BASE,BLD-9102B6E8BF1ABFFC5F32,True
DEL-SYN-001411,ORD-SYN-001129,VEH-SYN-01,SOR-01,LOC-SYN-CUS-134,1,2025-11-12T17:01:00-03:00,2025-11-12T20:01:00-03:00,101.573,delivered,B2B-V1-BASE,BLD-9102B6E8BF1ABFFC5F32,True
DEL-SYN-001412,ORD-SYN-001130,VEH-SYN-02,SOR-01,LOC-SYN-CUS-040,1,2025-11-14T03:19:00-03:00,2025-11-14T06:19:00-03:00,104.509,delivered,B2B-V1-BASE,BLD-9102B6E8BF1ABFFC5F32,True
DEL-SYN-001413,ORD-SYN-001131,VEH-SYN-03,SOR-01,LOC-SYN-CUS-057,1,2025-11-14T04:04:00-03:00,2025-11-14T07:04:00-03:00,11.041,delivered,B2B-V1-BASE,BLD-9102B6E8BF1ABFFC5F32,True
DEL-SYN-001414,ORD-SYN-001132,VEH-SYN-04,SOR-01,LOC-SYN-CUS-009,1,2025-11-13T18:20:00-03:00,2025-11-13T21:20:00-03:00,14.093,delivered,B2B-V1-BASE,BLD-9102B6E8BF1ABFFC5F32,True
DEL-SYN-001415,ORD-SYN-001132,VEH-SYN-05,SOR-01,LOC-SYN-CUS-009,2,2025-11-14T04:20:00-03:00,2025-11-14T07:20:00-03:00,14.093,delivered,B2B-V1-BASE,BLD-9102B6E8BF1ABFFC5F32,True
DEL-SYN-001416,ORD-SYN-001133,VEH-SYN-05,SOR-01,LOC-SYN-CUS-141,1,2025-11-11T06:15:00-03:00,2025-11-11T09:15:00-03:00,3.791,delivered,B2B-V1-BASE,BLD-9102B6E8BF1ABFFC5F32,True
DEL-SYN-001417,ORD-SYN-001134,VEH-SYN-06,SOR-01,LOC-SYN-CUS-104,1,2025-11-13T06:46:00-03:00,2025-11-13T09:46:00-03:00,101.385,delivered,B2B-V1-BASE,BLD-9102B6E8BF1ABFFC5F32,True
DEL-SYN-001418,ORD-SYN-001135,VEH-SYN-01,SOR-01,LOC-SYN-CUS-109,1,2025-11-12T07:27:00-03:00,2025-11-12T10:27:00-03:00,15.631,delivered,B2B-V1-BASE,BLD-9102B6E8BF1ABFFC5F32,True
DEL-SYN-001419,ORD-SYN-001136,VEH-SYN-02,SOR-01,LOC-SYN-CUS-057,1,2025-11-13T13:30:00-03:00,2025-11-13T16:30:00-03:00,11.041,delivered,B2B-V1-BASE,BLD-9102B6E8BF1ABFFC5F32,True
DEL-SYN-001420,ORD-SYN-001136,VEH-SYN-03,SOR-01,LOC-SYN-CUS-057,2,2025-11-14T03:30:00-03:00,2025-11-14T06:30:00-03:00,11.041,delivered,B2B-V1-BASE,BLD-9102B6E8BF1ABFFC5F32,True
DEL-SYN-001421,ORD-SYN-001137,VEH-SYN-03,SOR-01,LOC-SYN-CUS-113,1,2025-11-11T07:31:00-03:00,2025-11-11T10:31:00-03:00,18.69,delivered,B2B-V1-BASE,BLD-9102B6E8BF1ABFFC5F32,True
DEL-SYN-001422,ORD-SYN-001138,VEH-SYN-04,SOR-01,LOC-SYN-CUS-105,1,2025-11-12T22:57:00-03:00,2025-11-13T01:57:00-03:00,13.533,delivered,B2B-V1-BASE,BLD-9102B6E8BF1ABFFC5F32,True
DEL-SYN-001423,ORD-SYN-001139,VEH-SYN-05,SOR-01,LOC-SYN-CUS-058,1,2025-11-12T09:11:00-03:00,2025-11-12T12:11:00-03:00,98.394,delivered,B2B-V1-BASE,BLD-9102B6E8BF1ABFFC5F32,True
DEL-SYN-001424,ORD-SYN-001140,VEH-SYN-06,SOR-01,LOC-SYN-CUS-033,1,2025-11-14T23:28:00-03:00,2025-11-15T02:28:00-03:00,13.637,delivered,B2B-V1-BASE,BLD-9102B6E8BF1ABFFC5F32,True
DEL-SYN-001425,ORD-SYN-001140,VEH-SYN-01,SOR-01,LOC-SYN-CUS-033,2,2025-11-15T09:28:00-03:00,2025-11-15T12:28:00-03:00,13.637,delivered,B2B-V1-BASE,BLD-9102B6E8BF1ABFFC5F32,True
DEL-SYN-001426,ORD-SYN-001141,VEH-SYN-01,SOR-01,LOC-SYN-CUS-041,1,2025-11-12T23:55:00-03:00,2025-11-13T02:55:00-03:00,16.45,delivered,B2B-V1-BASE,BLD-9102B6E8BF1ABFFC5F32,True
DEL-SYN-001427,ORD-SYN-001142,VEH-SYN-02,SOR-01,LOC-SYN-CUS-014,1,2025-11-15T11:46:00-03:00,2025-11-15T14:46:00-03:00,98.171,delivered,B2B-V1-BASE,BLD-9102B6E8BF1ABFFC5F32,True
DEL-SYN-001428,ORD-SYN-001143,VEH-SYN-03,SOR-01,LOC-SYN-CUS-117,1,2025-11-15T12:31:00-03:00,2025-11-15T15:31:00-03:00,14.483,delivered,B2B-V1-BASE,BLD-9102B6E8BF1ABFFC5F32,True
DEL-SYN-001429,ORD-SYN-001144,VEH-SYN-04,SOR-01,LOC-SYN-CUS-058,1,2025-11-12T17:40:00-03:00,2025-11-12T20:40:00-03:00,98.394,delivered,B2B-V1-BASE,BLD-9102B6E8BF1ABFFC5F32,True
DEL-SYN-001430,ORD-SYN-001144,VEH-SYN-05,SOR-01,LOC-SYN-CUS-058,2,2025-11-13T03:40:00-03:00,2025-11-13T06:40:00-03:00,98.394,delivered,B2B-V1-BASE,BLD-9102B6E8BF1ABFFC5F32,True
DEL-SYN-001431,ORD-SYN-001145,VEH-SYN-05,SOR-01,LOC-SYN-CUS-134,1,2025-11-12T05:26:00-03:00,2025-11-12T08:26:00-03:00,101.573,delivered,B2B-V1-BASE,BLD-9102B6E8BF1ABFFC5F32,True
DEL-SYN-001432,ORD-SYN-001146,VEH-SYN-06,SOR-01,LOC-SYN-CUS-078,1,2025-11-12T09:31:00-03:00,2025-11-12T12:31:00-03:00,97.926,delivered,B2B-V1-BASE,BLD-9102B6E8BF1ABFFC5F32,True
DEL-SYN-001433,ORD-SYN-001147,VEH-SYN-01,SOR-01,LOC-SYN-CUS-063,1,2025-11-14T10:25:00-03:00,2025-11-14T13:25:00-03:00,10.053,delivered,B2B-V1-BASE,BLD-9102B6E8BF1ABFFC5F32,True
DEL-SYN-001434,ORD-SYN-001148,VEH-SYN-02,SOR-01,LOC-SYN-CUS-045,1,2025-11-12T17:03:00-03:00,2025-11-12T20:03:00-03:00,12.037,delivered,B2B-V1-BASE,BLD-9102B6E8BF1ABFFC5F32,True
DEL-SYN-001435,ORD-SYN-001148,VEH-SYN-03,SOR-01,LOC-SYN-CUS-045,2,2025-11-13T07:03:00-03:00,2025-11-13T10:03:00-03:00,12.037,delivered,B2B-V1-BASE,BLD-9102B6E8BF1ABFFC5F32,True
DEL-SYN-001436,ORD-SYN-001149,VEH-SYN-03,SOR-01,LOC-SYN-CUS-098,1,2025-11-13T02:03:00-03:00,2025-11-13T05:03:00-03:00,100.419,delivered,B2B-V1-BASE,BLD-9102B6E8BF1ABFFC5F32,True
DEL-SYN-001437,ORD-SYN-001150,VEH-SYN-04,SOR-01,LOC-SYN-CUS-002,1,2025-11-13T12:24:00-03:00,2025-11-13T15:24:00-03:00,87.443,delivered,B2B-V1-BASE,BLD-9102B6E8BF1ABFFC5F32,True
DEL-SYN-001438,ORD-SYN-001151,VEH-SYN-05,SOR-01,LOC-SYN-CUS-026,1,2025-11-14T03:21:00-03:00,2025-11-14T06:21:00-03:00,93.542,delivered,B2B-V1-BASE,BLD-9102B6E8BF1ABFFC5F32,True
DEL-SYN-001439,ORD-SYN-001152,VEH-SYN-06,SOR-01,LOC-SYN-CUS-034,1,2025-11-13T18:02:00-03:00,2025-11-13T21:02:00-03:00,92.375,delivered,B2B-V1-BASE,BLD-9102B6E8BF1ABFFC5F32,True
DEL-SYN-001440,ORD-SYN-001152,VEH-SYN-01,SOR-01,LOC-SYN-CUS-034,2,2025-11-14T04:02:00-03:00,2025-11-14T07:02:00-03:00,92.375,delivered,B2B-V1-BASE,BLD-9102B6E8BF1ABFFC5F32,True
DEL-SYN-001441,ORD-SYN-001153,VEH-SYN-01,SOR-01,LOC-SYN-CUS-085,1,2025-11-17T06:11:00-03:00,2025-11-17T09:11:00-03:00,11.234,delivered,B2B-V1-BASE,BLD-9102B6E8BF1ABFFC5F32,True
DEL-SYN-001442,ORD-SYN-001154,VEH-SYN-02,SOR-01,LOC-SYN-CUS-112,1,2025-11-14T06:20:00-03:00,2025-11-14T09:20:00-03:00,94.924,delivered,B2B-V1-BASE,BLD-9102B6E8BF1ABFFC5F32,True
DEL-SYN-001443,ORD-SYN-001155,VEH-SYN-03,SOR-01,LOC-SYN-CUS-125,1,2025-11-16T06:37:00-03:00,2025-11-16T09:37:00-03:00,11.651,delivered,B2B-V1-BASE,BLD-9102B6E8BF1ABFFC5F32,True
DEL-SYN-001444,ORD-SYN-001156,VEH-SYN-04,SOR-01,LOC-SYN-CUS-078,1,2025-11-15T22:06:00-03:00,2025-11-16T01:06:00-03:00,97.926,delivered,B2B-V1-BASE,BLD-9102B6E8BF1ABFFC5F32,True
DEL-SYN-001445,ORD-SYN-001156,VEH-SYN-05,SOR-01,LOC-SYN-CUS-078,2,2025-11-16T08:06:00-03:00,2025-11-16T11:06:00-03:00,97.926,delivered,B2B-V1-BASE,BLD-9102B6E8BF1ABFFC5F32,True
DEL-SYN-001446,ORD-SYN-001157,VEH-SYN-05,SOR-01,LOC-SYN-CUS-016,1,2025-11-13T08:43:00-03:00,2025-11-13T11:43:00-03:00,89.626,delivered,B2B-V1-BASE,BLD-9102B6E8BF1ABFFC5F32,True
DEL-SYN-001447,ORD-SYN-001158,VEH-SYN-06,SOR-01,LOC-SYN-CUS-122,1,2025-11-16T11:53:00-03:00,2025-11-16T14:53:00-03:00,107.646,delivered,B2B-V1-BASE,BLD-9102B6E8BF1ABFFC5F32,True
DEL-SYN-001448,ORD-SYN-001159,VEH-SYN-01,SOR-01,LOC-SYN-CUS-131,1,2025-11-14T11:55:00-03:00,2025-11-14T14:55:00-03:00,9.096,delivered,B2B-V1-BASE,BLD-9102B6E8BF1ABFFC5F32,True
DEL-SYN-001449,ORD-SYN-001160,VEH-SYN-02,SOR-01,LOC-SYN-CUS-085,1,2025-11-14T02:08:00-03:00,2025-11-14T05:08:00-03:00,11.234,delivered,B2B-V1-BASE,BLD-9102B6E8BF1ABFFC5F32,True
DEL-SYN-001450,ORD-SYN-001160,VEH-SYN-03,SOR-01,LOC-SYN-CUS-085,2,2025-11-14T12:08:00-03:00,2025-11-14T15:08:00-03:00,11.234,delivered,B2B-V1-BASE,BLD-9102B6E8BF1ABFFC5F32,True
DEL-SYN-001451,ORD-SYN-001161,VEH-SYN-03,SOR-01,LOC-SYN-CUS-104,1,2025-11-13T12:12:00-03:00,2025-11-13T15:12:00-03:00,101.385,delivered,B2B-V1-BASE,BLD-9102B6E8BF1ABFFC5F32,True
DEL-SYN-001452,ORD-SYN-001162,VEH-SYN-04,SOR-01,LOC-SYN-CUS-011,1,2025-11-14T12:17:00-03:00,2025-11-14T15:17:00-03:00,11.323,delivered,B2B-V1-BASE,BLD-9102B6E8BF1ABFFC5F32,True
DEL-SYN-001453,ORD-SYN-001163,VEH-SYN-05,SOR-01,LOC-SYN-CUS-133,1,2025-11-15T02:26:00-03:00,2025-11-15T05:26:00-03:00,15.316,delivered_with_incident,B2B-V1-BASE,BLD-9102B6E8BF1ABFFC5F32,True
DEL-SYN-001454,ORD-SYN-001164,VEH-SYN-06,SOR-01,LOC-SYN-CUS-017,1,2025-11-16T02:33:00-03:00,2025-11-16T05:33:00-03:00,7.536,delivered,B2B-V1-BASE,BLD-9102B6E8BF1ABFFC5F32,True
DEL-SYN-001455,ORD-SYN-001164,VEH-SYN-01,SOR-01,LOC-SYN-CUS-017,2,2025-11-16T12:33:00-03:00,2025-11-16T15:33:00-03:00,7.536,delivered,B2B-V1-BASE,BLD-9102B6E8BF1ABFFC5F32,True
DEL-SYN-001456,ORD-SYN-001165,VEH-SYN-01,SOR-01,LOC-SYN-CUS-059,1,2025-11-15T03:00:00-03:00,2025-11-15T06:00:00-03:00,13.382,delivered,B2B-V1-BASE,BLD-9102B6E8BF1ABFFC5F32,True
DEL-SYN-001457,ORD-SYN-001166,VEH-SYN-02,SOR-01,LOC-SYN-CUS-024,1,2025-11-17T03:55:00-03:00,2025-11-17T06:55:00-03:00,107.095,delivered,B2B-V1-BASE,BLD-9102B6E8BF1ABFFC5F32,True
DEL-SYN-001458,ORD-SYN-001167,VEH-SYN-03,SOR-01,LOC-SYN-CUS-068,1,2025-11-14T04:10:00-03:00,2025-11-14T07:10:00-03:00,103.344,delivered,B2B-V1-BASE,BLD-9102B6E8BF1ABFFC5F32,True
DEL-SYN-001459,ORD-SYN-001168,VEH-SYN-04,SOR-01,LOC-SYN-CUS-074,1,2025-11-17T18:59:00-03:00,2025-11-17T21:59:00-03:00,106.713,delivered,B2B-V1-BASE,BLD-9102B6E8BF1ABFFC5F32,True
DEL-SYN-001460,ORD-SYN-001168,VEH-SYN-05,SOR-01,LOC-SYN-CUS-074,2,2025-11-18T04:59:00-03:00,2025-11-18T07:59:00-03:00,106.713,delivered,B2B-V1-BASE,BLD-9102B6E8BF1ABFFC5F32,True
DEL-SYN-001461,ORD-SYN-001169,VEH-SYN-05,SOR-01,LOC-SYN-CUS-063,1,2025-11-18T05:32:00-03:00,2025-11-18T08:32:00-03:00,10.053,delivered,B2B-V1-BASE,BLD-9102B6E8BF1ABFFC5F32,True
DEL-SYN-001462,ORD-SYN-001170,VEH-SYN-06,SOR-01,LOC-SYN-CUS-045,1,2025-11-17T19:56:00-03:00,2025-11-17T22:56:00-03:00,12.037,delivered,B2B-V1-BASE,BLD-9102B6E8BF1ABFFC5F32,True
DEL-SYN-001463,ORD-SYN-001171,VEH-SYN-01,SOR-01,LOC-SYN-CUS-110,1,2025-11-16T09:05:00-03:00,2025-11-16T12:05:00-03:00,101.983,delivered,B2B-V1-BASE,BLD-9102B6E8BF1ABFFC5F32,True
DEL-SYN-001464,ORD-SYN-001172,VEH-SYN-02,SOR-01,LOC-SYN-CUS-086,1,2025-11-14T23:43:00-03:00,2025-11-15T02:43:00-03:00,100.855,delivered_with_incident,B2B-V1-BASE,BLD-9102B6E8BF1ABFFC5F32,True
DEL-SYN-001465,ORD-SYN-001172,VEH-SYN-03,SOR-01,LOC-SYN-CUS-086,2,2025-11-15T09:43:00-03:00,2025-11-15T12:43:00-03:00,100.855,delivered,B2B-V1-BASE,BLD-9102B6E8BF1ABFFC5F32,True
DEL-SYN-001466,ORD-SYN-001173,VEH-SYN-03,SOR-01,LOC-SYN-CUS-074,1,2025-11-14T10:01:00-03:00,2025-11-14T13:01:00-03:00,106.713,delivered,B2B-V1-BASE,BLD-9102B6E8BF1ABFFC5F32,True
DEL-SYN-001467,ORD-SYN-001174,VEH-SYN-04,SOR-01,LOC-SYN-CUS-049,1,2025-11-15T11:09:00-03:00,2025-11-15T14:09:00-03:00,13.054,delivered,B2B-V1-BASE,BLD-9102B6E8BF1ABFFC5F32,True
DEL-SYN-001468,ORD-SYN-001175,VEH-SYN-05,SOR-01,LOC-SYN-CUS-076,1,2025-11-17T11:35:00-03:00,2025-11-17T14:35:00-03:00,105.217,delivered,B2B-V1-BASE,BLD-9102B6E8BF1ABFFC5F32,True
DEL-SYN-001469,ORD-SYN-001176,VEH-SYN-06,SOR-01,LOC-SYN-CUS-144,1,2025-11-15T20:04:00-03:00,2025-11-15T23:04:00-03:00,84.976,delivered,B2B-V1-BASE,BLD-9102B6E8BF1ABFFC5F32,True
DEL-SYN-001470,ORD-SYN-001176,VEH-SYN-01,SOR-01,LOC-SYN-CUS-144,2,2025-11-16T06:04:00-03:00,2025-11-16T09:04:00-03:00,84.976,delivered,B2B-V1-BASE,BLD-9102B6E8BF1ABFFC5F32,True
DEL-SYN-001471,ORD-SYN-001177,VEH-SYN-01,SOR-01,LOC-SYN-CUS-029,1,2025-11-19T07:31:00-03:00,2025-11-19T10:31:00-03:00,8.682,delivered,B2B-V1-BASE,BLD-9102B6E8BF1ABFFC5F32,True
DEL-SYN-001472,ORD-SYN-001178,VEH-SYN-02,SOR-01,LOC-SYN-CUS-010,1,2025-11-18T07:43:00-03:00,2025-11-18T10:43:00-03:00,98.174,delivered,B2B-V1-BASE,BLD-9102B6E8BF1ABFFC5F32,True
DEL-SYN-001473,ORD-SYN-001179,VEH-SYN-03,SOR-01,LOC-SYN-CUS-090,1,2025-11-19T07:43:00-03:00,2025-11-19T10:43:00-03:00,114.028,delivered,B2B-V1-BASE,BLD-9102B6E8BF1ABFFC5F32,True
DEL-SYN-001474,ORD-SYN-001180,VEH-SYN-04,SOR-01,LOC-SYN-CUS-022,1,2025-11-16T22:14:00-03:00,2025-11-17T01:14:00-03:00,97.576,delivered,B2B-V1-BASE,BLD-9102B6E8BF1ABFFC5F32,True
DEL-SYN-001475,ORD-SYN-001180,VEH-SYN-05,SOR-01,LOC-SYN-CUS-022,2,2025-11-17T08:14:00-03:00,2025-11-17T11:14:00-03:00,97.576,delivered,B2B-V1-BASE,BLD-9102B6E8BF1ABFFC5F32,True
DEL-SYN-001476,ORD-SYN-001181,VEH-SYN-05,SOR-01,LOC-SYN-CUS-059,1,2025-11-19T22:38:00-03:00,2025-11-20T01:38:00-03:00,13.382,delivered,B2B-V1-BASE,BLD-9102B6E8BF1ABFFC5F32,True
DEL-SYN-001477,ORD-SYN-001182,VEH-SYN-06,SOR-01,LOC-SYN-CUS-032,1,2025-11-17T08:42:00-03:00,2025-11-17T11:42:00-03:00,100.378,delivered,B2B-V1-BASE,BLD-9102B6E8BF1ABFFC5F32,True
DEL-SYN-001478,ORD-SYN-001183,VEH-SYN-01,SOR-01,LOC-SYN-CUS-048,1,2025-11-17T09:22:00-03:00,2025-11-17T12:22:00-03:00,94.78,delivered,B2B-V1-BASE,BLD-9102B6E8BF1ABFFC5F32,True
DEL-SYN-001479,ORD-SYN-001184,VEH-SYN-02,SOR-01,LOC-SYN-CUS-129,1,2025-11-17T00:11:00-03:00,2025-11-17T03:11:00-03:00,10.44,delivered,B2B-V1-BASE,BLD-9102B6E8BF1ABFFC5F32,True
DEL-SYN-001480,ORD-SYN-001184,VEH-SYN-03,SOR-01,LOC-SYN-CUS-129,2,2025-11-17T10:11:00-03:00,2025-11-17T13:11:00-03:00,10.44,delivered,B2B-V1-BASE,BLD-9102B6E8BF1ABFFC5F32,True
DEL-SYN-001481,ORD-SYN-001185,VEH-SYN-03,SOR-01,LOC-SYN-CUS-064,1,2025-11-17T10:21:00-03:00,2025-11-17T13:21:00-03:00,102.777,delivered,B2B-V1-BASE,BLD-9102B6E8BF1ABFFC5F32,True
DEL-SYN-001482,ORD-SYN-001186,VEH-SYN-04,SOR-01,LOC-SYN-CUS-005,1,2025-11-18T11:02:00-03:00,2025-11-18T14:02:00-03:00,9.779,delivered,B2B-V1-BASE,BLD-9102B6E8BF1ABFFC5F32,True
DEL-SYN-001483,ORD-SYN-001187,VEH-SYN-05,SOR-01,LOC-SYN-CUS-053,1,2025-11-19T11:56:00-03:00,2025-11-19T14:56:00-03:00,11.138,delivered,B2B-V1-BASE,BLD-9102B6E8BF1ABFFC5F32,True
DEL-SYN-001484,ORD-SYN-001188,VEH-SYN-06,SOR-01,LOC-SYN-CUS-021,1,2025-11-19T18:18:00-03:00,2025-11-19T21:18:00-03:00,21.891,delivered,B2B-V1-BASE,BLD-9102B6E8BF1ABFFC5F32,True
DEL-SYN-001485,ORD-SYN-001188,VEH-SYN-01,SOR-01,LOC-SYN-CUS-021,2,2025-11-20T08:18:00-03:00,2025-11-20T11:18:00-03:00,21.891,delivered,B2B-V1-BASE,BLD-9102B6E8BF1ABFFC5F32,True
DEL-SYN-001486,ORD-SYN-001189,VEH-SYN-01,SOR-01,LOC-SYN-CUS-046,1,2025-11-17T17:03:00-03:00,2025-11-17T20:03:00-03:00,97.72,delivered_with_incident,B2B-V1-BASE,BLD-9102B6E8BF1ABFFC5F32,True
DEL-SYN-001487,ORD-SYN-001190,VEH-SYN-02,SOR-01,LOC-SYN-CUS-102,1,2025-11-17T17:08:00-03:00,2025-11-17T20:08:00-03:00,92.902,delivered,B2B-V1-BASE,BLD-9102B6E8BF1ABFFC5F32,True
DEL-SYN-001488,ORD-SYN-001191,VEH-SYN-03,SOR-01,LOC-SYN-CUS-145,1,2025-11-16T17:51:00-03:00,2025-11-16T20:51:00-03:00,9.581,delivered,B2B-V1-BASE,BLD-9102B6E8BF1ABFFC5F32,True
DEL-SYN-001489,ORD-SYN-001192,VEH-SYN-04,SOR-01,LOC-SYN-CUS-055,1,2025-11-15T18:11:00-03:00,2025-11-15T21:11:00-03:00,7.169,delivered,B2B-V1-BASE,BLD-9102B6E8BF1ABFFC5F32,True
DEL-SYN-001490,ORD-SYN-001192,VEH-SYN-05,SOR-01,LOC-SYN-CUS-055,2,2025-11-16T04:11:00-03:00,2025-11-16T07:11:00-03:00,7.169,delivered,B2B-V1-BASE,BLD-9102B6E8BF1ABFFC5F32,True
DEL-SYN-001491,ORD-SYN-001193,VEH-SYN-05,SOR-01,LOC-SYN-CUS-013,1,2025-11-19T05:24:00-03:00,2025-11-19T08:24:00-03:00,12.582,delivered,B2B-V1-BASE,BLD-9102B6E8BF1ABFFC5F32,True
DEL-SYN-001492,ORD-SYN-001194,VEH-SYN-06,SOR-01,LOC-SYN-CUS-015,1,2025-11-20T05:27:00-03:00,2025-11-20T08:27:00-03:00,20.193,delivered,B2B-V1-BASE,BLD-9102B6E8BF1ABFFC5F32,True
DEL-SYN-001493,ORD-SYN-001195,VEH-SYN-01,SOR-01,LOC-SYN-CUS-057,1,2025-11-18T20:28:00-03:00,2025-11-18T23:28:00-03:00,11.041,delivered,B2B-V1-BASE,BLD-9102B6E8BF1ABFFC5F32,True
DEL-SYN-001494,ORD-SYN-001196,VEH-SYN-02,SOR-01,LOC-SYN-CUS-097,1,2025-11-15T21:45:00-03:00,2025-11-16T00:45:00-03:00,10.67,delivered,B2B-V1-BASE,BLD-9102B6E8BF1ABFFC5F32,True
DEL-SYN-001495,ORD-SYN-001196,VEH-SYN-03,SOR-01,LOC-SYN-CUS-097,2,2025-11-16T07:45:00-03:00,2025-11-16T10:45:00-03:00,10.67,delivered,B2B-V1-BASE,BLD-9102B6E8BF1ABFFC5F32,True
DEL-SYN-001496,ORD-SYN-001197,VEH-SYN-03,SOR-01,LOC-SYN-CUS-057,1,2025-11-19T09:00:00-03:00,2025-11-19T12:00:00-03:00,11.041,delivered,B2B-V1-BASE,BLD-9102B6E8BF1ABFFC5F32,True
DEL-SYN-001497,ORD-SYN-001198,VEH-SYN-04,SOR-01,LOC-SYN-CUS-103,1,2025-11-20T23:39:00-03:00,2025-11-21T02:39:00-03:00,8.326,delivered,B2B-V1-BASE,BLD-9102B6E8BF1ABFFC5F32,True
DEL-SYN-001498,ORD-SYN-001199,VEH-SYN-05,SOR-01,LOC-SYN-CUS-030,1,2025-11-20T10:22:00-03:00,2025-11-20T13:22:00-03:00,95.926,delivered,B2B-V1-BASE,BLD-9102B6E8BF1ABFFC5F32,True
DEL-SYN-001499,ORD-SYN-001200,VEH-SYN-06,SOR-01,LOC-SYN-CUS-074,1,2025-11-19T16:38:00-03:00,2025-11-19T19:38:00-03:00,106.713,delivered,B2B-V1-BASE,BLD-9102B6E8BF1ABFFC5F32,True
DEL-SYN-001500,ORD-SYN-001200,VEH-SYN-01,SOR-01,LOC-SYN-CUS-074,2,2025-11-20T06:38:00-03:00,2025-11-20T09:38:00-03:00,106.713,delivered,B2B-V1-BASE,BLD-9102B6E8BF1ABFFC5F32,True
DEL-SYN-001501,ORD-SYN-001201,VEH-SYN-01,SOR-01,LOC-SYN-CUS-141,1,2025-11-17T11:28:00-03:00,2025-11-17T14:28:00-03:00,3.791,delivered,B2B-V1-BASE,BLD-9102B6E8BF1ABFFC5F32,True
DEL-SYN-001502,ORD-SYN-001202,VEH-SYN-02,SOR-01,LOC-SYN-CUS-107,1,2025-11-20T03:17:00-03:00,2025-11-20T06:17:00-03:00,15.357,delivered,B2B-V1-BASE,BLD-9102B6E8BF1ABFFC5F32,True
DEL-SYN-001503,ORD-SYN-001203,VEH-SYN-03,SOR-01,LOC-SYN-CUS-056,1,2025-11-18T03:45:00-03:00,2025-11-18T06:45:00-03:00,107.19,delivered,B2B-V1-BASE,BLD-9102B6E8BF1ABFFC5F32,True
DEL-SYN-001504,ORD-SYN-001204,VEH-SYN-04,SOR-01,LOC-SYN-CUS-093,1,2025-11-17T18:04:00-03:00,2025-11-17T21:04:00-03:00,14.157,delivered,B2B-V1-BASE,BLD-9102B6E8BF1ABFFC5F32,True
DEL-SYN-001505,ORD-SYN-001204,VEH-SYN-05,SOR-01,LOC-SYN-CUS-093,2,2025-11-18T04:04:00-03:00,2025-11-18T07:04:00-03:00,14.157,delivered,B2B-V1-BASE,BLD-9102B6E8BF1ABFFC5F32,True
DEL-SYN-001506,ORD-SYN-001205,VEH-SYN-05,SOR-01,LOC-SYN-CUS-117,1,2025-11-17T21:44:00-03:00,2025-11-18T00:44:00-03:00,14.483,delivered,B2B-V1-BASE,BLD-9102B6E8BF1ABFFC5F32,True
DEL-SYN-001507,ORD-SYN-001206,VEH-SYN-06,SOR-01,LOC-SYN-CUS-089,1,2025-11-21T07:50:00-03:00,2025-11-21T10:50:00-03:00,10.706,delivered,B2B-V1-BASE,BLD-9102B6E8BF1ABFFC5F32,True
DEL-SYN-001508,ORD-SYN-001207,VEH-SYN-01,SOR-01,LOC-SYN-CUS-030,1,2025-11-18T07:53:00-03:00,2025-11-18T10:53:00-03:00,95.926,delivered,B2B-V1-BASE,BLD-9102B6E8BF1ABFFC5F32,True
DEL-SYN-001509,ORD-SYN-001208,VEH-SYN-02,SOR-01,LOC-SYN-CUS-003,1,2025-11-19T22:28:00-03:00,2025-11-20T01:28:00-03:00,7.59,delivered,B2B-V1-BASE,BLD-9102B6E8BF1ABFFC5F32,True
DEL-SYN-001510,ORD-SYN-001208,VEH-SYN-03,SOR-01,LOC-SYN-CUS-003,2,2025-11-20T08:28:00-03:00,2025-11-20T11:28:00-03:00,7.59,delivered,B2B-V1-BASE,BLD-9102B6E8BF1ABFFC5F32,True
DEL-SYN-001511,ORD-SYN-001209,VEH-SYN-03,SOR-01,LOC-SYN-CUS-117,1,2025-11-19T08:39:00-03:00,2025-11-19T11:39:00-03:00,14.483,delivered,B2B-V1-BASE,BLD-9102B6E8BF1ABFFC5F32,True
DEL-SYN-001512,ORD-SYN-001210,VEH-SYN-04,SOR-01,LOC-SYN-CUS-054,1,2025-11-19T09:51:00-03:00,2025-11-19T12:51:00-03:00,92.335,delivered,B2B-V1-BASE,BLD-9102B6E8BF1ABFFC5F32,True
DEL-SYN-001513,ORD-SYN-001211,VEH-SYN-05,SOR-01,LOC-SYN-CUS-083,1,2025-11-17T09:52:00-03:00,2025-11-17T12:52:00-03:00,15.586,delivered,B2B-V1-BASE,BLD-9102B6E8BF1ABFFC5F32,True
DEL-SYN-001514,ORD-SYN-001212,VEH-SYN-06,SOR-01,LOC-SYN-CUS-022,1,2025-11-20T23:52:00-03:00,2025-11-21T02:52:00-03:00,97.576,delivered,B2B-V1-BASE,BLD-9102B6E8BF1ABFFC5F32,True
DEL-SYN-001515,ORD-SYN-001212,VEH-SYN-01,SOR-01,LOC-SYN-CUS-022,2,2025-11-21T09:52:00-03:00,2025-11-21T12:52:00-03:00,97.576,delivered,B2B-V1-BASE,BLD-9102B6E8BF1ABFFC5F32,True
DEL-SYN-001516,ORD-SYN-001213,VEH-SYN-01,SOR-01,LOC-SYN-CUS-029,1,2025-11-18T10:21:00-03:00,2025-11-18T13:21:00-03:00,8.682,delivered,B2B-V1-BASE,BLD-9102B6E8BF1ABFFC5F32,True
DEL-SYN-001517,ORD-SYN-001214,VEH-SYN-02,SOR-01,LOC-SYN-CUS-019,1,2025-11-19T10:46:00-03:00,2025-11-19T13:46:00-03:00,11.18,delivered,B2B-V1-BASE,BLD-9102B6E8BF1ABFFC5F32,True
DEL-SYN-001518,ORD-SYN-001215,VEH-SYN-03,SOR-01,LOC-SYN-CUS-023,1,2025-11-17T12:24:00-03:00,2025-11-17T15:24:00-03:00,12.238,delivered,B2B-V1-BASE,BLD-9102B6E8BF1ABFFC5F32,True
DEL-SYN-001519,ORD-SYN-001216,VEH-SYN-04,SOR-01,LOC-SYN-CUS-067,1,2025-11-21T02:33:00-03:00,2025-11-21T05:33:00-03:00,13.624,delivered,B2B-V1-BASE,BLD-9102B6E8BF1ABFFC5F32,True
DEL-SYN-001520,ORD-SYN-001216,VEH-SYN-05,SOR-01,LOC-SYN-CUS-067,2,2025-11-21T12:33:00-03:00,2025-11-21T15:33:00-03:00,13.624,delivered,B2B-V1-BASE,BLD-9102B6E8BF1ABFFC5F32,True
DEL-SYN-001521,ORD-SYN-001217,VEH-SYN-05,SOR-01,LOC-SYN-CUS-010,1,2025-11-21T12:34:00-03:00,2025-11-21T15:34:00-03:00,98.174,delivered,B2B-V1-BASE,BLD-9102B6E8BF1ABFFC5F32,True
DEL-SYN-001522,ORD-SYN-001218,VEH-SYN-06,SOR-01,LOC-SYN-CUS-023,1,2025-11-18T03:20:00-03:00,2025-11-18T06:20:00-03:00,12.238,delivered,B2B-V1-BASE,BLD-9102B6E8BF1ABFFC5F32,True
DEL-SYN-001523,ORD-SYN-001219,VEH-SYN-01,SOR-01,LOC-SYN-CUS-106,1,2025-11-19T03:24:00-03:00,2025-11-19T06:24:00-03:00,97.3,delivered,B2B-V1-BASE,BLD-9102B6E8BF1ABFFC5F32,True
DEL-SYN-001524,ORD-SYN-001220,VEH-SYN-02,SOR-01,LOC-SYN-CUS-060,1,2025-11-21T17:25:00-03:00,2025-11-21T20:25:00-03:00,99.346,delivered,B2B-V1-BASE,BLD-9102B6E8BF1ABFFC5F32,True
DEL-SYN-001525,ORD-SYN-001220,VEH-SYN-03,SOR-01,LOC-SYN-CUS-060,2,2025-11-22T03:25:00-03:00,2025-11-22T06:25:00-03:00,99.346,delivered,B2B-V1-BASE,BLD-9102B6E8BF1ABFFC5F32,True
DEL-SYN-001526,ORD-SYN-001221,VEH-SYN-03,SOR-01,LOC-SYN-CUS-048,1,2025-11-18T03:27:00-03:00,2025-11-18T06:27:00-03:00,94.78,delivered,B2B-V1-BASE,BLD-9102B6E8BF1ABFFC5F32,True
DEL-SYN-001527,ORD-SYN-001222,VEH-SYN-04,SOR-01,LOC-SYN-CUS-133,1,2025-11-21T04:38:00-03:00,2025-11-21T07:38:00-03:00,15.316,delivered,B2B-V1-BASE,BLD-9102B6E8BF1ABFFC5F32,True
DEL-SYN-001528,ORD-SYN-001223,VEH-SYN-05,SOR-01,LOC-SYN-CUS-067,1,2025-11-18T19:01:00-03:00,2025-11-18T22:01:00-03:00,13.624,delivered,B2B-V1-BASE,BLD-9102B6E8BF1ABFFC5F32,True
DEL-SYN-001529,ORD-SYN-001224,VEH-SYN-06,SOR-01,LOC-SYN-CUS-146,1,2025-11-17T20:28:00-03:00,2025-11-17T23:28:00-03:00,99.257,delivered,B2B-V1-BASE,BLD-9102B6E8BF1ABFFC5F32,True
DEL-SYN-001530,ORD-SYN-001224,VEH-SYN-01,SOR-01,LOC-SYN-CUS-146,2,2025-11-18T06:28:00-03:00,2025-11-18T09:28:00-03:00,99.257,delivered,B2B-V1-BASE,BLD-9102B6E8BF1ABFFC5F32,True
DEL-SYN-001531,ORD-SYN-001225,VEH-SYN-01,SOR-01,LOC-SYN-CUS-005,1,2025-11-20T07:54:00-03:00,2025-11-20T10:54:00-03:00,9.779,delivered,B2B-V1-BASE,BLD-9102B6E8BF1ABFFC5F32,True
DEL-SYN-001532,ORD-SYN-001226,VEH-SYN-02,SOR-01,LOC-SYN-CUS-138,1,2025-11-19T07:59:00-03:00,2025-11-19T10:59:00-03:00,93.584,delivered,B2B-V1-BASE,BLD-9102B6E8BF1ABFFC5F32,True
DEL-SYN-001533,ORD-SYN-001227,VEH-SYN-03,SOR-01,LOC-SYN-CUS-104,1,2025-11-20T10:43:00-03:00,2025-11-20T13:43:00-03:00,101.385,delivered,B2B-V1-BASE,BLD-9102B6E8BF1ABFFC5F32,True
DEL-SYN-001534,ORD-SYN-001228,VEH-SYN-04,SOR-01,LOC-SYN-CUS-081,1,2025-11-18T18:01:00-03:00,2025-11-18T21:01:00-03:00,6.44,delivered,B2B-V1-BASE,BLD-9102B6E8BF1ABFFC5F32,True
DEL-SYN-001535,ORD-SYN-001228,VEH-SYN-05,SOR-01,LOC-SYN-CUS-081,2,2025-11-19T04:01:00-03:00,2025-11-19T07:01:00-03:00,6.44,delivered,B2B-V1-BASE,BLD-9102B6E8BF1ABFFC5F32,True
DEL-SYN-001536,ORD-SYN-001229,VEH-SYN-05,SOR-01,LOC-SYN-CUS-115,1,2025-11-23T04:24:00-03:00,2025-11-23T07:24:00-03:00,8.481,delivered,B2B-V1-BASE,BLD-9102B6E8BF1ABFFC5F32,True
DEL-SYN-001537,ORD-SYN-001230,VEH-SYN-06,SOR-01,LOC-SYN-CUS-138,1,2025-11-22T05:05:00-03:00,2025-11-22T08:05:00-03:00,93.584,delivered,B2B-V1-BASE,BLD-9102B6E8BF1ABFFC5F32,True
DEL-SYN-001538,ORD-SYN-001231,VEH-SYN-01,SOR-01,LOC-SYN-CUS-062,1,2025-11-23T05:32:00-03:00,2025-11-23T08:32:00-03:00,84.711,delivered,B2B-V1-BASE,BLD-9102B6E8BF1ABFFC5F32,True
DEL-SYN-001539,ORD-SYN-001232,VEH-SYN-02,SOR-01,LOC-SYN-CUS-053,1,2025-11-21T19:44:00-03:00,2025-11-21T22:44:00-03:00,11.138,delivered,B2B-V1-BASE,BLD-9102B6E8BF1ABFFC5F32,True
DEL-SYN-001540,ORD-SYN-001232,VEH-SYN-03,SOR-01,LOC-SYN-CUS-053,2,2025-11-22T05:44:00-03:00,2025-11-22T08:44:00-03:00,11.138,delivered,B2B-V1-BASE,BLD-9102B6E8BF1ABFFC5F32,True
DEL-SYN-001541,ORD-SYN-001233,VEH-SYN-03,SOR-01,LOC-SYN-CUS-005,1,2025-11-23T19:51:00-03:00,2025-11-23T22:51:00-03:00,9.779,delivered,B2B-V1-BASE,BLD-9102B6E8BF1ABFFC5F32,True
DEL-SYN-001542,ORD-SYN-001234,VEH-SYN-04,SOR-01,LOC-SYN-CUS-134,1,2025-11-23T08:41:00-03:00,2025-11-23T11:41:00-03:00,101.573,delivered,B2B-V1-BASE,BLD-9102B6E8BF1ABFFC5F32,True
DEL-SYN-001543,ORD-SYN-001235,VEH-SYN-05,SOR-01,LOC-SYN-CUS-120,1,2025-11-20T09:04:00-03:00,2025-11-20T12:04:00-03:00,87.645,delivered,B2B-V1-BASE,BLD-9102B6E8BF1ABFFC5F32,True
DEL-SYN-001544,ORD-SYN-001236,VEH-SYN-06,SOR-01,LOC-SYN-CUS-090,1,2025-11-21T00:42:00-03:00,2025-11-21T03:42:00-03:00,114.028,delivered,B2B-V1-BASE,BLD-9102B6E8BF1ABFFC5F32,True
DEL-SYN-001545,ORD-SYN-001236,VEH-SYN-01,SOR-01,LOC-SYN-CUS-090,2,2025-11-21T10:42:00-03:00,2025-11-21T13:42:00-03:00,114.028,delivered,B2B-V1-BASE,BLD-9102B6E8BF1ABFFC5F32,True
DEL-SYN-001546,ORD-SYN-001237,VEH-SYN-01,SOR-01,LOC-SYN-CUS-145,1,2025-11-21T10:55:00-03:00,2025-11-21T13:55:00-03:00,9.581,delivered,B2B-V1-BASE,BLD-9102B6E8BF1ABFFC5F32,True
DEL-SYN-001547,ORD-SYN-001238,VEH-SYN-02,SOR-01,LOC-SYN-CUS-082,1,2025-11-23T11:10:00-03:00,2025-11-23T14:10:00-03:00,95.328,delivered,B2B-V1-BASE,BLD-9102B6E8BF1ABFFC5F32,True
DEL-SYN-001548,ORD-SYN-001239,VEH-SYN-03,SOR-01,LOC-SYN-CUS-141,1,2025-11-21T02:36:00-03:00,2025-11-21T05:36:00-03:00,3.791,delivered,B2B-V1-BASE,BLD-9102B6E8BF1ABFFC5F32,True
DEL-SYN-001549,ORD-SYN-001240,VEH-SYN-04,SOR-01,LOC-SYN-CUS-008,1,2025-11-23T17:11:00-03:00,2025-11-23T20:11:00-03:00,89.436,delivered_with_incident,B2B-V1-BASE,BLD-9102B6E8BF1ABFFC5F32,True
DEL-SYN-001550,ORD-SYN-001240,VEH-SYN-05,SOR-01,LOC-SYN-CUS-008,2,2025-11-24T03:11:00-03:00,2025-11-24T06:11:00-03:00,89.436,delivered,B2B-V1-BASE,BLD-9102B6E8BF1ABFFC5F32,True
DEL-SYN-001551,ORD-SYN-001241,VEH-SYN-05,SOR-01,LOC-SYN-CUS-097,1,2025-11-21T17:19:00-03:00,2025-11-21T20:19:00-03:00,10.67,delivered,B2B-V1-BASE,BLD-9102B6E8BF1ABFFC5F32,True
DEL-SYN-001552,ORD-SYN-001242,VEH-SYN-06,SOR-01,LOC-SYN-CUS-116,1,2025-11-21T04:32:00-03:00,2025-11-21T07:32:00-03:00,97.555,delivered,B2B-V1-BASE,BLD-9102B6E8BF1ABFFC5F32,True
DEL-SYN-001553,ORD-SYN-001243,VEH-SYN-01,SOR-01,LOC-SYN-CUS-118,1,2025-11-22T04:44:00-03:00,2025-11-22T07:44:00-03:00,89.411,delivered,B2B-V1-BASE,BLD-9102B6E8BF1ABFFC5F32,True
DEL-SYN-001554,ORD-SYN-001244,VEH-SYN-02,SOR-01,LOC-SYN-CUS-021,1,2025-11-20T19:12:00-03:00,2025-11-20T22:12:00-03:00,21.891,delivered,B2B-V1-BASE,BLD-9102B6E8BF1ABFFC5F32,True
DEL-SYN-001555,ORD-SYN-001244,VEH-SYN-03,SOR-01,LOC-SYN-CUS-021,2,2025-11-21T05:12:00-03:00,2025-11-21T08:12:00-03:00,21.891,delivered,B2B-V1-BASE,BLD-9102B6E8BF1ABFFC5F32,True
DEL-SYN-001556,ORD-SYN-001245,VEH-SYN-03,SOR-01,LOC-SYN-CUS-006,1,2025-11-24T06:20:00-03:00,2025-11-24T09:20:00-03:00,102.381,delivered,B2B-V1-BASE,BLD-9102B6E8BF1ABFFC5F32,True
DEL-SYN-001557,ORD-SYN-001246,VEH-SYN-04,SOR-01,LOC-SYN-CUS-061,1,2025-11-23T06:37:00-03:00,2025-11-23T09:37:00-03:00,12.904,delivered,B2B-V1-BASE,BLD-9102B6E8BF1ABFFC5F32,True
DEL-SYN-001558,ORD-SYN-001247,VEH-SYN-05,SOR-01,LOC-SYN-CUS-093,1,2025-11-20T08:01:00-03:00,2025-11-20T11:01:00-03:00,14.157,delivered,B2B-V1-BASE,BLD-9102B6E8BF1ABFFC5F32,True
DEL-SYN-001559,ORD-SYN-001248,VEH-SYN-06,SOR-01,LOC-SYN-CUS-047,1,2025-11-21T23:56:00-03:00,2025-11-22T02:56:00-03:00,14.65,delivered,B2B-V1-BASE,BLD-9102B6E8BF1ABFFC5F32,True
DEL-SYN-001560,ORD-SYN-001248,VEH-SYN-01,SOR-01,LOC-SYN-CUS-047,2,2025-11-22T09:56:00-03:00,2025-11-22T12:56:00-03:00,14.65,delivered,B2B-V1-BASE,BLD-9102B6E8BF1ABFFC5F32,True
DEL-SYN-001561,ORD-SYN-001249,VEH-SYN-01,SOR-01,LOC-SYN-CUS-149,1,2025-11-23T09:59:00-03:00,2025-11-23T12:59:00-03:00,9.994,delivered,B2B-V1-BASE,BLD-9102B6E8BF1ABFFC5F32,True
DEL-SYN-001562,ORD-SYN-001250,VEH-SYN-02,SOR-01,LOC-SYN-CUS-062,1,2025-11-22T03:11:00-03:00,2025-11-22T06:11:00-03:00,84.711,delivered,B2B-V1-BASE,BLD-9102B6E8BF1ABFFC5F32,True
DEL-SYN-001563,ORD-SYN-001251,VEH-SYN-03,SOR-01,LOC-SYN-CUS-089,1,2025-11-25T03:29:00-03:00,2025-11-25T06:29:00-03:00,10.706,delivered,B2B-V1-BASE,BLD-9102B6E8BF1ABFFC5F32,True
DEL-SYN-001564,ORD-SYN-001252,VEH-SYN-04,SOR-01,LOC-SYN-CUS-144,1,2025-11-22T17:40:00-03:00,2025-11-22T20:40:00-03:00,84.976,delivered,B2B-V1-BASE,BLD-9102B6E8BF1ABFFC5F32,True
DEL-SYN-001565,ORD-SYN-001252,VEH-SYN-05,SOR-01,LOC-SYN-CUS-144,2,2025-11-23T03:40:00-03:00,2025-11-23T06:40:00-03:00,84.976,delivered,B2B-V1-BASE,BLD-9102B6E8BF1ABFFC5F32,True
DEL-SYN-001566,ORD-SYN-001253,VEH-SYN-05,SOR-01,LOC-SYN-CUS-123,1,2025-11-24T05:00:00-03:00,2025-11-24T08:00:00-03:00,18.057,delivered,B2B-V1-BASE,BLD-9102B6E8BF1ABFFC5F32,True
DEL-SYN-001567,ORD-SYN-001254,VEH-SYN-06,SOR-01,LOC-SYN-CUS-125,1,2025-11-24T21:28:00-03:00,2025-11-25T00:28:00-03:00,11.651,delivered,B2B-V1-BASE,BLD-9102B6E8BF1ABFFC5F32,True
DEL-SYN-001568,ORD-SYN-001255,VEH-SYN-01,SOR-01,LOC-SYN-CUS-078,1,2025-11-24T07:37:00-03:00,2025-11-24T10:37:00-03:00,97.926,delivered,B2B-V1-BASE,BLD-9102B6E8BF1ABFFC5F32,True
DEL-SYN-001569,ORD-SYN-001256,VEH-SYN-02,SOR-01,LOC-SYN-CUS-098,1,2025-11-20T21:38:00-03:00,2025-11-21T00:38:00-03:00,100.419,delivered,B2B-V1-BASE,BLD-9102B6E8BF1ABFFC5F32,True
DEL-SYN-001570,ORD-SYN-001256,VEH-SYN-03,SOR-01,LOC-SYN-CUS-098,2,2025-11-21T07:38:00-03:00,2025-11-21T10:38:00-03:00,100.419,delivered_with_incident,B2B-V1-BASE,BLD-9102B6E8BF1ABFFC5F32,True
DEL-SYN-001571,ORD-SYN-001257,VEH-SYN-03,SOR-01,LOC-SYN-CUS-029,1,2025-11-22T09:02:00-03:00,2025-11-22T12:02:00-03:00,8.682,delivered,B2B-V1-BASE,BLD-9102B6E8BF1ABFFC5F32,True
DEL-SYN-001572,ORD-SYN-001258,VEH-SYN-04,SOR-01,LOC-SYN-CUS-133,1,2025-11-25T09:35:00-03:00,2025-11-25T12:35:00-03:00,15.316,delivered,B2B-V1-BASE,BLD-9102B6E8BF1ABFFC5F32,True
DEL-SYN-001573,ORD-SYN-001259,VEH-SYN-05,SOR-01,LOC-SYN-CUS-079,1,2025-11-23T10:30:00-03:00,2025-11-23T13:30:00-03:00,9.76,delivered,B2B-V1-BASE,BLD-9102B6E8BF1ABFFC5F32,True
DEL-SYN-001574,ORD-SYN-001260,VEH-SYN-06,SOR-01,LOC-SYN-CUS-122,1,2025-11-21T16:31:00-03:00,2025-11-21T19:31:00-03:00,107.646,delivered,B2B-V1-BASE,BLD-9102B6E8BF1ABFFC5F32,True
DEL-SYN-001575,ORD-SYN-001260,VEH-SYN-01,SOR-01,LOC-SYN-CUS-122,2,2025-11-22T06:31:00-03:00,2025-11-22T09:31:00-03:00,107.646,delivered,B2B-V1-BASE,BLD-9102B6E8BF1ABFFC5F32,True
DEL-SYN-001576,ORD-SYN-001261,VEH-SYN-01,SOR-01,LOC-SYN-CUS-041,1,2025-11-24T11:33:00-03:00,2025-11-24T14:33:00-03:00,16.45,delivered,B2B-V1-BASE,BLD-9102B6E8BF1ABFFC5F32,True
DEL-SYN-001577,ORD-SYN-001262,VEH-SYN-02,SOR-01,LOC-SYN-CUS-047,1,2025-11-23T11:52:00-03:00,2025-11-23T14:52:00-03:00,14.65,delivered,B2B-V1-BASE,BLD-9102B6E8BF1ABFFC5F32,True
DEL-SYN-001578,ORD-SYN-001263,VEH-SYN-03,SOR-01,LOC-SYN-CUS-100,1,2025-11-24T03:16:00-03:00,2025-11-24T06:16:00-03:00,104.241,delivered,B2B-V1-BASE,BLD-9102B6E8BF1ABFFC5F32,True
DEL-SYN-001579,ORD-SYN-001264,VEH-SYN-04,SOR-01,LOC-SYN-CUS-145,1,2025-11-22T17:40:00-03:00,2025-11-22T20:40:00-03:00,9.581,delivered,B2B-V1-BASE,BLD-9102B6E8BF1ABFFC5F32,True
DEL-SYN-001580,ORD-SYN-001264,VEH-SYN-05,SOR-01,LOC-SYN-CUS-145,2,2025-11-23T03:40:00-03:00,2025-11-23T06:40:00-03:00,9.581,delivered,B2B-V1-BASE,BLD-9102B6E8BF1ABFFC5F32,True
DEL-SYN-001581,ORD-SYN-001265,VEH-SYN-05,SOR-01,LOC-SYN-CUS-105,1,2025-11-26T03:53:00-03:00,2025-11-26T06:53:00-03:00,13.533,delivered,B2B-V1-BASE,BLD-9102B6E8BF1ABFFC5F32,True
DEL-SYN-001582,ORD-SYN-001266,VEH-SYN-06,SOR-01,LOC-SYN-CUS-078,1,2025-11-23T18:11:00-03:00,2025-11-23T21:11:00-03:00,97.926,delivered,B2B-V1-BASE,BLD-9102B6E8BF1ABFFC5F32,True
DEL-SYN-001583,ORD-SYN-001267,VEH-SYN-01,SOR-01,LOC-SYN-CUS-049,1,2025-11-23T04:12:00-03:00,2025-11-23T07:12:00-03:00,13.054,delivered,B2B-V1-BASE,BLD-9102B6E8BF1ABFFC5F32,True
DEL-SYN-001584,ORD-SYN-001268,VEH-SYN-02,SOR-01,LOC-SYN-CUS-065,1,2025-11-23T18:14:00-03:00,2025-11-23T21:14:00-03:00,13.49,delivered,B2B-V1-BASE,BLD-9102B6E8BF1ABFFC5F32,True
DEL-SYN-001585,ORD-SYN-001268,VEH-SYN-03,SOR-01,LOC-SYN-CUS-065,2,2025-11-24T04:14:00-03:00,2025-11-24T07:14:00-03:00,13.49,delivered,B2B-V1-BASE,BLD-9102B6E8BF1ABFFC5F32,True
DEL-SYN-001586,ORD-SYN-001269,VEH-SYN-03,SOR-01,LOC-SYN-CUS-041,1,2025-11-23T05:52:00-03:00,2025-11-23T08:52:00-03:00,16.45,delivered,B2B-V1-BASE,BLD-9102B6E8BF1ABFFC5F32,True
DEL-SYN-001587,ORD-SYN-001270,VEH-SYN-04,SOR-01,LOC-SYN-CUS-050,1,2025-11-22T07:05:00-03:00,2025-11-22T10:05:00-03:00,95.323,delivered,B2B-V1-BASE,BLD-9102B6E8BF1ABFFC5F32,True
DEL-SYN-001588,ORD-SYN-001271,VEH-SYN-05,SOR-01,LOC-SYN-CUS-056,1,2025-11-23T08:06:00-03:00,2025-11-23T11:06:00-03:00,107.19,delivered,B2B-V1-BASE,BLD-9102B6E8BF1ABFFC5F32,True
DEL-SYN-001589,ORD-SYN-001272,VEH-SYN-06,SOR-01,LOC-SYN-CUS-053,1,2025-11-22T22:08:00-03:00,2025-11-23T01:08:00-03:00,11.138,delivered,B2B-V1-BASE,BLD-9102B6E8BF1ABFFC5F32,True
DEL-SYN-001590,ORD-SYN-001272,VEH-SYN-01,SOR-01,LOC-SYN-CUS-053,2,2025-11-23T08:08:00-03:00,2025-11-23T11:08:00-03:00,11.138,delivered,B2B-V1-BASE,BLD-9102B6E8BF1ABFFC5F32,True
DEL-SYN-001591,ORD-SYN-001273,VEH-SYN-01,SOR-01,LOC-SYN-CUS-118,1,2025-11-25T10:05:00-03:00,2025-11-25T13:05:00-03:00,89.411,delivered,B2B-V1-BASE,BLD-9102B6E8BF1ABFFC5F32,True
DEL-SYN-001592,ORD-SYN-001274,VEH-SYN-02,SOR-01,LOC-SYN-CUS-077,1,2025-11-26T10:16:00-03:00,2025-11-26T13:16:00-03:00,6.85,delivered,B2B-V1-BASE,BLD-9102B6E8BF1ABFFC5F32,True
DEL-SYN-001593,ORD-SYN-001275,VEH-SYN-03,SOR-01,LOC-SYN-CUS-085,1,2025-11-26T10:39:00-03:00,2025-11-26T13:39:00-03:00,11.234,delivered,B2B-V1-BASE,BLD-9102B6E8BF1ABFFC5F32,True
DEL-SYN-001594,ORD-SYN-001276,VEH-SYN-04,SOR-01,LOC-SYN-CUS-080,1,2025-11-24T01:11:00-03:00,2025-11-24T04:11:00-03:00,82.096,delivered,B2B-V1-BASE,BLD-9102B6E8BF1ABFFC5F32,True
DEL-SYN-001595,ORD-SYN-001276,VEH-SYN-05,SOR-01,LOC-SYN-CUS-080,2,2025-11-24T11:11:00-03:00,2025-11-24T14:11:00-03:00,82.096,delivered,B2B-V1-BASE,BLD-9102B6E8BF1ABFFC5F32,True
DEL-SYN-001596,ORD-SYN-001277,VEH-SYN-05,SOR-01,LOC-SYN-CUS-036,1,2025-11-22T11:55:00-03:00,2025-11-22T14:55:00-03:00,96.208,delivered,B2B-V1-BASE,BLD-9102B6E8BF1ABFFC5F32,True
DEL-SYN-001597,ORD-SYN-001278,VEH-SYN-06,SOR-01,LOC-SYN-CUS-010,1,2025-11-24T11:58:00-03:00,2025-11-24T14:58:00-03:00,98.174,delivered,B2B-V1-BASE,BLD-9102B6E8BF1ABFFC5F32,True
DEL-SYN-001598,ORD-SYN-001279,VEH-SYN-01,SOR-01,LOC-SYN-CUS-002,1,2025-11-22T12:37:00-03:00,2025-11-22T15:37:00-03:00,87.443,delivered,B2B-V1-BASE,BLD-9102B6E8BF1ABFFC5F32,True
DEL-SYN-001599,ORD-SYN-001280,VEH-SYN-02,SOR-01,LOC-SYN-CUS-018,1,2025-11-23T02:37:00-03:00,2025-11-23T05:37:00-03:00,97.884,delivered,B2B-V1-BASE,BLD-9102B6E8BF1ABFFC5F32,True
DEL-SYN-001600,ORD-SYN-001280,VEH-SYN-03,SOR-01,LOC-SYN-CUS-018,2,2025-11-23T12:37:00-03:00,2025-11-23T15:37:00-03:00,97.884,delivered,B2B-V1-BASE,BLD-9102B6E8BF1ABFFC5F32,True
DEL-SYN-001601,ORD-SYN-001281,VEH-SYN-03,SOR-01,LOC-SYN-CUS-086,1,2025-11-24T03:43:00-03:00,2025-11-24T06:43:00-03:00,100.855,delivered,B2B-V1-BASE,BLD-9102B6E8BF1ABFFC5F32,True
DEL-SYN-001602,ORD-SYN-001282,VEH-SYN-04,SOR-01,LOC-SYN-CUS-137,1,2025-11-23T07:00:00-03:00,2025-11-23T10:00:00-03:00,11.323,delivered,B2B-V1-BASE,BLD-9102B6E8BF1ABFFC5F32,True
DEL-SYN-001603,ORD-SYN-001283,VEH-SYN-05,SOR-01,LOC-SYN-CUS-062,1,2025-11-24T07:03:00-03:00,2025-11-24T10:03:00-03:00,84.711,delivered,B2B-V1-BASE,BLD-9102B6E8BF1ABFFC5F32,True
DEL-SYN-001604,ORD-SYN-001284,VEH-SYN-06,SOR-01,LOC-SYN-CUS-149,1,2025-11-23T22:19:00-03:00,2025-11-24T01:19:00-03:00,9.994,delivered,B2B-V1-BASE,BLD-9102B6E8BF1ABFFC5F32,True
DEL-SYN-001605,ORD-SYN-001284,VEH-SYN-01,SOR-01,LOC-SYN-CUS-149,2,2025-11-24T08:19:00-03:00,2025-11-24T11:19:00-03:00,9.994,delivered,B2B-V1-BASE,BLD-9102B6E8BF1ABFFC5F32,True
DEL-SYN-001606,ORD-SYN-001285,VEH-SYN-01,SOR-01,LOC-SYN-CUS-043,1,2025-11-26T09:22:00-03:00,2025-11-26T12:22:00-03:00,10.148,delivered,B2B-V1-BASE,BLD-9102B6E8BF1ABFFC5F32,True
DEL-SYN-001607,ORD-SYN-001286,VEH-SYN-02,SOR-01,LOC-SYN-CUS-101,1,2025-11-24T10:22:00-03:00,2025-11-24T13:22:00-03:00,8.729,delivered,B2B-V1-BASE,BLD-9102B6E8BF1ABFFC5F32,True
DEL-SYN-001608,ORD-SYN-001287,VEH-SYN-03,SOR-01,LOC-SYN-CUS-006,1,2025-11-23T11:45:00-03:00,2025-11-23T14:45:00-03:00,102.381,delivered,B2B-V1-BASE,BLD-9102B6E8BF1ABFFC5F32,True
DEL-SYN-001609,ORD-SYN-001288,VEH-SYN-04,SOR-01,LOC-SYN-CUS-052,1,2025-11-24T02:35:00-03:00,2025-11-24T05:35:00-03:00,109.906,delivered,B2B-V1-BASE,BLD-9102B6E8BF1ABFFC5F32,True
DEL-SYN-001610,ORD-SYN-001288,VEH-SYN-05,SOR-01,LOC-SYN-CUS-052,2,2025-11-24T12:35:00-03:00,2025-11-24T15:35:00-03:00,109.906,delivered,B2B-V1-BASE,BLD-9102B6E8BF1ABFFC5F32,True
DEL-SYN-001611,ORD-SYN-001289,VEH-SYN-05,SOR-01,LOC-SYN-CUS-047,1,2025-11-24T02:39:00-03:00,2025-11-24T05:39:00-03:00,14.65,delivered,B2B-V1-BASE,BLD-9102B6E8BF1ABFFC5F32,True
DEL-SYN-001612,ORD-SYN-001290,VEH-SYN-06,SOR-01,LOC-SYN-CUS-093,1,2025-11-27T03:07:00-03:00,2025-11-27T06:07:00-03:00,14.157,delivered,B2B-V1-BASE,BLD-9102B6E8BF1ABFFC5F32,True
DEL-SYN-001613,ORD-SYN-001291,VEH-SYN-01,SOR-01,LOC-SYN-CUS-039,1,2025-11-27T03:24:00-03:00,2025-11-27T06:24:00-03:00,12.9,delivered,B2B-V1-BASE,BLD-9102B6E8BF1ABFFC5F32,True
DEL-SYN-001614,ORD-SYN-001292,VEH-SYN-02,SOR-01,LOC-SYN-CUS-033,1,2025-11-24T17:54:00-03:00,2025-11-24T20:54:00-03:00,13.637,delivered,B2B-V1-BASE,BLD-9102B6E8BF1ABFFC5F32,True
DEL-SYN-001615,ORD-SYN-001292,VEH-SYN-03,SOR-01,LOC-SYN-CUS-033,2,2025-11-25T03:54:00-03:00,2025-11-25T06:54:00-03:00,13.637,delivered,B2B-V1-BASE,BLD-9102B6E8BF1ABFFC5F32,True
DEL-SYN-001616,ORD-SYN-001293,VEH-SYN-03,SOR-01,LOC-SYN-CUS-015,1,2025-11-25T03:57:00-03:00,2025-11-25T06:57:00-03:00,20.193,delivered,B2B-V1-BASE,BLD-9102B6E8BF1ABFFC5F32,True
DEL-SYN-001617,ORD-SYN-001294,VEH-SYN-04,SOR-01,LOC-SYN-CUS-073,1,2025-11-28T06:50:00-03:00,2025-11-28T09:50:00-03:00,17.971,delivered,B2B-V1-BASE,BLD-9102B6E8BF1ABFFC5F32,True
DEL-SYN-001618,ORD-SYN-001295,VEH-SYN-05,SOR-01,LOC-SYN-CUS-010,1,2025-11-26T06:55:00-03:00,2025-11-26T09:55:00-03:00,98.174,delivered,B2B-V1-BASE,BLD-9102B6E8BF1ABFFC5F32,True
DEL-SYN-001619,ORD-SYN-001296,VEH-SYN-06,SOR-01,LOC-SYN-CUS-095,1,2025-11-25T13:39:00-03:00,2025-11-25T16:39:00-03:00,11.423,delivered,B2B-V1-BASE,BLD-9102B6E8BF1ABFFC5F32,True
DEL-SYN-001620,ORD-SYN-001296,VEH-SYN-01,SOR-01,LOC-SYN-CUS-095,2,2025-11-26T03:39:00-03:00,2025-11-26T06:39:00-03:00,11.423,delivered,B2B-V1-BASE,BLD-9102B6E8BF1ABFFC5F32,True
DEL-SYN-001621,ORD-SYN-001297,VEH-SYN-01,SOR-01,LOC-SYN-CUS-023,1,2025-11-25T08:21:00-03:00,2025-11-25T11:21:00-03:00,12.238,delivered,B2B-V1-BASE,BLD-9102B6E8BF1ABFFC5F32,True
DEL-SYN-001622,ORD-SYN-001298,VEH-SYN-02,SOR-01,LOC-SYN-CUS-141,1,2025-11-26T09:36:00-03:00,2025-11-26T12:36:00-03:00,3.791,delivered,B2B-V1-BASE,BLD-9102B6E8BF1ABFFC5F32,True
DEL-SYN-001623,ORD-SYN-001299,VEH-SYN-03,SOR-01,LOC-SYN-CUS-114,1,2025-11-24T10:29:00-03:00,2025-11-24T13:29:00-03:00,98.868,delivered,B2B-V1-BASE,BLD-9102B6E8BF1ABFFC5F32,True
DEL-SYN-001624,ORD-SYN-001300,VEH-SYN-04,SOR-01,LOC-SYN-CUS-107,1,2025-11-26T01:00:00-03:00,2025-11-26T04:00:00-03:00,15.357,delivered,B2B-V1-BASE,BLD-9102B6E8BF1ABFFC5F32,True
DEL-SYN-001625,ORD-SYN-001300,VEH-SYN-05,SOR-01,LOC-SYN-CUS-107,2,2025-11-26T11:00:00-03:00,2025-11-26T14:00:00-03:00,15.357,delivered,B2B-V1-BASE,BLD-9102B6E8BF1ABFFC5F32,True
DEL-SYN-001626,ORD-SYN-001301,VEH-SYN-05,SOR-01,LOC-SYN-CUS-014,1,2025-11-26T11:39:00-03:00,2025-11-26T14:39:00-03:00,98.171,delivered,B2B-V1-BASE,BLD-9102B6E8BF1ABFFC5F32,True
DEL-SYN-001627,ORD-SYN-001302,VEH-SYN-06,SOR-01,LOC-SYN-CUS-049,1,2025-11-27T02:14:00-03:00,2025-11-27T05:14:00-03:00,13.054,delivered,B2B-V1-BASE,BLD-9102B6E8BF1ABFFC5F32,True
DEL-SYN-001628,ORD-SYN-001303,VEH-SYN-01,SOR-01,LOC-SYN-CUS-046,1,2025-11-25T03:44:00-03:00,2025-11-25T06:44:00-03:00,97.72,delivered,B2B-V1-BASE,BLD-9102B6E8BF1ABFFC5F32,True
DEL-SYN-001629,ORD-SYN-001304,VEH-SYN-02,SOR-01,LOC-SYN-CUS-090,1,2025-11-26T17:59:00-03:00,2025-11-26T20:59:00-03:00,114.028,delivered,B2B-V1-BASE,BLD-9102B6E8BF1ABFFC5F32,True
DEL-SYN-001630,ORD-SYN-001304,VEH-SYN-03,SOR-01,LOC-SYN-CUS-090,2,2025-11-27T03:59:00-03:00,2025-11-27T06:59:00-03:00,114.028,delivered,B2B-V1-BASE,BLD-9102B6E8BF1ABFFC5F32,True
DEL-SYN-001631,ORD-SYN-001305,VEH-SYN-03,SOR-01,LOC-SYN-CUS-109,1,2025-11-25T05:14:00-03:00,2025-11-25T08:14:00-03:00,15.631,delivered,B2B-V1-BASE,BLD-9102B6E8BF1ABFFC5F32,True
DEL-SYN-001632,ORD-SYN-001306,VEH-SYN-04,SOR-01,LOC-SYN-CUS-074,1,2025-11-26T05:52:00-03:00,2025-11-26T08:52:00-03:00,106.713,delivered,B2B-V1-BASE,BLD-9102B6E8BF1ABFFC5F32,True
DEL-SYN-001633,ORD-SYN-001307,VEH-SYN-05,SOR-01,LOC-SYN-CUS-062,1,2025-11-27T20:08:00-03:00,2025-11-27T23:08:00-03:00,84.711,delivered,B2B-V1-BASE,BLD-9102B6E8BF1ABFFC5F32,True
DEL-SYN-001634,ORD-SYN-001308,VEH-SYN-06,SOR-01,LOC-SYN-CUS-034,1,2025-11-25T20:09:00-03:00,2025-11-25T23:09:00-03:00,92.375,delivered_with_incident,B2B-V1-BASE,BLD-9102B6E8BF1ABFFC5F32,True
DEL-SYN-001635,ORD-SYN-001308,VEH-SYN-01,SOR-01,LOC-SYN-CUS-034,2,2025-11-26T06:09:00-03:00,2025-11-26T09:09:00-03:00,92.375,delivered,B2B-V1-BASE,BLD-9102B6E8BF1ABFFC5F32,True
DEL-SYN-001636,ORD-SYN-001309,VEH-SYN-01,SOR-01,LOC-SYN-CUS-054,1,2025-11-27T06:18:00-03:00,2025-11-27T09:18:00-03:00,92.335,delivered,B2B-V1-BASE,BLD-9102B6E8BF1ABFFC5F32,True
DEL-SYN-001637,ORD-SYN-001310,VEH-SYN-02,SOR-01,LOC-SYN-CUS-118,1,2025-11-28T06:24:00-03:00,2025-11-28T09:24:00-03:00,89.411,delivered,B2B-V1-BASE,BLD-9102B6E8BF1ABFFC5F32,True
DEL-SYN-001638,ORD-SYN-001311,VEH-SYN-03,SOR-01,LOC-SYN-CUS-009,1,2025-11-28T06:38:00-03:00,2025-11-28T09:38:00-03:00,14.093,delivered,B2B-V1-BASE,BLD-9102B6E8BF1ABFFC5F32,True
DEL-SYN-001639,ORD-SYN-001312,VEH-SYN-04,SOR-01,LOC-SYN-CUS-105,1,2025-11-25T20:56:00-03:00,2025-11-25T23:56:00-03:00,13.533,delivered,B2B-V1-BASE,BLD-9102B6E8BF1ABFFC5F32,True
DEL-SYN-001640,ORD-SYN-001312,VEH-SYN-05,SOR-01,LOC-SYN-CUS-105,2,2025-11-26T06:56:00-03:00,2025-11-26T09:56:00-03:00,13.533,delivered,B2B-V1-BASE,BLD-9102B6E8BF1ABFFC5F32,True
DEL-SYN-001641,ORD-SYN-001313,VEH-SYN-05,SOR-01,LOC-SYN-CUS-117,1,2025-11-29T21:52:00-03:00,2025-11-30T00:52:00-03:00,14.483,delivered,B2B-V1-BASE,BLD-9102B6E8BF1ABFFC5F32,True
DEL-SYN-001642,ORD-SYN-001314,VEH-SYN-06,SOR-01,LOC-SYN-CUS-074,1,2025-11-29T08:18:00-03:00,2025-11-29T11:18:00-03:00,106.713,delivered,B2B-V1-BASE,BLD-9102B6E8BF1ABFFC5F32,True
DEL-SYN-001643,ORD-SYN-001315,VEH-SYN-01,SOR-01,LOC-SYN-CUS-078,1,2025-11-28T23:30:00-03:00,2025-11-29T02:30:00-03:00,97.926,delivered,B2B-V1-BASE,BLD-9102B6E8BF1ABFFC5F32,True
DEL-SYN-001644,ORD-SYN-001316,VEH-SYN-02,SOR-01,LOC-SYN-CUS-088,1,2025-11-24T23:35:00-03:00,2025-11-25T02:35:00-03:00,103.178,delivered,B2B-V1-BASE,BLD-9102B6E8BF1ABFFC5F32,True
DEL-SYN-001645,ORD-SYN-001316,VEH-SYN-03,SOR-01,LOC-SYN-CUS-088,2,2025-11-25T09:35:00-03:00,2025-11-25T12:35:00-03:00,103.178,delivered,B2B-V1-BASE,BLD-9102B6E8BF1ABFFC5F32,True
DEL-SYN-001646,ORD-SYN-001317,VEH-SYN-03,SOR-01,LOC-SYN-CUS-037,1,2025-11-27T00:38:00-03:00,2025-11-27T03:38:00-03:00,1.869,delivered,B2B-V1-BASE,BLD-9102B6E8BF1ABFFC5F32,True
DEL-SYN-001647,ORD-SYN-001318,VEH-SYN-04,SOR-01,LOC-SYN-CUS-005,1,2025-11-26T11:37:00-03:00,2025-11-26T14:37:00-03:00,9.779,delivered,B2B-V1-BASE,BLD-9102B6E8BF1ABFFC5F32,True
DEL-SYN-001648,ORD-SYN-001319,VEH-SYN-05,SOR-01,LOC-SYN-CUS-149,1,2025-11-25T11:55:00-03:00,2025-11-25T14:55:00-03:00,9.994,delivered,B2B-V1-BASE,BLD-9102B6E8BF1ABFFC5F32,True
DEL-SYN-001649,ORD-SYN-001320,VEH-SYN-06,SOR-01,LOC-SYN-CUS-132,1,2025-11-28T01:56:00-03:00,2025-11-28T04:56:00-03:00,97.514,delivered,B2B-V1-BASE,BLD-9102B6E8BF1ABFFC5F32,True
DEL-SYN-001650,ORD-SYN-001320,VEH-SYN-01,SOR-01,LOC-SYN-CUS-132,2,2025-11-28T11:56:00-03:00,2025-11-28T14:56:00-03:00,97.514,delivered,B2B-V1-BASE,BLD-9102B6E8BF1ABFFC5F32,True
DEL-SYN-001651,ORD-SYN-001321,VEH-SYN-01,SOR-01,LOC-SYN-CUS-009,1,2025-11-28T12:26:00-03:00,2025-11-28T15:26:00-03:00,14.093,delivered,B2B-V1-BASE,BLD-9102B6E8BF1ABFFC5F32,True
DEL-SYN-001652,ORD-SYN-001322,VEH-SYN-02,SOR-01,LOC-SYN-CUS-033,1,2025-11-28T17:44:00-03:00,2025-11-28T20:44:00-03:00,13.637,delivered,B2B-V1-BASE,BLD-9102B6E8BF1ABFFC5F32,True
DEL-SYN-001653,ORD-SYN-001323,VEH-SYN-03,SOR-01,LOC-SYN-CUS-014,1,2025-11-26T03:54:00-03:00,2025-11-26T06:54:00-03:00,98.171,delivered,B2B-V1-BASE,BLD-9102B6E8BF1ABFFC5F32,True
DEL-SYN-001654,ORD-SYN-001324,VEH-SYN-04,SOR-01,LOC-SYN-CUS-129,1,2025-11-28T19:35:00-03:00,2025-11-28T22:35:00-03:00,10.44,delivered,B2B-V1-BASE,BLD-9102B6E8BF1ABFFC5F32,True
DEL-SYN-001655,ORD-SYN-001324,VEH-SYN-05,SOR-01,LOC-SYN-CUS-129,2,2025-11-29T05:35:00-03:00,2025-11-29T08:35:00-03:00,10.44,delivered,B2B-V1-BASE,BLD-9102B6E8BF1ABFFC5F32,True
DEL-SYN-001656,ORD-SYN-001325,VEH-SYN-05,SOR-01,LOC-SYN-CUS-129,1,2025-11-26T07:13:00-03:00,2025-11-26T10:13:00-03:00,10.44,delivered,B2B-V1-BASE,BLD-9102B6E8BF1ABFFC5F32,True
DEL-SYN-001657,ORD-SYN-001326,VEH-SYN-06,SOR-01,LOC-SYN-CUS-125,1,2025-11-29T21:18:00-03:00,2025-11-30T00:18:00-03:00,11.651,delivered,B2B-V1-BASE,BLD-9102B6E8BF1ABFFC5F32,True
DEL-SYN-001658,ORD-SYN-001327,VEH-SYN-01,SOR-01,LOC-SYN-CUS-141,1,2025-11-27T08:17:00-03:00,2025-11-27T11:17:00-03:00,3.791,delivered,B2B-V1-BASE,BLD-9102B6E8BF1ABFFC5F32,True
DEL-SYN-001659,ORD-SYN-001328,VEH-SYN-02,SOR-01,LOC-SYN-CUS-114,1,2025-11-27T00:03:00-03:00,2025-11-27T03:03:00-03:00,98.868,delivered,B2B-V1-BASE,BLD-9102B6E8BF1ABFFC5F32,True
DEL-SYN-001660,ORD-SYN-001328,VEH-SYN-03,SOR-01,LOC-SYN-CUS-114,2,2025-11-27T10:03:00-03:00,2025-11-27T13:03:00-03:00,98.868,delivered,B2B-V1-BASE,BLD-9102B6E8BF1ABFFC5F32,True
DEL-SYN-001661,ORD-SYN-001329,VEH-SYN-03,SOR-01,LOC-SYN-CUS-113,1,2025-11-27T10:16:00-03:00,2025-11-27T13:16:00-03:00,18.69,delivered,B2B-V1-BASE,BLD-9102B6E8BF1ABFFC5F32,True
DEL-SYN-001662,ORD-SYN-001330,VEH-SYN-04,SOR-01,LOC-SYN-CUS-124,1,2025-11-29T12:28:00-03:00,2025-11-29T15:28:00-03:00,90.769,delivered,B2B-V1-BASE,BLD-9102B6E8BF1ABFFC5F32,True
DEL-SYN-001663,ORD-SYN-001331,VEH-SYN-05,SOR-01,LOC-SYN-CUS-047,1,2025-11-29T12:42:00-03:00,2025-11-29T15:42:00-03:00,14.65,delivered,B2B-V1-BASE,BLD-9102B6E8BF1ABFFC5F32,True
DEL-SYN-001664,ORD-SYN-001332,VEH-SYN-06,SOR-01,LOC-SYN-CUS-022,1,2025-11-28T02:51:00-03:00,2025-11-28T05:51:00-03:00,97.576,delivered,B2B-V1-BASE,BLD-9102B6E8BF1ABFFC5F32,True
DEL-SYN-001665,ORD-SYN-001332,VEH-SYN-01,SOR-01,LOC-SYN-CUS-022,2,2025-11-28T12:51:00-03:00,2025-11-28T15:51:00-03:00,97.576,delivered,B2B-V1-BASE,BLD-9102B6E8BF1ABFFC5F32,True
DEL-SYN-001666,ORD-SYN-001333,VEH-SYN-01,SOR-01,LOC-SYN-CUS-142,1,2025-12-01T03:06:00-03:00,2025-12-01T06:06:00-03:00,96.727,delivered,B2B-V1-BASE,BLD-9102B6E8BF1ABFFC5F32,True
DEL-SYN-001667,ORD-SYN-001334,VEH-SYN-02,SOR-01,LOC-SYN-CUS-078,1,2025-12-01T03:18:00-03:00,2025-12-01T06:18:00-03:00,97.926,delivered,B2B-V1-BASE,BLD-9102B6E8BF1ABFFC5F32,True
DEL-SYN-001668,ORD-SYN-001335,VEH-SYN-03,SOR-01,LOC-SYN-CUS-042,1,2025-11-29T03:43:00-03:00,2025-11-29T06:43:00-03:00,96.283,delivered,B2B-V1-BASE,BLD-9102B6E8BF1ABFFC5F32,True
DEL-SYN-001669,ORD-SYN-001336,VEH-SYN-04,SOR-01,LOC-SYN-CUS-082,1,2025-11-28T18:33:00-03:00,2025-11-28T21:33:00-03:00,95.328,delivered,B2B-V1-BASE,BLD-9102B6E8BF1ABFFC5F32,True
DEL-SYN-001670,ORD-SYN-001336,VEH-SYN-05,SOR-01,LOC-SYN-CUS-082,2,2025-11-29T04:33:00-03:00,2025-11-29T07:33:00-03:00,95.328,delivered,B2B-V1-BASE,BLD-9102B6E8BF1ABFFC5F32,True
DEL-SYN-001671,ORD-SYN-001337,VEH-SYN-05,SOR-01,LOC-SYN-CUS-042,1,2025-11-28T19:03:00-03:00,2025-11-28T22:03:00-03:00,96.283,delivered,B2B-V1-BASE,BLD-9102B6E8BF1ABFFC5F32,True
DEL-SYN-001672,ORD-SYN-001338,VEH-SYN-06,SOR-01,LOC-SYN-CUS-042,1,2025-12-01T06:30:00-03:00,2025-12-01T09:30:00-03:00,96.283,delivered,B2B-V1-BASE,BLD-9102B6E8BF1ABFFC5F32,True
DEL-SYN-001673,ORD-SYN-001339,VEH-SYN-01,SOR-01,LOC-SYN-CUS-045,1,2025-11-27T06:58:00-03:00,2025-11-27T09:58:00-03:00,12.037,delivered,B2B-V1-BASE,BLD-9102B6E8BF1ABFFC5F32,True
DEL-SYN-001674,ORD-SYN-001340,VEH-SYN-02,SOR-01,LOC-SYN-CUS-083,1,2025-11-28T13:39:00-03:00,2025-11-28T16:39:00-03:00,15.586,delivered,B2B-V1-BASE,BLD-9102B6E8BF1ABFFC5F32,True
DEL-SYN-001675,ORD-SYN-001340,VEH-SYN-03,SOR-01,LOC-SYN-CUS-083,2,2025-11-29T03:39:00-03:00,2025-11-29T06:39:00-03:00,15.586,delivered,B2B-V1-BASE,BLD-9102B6E8BF1ABFFC5F32,True
DEL-SYN-001676,ORD-SYN-001341,VEH-SYN-03,SOR-01,LOC-SYN-CUS-125,1,2025-12-01T08:39:00-03:00,2025-12-01T11:39:00-03:00,11.651,delivered,B2B-V1-BASE,BLD-9102B6E8BF1ABFFC5F32,True
DEL-SYN-001677,ORD-SYN-001342,VEH-SYN-04,SOR-01,LOC-SYN-CUS-110,1,2025-11-28T09:26:00-03:00,2025-11-28T12:26:00-03:00,101.983,delivered_with_incident,B2B-V1-BASE,BLD-9102B6E8BF1ABFFC5F32,True
DEL-SYN-001678,ORD-SYN-001343,VEH-SYN-05,SOR-01,LOC-SYN-CUS-133,1,2025-11-28T10:35:00-03:00,2025-11-28T13:35:00-03:00,15.316,delivered,B2B-V1-BASE,BLD-9102B6E8BF1ABFFC5F32,True
DEL-SYN-001679,ORD-SYN-001344,VEH-SYN-06,SOR-01,LOC-SYN-CUS-048,1,2025-12-01T00:48:00-03:00,2025-12-01T03:48:00-03:00,94.78,delivered,B2B-V1-BASE,BLD-9102B6E8BF1ABFFC5F32,True
DEL-SYN-001680,ORD-SYN-001344,VEH-SYN-01,SOR-01,LOC-SYN-CUS-048,2,2025-12-01T10:48:00-03:00,2025-12-01T13:48:00-03:00,94.78,delivered,B2B-V1-BASE,BLD-9102B6E8BF1ABFFC5F32,True
DEL-SYN-001681,ORD-SYN-001345,VEH-SYN-01,SOR-01,LOC-SYN-CUS-073,1,2025-11-30T11:29:00-03:00,2025-11-30T14:29:00-03:00,17.971,delivered,B2B-V1-BASE,BLD-9102B6E8BF1ABFFC5F32,True
DEL-SYN-001682,ORD-SYN-001346,VEH-SYN-02,SOR-01,LOC-SYN-CUS-041,1,2025-12-01T11:49:00-03:00,2025-12-01T14:49:00-03:00,16.45,delivered,B2B-V1-BASE,BLD-9102B6E8BF1ABFFC5F32,True
DEL-SYN-001683,ORD-SYN-001347,VEH-SYN-03,SOR-01,LOC-SYN-CUS-090,1,2025-11-28T17:31:00-03:00,2025-11-28T20:31:00-03:00,114.028,delivered,B2B-V1-BASE,BLD-9102B6E8BF1ABFFC5F32,True
DEL-SYN-001684,ORD-SYN-001348,VEH-SYN-04,SOR-01,LOC-SYN-CUS-116,1,2025-11-29T09:46:00-03:00,2025-11-29T12:46:00-03:00,97.555,delivered,B2B-V1-BASE,BLD-9102B6E8BF1ABFFC5F32,True
DEL-SYN-001685,ORD-SYN-001348,VEH-SYN-05,SOR-01,LOC-SYN-CUS-116,2,2025-11-29T23:46:00-03:00,2025-11-30T02:46:00-03:00,97.555,delivered,B2B-V1-BASE,BLD-9102B6E8BF1ABFFC5F32,True
DEL-SYN-001686,ORD-SYN-001349,VEH-SYN-05,SOR-01,LOC-SYN-CUS-099,1,2025-12-02T17:48:00-03:00,2025-12-02T20:48:00-03:00,11.542,delivered,B2B-V1-BASE,BLD-9102B6E8BF1ABFFC5F32,True
DEL-SYN-001687,ORD-SYN-001350,VEH-SYN-06,SOR-01,LOC-SYN-CUS-109,1,2025-11-29T07:03:00-03:00,2025-11-29T10:03:00-03:00,15.631,delivered,B2B-V1-BASE,BLD-9102B6E8BF1ABFFC5F32,True
DEL-SYN-001688,ORD-SYN-001351,VEH-SYN-01,SOR-01,LOC-SYN-CUS-063,1,2025-12-01T08:01:00-03:00,2025-12-01T11:01:00-03:00,10.053,delivered,B2B-V1-BASE,BLD-9102B6E8BF1ABFFC5F32,True
DEL-SYN-001689,ORD-SYN-001352,VEH-SYN-02,SOR-01,LOC-SYN-CUS-142,1,2025-12-01T14:05:00-03:00,2025-12-01T17:05:00-03:00,96.727,delivered,B2B-V1-BASE,BLD-9102B6E8BF1ABFFC5F32,True
DEL-SYN-001690,ORD-SYN-001352,VEH-SYN-03,SOR-01,LOC-SYN-CUS-142,2,2025-12-02T04:05:00-03:00,2025-12-02T07:05:00-03:00,96.727,delivered,B2B-V1-BASE,BLD-9102B6E8BF1ABFFC5F32,True
DEL-SYN-001691,ORD-SYN-001353,VEH-SYN-03,SOR-01,LOC-SYN-CUS-062,1,2025-11-29T08:30:00-03:00,2025-11-29T11:30:00-03:00,84.711,delivered,B2B-V1-BASE,BLD-9102B6E8BF1ABFFC5F32,True
DEL-SYN-001692,ORD-SYN-001354,VEH-SYN-04,SOR-01,LOC-SYN-CUS-063,1,2025-11-28T10:19:00-03:00,2025-11-28T13:19:00-03:00,10.053,delivered,B2B-V1-BASE,BLD-9102B6E8BF1ABFFC5F32,True
DEL-SYN-001693,ORD-SYN-001355,VEH-SYN-05,SOR-01,LOC-SYN-CUS-007,1,2025-11-29T10:42:00-03:00,2025-11-29T13:42:00-03:00,14.599,delivered,B2B-V1-BASE,BLD-9102B6E8BF1ABFFC5F32,True
DEL-SYN-001694,ORD-SYN-001356,VEH-SYN-06,SOR-01,LOC-SYN-CUS-059,1,2025-12-01T17:12:00-03:00,2025-12-01T20:12:00-03:00,13.382,delivered,B2B-V1-BASE,BLD-9102B6E8BF1ABFFC5F32,True
DEL-SYN-001695,ORD-SYN-001356,VEH-SYN-01,SOR-01,LOC-SYN-CUS-059,2,2025-12-02T07:12:00-03:00,2025-12-02T10:12:00-03:00,13.382,delivered_with_incident,B2B-V1-BASE,BLD-9102B6E8BF1ABFFC5F32,True
DEL-SYN-001696,ORD-SYN-001357,VEH-SYN-01,SOR-01,LOC-SYN-CUS-065,1,2025-11-28T12:44:00-03:00,2025-11-28T15:44:00-03:00,13.49,delivered_with_incident,B2B-V1-BASE,BLD-9102B6E8BF1ABFFC5F32,True
DEL-SYN-001697,ORD-SYN-001358,VEH-SYN-02,SOR-01,LOC-SYN-CUS-012,1,2025-11-30T12:45:00-03:00,2025-11-30T15:45:00-03:00,93.694,delivered,B2B-V1-BASE,BLD-9102B6E8BF1ABFFC5F32,True
DEL-SYN-001698,ORD-SYN-001359,VEH-SYN-03,SOR-01,LOC-SYN-CUS-034,1,2025-11-29T12:52:00-03:00,2025-11-29T15:52:00-03:00,92.375,delivered_with_incident,B2B-V1-BASE,BLD-9102B6E8BF1ABFFC5F32,True
DEL-SYN-001699,ORD-SYN-001360,VEH-SYN-04,SOR-01,LOC-SYN-CUS-114,1,2025-11-30T20:24:00-03:00,2025-11-30T23:24:00-03:00,98.868,delivered,B2B-V1-BASE,BLD-9102B6E8BF1ABFFC5F32,True
DEL-SYN-001700,ORD-SYN-001360,VEH-SYN-05,SOR-01,LOC-SYN-CUS-114,2,2025-12-01T06:24:00-03:00,2025-12-01T09:24:00-03:00,98.868,delivered,B2B-V1-BASE,BLD-9102B6E8BF1ABFFC5F32,True
DEL-SYN-001701,ORD-SYN-001361,VEH-SYN-05,SOR-01,LOC-SYN-CUS-143,1,2025-12-01T07:44:00-03:00,2025-12-01T10:44:00-03:00,10.494,delivered,B2B-V1-BASE,BLD-9102B6E8BF1ABFFC5F32,True
DEL-SYN-001702,ORD-SYN-001362,VEH-SYN-06,SOR-01,LOC-SYN-CUS-099,1,2025-12-02T10:54:00-03:00,2025-12-02T13:54:00-03:00,11.542,delivered,B2B-V1-BASE,BLD-9102B6E8BF1ABFFC5F32,True
DEL-SYN-001703,ORD-SYN-001363,VEH-SYN-01,SOR-01,LOC-SYN-CUS-093,1,2025-12-01T12:15:00-03:00,2025-12-01T15:15:00-03:00,14.157,delivered,B2B-V1-BASE,BLD-9102B6E8BF1ABFFC5F32,True
DEL-SYN-001704,ORD-SYN-001364,VEH-SYN-02,SOR-01,LOC-SYN-CUS-108,1,2025-12-02T02:20:00-03:00,2025-12-02T05:20:00-03:00,104.477,delivered,B2B-V1-BASE,BLD-9102B6E8BF1ABFFC5F32,True
DEL-SYN-001705,ORD-SYN-001364,VEH-SYN-03,SOR-01,LOC-SYN-CUS-108,2,2025-12-02T12:20:00-03:00,2025-12-02T15:20:00-03:00,104.477,delivered,B2B-V1-BASE,BLD-9102B6E8BF1ABFFC5F32,True
DEL-SYN-001706,ORD-SYN-001365,VEH-SYN-03,SOR-01,LOC-SYN-CUS-052,1,2025-12-01T12:32:00-03:00,2025-12-01T15:32:00-03:00,109.906,delivered,B2B-V1-BASE,BLD-9102B6E8BF1ABFFC5F32,True
DEL-SYN-001707,ORD-SYN-001366,VEH-SYN-04,SOR-01,LOC-SYN-CUS-030,1,2025-12-04T17:21:00-03:00,2025-12-04T20:21:00-03:00,95.926,delivered,B2B-V1-BASE,BLD-9102B6E8BF1ABFFC5F32,True
DEL-SYN-001708,ORD-SYN-001367,VEH-SYN-05,SOR-01,LOC-SYN-CUS-143,1,2025-12-03T03:30:00-03:00,2025-12-03T06:30:00-03:00,10.494,delivered,B2B-V1-BASE,BLD-9102B6E8BF1ABFFC5F32,True
DEL-SYN-001709,ORD-SYN-001368,VEH-SYN-06,SOR-01,LOC-SYN-CUS-054,1,2025-12-01T09:36:00-03:00,2025-12-01T12:36:00-03:00,92.335,delivered,B2B-V1-BASE,BLD-9102B6E8BF1ABFFC5F32,True
DEL-SYN-001710,ORD-SYN-001368,VEH-SYN-01,SOR-01,LOC-SYN-CUS-054,2,2025-12-01T23:36:00-03:00,2025-12-02T02:36:00-03:00,92.335,delivered,B2B-V1-BASE,BLD-9102B6E8BF1ABFFC5F32,True
DEL-SYN-001711,ORD-SYN-001369,VEH-SYN-01,SOR-01,LOC-SYN-CUS-076,1,2025-12-03T07:21:00-03:00,2025-12-03T10:21:00-03:00,105.217,delivered,B2B-V1-BASE,BLD-9102B6E8BF1ABFFC5F32,True
DEL-SYN-001712,ORD-SYN-001370,VEH-SYN-02,SOR-01,LOC-SYN-CUS-122,1,2025-12-01T07:23:00-03:00,2025-12-01T10:23:00-03:00,107.646,delivered,B2B-V1-BASE,BLD-9102B6E8BF1ABFFC5F32,True
DEL-SYN-001713,ORD-SYN-001371,VEH-SYN-03,SOR-01,LOC-SYN-CUS-026,1,2025-11-30T07:58:00-03:00,2025-11-30T10:58:00-03:00,93.542,delivered,B2B-V1-BASE,BLD-9102B6E8BF1ABFFC5F32,True
DEL-SYN-001714,ORD-SYN-001372,VEH-SYN-04,SOR-01,LOC-SYN-CUS-054,1,2025-12-02T22:04:00-03:00,2025-12-03T01:04:00-03:00,92.335,delivered,B2B-V1-BASE,BLD-9102B6E8BF1ABFFC5F32,True
DEL-SYN-001715,ORD-SYN-001372,VEH-SYN-05,SOR-01,LOC-SYN-CUS-054,2,2025-12-03T08:04:00-03:00,2025-12-03T11:04:00-03:00,92.335,delivered,B2B-V1-BASE,BLD-9102B6E8BF1ABFFC5F32,True
DEL-SYN-001716,ORD-SYN-001373,VEH-SYN-05,SOR-01,LOC-SYN-CUS-006,1,2025-12-02T00:48:00-03:00,2025-12-02T03:48:00-03:00,102.381,delivered,B2B-V1-BASE,BLD-9102B6E8BF1ABFFC5F32,True
DEL-SYN-001717,ORD-SYN-001374,VEH-SYN-06,SOR-01,LOC-SYN-CUS-132,1,2025-12-04T11:09:00-03:00,2025-12-04T14:09:00-03:00,97.514,delivered,B2B-V1-BASE,BLD-9102B6E8BF1ABFFC5F32,True
DEL-SYN-001718,ORD-SYN-001375,VEH-SYN-01,SOR-01,LOC-SYN-CUS-102,1,2025-12-05T01:15:00-03:00,2025-12-05T04:15:00-03:00,92.902,delivered,B2B-V1-BASE,BLD-9102B6E8BF1ABFFC5F32,True
DEL-SYN-001719,ORD-SYN-001376,VEH-SYN-02,SOR-01,LOC-SYN-CUS-050,1,2025-12-02T02:21:00-03:00,2025-12-02T05:21:00-03:00,95.323,delivered_with_incident,B2B-V1-BASE,BLD-9102B6E8BF1ABFFC5F32,True
DEL-SYN-001720,ORD-SYN-001376,VEH-SYN-03,SOR-01,LOC-SYN-CUS-050,2,2025-12-02T12:21:00-03:00,2025-12-02T15:21:00-03:00,95.323,delivered,B2B-V1-BASE,BLD-9102B6E8BF1ABFFC5F32,True
DEL-SYN-001721,ORD-SYN-001377,VEH-SYN-03,SOR-01,LOC-SYN-CUS-042,1,2025-12-04T04:15:00-03:00,2025-12-04T07:15:00-03:00,96.283,delivered,B2B-V1-BASE,BLD-9102B6E8BF1ABFFC5F32,True
DEL-SYN-001722,ORD-SYN-001378,VEH-SYN-04,SOR-01,LOC-SYN-CUS-015,1,2025-12-02T07:21:00-03:00,2025-12-02T10:21:00-03:00,20.193,delivered,B2B-V1-BASE,BLD-9102B6E8BF1ABFFC5F32,True
DEL-SYN-001723,ORD-SYN-001379,VEH-SYN-05,SOR-01,LOC-SYN-CUS-115,1,2025-12-02T07:51:00-03:00,2025-12-02T10:51:00-03:00,8.481,delivered,B2B-V1-BASE,BLD-9102B6E8BF1ABFFC5F32,True
DEL-SYN-001724,ORD-SYN-001380,VEH-SYN-06,SOR-01,LOC-SYN-CUS-129,1,2025-12-04T22:51:00-03:00,2025-12-05T01:51:00-03:00,10.44,delivered,B2B-V1-BASE,BLD-9102B6E8BF1ABFFC5F32,True
DEL-SYN-001725,ORD-SYN-001380,VEH-SYN-01,SOR-01,LOC-SYN-CUS-129,2,2025-12-05T08:51:00-03:00,2025-12-05T11:51:00-03:00,10.44,delivered,B2B-V1-BASE,BLD-9102B6E8BF1ABFFC5F32,True
DEL-SYN-001726,ORD-SYN-001381,VEH-SYN-01,SOR-01,LOC-SYN-CUS-125,1,2025-12-03T08:55:00-03:00,2025-12-03T11:55:00-03:00,11.651,delivered,B2B-V1-BASE,BLD-9102B6E8BF1ABFFC5F32,True
DEL-SYN-001727,ORD-SYN-001382,VEH-SYN-02,SOR-01,LOC-SYN-CUS-099,1,2025-12-03T08:56:00-03:00,2025-12-03T11:56:00-03:00,11.542,delivered,B2B-V1-BASE,BLD-9102B6E8BF1ABFFC5F32,True
DEL-SYN-001728,ORD-SYN-001383,VEH-SYN-03,SOR-01,LOC-SYN-CUS-098,1,2025-12-03T09:37:00-03:00,2025-12-03T12:37:00-03:00,100.419,delivered,B2B-V1-BASE,BLD-9102B6E8BF1ABFFC5F32,True
DEL-SYN-001729,ORD-SYN-001384,VEH-SYN-04,SOR-01,LOC-SYN-CUS-046,1,2025-11-30T23:41:00-03:00,2025-12-01T02:41:00-03:00,97.72,delivered,B2B-V1-BASE,BLD-9102B6E8BF1ABFFC5F32,True
DEL-SYN-001730,ORD-SYN-001384,VEH-SYN-05,SOR-01,LOC-SYN-CUS-046,2,2025-12-01T09:41:00-03:00,2025-12-01T12:41:00-03:00,97.72,delivered,B2B-V1-BASE,BLD-9102B6E8BF1ABFFC5F32,True
DEL-SYN-001731,ORD-SYN-001385,VEH-SYN-05,SOR-01,LOC-SYN-CUS-022,1,2025-12-02T10:56:00-03:00,2025-12-02T13:56:00-03:00,97.576,delivered,B2B-V1-BASE,BLD-9102B6E8BF1ABFFC5F32,True
DEL-SYN-001732,ORD-SYN-001386,VEH-SYN-06,SOR-01,LOC-SYN-CUS-040,1,2025-12-03T03:23:00-03:00,2025-12-03T06:23:00-03:00,104.509,delivered,B2B-V1-BASE,BLD-9102B6E8BF1ABFFC5F32,True
DEL-SYN-001733,ORD-SYN-001387,VEH-SYN-01,SOR-01,LOC-SYN-CUS-022,1,2025-12-02T03:39:00-03:00,2025-12-02T06:39:00-03:00,97.576,delivered,B2B-V1-BASE,BLD-9102B6E8BF1ABFFC5F32,True
DEL-SYN-001734,ORD-SYN-001388,VEH-SYN-02,SOR-01,LOC-SYN-CUS-010,1,2025-12-04T18:38:00-03:00,2025-12-04T21:38:00-03:00,98.174,delivered,B2B-V1-BASE,BLD-9102B6E8BF1ABFFC5F32,True
DEL-SYN-001735,ORD-SYN-001388,VEH-SYN-03,SOR-01,LOC-SYN-CUS-010,2,2025-12-05T04:38:00-03:00,2025-12-05T07:38:00-03:00,98.174,delivered,B2B-V1-BASE,BLD-9102B6E8BF1ABFFC5F32,True
DEL-SYN-001736,ORD-SYN-001389,VEH-SYN-03,SOR-01,LOC-SYN-CUS-135,1,2025-12-03T05:43:00-03:00,2025-12-03T08:43:00-03:00,15.798,delivered,B2B-V1-BASE,BLD-9102B6E8BF1ABFFC5F32,True
DEL-SYN-001737,ORD-SYN-001390,VEH-SYN-04,SOR-01,LOC-SYN-CUS-049,1,2025-12-06T06:20:00-03:00,2025-12-06T09:20:00-03:00,13.054,delivered,B2B-V1-BASE,BLD-9102B6E8BF1ABFFC5F32,True
DEL-SYN-001738,ORD-SYN-001391,VEH-SYN-05,SOR-01,LOC-SYN-CUS-034,1,2025-12-06T06:40:00-03:00,2025-12-06T09:40:00-03:00,92.375,delivered,B2B-V1-BASE,BLD-9102B6E8BF1ABFFC5F32,True
DEL-SYN-001739,ORD-SYN-001392,VEH-SYN-06,SOR-01,LOC-SYN-CUS-030,1,2025-12-01T20:59:00-03:00,2025-12-01T23:59:00-03:00,95.926,delivered,B2B-V1-BASE,BLD-9102B6E8BF1ABFFC5F32,True
DEL-SYN-001740,ORD-SYN-001392,VEH-SYN-01,SOR-01,LOC-SYN-CUS-030,2,2025-12-02T06:59:00-03:00,2025-12-02T09:59:00-03:00,95.926,delivered_with_incident,B2B-V1-BASE,BLD-9102B6E8BF1ABFFC5F32,True
DEL-SYN-001741,ORD-SYN-001393,VEH-SYN-01,SOR-01,LOC-SYN-CUS-034,1,2025-12-03T07:35:00-03:00,2025-12-03T10:35:00-03:00,92.375,delivered_with_incident,B2B-V1-BASE,BLD-9102B6E8BF1ABFFC5F32,True
DEL-SYN-001742,ORD-SYN-001394,VEH-SYN-02,SOR-01,LOC-SYN-CUS-093,1,2025-12-05T07:37:00-03:00,2025-12-05T10:37:00-03:00,14.157,delivered,B2B-V1-BASE,BLD-9102B6E8BF1ABFFC5F32,True
DEL-SYN-001743,ORD-SYN-001395,VEH-SYN-03,SOR-01,LOC-SYN-CUS-138,1,2025-12-05T09:03:00-03:00,2025-12-05T12:03:00-03:00,93.584,delivered,B2B-V1-BASE,BLD-9102B6E8BF1ABFFC5F32,True
DEL-SYN-001744,ORD-SYN-001396,VEH-SYN-04,SOR-01,LOC-SYN-CUS-126,1,2025-12-06T00:11:00-03:00,2025-12-06T03:11:00-03:00,96.582,delivered,B2B-V1-BASE,BLD-9102B6E8BF1ABFFC5F32,True
DEL-SYN-001745,ORD-SYN-001396,VEH-SYN-05,SOR-01,LOC-SYN-CUS-126,2,2025-12-06T10:11:00-03:00,2025-12-06T13:11:00-03:00,96.582,delivered,B2B-V1-BASE,BLD-9102B6E8BF1ABFFC5F32,True
DEL-SYN-001746,ORD-SYN-001397,VEH-SYN-05,SOR-01,LOC-SYN-CUS-070,1,2025-12-05T00:47:00-03:00,2025-12-05T03:47:00-03:00,93.688,delivered,B2B-V1-BASE,BLD-9102B6E8BF1ABFFC5F32,True
DEL-SYN-001747,ORD-SYN-001398,VEH-SYN-06,SOR-01,LOC-SYN-CUS-098,1,2025-12-07T18:05:00-03:00,2025-12-07T21:05:00-03:00,100.419,delivered,B2B-V1-BASE,BLD-9102B6E8BF1ABFFC5F32,True
DEL-SYN-001748,ORD-SYN-001399,VEH-SYN-01,SOR-01,LOC-SYN-CUS-122,1,2025-12-03T04:26:00-03:00,2025-12-03T07:26:00-03:00,107.646,delivered,B2B-V1-BASE,BLD-9102B6E8BF1ABFFC5F32,True
DEL-SYN-001749,ORD-SYN-001400,VEH-SYN-02,SOR-01,LOC-SYN-CUS-133,1,2025-12-03T12:25:00-03:00,2025-12-03T15:25:00-03:00,15.316,delivered,B2B-V1-BASE,BLD-9102B6E8BF1ABFFC5F32,True
DEL-SYN-001750,ORD-SYN-001400,VEH-SYN-03,SOR-01,LOC-SYN-CUS-133,2,2025-12-04T02:25:00-03:00,2025-12-04T05:25:00-03:00,15.316,delivered,B2B-V1-BASE,BLD-9102B6E8BF1ABFFC5F32,True
DEL-SYN-001751,ORD-SYN-001401,VEH-SYN-03,SOR-01,LOC-SYN-CUS-125,1,2025-12-07T11:47:00-03:00,2025-12-07T14:47:00-03:00,11.651,delivered,B2B-V1-BASE,BLD-9102B6E8BF1ABFFC5F32,True
DEL-SYN-001752,ORD-SYN-001402,VEH-SYN-04,SOR-01,LOC-SYN-CUS-125,1,2025-12-06T11:47:00-03:00,2025-12-06T14:47:00-03:00,11.651,delivered,B2B-V1-BASE,BLD-9102B6E8BF1ABFFC5F32,True
DEL-SYN-001753,ORD-SYN-001403,VEH-SYN-05,SOR-01,LOC-SYN-CUS-021,1,2025-12-07T12:10:00-03:00,2025-12-07T15:10:00-03:00,21.891,delivered,B2B-V1-BASE,BLD-9102B6E8BF1ABFFC5F32,True
DEL-SYN-001754,ORD-SYN-001404,VEH-SYN-06,SOR-01,LOC-SYN-CUS-082,1,2025-12-04T17:13:00-03:00,2025-12-04T20:13:00-03:00,95.328,delivered,B2B-V1-BASE,BLD-9102B6E8BF1ABFFC5F32,True
DEL-SYN-001755,ORD-SYN-001404,VEH-SYN-01,SOR-01,LOC-SYN-CUS-082,2,2025-12-05T03:13:00-03:00,2025-12-05T06:13:00-03:00,95.328,delivered,B2B-V1-BASE,BLD-9102B6E8BF1ABFFC5F32,True
DEL-SYN-001756,ORD-SYN-001405,VEH-SYN-01,SOR-01,LOC-SYN-CUS-054,1,2025-12-06T04:36:00-03:00,2025-12-06T07:36:00-03:00,92.335,delivered,B2B-V1-BASE,BLD-9102B6E8BF1ABFFC5F32,True
DEL-SYN-001757,ORD-SYN-001406,VEH-SYN-02,SOR-01,LOC-SYN-CUS-118,1,2025-12-05T07:29:00-03:00,2025-12-05T10:29:00-03:00,89.411,delivered,B2B-V1-BASE,BLD-9102B6E8BF1ABFFC5F32,True
DEL-SYN-001758,ORD-SYN-001407,VEH-SYN-03,SOR-01,LOC-SYN-CUS-050,1,2025-12-06T08:21:00-03:00,2025-12-06T11:21:00-03:00,95.323,delivered,B2B-V1-BASE,BLD-9102B6E8BF1ABFFC5F32,True
DEL-SYN-001759,ORD-SYN-001408,VEH-SYN-04,SOR-01,LOC-SYN-CUS-138,1,2025-12-07T00:54:00-03:00,2025-12-07T03:54:00-03:00,93.584,delivered,B2B-V1-BASE,BLD-9102B6E8BF1ABFFC5F32,True
DEL-SYN-001760,ORD-SYN-001408,VEH-SYN-05,SOR-01,LOC-SYN-CUS-138,2,2025-12-07T10:54:00-03:00,2025-12-07T13:54:00-03:00,93.584,delivered,B2B-V1-BASE,BLD-9102B6E8BF1ABFFC5F32,True
DEL-SYN-001761,ORD-SYN-001409,VEH-SYN-05,SOR-01,LOC-SYN-CUS-033,1,2025-12-04T11:25:00-03:00,2025-12-04T14:25:00-03:00,13.637,delivered,B2B-V1-BASE,BLD-9102B6E8BF1ABFFC5F32,True
DEL-SYN-001762,ORD-SYN-001410,VEH-SYN-06,SOR-01,LOC-SYN-CUS-053,1,2025-12-04T12:18:00-03:00,2025-12-04T15:18:00-03:00,11.138,delivered,B2B-V1-BASE,BLD-9102B6E8BF1ABFFC5F32,True
DEL-SYN-001763,ORD-SYN-001411,VEH-SYN-01,SOR-01,LOC-SYN-CUS-019,1,2025-12-05T12:37:00-03:00,2025-12-05T15:37:00-03:00,11.18,delivered,B2B-V1-BASE,BLD-9102B6E8BF1ABFFC5F32,True
DEL-SYN-001764,ORD-SYN-001412,VEH-SYN-02,SOR-01,LOC-SYN-CUS-109,1,2025-12-07T17:36:00-03:00,2025-12-07T20:36:00-03:00,15.631,delivered,B2B-V1-BASE,BLD-9102B6E8BF1ABFFC5F32,True
DEL-SYN-001765,ORD-SYN-001412,VEH-SYN-03,SOR-01,LOC-SYN-CUS-109,2,2025-12-08T03:36:00-03:00,2025-12-08T06:36:00-03:00,15.631,delivered,B2B-V1-BASE,BLD-9102B6E8BF1ABFFC5F32,True
DEL-SYN-001766,ORD-SYN-001413,VEH-SYN-03,SOR-01,LOC-SYN-CUS-018,1,2025-12-06T17:57:00-03:00,2025-12-06T20:57:00-03:00,97.884,delivered,B2B-V1-BASE,BLD-9102B6E8BF1ABFFC5F32,True
DEL-SYN-001767,ORD-SYN-001414,VEH-SYN-04,SOR-01,LOC-SYN-CUS-141,1,2025-12-06T04:34:00-03:00,2025-12-06T07:34:00-03:00,3.791,delivered,B2B-V1-BASE,BLD-9102B6E8BF1ABFFC5F32,True
DEL-SYN-001768,ORD-SYN-001415,VEH-SYN-05,SOR-01,LOC-SYN-CUS-087,1,2025-12-05T04:40:00-03:00,2025-12-05T07:40:00-03:00,7.154,delivered,B2B-V1-BASE,BLD-9102B6E8BF1ABFFC5F32,True
DEL-SYN-001769,ORD-SYN-001416,VEH-SYN-06,SOR-01,LOC-SYN-CUS-022,1,2025-12-05T19:23:00-03:00,2025-12-05T22:23:00-03:00,97.576,delivered,B2B-V1-BASE,BLD-9102B6E8BF1ABFFC5F32,True
DEL-SYN-001770,ORD-SYN-001416,VEH-SYN-01,SOR-01,LOC-SYN-CUS-022,2,2025-12-06T05:23:00-03:00,2025-12-06T08:23:00-03:00,97.576,delivered,B2B-V1-BASE,BLD-9102B6E8BF1ABFFC5F32,True
DEL-SYN-001771,ORD-SYN-001417,VEH-SYN-01,SOR-01,LOC-SYN-CUS-083,1,2025-12-08T06:11:00-03:00,2025-12-08T09:11:00-03:00,15.586,delivered,B2B-V1-BASE,BLD-9102B6E8BF1ABFFC5F32,True
DEL-SYN-001772,ORD-SYN-001418,VEH-SYN-02,SOR-01,LOC-SYN-CUS-114,1,2025-12-08T08:37:00-03:00,2025-12-08T11:37:00-03:00,98.868,delivered,B2B-V1-BASE,BLD-9102B6E8BF1ABFFC5F32,True
DEL-SYN-001773,ORD-SYN-001419,VEH-SYN-03,SOR-01,LOC-SYN-CUS-048,1,2025-12-08T23:43:00-03:00,2025-12-09T02:43:00-03:00,94.78,delivered,B2B-V1-BASE,BLD-9102B6E8BF1ABFFC5F32,True
DEL-SYN-001774,ORD-SYN-001420,VEH-SYN-04,SOR-01,LOC-SYN-CUS-146,1,2025-12-07T01:30:00-03:00,2025-12-07T04:30:00-03:00,99.257,delivered,B2B-V1-BASE,BLD-9102B6E8BF1ABFFC5F32,True
DEL-SYN-001775,ORD-SYN-001420,VEH-SYN-05,SOR-01,LOC-SYN-CUS-146,2,2025-12-07T11:30:00-03:00,2025-12-07T14:30:00-03:00,99.257,delivered,B2B-V1-BASE,BLD-9102B6E8BF1ABFFC5F32,True
DEL-SYN-001776,ORD-SYN-001421,VEH-SYN-05,SOR-01,LOC-SYN-CUS-110,1,2025-12-08T12:06:00-03:00,2025-12-08T15:06:00-03:00,101.983,delivered,B2B-V1-BASE,BLD-9102B6E8BF1ABFFC5F32,True
DEL-SYN-001777,ORD-SYN-001422,VEH-SYN-06,SOR-01,LOC-SYN-CUS-052,1,2025-12-06T12:44:00-03:00,2025-12-06T15:44:00-03:00,109.906,delivered,B2B-V1-BASE,BLD-9102B6E8BF1ABFFC5F32,True
DEL-SYN-001778,ORD-SYN-001423,VEH-SYN-01,SOR-01,LOC-SYN-CUS-137,1,2025-12-08T18:10:00-03:00,2025-12-08T21:10:00-03:00,11.323,delivered,B2B-V1-BASE,BLD-9102B6E8BF1ABFFC5F32,True
DEL-SYN-001779,ORD-SYN-001424,VEH-SYN-02,SOR-01,LOC-SYN-CUS-117,1,2025-12-08T18:25:00-03:00,2025-12-08T21:25:00-03:00,14.483,delivered,B2B-V1-BASE,BLD-9102B6E8BF1ABFFC5F32,True
DEL-SYN-001780,ORD-SYN-001424,VEH-SYN-03,SOR-01,LOC-SYN-CUS-117,2,2025-12-09T04:25:00-03:00,2025-12-09T07:25:00-03:00,14.483,delivered,B2B-V1-BASE,BLD-9102B6E8BF1ABFFC5F32,True
DEL-SYN-001781,ORD-SYN-001425,VEH-SYN-03,SOR-01,LOC-SYN-CUS-143,1,2025-12-08T06:28:00-03:00,2025-12-08T09:28:00-03:00,10.494,delivered,B2B-V1-BASE,BLD-9102B6E8BF1ABFFC5F32,True
DEL-SYN-001782,ORD-SYN-001426,VEH-SYN-04,SOR-01,LOC-SYN-CUS-073,1,2025-12-09T06:54:00-03:00,2025-12-09T09:54:00-03:00,17.971,delivered,B2B-V1-BASE,BLD-9102B6E8BF1ABFFC5F32,True
DEL-SYN-001783,ORD-SYN-001427,VEH-SYN-05,SOR-01,LOC-SYN-CUS-069,1,2025-12-10T08:34:00-03:00,2025-12-10T11:34:00-03:00,13.67,delivered,B2B-V1-BASE,BLD-9102B6E8BF1ABFFC5F32,True
DEL-SYN-001784,ORD-SYN-001428,VEH-SYN-06,SOR-01,LOC-SYN-CUS-122,1,2025-12-05T22:38:00-03:00,2025-12-06T01:38:00-03:00,107.646,delivered,B2B-V1-BASE,BLD-9102B6E8BF1ABFFC5F32,True
DEL-SYN-001785,ORD-SYN-001428,VEH-SYN-01,SOR-01,LOC-SYN-CUS-122,2,2025-12-06T08:38:00-03:00,2025-12-06T11:38:00-03:00,107.646,delivered,B2B-V1-BASE,BLD-9102B6E8BF1ABFFC5F32,True
DEL-SYN-001786,ORD-SYN-001429,VEH-SYN-01,SOR-01,LOC-SYN-CUS-059,1,2025-12-07T09:06:00-03:00,2025-12-07T12:06:00-03:00,13.382,delivered,B2B-V1-BASE,BLD-9102B6E8BF1ABFFC5F32,True
DEL-SYN-001787,ORD-SYN-001430,VEH-SYN-02,SOR-01,LOC-SYN-CUS-002,1,2025-12-07T09:10:00-03:00,2025-12-07T12:10:00-03:00,87.443,delivered,B2B-V1-BASE,BLD-9102B6E8BF1ABFFC5F32,True
DEL-SYN-001788,ORD-SYN-001431,VEH-SYN-03,SOR-01,LOC-SYN-CUS-023,1,2025-12-08T11:00:00-03:00,2025-12-08T14:00:00-03:00,12.238,delivered,B2B-V1-BASE,BLD-9102B6E8BF1ABFFC5F32,True
DEL-SYN-001789,ORD-SYN-001432,VEH-SYN-04,SOR-01,LOC-SYN-CUS-018,1,2025-12-07T01:16:00-03:00,2025-12-07T04:16:00-03:00,97.884,delivered,B2B-V1-BASE,BLD-9102B6E8BF1ABFFC5F32,True
DEL-SYN-001790,ORD-SYN-001432,VEH-SYN-05,SOR-01,LOC-SYN-CUS-018,2,2025-12-07T11:16:00-03:00,2025-12-07T14:16:00-03:00,97.884,delivered,B2B-V1-BASE,BLD-9102B6E8BF1ABFFC5F32,True
DEL-SYN-001791,ORD-SYN-001433,VEH-SYN-05,SOR-01,LOC-SYN-CUS-046,1,2025-12-08T11:34:00-03:00,2025-12-08T14:34:00-03:00,97.72,delivered,B2B-V1-BASE,BLD-9102B6E8BF1ABFFC5F32,True
DEL-SYN-001792,ORD-SYN-001434,VEH-SYN-06,SOR-01,LOC-SYN-CUS-031,1,2025-12-09T04:17:00-03:00,2025-12-09T07:17:00-03:00,2.694,delivered,B2B-V1-BASE,BLD-9102B6E8BF1ABFFC5F32,True
DEL-SYN-001793,ORD-SYN-001435,VEH-SYN-01,SOR-01,LOC-SYN-CUS-021,1,2025-12-10T04:39:00-03:00,2025-12-10T07:39:00-03:00,21.891,delivered,B2B-V1-BASE,BLD-9102B6E8BF1ABFFC5F32,True
DEL-SYN-001794,ORD-SYN-001436,VEH-SYN-02,SOR-01,LOC-SYN-CUS-129,1,2025-12-07T19:01:00-03:00,2025-12-07T22:01:00-03:00,10.44,delivered,B2B-V1-BASE,BLD-9102B6E8BF1ABFFC5F32,True
DEL-SYN-001795,ORD-SYN-001436,VEH-SYN-03,SOR-01,LOC-SYN-CUS-129,2,2025-12-08T05:01:00-03:00,2025-12-08T08:01:00-03:00,10.44,delivered,B2B-V1-BASE,BLD-9102B6E8BF1ABFFC5F32,True
DEL-SYN-001796,ORD-SYN-001437,VEH-SYN-03,SOR-01,LOC-SYN-CUS-025,1,2025-12-08T05:12:00-03:00,2025-12-08T08:12:00-03:00,12.656,delivered,B2B-V1-BASE,BLD-9102B6E8BF1ABFFC5F32,True
DEL-SYN-001797,ORD-SYN-001438,VEH-SYN-04,SOR-01,LOC-SYN-CUS-094,1,2025-12-08T05:43:00-03:00,2025-12-08T08:43:00-03:00,81.241,delivered,B2B-V1-BASE,BLD-9102B6E8BF1ABFFC5F32,True
DEL-SYN-001798,ORD-SYN-001439,VEH-SYN-05,SOR-01,LOC-SYN-CUS-010,1,2025-12-11T20:00:00-03:00,2025-12-11T23:00:00-03:00,98.174,delivered,B2B-V1-BASE,BLD-9102B6E8BF1ABFFC5F32,True
DEL-SYN-001799,ORD-SYN-001440,VEH-SYN-06,SOR-01,LOC-SYN-CUS-047,1,2025-12-06T20:34:00-03:00,2025-12-06T23:34:00-03:00,14.65,delivered,B2B-V1-BASE,BLD-9102B6E8BF1ABFFC5F32,True
DEL-SYN-001800,ORD-SYN-001440,VEH-SYN-01,SOR-01,LOC-SYN-CUS-047,2,2025-12-07T06:34:00-03:00,2025-12-07T09:34:00-03:00,14.65,delivered,B2B-V1-BASE,BLD-9102B6E8BF1ABFFC5F32,True
DEL-SYN-001801,ORD-SYN-001441,VEH-SYN-01,SOR-01,LOC-SYN-CUS-101,1,2025-12-08T09:13:00-03:00,2025-12-08T12:13:00-03:00,8.729,delivered,B2B-V1-BASE,BLD-9102B6E8BF1ABFFC5F32,True
DEL-SYN-001802,ORD-SYN-001442,VEH-SYN-02,SOR-01,LOC-SYN-CUS-094,1,2025-12-08T23:39:00-03:00,2025-12-09T02:39:00-03:00,81.241,delivered,B2B-V1-BASE,BLD-9102B6E8BF1ABFFC5F32,True
DEL-SYN-001803,ORD-SYN-001443,VEH-SYN-03,SOR-01,LOC-SYN-CUS-116,1,2025-12-08T10:53:00-03:00,2025-12-08T13:53:00-03:00,97.555,delivered,B2B-V1-BASE,BLD-9102B6E8BF1ABFFC5F32,True
DEL-SYN-001804,ORD-SYN-001444,VEH-SYN-04,SOR-01,LOC-SYN-CUS-069,1,2025-12-09T17:02:00-03:00,2025-12-09T20:02:00-03:00,13.67,delivered,B2B-V1-BASE,BLD-9102B6E8BF1ABFFC5F32,True
DEL-SYN-001805,ORD-SYN-001444,VEH-SYN-05,SOR-01,LOC-SYN-CUS-069,2,2025-12-10T03:02:00-03:00,2025-12-10T06:02:00-03:00,13.67,delivered,B2B-V1-BASE,BLD-9102B6E8BF1ABFFC5F32,True
DEL-SYN-001806,ORD-SYN-001445,VEH-SYN-05,SOR-01,LOC-SYN-CUS-026,1,2025-12-11T03:06:00-03:00,2025-12-11T06:06:00-03:00,93.542,delivered,B2B-V1-BASE,BLD-9102B6E8BF1ABFFC5F32,True
DEL-SYN-001807,ORD-SYN-001446,VEH-SYN-06,SOR-01,LOC-SYN-CUS-105,1,2025-12-09T17:06:00-03:00,2025-12-09T20:06:00-03:00,13.533,delivered,B2B-V1-BASE,BLD-9102B6E8BF1ABFFC5F32,True
DEL-SYN-001808,ORD-SYN-001447,VEH-SYN-01,SOR-01,LOC-SYN-CUS-085,1,2025-12-10T05:12:00-03:00,2025-12-10T08:12:00-03:00,11.234,delivered,B2B-V1-BASE,BLD-9102B6E8BF1ABFFC5F32,True
DEL-SYN-001809,ORD-SYN-001448,VEH-SYN-02,SOR-01,LOC-SYN-CUS-121,1,2025-12-11T20:40:00-03:00,2025-12-11T23:40:00-03:00,1.523,delivered,B2B-V1-BASE,BLD-9102B6E8BF1ABFFC5F32,True
DEL-SYN-001810,ORD-SYN-001448,VEH-SYN-03,SOR-01,LOC-SYN-CUS-121,2,2025-12-12T06:40:00-03:00,2025-12-12T09:40:00-03:00,1.523,delivered,B2B-V1-BASE,BLD-9102B6E8BF1ABFFC5F32,True
DEL-SYN-001811,ORD-SYN-001449,VEH-SYN-03,SOR-01,LOC-SYN-CUS-089,1,2025-12-08T08:51:00-03:00,2025-12-08T11:51:00-03:00,10.706,delivered,B2B-V1-BASE,BLD-9102B6E8BF1ABFFC5F32,True
DEL-SYN-001812,ORD-SYN-001450,VEH-SYN-04,SOR-01,LOC-SYN-CUS-010,1,2025-12-09T09:21:00-03:00,2025-12-09T12:21:00-03:00,98.174,delivered,B2B-V1-BASE,BLD-9102B6E8BF1ABFFC5F32,True
DEL-SYN-001813,ORD-SYN-001451,VEH-SYN-05,SOR-01,LOC-SYN-CUS-053,1,2025-12-12T09:23:00-03:00,2025-12-12T12:23:00-03:00,11.138,delivered,B2B-V1-BASE,BLD-9102B6E8BF1ABFFC5F32,True
DEL-SYN-001814,ORD-SYN-001452,VEH-SYN-06,SOR-01,LOC-SYN-CUS-148,1,2025-12-09T23:32:00-03:00,2025-12-10T02:32:00-03:00,94.333,delivered,B2B-V1-BASE,BLD-9102B6E8BF1ABFFC5F32,True
DEL-SYN-001815,ORD-SYN-001452,VEH-SYN-01,SOR-01,LOC-SYN-CUS-148,2,2025-12-10T09:32:00-03:00,2025-12-10T12:32:00-03:00,94.333,delivered,B2B-V1-BASE,BLD-9102B6E8BF1ABFFC5F32,True
DEL-SYN-001816,ORD-SYN-001453,VEH-SYN-01,SOR-01,LOC-SYN-CUS-022,1,2025-12-12T11:52:00-03:00,2025-12-12T14:52:00-03:00,97.576,delivered,B2B-V1-BASE,BLD-9102B6E8BF1ABFFC5F32,True
DEL-SYN-001817,ORD-SYN-001454,VEH-SYN-02,SOR-01,LOC-SYN-CUS-129,1,2025-12-09T12:10:00-03:00,2025-12-09T15:10:00-03:00,10.44,delivered_with_incident,B2B-V1-BASE,BLD-9102B6E8BF1ABFFC5F32,True
DEL-SYN-001818,ORD-SYN-001455,VEH-SYN-03,SOR-01,LOC-SYN-CUS-088,1,2025-12-12T04:05:00-03:00,2025-12-12T07:05:00-03:00,103.178,delivered,B2B-V1-BASE,BLD-9102B6E8BF1ABFFC5F32,True
DEL-SYN-001819,ORD-SYN-001456,VEH-SYN-04,SOR-01,LOC-SYN-CUS-142,1,2025-12-12T10:21:00-03:00,2025-12-12T13:21:00-03:00,96.727,delivered,B2B-V1-BASE,BLD-9102B6E8BF1ABFFC5F32,True
DEL-SYN-001820,ORD-SYN-001456,VEH-SYN-05,SOR-01,LOC-SYN-CUS-142,2,2025-12-13T00:21:00-03:00,2025-12-13T03:21:00-03:00,96.727,delivered,B2B-V1-BASE,BLD-9102B6E8BF1ABFFC5F32,True
DEL-SYN-001821,ORD-SYN-001457,VEH-SYN-05,SOR-01,LOC-SYN-CUS-015,1,2025-12-12T05:07:00-03:00,2025-12-12T08:07:00-03:00,20.193,delivered,B2B-V1-BASE,BLD-9102B6E8BF1ABFFC5F32,True
DEL-SYN-001822,ORD-SYN-001458,VEH-SYN-06,SOR-01,LOC-SYN-CUS-088,1,2025-12-10T06:46:00-03:00,2025-12-10T09:46:00-03:00,103.178,delivered,B2B-V1-BASE,BLD-9102B6E8BF1ABFFC5F32,True
DEL-SYN-001823,ORD-SYN-001459,VEH-SYN-01,SOR-01,LOC-SYN-CUS-146,1,2025-12-09T09:00:00-03:00,2025-12-09T12:00:00-03:00,99.257,delivered,B2B-V1-BASE,BLD-9102B6E8BF1ABFFC5F32,True
DEL-SYN-001824,ORD-SYN-001460,VEH-SYN-02,SOR-01,LOC-SYN-CUS-009,1,2025-12-11T23:07:00-03:00,2025-12-12T02:07:00-03:00,14.093,delivered,B2B-V1-BASE,BLD-9102B6E8BF1ABFFC5F32,True
DEL-SYN-001825,ORD-SYN-001460,VEH-SYN-03,SOR-01,LOC-SYN-CUS-009,2,2025-12-12T09:07:00-03:00,2025-12-12T12:07:00-03:00,14.093,delivered,B2B-V1-BASE,BLD-9102B6E8BF1ABFFC5F32,True
DEL-SYN-001826,ORD-SYN-001461,VEH-SYN-03,SOR-01,LOC-SYN-CUS-040,1,2025-12-10T09:43:00-03:00,2025-12-10T12:43:00-03:00,104.509,delivered_with_incident,B2B-V1-BASE,BLD-9102B6E8BF1ABFFC5F32,True
DEL-SYN-001827,ORD-SYN-001462,VEH-SYN-04,SOR-01,LOC-SYN-CUS-014,1,2025-12-11T10:06:00-03:00,2025-12-11T13:06:00-03:00,98.171,delivered,B2B-V1-BASE,BLD-9102B6E8BF1ABFFC5F32,True
DEL-SYN-001828,ORD-SYN-001463,VEH-SYN-05,SOR-01,LOC-SYN-CUS-054,1,2025-12-11T11:19:00-03:00,2025-12-11T14:19:00-03:00,92.335,delivered,B2B-V1-BASE,BLD-9102B6E8BF1ABFFC5F32,True
DEL-SYN-001829,ORD-SYN-001464,VEH-SYN-06,SOR-01,LOC-SYN-CUS-084,1,2025-12-10T17:26:00-03:00,2025-12-10T20:26:00-03:00,94.071,delivered,B2B-V1-BASE,BLD-9102B6E8BF1ABFFC5F32,True
DEL-SYN-001830,ORD-SYN-001464,VEH-SYN-01,SOR-01,LOC-SYN-CUS-084,2,2025-12-11T03:26:00-03:00,2025-12-11T06:26:00-03:00,94.071,delivered,B2B-V1-BASE,BLD-9102B6E8BF1ABFFC5F32,True
DEL-SYN-001831,ORD-SYN-001465,VEH-SYN-01,SOR-01,LOC-SYN-CUS-097,1,2025-12-10T06:15:00-03:00,2025-12-10T09:15:00-03:00,10.67,delivered,B2B-V1-BASE,BLD-9102B6E8BF1ABFFC5F32,True
DEL-SYN-001832,ORD-SYN-001466,VEH-SYN-02,SOR-01,LOC-SYN-CUS-118,1,2025-12-10T22:32:00-03:00,2025-12-11T01:32:00-03:00,89.411,delivered,B2B-V1-BASE,BLD-9102B6E8BF1ABFFC5F32,True
DEL-SYN-001833,ORD-SYN-001467,VEH-SYN-03,SOR-01,LOC-SYN-CUS-028,1,2025-12-13T09:43:00-03:00,2025-12-13T12:43:00-03:00,103.781,delivered,B2B-V1-BASE,BLD-9102B6E8BF1ABFFC5F32,True
DEL-SYN-001834,ORD-SYN-001468,VEH-SYN-04,SOR-01,LOC-SYN-CUS-130,1,2025-12-11T00:40:00-03:00,2025-12-11T03:40:00-03:00,92.017,delivered,B2B-V1-BASE,BLD-9102B6E8BF1ABFFC5F32,True
DEL-SYN-001835,ORD-SYN-001468,VEH-SYN-05,SOR-01,LOC-SYN-CUS-130,2,2025-12-11T10:40:00-03:00,2025-12-11T13:40:00-03:00,92.017,delivered,B2B-V1-BASE,BLD-9102B6E8BF1ABFFC5F32,True
DEL-SYN-001836,ORD-SYN-001469,VEH-SYN-05,SOR-01,LOC-SYN-CUS-046,1,2025-12-13T11:17:00-03:00,2025-12-13T14:17:00-03:00,97.72,delivered,B2B-V1-BASE,BLD-9102B6E8BF1ABFFC5F32,True
DEL-SYN-001837,ORD-SYN-001470,VEH-SYN-06,SOR-01,LOC-SYN-CUS-114,1,2025-12-14T12:54:00-03:00,2025-12-14T15:54:00-03:00,98.868,delivered,B2B-V1-BASE,BLD-9102B6E8BF1ABFFC5F32,True
DEL-SYN-001838,ORD-SYN-001471,VEH-SYN-01,SOR-01,LOC-SYN-CUS-130,1,2025-12-15T05:51:00-03:00,2025-12-15T08:51:00-03:00,92.017,delivered,B2B-V1-BASE,BLD-9102B6E8BF1ABFFC5F32,True
DEL-SYN-001839,ORD-SYN-001472,VEH-SYN-02,SOR-01,LOC-SYN-CUS-112,1,2025-12-11T12:16:00-03:00,2025-12-11T15:16:00-03:00,94.924,delivered,B2B-V1-BASE,BLD-9102B6E8BF1ABFFC5F32,True
DEL-SYN-001840,ORD-SYN-001472,VEH-SYN-03,SOR-01,LOC-SYN-CUS-112,2,2025-12-12T02:16:00-03:00,2025-12-12T05:16:00-03:00,94.924,delivered,B2B-V1-BASE,BLD-9102B6E8BF1ABFFC5F32,True
DEL-SYN-001841,ORD-SYN-001473,VEH-SYN-03,SOR-01,LOC-SYN-CUS-032,1,2025-12-12T08:07:00-03:00,2025-12-12T11:07:00-03:00,100.378,delivered,B2B-V1-BASE,BLD-9102B6E8BF1ABFFC5F32,True
DEL-SYN-001842,ORD-SYN-001474,VEH-SYN-04,SOR-01,LOC-SYN-CUS-001,1,2025-12-11T08:55:00-03:00,2025-12-11T11:55:00-03:00,6.513,delivered,B2B-V1-BASE,BLD-9102B6E8BF1ABFFC5F32,True
DEL-SYN-001843,ORD-SYN-001475,VEH-SYN-05,SOR-01,LOC-SYN-CUS-017,1,2025-12-11T09:57:00-03:00,2025-12-11T12:57:00-03:00,7.536,delivered,B2B-V1-BASE,BLD-9102B6E8BF1ABFFC5F32,True
DEL-SYN-001844,ORD-SYN-001476,VEH-SYN-06,SOR-01,LOC-SYN-CUS-062,1,2025-12-11T16:14:00-03:00,2025-12-11T19:14:00-03:00,84.711,delivered,B2B-V1-BASE,BLD-9102B6E8BF1ABFFC5F32,True
DEL-SYN-001845,ORD-SYN-001476,VEH-SYN-01,SOR-01,LOC-SYN-CUS-062,2,2025-12-12T06:14:00-03:00,2025-12-12T09:14:00-03:00,84.711,delivered,B2B-V1-BASE,BLD-9102B6E8BF1ABFFC5F32,True
DEL-SYN-001846,ORD-SYN-001477,VEH-SYN-01,SOR-01,LOC-SYN-CUS-149,1,2025-12-15T11:41:00-03:00,2025-12-15T14:41:00-03:00,9.994,delivered,B2B-V1-BASE,BLD-9102B6E8BF1ABFFC5F32,True
DEL-SYN-001847,ORD-SYN-001478,VEH-SYN-02,SOR-01,LOC-SYN-CUS-121,1,2025-12-14T03:30:00-03:00,2025-12-14T06:30:00-03:00,1.523,delivered,B2B-V1-BASE,BLD-9102B6E8BF1ABFFC5F32,True
DEL-SYN-001848,ORD-SYN-001479,VEH-SYN-03,SOR-01,LOC-SYN-CUS-121,1,2025-12-15T04:44:00-03:00,2025-12-15T07:44:00-03:00,1.523,delivered,B2B-V1-BASE,BLD-9102B6E8BF1ABFFC5F32,True
DEL-SYN-001849,ORD-SYN-001480,VEH-SYN-04,SOR-01,LOC-SYN-CUS-093,1,2025-12-14T12:02:00-03:00,2025-12-14T15:02:00-03:00,14.157,delivered,B2B-V1-BASE,BLD-9102B6E8BF1ABFFC5F32,True
DEL-SYN-001850,ORD-SYN-001480,VEH-SYN-05,SOR-01,LOC-SYN-CUS-093,2,2025-12-15T02:02:00-03:00,2025-12-15T05:02:00-03:00,14.157,delivered,B2B-V1-BASE,BLD-9102B6E8BF1ABFFC5F32,True
DEL-SYN-001851,ORD-SYN-001481,VEH-SYN-05,SOR-01,LOC-SYN-CUS-133,1,2025-12-16T20:22:00-03:00,2025-12-16T23:22:00-03:00,15.316,delivered,B2B-V1-BASE,BLD-9102B6E8BF1ABFFC5F32,True
DEL-SYN-001852,ORD-SYN-001482,VEH-SYN-06,SOR-01,LOC-SYN-CUS-070,1,2025-12-14T08:22:00-03:00,2025-12-14T11:22:00-03:00,93.688,delivered,B2B-V1-BASE,BLD-9102B6E8BF1ABFFC5F32,True
DEL-SYN-001853,ORD-SYN-001483,VEH-SYN-01,SOR-01,LOC-SYN-CUS-091,1,2025-12-13T09:13:00-03:00,2025-12-13T12:13:00-03:00,11.908,delivered,B2B-V1-BASE,BLD-9102B6E8BF1ABFFC5F32,True
DEL-SYN-001854,ORD-SYN-001484,VEH-SYN-02,SOR-01,LOC-SYN-CUS-014,1,2025-12-15T15:17:00-03:00,2025-12-15T18:17:00-03:00,98.171,delivered,B2B-V1-BASE,BLD-9102B6E8BF1ABFFC5F32,True
DEL-SYN-001855,ORD-SYN-001484,VEH-SYN-03,SOR-01,LOC-SYN-CUS-014,2,2025-12-16T05:17:00-03:00,2025-12-16T08:17:00-03:00,98.171,delivered,B2B-V1-BASE,BLD-9102B6E8BF1ABFFC5F32,True
DEL-SYN-001856,ORD-SYN-001485,VEH-SYN-03,SOR-01,LOC-SYN-CUS-122,1,2025-12-16T10:38:00-03:00,2025-12-16T13:38:00-03:00,107.646,delivered,B2B-V1-BASE,BLD-9102B6E8BF1ABFFC5F32,True
DEL-SYN-001857,ORD-SYN-001486,VEH-SYN-04,SOR-01,LOC-SYN-CUS-097,1,2025-12-14T01:22:00-03:00,2025-12-14T04:22:00-03:00,10.67,delivered,B2B-V1-BASE,BLD-9102B6E8BF1ABFFC5F32,True
DEL-SYN-001858,ORD-SYN-001487,VEH-SYN-05,SOR-01,LOC-SYN-CUS-094,1,2025-12-12T11:51:00-03:00,2025-12-12T14:51:00-03:00,81.241,delivered,B2B-V1-BASE,BLD-9102B6E8BF1ABFFC5F32,True
DEL-SYN-001859,ORD-SYN-001488,VEH-SYN-06,SOR-01,LOC-SYN-CUS-037,1,2025-12-15T02:45:00-03:00,2025-12-15T05:45:00-03:00,1.869,delivered,B2B-V1-BASE,BLD-9102B6E8BF1ABFFC5F32,True
DEL-SYN-001860,ORD-SYN-001488,VEH-SYN-01,SOR-01,LOC-SYN-CUS-037,2,2025-12-15T12:45:00-03:00,2025-12-15T15:45:00-03:00,1.869,delivered,B2B-V1-BASE,BLD-9102B6E8BF1ABFFC5F32,True
DEL-SYN-001861,ORD-SYN-001489,VEH-SYN-01,SOR-01,LOC-SYN-CUS-056,1,2025-12-13T12:57:00-03:00,2025-12-13T15:57:00-03:00,107.19,delivered,B2B-V1-BASE,BLD-9102B6E8BF1ABFFC5F32,True
DEL-SYN-001862,ORD-SYN-001490,VEH-SYN-02,SOR-01,LOC-SYN-CUS-030,1,2025-12-17T03:25:00-03:00,2025-12-17T06:25:00-03:00,95.926,delivered,B2B-V1-BASE,BLD-9102B6E8BF1ABFFC5F32,True
DEL-SYN-001863,ORD-SYN-001491,VEH-SYN-03,SOR-01,LOC-SYN-CUS-029,1,2025-12-13T04:17:00-03:00,2025-12-13T07:17:00-03:00,8.682,delivered,B2B-V1-BASE,BLD-9102B6E8BF1ABFFC5F32,True
DEL-SYN-001864,ORD-SYN-001492,VEH-SYN-04,SOR-01,LOC-SYN-CUS-038,1,2025-12-16T18:28:00-03:00,2025-12-16T21:28:00-03:00,91.614,delivered,B2B-V1-BASE,BLD-9102B6E8BF1ABFFC5F32,True
DEL-SYN-001865,ORD-SYN-001492,VEH-SYN-05,SOR-01,LOC-SYN-CUS-038,2,2025-12-17T04:28:00-03:00,2025-12-17T07:28:00-03:00,91.614,delivered,B2B-V1-BASE,BLD-9102B6E8BF1ABFFC5F32,True
DEL-SYN-001866,ORD-SYN-001493,VEH-SYN-05,SOR-01,LOC-SYN-CUS-013,1,2025-12-14T05:24:00-03:00,2025-12-14T08:24:00-03:00,12.582,delivered,B2B-V1-BASE,BLD-9102B6E8BF1ABFFC5F32,True
DEL-SYN-001867,ORD-SYN-001494,VEH-SYN-06,SOR-01,LOC-SYN-CUS-146,1,2025-12-16T06:08:00-03:00,2025-12-16T09:08:00-03:00,99.257,delivered,B2B-V1-BASE,BLD-9102B6E8BF1ABFFC5F32,True
DEL-SYN-001868,ORD-SYN-001495,VEH-SYN-01,SOR-01,LOC-SYN-CUS-068,1,2025-12-15T06:30:00-03:00,2025-12-15T09:30:00-03:00,103.344,delivered_with_incident,B2B-V1-BASE,BLD-9102B6E8BF1ABFFC5F32,True
DEL-SYN-001869,ORD-SYN-001496,VEH-SYN-02,SOR-01,LOC-SYN-CUS-051,1,2025-12-12T22:07:00-03:00,2025-12-13T01:07:00-03:00,8.518,delivered,B2B-V1-BASE,BLD-9102B6E8BF1ABFFC5F32,True
DEL-SYN-001870,ORD-SYN-001496,VEH-SYN-03,SOR-01,LOC-SYN-CUS-051,2,2025-12-13T08:07:00-03:00,2025-12-13T11:07:00-03:00,8.518,delivered,B2B-V1-BASE,BLD-9102B6E8BF1ABFFC5F32,True
DEL-SYN-001871,ORD-SYN-001497,VEH-SYN-03,SOR-01,LOC-SYN-CUS-005,1,2025-12-17T08:09:00-03:00,2025-12-17T11:09:00-03:00,9.779,delivered,B2B-V1-BASE,BLD-9102B6E8BF1ABFFC5F32,True
DEL-SYN-001872,ORD-SYN-001498,VEH-SYN-04,SOR-01,LOC-SYN-CUS-062,1,2025-12-14T08:57:00-03:00,2025-12-14T11:57:00-03:00,84.711,delivered,B2B-V1-BASE,BLD-9102B6E8BF1ABFFC5F32,True
DEL-SYN-001873,ORD-SYN-001499,VEH-SYN-05,SOR-01,LOC-SYN-CUS-100,1,2025-12-17T10:38:00-03:00,2025-12-17T13:38:00-03:00,104.241,delivered,B2B-V1-BASE,BLD-9102B6E8BF1ABFFC5F32,True
DEL-SYN-001874,ORD-SYN-001500,VEH-SYN-06,SOR-01,LOC-SYN-CUS-137,1,2025-12-15T02:19:00-03:00,2025-12-15T05:19:00-03:00,11.323,delivered,B2B-V1-BASE,BLD-9102B6E8BF1ABFFC5F32,True
DEL-SYN-001875,ORD-SYN-001500,VEH-SYN-01,SOR-01,LOC-SYN-CUS-137,2,2025-12-15T12:19:00-03:00,2025-12-15T15:19:00-03:00,11.323,delivered,B2B-V1-BASE,BLD-9102B6E8BF1ABFFC5F32,True
DEL-SYN-001876,ORD-SYN-001501,VEH-SYN-01,SOR-01,LOC-SYN-CUS-068,1,2025-12-15T12:20:00-03:00,2025-12-15T15:20:00-03:00,103.344,delivered,B2B-V1-BASE,BLD-9102B6E8BF1ABFFC5F32,True
DEL-SYN-001877,ORD-SYN-001502,VEH-SYN-02,SOR-01,LOC-SYN-CUS-016,1,2025-12-15T17:47:00-03:00,2025-12-15T20:47:00-03:00,89.626,delivered,B2B-V1-BASE,BLD-9102B6E8BF1ABFFC5F32,True
DEL-SYN-001878,ORD-SYN-001503,VEH-SYN-03,SOR-01,LOC-SYN-CUS-110,1,2025-12-16T04:34:00-03:00,2025-12-16T07:34:00-03:00,101.983,delivered,B2B-V1-BASE,BLD-9102B6E8BF1ABFFC5F32,True
DEL-SYN-001879,ORD-SYN-001504,VEH-SYN-04,SOR-01,LOC-SYN-CUS-017,1,2025-12-15T19:10:00-03:00,2025-12-15T22:10:00-03:00,7.536,delivered,B2B-V1-BASE,BLD-9102B6E8BF1ABFFC5F32,True
DEL-SYN-001880,ORD-SYN-001504,VEH-SYN-05,SOR-01,LOC-SYN-CUS-017,2,2025-12-16T05:10:00-03:00,2025-12-16T08:10:00-03:00,7.536,delivered,B2B-V1-BASE,BLD-9102B6E8BF1ABFFC5F32,True
DEL-SYN-001881,ORD-SYN-001505,VEH-SYN-05,SOR-01,LOC-SYN-CUS-081,1,2025-12-17T05:49:00-03:00,2025-12-17T08:49:00-03:00,6.44,delivered,B2B-V1-BASE,BLD-9102B6E8BF1ABFFC5F32,True
DEL-SYN-001882,ORD-SYN-001506,VEH-SYN-06,SOR-01,LOC-SYN-CUS-077,1,2025-12-17T06:10:00-03:00,2025-12-17T09:10:00-03:00,6.85,delivered,B2B-V1-BASE,BLD-9102B6E8BF1ABFFC5F32,True
DEL-SYN-001883,ORD-SYN-001507,VEH-SYN-01,SOR-01,LOC-SYN-CUS-090,1,2025-12-18T06:31:00-03:00,2025-12-18T09:31:00-03:00,114.028,delivered,B2B-V1-BASE,BLD-9102B6E8BF1ABFFC5F32,True
DEL-SYN-001884,ORD-SYN-001508,VEH-SYN-02,SOR-01,LOC-SYN-CUS-082,1,2025-12-16T21:56:00-03:00,2025-12-17T00:56:00-03:00,95.328,delivered,B2B-V1-BASE,BLD-9102B6E8BF1ABFFC5F32,True
DEL-SYN-001885,ORD-SYN-001508,VEH-SYN-03,SOR-01,LOC-SYN-CUS-082,2,2025-12-17T07:56:00-03:00,2025-12-17T10:56:00-03:00,95.328,delivered,B2B-V1-BASE,BLD-9102B6E8BF1ABFFC5F32,True
DEL-SYN-001886,ORD-SYN-001509,VEH-SYN-03,SOR-01,LOC-SYN-CUS-141,1,2025-12-17T08:54:00-03:00,2025-12-17T11:54:00-03:00,3.791,delivered,B2B-V1-BASE,BLD-9102B6E8BF1ABFFC5F32,True
DEL-SYN-001887,ORD-SYN-001510,VEH-SYN-04,SOR-01,LOC-SYN-CUS-023,1,2025-12-14T09:05:00-03:00,2025-12-14T12:05:00-03:00,12.238,delivered,B2B-V1-BASE,BLD-9102B6E8BF1ABFFC5F32,True
DEL-SYN-001888,ORD-SYN-001511,VEH-SYN-05,SOR-01,LOC-SYN-CUS-107,1,2025-12-15T09:30:00-03:00,2025-12-15T12:30:00-03:00,15.357,delivered,B2B-V1-BASE,BLD-9102B6E8BF1ABFFC5F32,True
DEL-SYN-001889,ORD-SYN-001512,VEH-SYN-06,SOR-01,LOC-SYN-CUS-062,1,2025-12-15T01:16:00-03:00,2025-12-15T04:16:00-03:00,84.711,delivered_with_incident,B2B-V1-BASE,BLD-9102B6E8BF1ABFFC5F32,True
DEL-SYN-001890,ORD-SYN-001512,VEH-SYN-01,SOR-01,LOC-SYN-CUS-062,2,2025-12-15T11:16:00-03:00,2025-12-15T14:16:00-03:00,84.711,delivered,B2B-V1-BASE,BLD-9102B6E8BF1ABFFC5F32,True
DEL-SYN-001891,ORD-SYN-001513,VEH-SYN-01,SOR-01,LOC-SYN-CUS-104,1,2025-12-16T12:01:00-03:00,2025-12-16T15:01:00-03:00,101.385,delivered,B2B-V1-BASE,BLD-9102B6E8BF1ABFFC5F32,True
DEL-SYN-001892,ORD-SYN-001514,VEH-SYN-02,SOR-01,LOC-SYN-CUS-119,1,2025-12-15T12:06:00-03:00,2025-12-15T15:06:00-03:00,15.599,delivered,B2B-V1-BASE,BLD-9102B6E8BF1ABFFC5F32,True
DEL-SYN-001893,ORD-SYN-001515,VEH-SYN-03,SOR-01,LOC-SYN-CUS-058,1,2025-12-15T12:43:00-03:00,2025-12-15T15:43:00-03:00,98.394,delivered,B2B-V1-BASE,BLD-9102B6E8BF1ABFFC5F32,True
DEL-SYN-001894,ORD-SYN-001516,VEH-SYN-04,SOR-01,LOC-SYN-CUS-038,1,2025-12-18T09:27:00-03:00,2025-12-18T12:27:00-03:00,91.614,delivered,B2B-V1-BASE,BLD-9102B6E8BF1ABFFC5F32,True
DEL-SYN-001895,ORD-SYN-001516,VEH-SYN-05,SOR-01,LOC-SYN-CUS-038,2,2025-12-18T23:27:00-03:00,2025-12-19T02:27:00-03:00,91.614,delivered,B2B-V1-BASE,BLD-9102B6E8BF1ABFFC5F32,True
DEL-SYN-001896,ORD-SYN-001517,VEH-SYN-05,SOR-01,LOC-SYN-CUS-028,1,2025-12-17T04:20:00-03:00,2025-12-17T07:20:00-03:00,103.781,delivered,B2B-V1-BASE,BLD-9102B6E8BF1ABFFC5F32,True
DEL-SYN-001897,ORD-SYN-001518,VEH-SYN-06,SOR-01,LOC-SYN-CUS-023,1,2025-12-18T04:36:00-03:00,2025-12-18T07:36:00-03:00,12.238,delivered,B2B-V1-BASE,BLD-9102B6E8BF1ABFFC5F32,True
DEL-SYN-001898,ORD-SYN-001519,VEH-SYN-01,SOR-01,LOC-SYN-CUS-020,1,2025-12-15T19:03:00-03:00,2025-12-15T22:03:00-03:00,98.993,delivered,B2B-V1-BASE,BLD-9102B6E8BF1ABFFC5F32,True
DEL-SYN-001899,ORD-SYN-001520,VEH-SYN-02,SOR-01,LOC-SYN-CUS-010,1,2025-12-18T20:12:00-03:00,2025-12-18T23:12:00-03:00,98.174,delivered,B2B-V1-BASE,BLD-9102B6E8BF1ABFFC5F32,True
DEL-SYN-001900,ORD-SYN-001520,VEH-SYN-03,SOR-01,LOC-SYN-CUS-010,2,2025-12-19T06:12:00-03:00,2025-12-19T09:12:00-03:00,98.174,delivered,B2B-V1-BASE,BLD-9102B6E8BF1ABFFC5F32,True
DEL-SYN-001901,ORD-SYN-001521,VEH-SYN-03,SOR-01,LOC-SYN-CUS-081,1,2025-12-19T08:24:00-03:00,2025-12-19T11:24:00-03:00,6.44,delivered,B2B-V1-BASE,BLD-9102B6E8BF1ABFFC5F32,True
DEL-SYN-001902,ORD-SYN-001522,VEH-SYN-04,SOR-01,LOC-SYN-CUS-122,1,2025-12-20T00:49:00-03:00,2025-12-20T03:49:00-03:00,107.646,delivered,B2B-V1-BASE,BLD-9102B6E8BF1ABFFC5F32,True
DEL-SYN-001903,ORD-SYN-001523,VEH-SYN-05,SOR-01,LOC-SYN-CUS-037,1,2025-12-17T10:55:00-03:00,2025-12-17T13:55:00-03:00,1.869,delivered,B2B-V1-BASE,BLD-9102B6E8BF1ABFFC5F32,True
DEL-SYN-001904,ORD-SYN-001524,VEH-SYN-06,SOR-01,LOC-SYN-CUS-008,1,2025-12-17T18:31:00-03:00,2025-12-17T21:31:00-03:00,89.436,delivered,B2B-V1-BASE,BLD-9102B6E8BF1ABFFC5F32,True
DEL-SYN-001905,ORD-SYN-001524,VEH-SYN-01,SOR-01,LOC-SYN-CUS-008,2,2025-12-18T08:31:00-03:00,2025-12-18T11:31:00-03:00,89.436,delivered,B2B-V1-BASE,BLD-9102B6E8BF1ABFFC5F32,True
DEL-SYN-001906,ORD-SYN-001525,VEH-SYN-01,SOR-01,LOC-SYN-CUS-032,1,2025-12-17T04:47:00-03:00,2025-12-17T07:47:00-03:00,100.378,delivered,B2B-V1-BASE,BLD-9102B6E8BF1ABFFC5F32,True
DEL-SYN-001907,ORD-SYN-001526,VEH-SYN-02,SOR-01,LOC-SYN-CUS-135,1,2025-12-19T04:55:00-03:00,2025-12-19T07:55:00-03:00,15.798,delivered,B2B-V1-BASE,BLD-9102B6E8BF1ABFFC5F32,True
DEL-SYN-001908,ORD-SYN-001527,VEH-SYN-03,SOR-01,LOC-SYN-CUS-082,1,2025-12-20T20:06:00-03:00,2025-12-20T23:06:00-03:00,95.328,delivered,B2B-V1-BASE,BLD-9102B6E8BF1ABFFC5F32,True
DEL-SYN-001909,ORD-SYN-001528,VEH-SYN-04,SOR-01,LOC-SYN-CUS-021,1,2025-12-18T20:08:00-03:00,2025-12-18T23:08:00-03:00,21.891,delivered,B2B-V1-BASE,BLD-9102B6E8BF1ABFFC5F32,True
DEL-SYN-001910,ORD-SYN-001528,VEH-SYN-05,SOR-01,LOC-SYN-CUS-021,2,2025-12-19T06:08:00-03:00,2025-12-19T09:08:00-03:00,21.891,delivered,B2B-V1-BASE,BLD-9102B6E8BF1ABFFC5F32,True
DEL-SYN-001911,ORD-SYN-001529,VEH-SYN-05,SOR-01,LOC-SYN-CUS-114,1,2025-12-16T06:20:00-03:00,2025-12-16T09:20:00-03:00,98.868,delivered_with_incident,B2B-V1-BASE,BLD-9102B6E8BF1ABFFC5F32,True
DEL-SYN-001912,ORD-SYN-001530,VEH-SYN-06,SOR-01,LOC-SYN-CUS-087,1,2025-12-18T20:31:00-03:00,2025-12-18T23:31:00-03:00,7.154,delivered,B2B-V1-BASE,BLD-9102B6E8BF1ABFFC5F32,True
DEL-SYN-001913,ORD-SYN-001531,VEH-SYN-01,SOR-01,LOC-SYN-CUS-081,1,2025-12-16T06:33:00-03:00,2025-12-16T09:33:00-03:00,6.44,delivered,B2B-V1-BASE,BLD-9102B6E8BF1ABFFC5F32,True
DEL-SYN-001914,ORD-SYN-001532,VEH-SYN-02,SOR-01,LOC-SYN-CUS-041,1,2025-12-15T20:41:00-03:00,2025-12-15T23:41:00-03:00,16.45,delivered,B2B-V1-BASE,BLD-9102B6E8BF1ABFFC5F32,True
DEL-SYN-001915,ORD-SYN-001532,VEH-SYN-03,SOR-01,LOC-SYN-CUS-041,2,2025-12-16T06:41:00-03:00,2025-12-16T09:41:00-03:00,16.45,delivered,B2B-V1-BASE,BLD-9102B6E8BF1ABFFC5F32,True
DEL-SYN-001916,ORD-SYN-001533,VEH-SYN-03,SOR-01,LOC-SYN-CUS-042,1,2025-12-16T07:03:00-03:00,2025-12-16T10:03:00-03:00,96.283,delivered,B2B-V1-BASE,BLD-9102B6E8BF1ABFFC5F32,True
DEL-SYN-001917,ORD-SYN-001534,VEH-SYN-04,SOR-01,LOC-SYN-CUS-075,1,2025-12-18T08:26:00-03:00,2025-12-18T11:26:00-03:00,11.238,delivered,B2B-V1-BASE,BLD-9102B6E8BF1ABFFC5F32,True
DEL-SYN-001918,ORD-SYN-001535,VEH-SYN-05,SOR-01,LOC-SYN-CUS-006,1,2025-12-18T08:43:00-03:00,2025-12-18T11:43:00-03:00,102.381,delivered,B2B-V1-BASE,BLD-9102B6E8BF1ABFFC5F32,True
DEL-SYN-001919,ORD-SYN-001536,VEH-SYN-06,SOR-01,LOC-SYN-CUS-077,1,2025-12-19T22:56:00-03:00,2025-12-20T01:56:00-03:00,6.85,delivered,B2B-V1-BASE,BLD-9102B6E8BF1ABFFC5F32,True
DEL-SYN-001920,ORD-SYN-001536,VEH-SYN-01,SOR-01,LOC-SYN-CUS-077,2,2025-12-20T08:56:00-03:00,2025-12-20T11:56:00-03:00,6.85,delivered,B2B-V1-BASE,BLD-9102B6E8BF1ABFFC5F32,True
DEL-SYN-001921,ORD-SYN-001537,VEH-SYN-01,SOR-01,LOC-SYN-CUS-038,1,2025-12-16T10:57:00-03:00,2025-12-16T13:57:00-03:00,91.614,delivered,B2B-V1-BASE,BLD-9102B6E8BF1ABFFC5F32,True
DEL-SYN-001922,ORD-SYN-001538,VEH-SYN-02,SOR-01,LOC-SYN-CUS-141,1,2025-12-19T11:10:00-03:00,2025-12-19T14:10:00-03:00,3.791,delivered,B2B-V1-BASE,BLD-9102B6E8BF1ABFFC5F32,True
DEL-SYN-001923,ORD-SYN-001539,VEH-SYN-03,SOR-01,LOC-SYN-CUS-138,1,2025-12-18T12:09:00-03:00,2025-12-18T15:09:00-03:00,93.584,delivered,B2B-V1-BASE,BLD-9102B6E8BF1ABFFC5F32,True
DEL-SYN-001924,ORD-SYN-001540,VEH-SYN-04,SOR-01,LOC-SYN-CUS-054,1,2025-12-17T02:11:00-03:00,2025-12-17T05:11:00-03:00,92.335,delivered,B2B-V1-BASE,BLD-9102B6E8BF1ABFFC5F32,True
DEL-SYN-001925,ORD-SYN-001540,VEH-SYN-05,SOR-01,LOC-SYN-CUS-054,2,2025-12-17T12:11:00-03:00,2025-12-17T15:11:00-03:00,92.335,delivered,B2B-V1-BASE,BLD-9102B6E8BF1ABFFC5F32,True
DEL-SYN-001926,ORD-SYN-001541,VEH-SYN-05,SOR-01,LOC-SYN-CUS-122,1,2025-12-17T12:57:00-03:00,2025-12-17T15:57:00-03:00,107.646,delivered,B2B-V1-BASE,BLD-9102B6E8BF1ABFFC5F32,True
DEL-SYN-001927,ORD-SYN-001542,VEH-SYN-06,SOR-01,LOC-SYN-CUS-146,1,2025-12-21T04:49:00-03:00,2025-12-21T07:49:00-03:00,99.257,delivered,B2B-V1-BASE,BLD-9102B6E8BF1ABFFC5F32,True
DEL-SYN-001928,ORD-SYN-001543,VEH-SYN-01,SOR-01,LOC-SYN-CUS-090,1,2025-12-17T05:49:00-03:00,2025-12-17T08:49:00-03:00,114.028,delivered,B2B-V1-BASE,BLD-9102B6E8BF1ABFFC5F32,True
DEL-SYN-001929,ORD-SYN-001544,VEH-SYN-02,SOR-01,LOC-SYN-CUS-081,1,2025-12-16T20:58:00-03:00,2025-12-16T23:58:00-03:00,6.44,delivered,B2B-V1-BASE,BLD-9102B6E8BF1ABFFC5F32,True
DEL-SYN-001930,ORD-SYN-001544,VEH-SYN-03,SOR-01,LOC-SYN-CUS-081,2,2025-12-17T06:58:00-03:00,2025-12-17T09:58:00-03:00,6.44,delivered,B2B-V1-BASE,BLD-9102B6E8BF1ABFFC5F32,True
DEL-SYN-001931,ORD-SYN-001545,VEH-SYN-03,SOR-01,LOC-SYN-CUS-045,1,2025-12-21T06:59:00-03:00,2025-12-21T09:59:00-03:00,12.037,delivered,B2B-V1-BASE,BLD-9102B6E8BF1ABFFC5F32,True
DEL-SYN-001932,ORD-SYN-001546,VEH-SYN-04,SOR-01,LOC-SYN-CUS-113,1,2025-12-18T07:00:00-03:00,2025-12-18T10:00:00-03:00,18.69,delivered,B2B-V1-BASE,BLD-9102B6E8BF1ABFFC5F32,True
DEL-SYN-001933,ORD-SYN-001547,VEH-SYN-05,SOR-01,LOC-SYN-CUS-138,1,2025-12-17T07:20:00-03:00,2025-12-17T10:20:00-03:00,93.584,delivered,B2B-V1-BASE,BLD-9102B6E8BF1ABFFC5F32,True
DEL-SYN-001934,ORD-SYN-001548,VEH-SYN-06,SOR-01,LOC-SYN-CUS-145,1,2025-12-19T21:21:00-03:00,2025-12-20T00:21:00-03:00,9.581,delivered,B2B-V1-BASE,BLD-9102B6E8BF1ABFFC5F32,True
DEL-SYN-001935,ORD-SYN-001548,VEH-SYN-01,SOR-01,LOC-SYN-CUS-145,2,2025-12-20T07:21:00-03:00,2025-12-20T10:21:00-03:00,9.581,delivered,B2B-V1-BASE,BLD-9102B6E8BF1ABFFC5F32,True
DEL-SYN-001936,ORD-SYN-001549,VEH-SYN-01,SOR-01,LOC-SYN-CUS-049,1,2025-12-20T09:30:00-03:00,2025-12-20T12:30:00-03:00,13.054,delivered,B2B-V1-BASE,BLD-9102B6E8BF1ABFFC5F32,True
DEL-SYN-001937,ORD-SYN-001550,VEH-SYN-02,SOR-01,LOC-SYN-CUS-061,1,2025-12-17T09:47:00-03:00,2025-12-17T12:47:00-03:00,12.904,delivered,B2B-V1-BASE,BLD-9102B6E8BF1ABFFC5F32,True
DEL-SYN-001938,ORD-SYN-001551,VEH-SYN-03,SOR-01,LOC-SYN-CUS-122,1,2025-12-21T10:49:00-03:00,2025-12-21T13:49:00-03:00,107.646,delivered,B2B-V1-BASE,BLD-9102B6E8BF1ABFFC5F32,True
DEL-SYN-001939,ORD-SYN-001552,VEH-SYN-04,SOR-01,LOC-SYN-CUS-126,1,2025-12-21T00:49:00-03:00,2025-12-21T03:49:00-03:00,96.582,delivered,B2B-V1-BASE,BLD-9102B6E8BF1ABFFC5F32,True
DEL-SYN-001940,ORD-SYN-001552,VEH-SYN-05,SOR-01,LOC-SYN-CUS-126,2,2025-12-21T10:49:00-03:00,2025-12-21T13:49:00-03:00,96.582,delivered,B2B-V1-BASE,BLD-9102B6E8BF1ABFFC5F32,True
DEL-SYN-001941,ORD-SYN-001553,VEH-SYN-05,SOR-01,LOC-SYN-CUS-135,1,2025-12-17T10:54:00-03:00,2025-12-17T13:54:00-03:00,15.798,delivered,B2B-V1-BASE,BLD-9102B6E8BF1ABFFC5F32,True
DEL-SYN-001942,ORD-SYN-001554,VEH-SYN-06,SOR-01,LOC-SYN-CUS-048,1,2025-12-18T01:38:00-03:00,2025-12-18T04:38:00-03:00,94.78,delivered,B2B-V1-BASE,BLD-9102B6E8BF1ABFFC5F32,True
DEL-SYN-001943,ORD-SYN-001555,VEH-SYN-01,SOR-01,LOC-SYN-CUS-097,1,2025-12-20T12:26:00-03:00,2025-12-20T15:26:00-03:00,10.67,delivered,B2B-V1-BASE,BLD-9102B6E8BF1ABFFC5F32,True
DEL-SYN-001944,ORD-SYN-001556,VEH-SYN-02,SOR-01,LOC-SYN-CUS-070,1,2025-12-18T18:52:00-03:00,2025-12-18T21:52:00-03:00,93.688,delivered,B2B-V1-BASE,BLD-9102B6E8BF1ABFFC5F32,True
DEL-SYN-001945,ORD-SYN-001556,VEH-SYN-03,SOR-01,LOC-SYN-CUS-070,2,2025-12-19T04:52:00-03:00,2025-12-19T07:52:00-03:00,93.688,delivered,B2B-V1-BASE,BLD-9102B6E8BF1ABFFC5F32,True
DEL-SYN-001946,ORD-SYN-001557,VEH-SYN-03,SOR-01,LOC-SYN-CUS-028,1,2025-12-19T04:58:00-03:00,2025-12-19T07:58:00-03:00,103.781,delivered,B2B-V1-BASE,BLD-9102B6E8BF1ABFFC5F32,True
DEL-SYN-001947,ORD-SYN-001558,VEH-SYN-04,SOR-01,LOC-SYN-CUS-112,1,2025-12-19T06:20:00-03:00,2025-12-19T09:20:00-03:00,94.924,delivered,B2B-V1-BASE,BLD-9102B6E8BF1ABFFC5F32,True
DEL-SYN-001948,ORD-SYN-001559,VEH-SYN-05,SOR-01,LOC-SYN-CUS-121,1,2025-12-22T06:48:00-03:00,2025-12-22T09:48:00-03:00,1.523,delivered,B2B-V1-BASE,BLD-9102B6E8BF1ABFFC5F32,True
DEL-SYN-001949,ORD-SYN-001560,VEH-SYN-06,SOR-01,LOC-SYN-CUS-050,1,2025-12-17T21:39:00-03:00,2025-12-18T00:39:00-03:00,95.323,delivered,B2B-V1-BASE,BLD-9102B6E8BF1ABFFC5F32,True
DEL-SYN-001950,ORD-SYN-001560,VEH-SYN-01,SOR-01,LOC-SYN-CUS-050,2,2025-12-18T07:39:00-03:00,2025-12-18T10:39:00-03:00,95.323,delivered,B2B-V1-BASE,BLD-9102B6E8BF1ABFFC5F32,True
DEL-SYN-001951,ORD-SYN-001561,VEH-SYN-01,SOR-01,LOC-SYN-CUS-106,1,2025-12-18T21:53:00-03:00,2025-12-19T00:53:00-03:00,97.3,delivered,B2B-V1-BASE,BLD-9102B6E8BF1ABFFC5F32,True
DEL-SYN-001952,ORD-SYN-001562,VEH-SYN-02,SOR-01,LOC-SYN-CUS-127,1,2025-12-21T08:06:00-03:00,2025-12-21T11:06:00-03:00,11.422,delivered,B2B-V1-BASE,BLD-9102B6E8BF1ABFFC5F32,True
DEL-SYN-001953,ORD-SYN-001563,VEH-SYN-03,SOR-01,LOC-SYN-CUS-050,1,2025-12-21T09:28:00-03:00,2025-12-21T12:28:00-03:00,95.323,delivered_with_incident,B2B-V1-BASE,BLD-9102B6E8BF1ABFFC5F32,True
DEL-SYN-001954,ORD-SYN-001564,VEH-SYN-04,SOR-01,LOC-SYN-CUS-133,1,2025-12-20T00:17:00-03:00,2025-12-20T03:17:00-03:00,15.316,delivered,B2B-V1-BASE,BLD-9102B6E8BF1ABFFC5F32,True
DEL-SYN-001955,ORD-SYN-001564,VEH-SYN-05,SOR-01,LOC-SYN-CUS-133,2,2025-12-20T10:17:00-03:00,2025-12-20T13:17:00-03:00,15.316,delivered,B2B-V1-BASE,BLD-9102B6E8BF1ABFFC5F32,True
DEL-SYN-001956,ORD-SYN-001565,VEH-SYN-05,SOR-01,LOC-SYN-CUS-038,1,2025-12-22T10:19:00-03:00,2025-12-22T13:19:00-03:00,91.614,delivered,B2B-V1-BASE,BLD-9102B6E8BF1ABFFC5F32,True
DEL-SYN-001957,ORD-SYN-001566,VEH-SYN-06,SOR-01,LOC-SYN-CUS-022,1,2025-12-22T10:21:00-03:00,2025-12-22T13:21:00-03:00,97.576,delivered,B2B-V1-BASE,BLD-9102B6E8BF1ABFFC5F32,True
DEL-SYN-001958,ORD-SYN-001567,VEH-SYN-01,SOR-01,LOC-SYN-CUS-074,1,2025-12-18T11:03:00-03:00,2025-12-18T14:03:00-03:00,106.713,delivered,B2B-V1-BASE,BLD-9102B6E8BF1ABFFC5F32,True
DEL-SYN-001959,ORD-SYN-001568,VEH-SYN-02,SOR-01,LOC-SYN-CUS-088,1,2025-12-20T18:38:00-03:00,2025-12-20T21:38:00-03:00,103.178,delivered,B2B-V1-BASE,BLD-9102B6E8BF1ABFFC5F32,True
DEL-SYN-001960,ORD-SYN-001568,VEH-SYN-03,SOR-01,LOC-SYN-CUS-088,2,2025-12-21T08:38:00-03:00,2025-12-21T11:38:00-03:00,103.178,delivered,B2B-V1-BASE,BLD-9102B6E8BF1ABFFC5F32,True
DEL-SYN-001961,ORD-SYN-001569,VEH-SYN-03,SOR-01,LOC-SYN-CUS-089,1,2025-12-22T04:12:00-03:00,2025-12-22T07:12:00-03:00,10.706,delivered,B2B-V1-BASE,BLD-9102B6E8BF1ABFFC5F32,True
DEL-SYN-001962,ORD-SYN-001570,VEH-SYN-04,SOR-01,LOC-SYN-CUS-138,1,2025-12-22T04:15:00-03:00,2025-12-22T07:15:00-03:00,93.584,delivered,B2B-V1-BASE,BLD-9102B6E8BF1ABFFC5F32,True
DEL-SYN-001963,ORD-SYN-001571,VEH-SYN-05,SOR-01,LOC-SYN-CUS-082,1,2025-12-19T06:09:00-03:00,2025-12-19T09:09:00-03:00,95.328,delivered,B2B-V1-BASE,BLD-9102B6E8BF1ABFFC5F32,True
DEL-SYN-001964,ORD-SYN-001572,VEH-SYN-06,SOR-01,LOC-SYN-CUS-003,1,2025-12-22T13:12:00-03:00,2025-12-22T16:12:00-03:00,7.59,delivered,B2B-V1-BASE,BLD-9102B6E8BF1ABFFC5F32,True
DEL-SYN-001965,ORD-SYN-001572,VEH-SYN-01,SOR-01,LOC-SYN-CUS-003,2,2025-12-23T03:12:00-03:00,2025-12-23T06:12:00-03:00,7.59,delivered,B2B-V1-BASE,BLD-9102B6E8BF1ABFFC5F32,True
DEL-SYN-001966,ORD-SYN-001573,VEH-SYN-01,SOR-01,LOC-SYN-CUS-008,1,2025-12-19T07:26:00-03:00,2025-12-19T10:26:00-03:00,89.436,delivered,B2B-V1-BASE,BLD-9102B6E8BF1ABFFC5F32,True
DEL-SYN-001967,ORD-SYN-001574,VEH-SYN-02,SOR-01,LOC-SYN-CUS-084,1,2025-12-20T08:11:00-03:00,2025-12-20T11:11:00-03:00,94.071,delivered,B2B-V1-BASE,BLD-9102B6E8BF1ABFFC5F32,True
DEL-SYN-001968,ORD-SYN-001575,VEH-SYN-03,SOR-01,LOC-SYN-CUS-150,1,2025-12-21T22:32:00-03:00,2025-12-22T01:32:00-03:00,93.487,delivered,B2B-V1-BASE,BLD-9102B6E8BF1ABFFC5F32,True
DEL-SYN-001969,ORD-SYN-001576,VEH-SYN-04,SOR-01,LOC-SYN-CUS-142,1,2025-12-21T15:33:00-03:00,2025-12-21T18:33:00-03:00,96.727,delivered,B2B-V1-BASE,BLD-9102B6E8BF1ABFFC5F32,True
DEL-SYN-001970,ORD-SYN-001576,VEH-SYN-05,SOR-01,LOC-SYN-CUS-142,2,2025-12-22T05:33:00-03:00,2025-12-22T08:33:00-03:00,96.727,delivered,B2B-V1-BASE,BLD-9102B6E8BF1ABFFC5F32,True
DEL-SYN-001971,ORD-SYN-001577,VEH-SYN-05,SOR-01,LOC-SYN-CUS-105,1,2025-12-22T10:34:00-03:00,2025-12-22T13:34:00-03:00,13.533,delivered,B2B-V1-BASE,BLD-9102B6E8BF1ABFFC5F32,True
DEL-SYN-001972,ORD-SYN-001578,VEH-SYN-06,SOR-01,LOC-SYN-CUS-062,1,2025-12-23T12:43:00-03:00,2025-12-23T15:43:00-03:00,84.711,delivered,B2B-V1-BASE,BLD-9102B6E8BF1ABFFC5F32,True
DEL-SYN-001973,ORD-SYN-001579,VEH-SYN-01,SOR-01,LOC-SYN-CUS-123,1,2025-12-21T18:10:00-03:00,2025-12-21T21:10:00-03:00,18.057,delivered,B2B-V1-BASE,BLD-9102B6E8BF1ABFFC5F32,True
DEL-SYN-001974,ORD-SYN-001580,VEH-SYN-02,SOR-01,LOC-SYN-CUS-083,1,2025-12-20T19:35:00-03:00,2025-12-20T22:35:00-03:00,15.586,delivered,B2B-V1-BASE,BLD-9102B6E8BF1ABFFC5F32,True
DEL-SYN-001975,ORD-SYN-001580,VEH-SYN-03,SOR-01,LOC-SYN-CUS-083,2,2025-12-21T05:35:00-03:00,2025-12-21T08:35:00-03:00,15.586,delivered,B2B-V1-BASE,BLD-9102B6E8BF1ABFFC5F32,True
DEL-SYN-001976,ORD-SYN-001581,VEH-SYN-03,SOR-01,LOC-SYN-CUS-100,1,2025-12-22T19:38:00-03:00,2025-12-22T22:38:00-03:00,104.241,delivered,B2B-V1-BASE,BLD-9102B6E8BF1ABFFC5F32,True
DEL-SYN-001977,ORD-SYN-001582,VEH-SYN-04,SOR-01,LOC-SYN-CUS-023,1,2025-12-22T06:51:00-03:00,2025-12-22T09:51:00-03:00,12.238,delivered,B2B-V1-BASE,BLD-9102B6E8BF1ABFFC5F32,True
DEL-SYN-001978,ORD-SYN-001583,VEH-SYN-05,SOR-01,LOC-SYN-CUS-095,1,2025-12-21T07:07:00-03:00,2025-12-21T10:07:00-03:00,11.423,delivered,B2B-V1-BASE,BLD-9102B6E8BF1ABFFC5F32,True
DEL-SYN-001979,ORD-SYN-001584,VEH-SYN-06,SOR-01,LOC-SYN-CUS-020,1,2025-12-21T13:10:00-03:00,2025-12-21T16:10:00-03:00,98.993,delivered,B2B-V1-BASE,BLD-9102B6E8BF1ABFFC5F32,True
DEL-SYN-001980,ORD-SYN-001584,VEH-SYN-01,SOR-01,LOC-SYN-CUS-020,2,2025-12-22T03:10:00-03:00,2025-12-22T06:10:00-03:00,98.993,delivered,B2B-V1-BASE,BLD-9102B6E8BF1ABFFC5F32,True
DEL-SYN-001981,ORD-SYN-001585,VEH-SYN-01,SOR-01,LOC-SYN-CUS-053,1,2025-12-22T08:38:00-03:00,2025-12-22T11:38:00-03:00,11.138,delivered,B2B-V1-BASE,BLD-9102B6E8BF1ABFFC5F32,True
DEL-SYN-001982,ORD-SYN-001586,VEH-SYN-02,SOR-01,LOC-SYN-CUS-090,1,2025-12-22T09:02:00-03:00,2025-12-22T12:02:00-03:00,114.028,delivered,B2B-V1-BASE,BLD-9102B6E8BF1ABFFC5F32,True
DEL-SYN-001983,ORD-SYN-001587,VEH-SYN-03,SOR-01,LOC-SYN-CUS-139,1,2025-12-22T09:04:00-03:00,2025-12-22T12:04:00-03:00,20.414,delivered,B2B-V1-BASE,BLD-9102B6E8BF1ABFFC5F32,True
DEL-SYN-001984,ORD-SYN-001588,VEH-SYN-04,SOR-01,LOC-SYN-CUS-139,1,2025-12-20T23:09:00-03:00,2025-12-21T02:09:00-03:00,20.414,delivered,B2B-V1-BASE,BLD-9102B6E8BF1ABFFC5F32,True
DEL-SYN-001985,ORD-SYN-001588,VEH-SYN-05,SOR-01,LOC-SYN-CUS-139,2,2025-12-21T09:09:00-03:00,2025-12-21T12:09:00-03:00,20.414,delivered,B2B-V1-BASE,BLD-9102B6E8BF1ABFFC5F32,True
DEL-SYN-001986,ORD-SYN-001589,VEH-SYN-05,SOR-01,LOC-SYN-CUS-078,1,2025-12-20T09:50:00-03:00,2025-12-20T12:50:00-03:00,97.926,delivered,B2B-V1-BASE,BLD-9102B6E8BF1ABFFC5F32,True
DEL-SYN-001987,ORD-SYN-001590,VEH-SYN-06,SOR-01,LOC-SYN-CUS-009,1,2025-12-23T10:13:00-03:00,2025-12-23T13:13:00-03:00,14.093,delivered,B2B-V1-BASE,BLD-9102B6E8BF1ABFFC5F32,True
DEL-SYN-001988,ORD-SYN-001591,VEH-SYN-01,SOR-01,LOC-SYN-CUS-099,1,2025-12-21T01:03:00-03:00,2025-12-21T04:03:00-03:00,11.542,delivered,B2B-V1-BASE,BLD-9102B6E8BF1ABFFC5F32,True
DEL-SYN-001989,ORD-SYN-001592,VEH-SYN-02,SOR-01,LOC-SYN-CUS-073,1,2025-12-20T01:17:00-03:00,2025-12-20T04:17:00-03:00,17.971,delivered,B2B-V1-BASE,BLD-9102B6E8BF1ABFFC5F32,True
DEL-SYN-001990,ORD-SYN-001592,VEH-SYN-03,SOR-01,LOC-SYN-CUS-073,2,2025-12-20T11:17:00-03:00,2025-12-20T14:17:00-03:00,17.971,delivered,B2B-V1-BASE,BLD-9102B6E8BF1ABFFC5F32,True
DEL-SYN-001991,ORD-SYN-001593,VEH-SYN-03,SOR-01,LOC-SYN-CUS-048,1,2025-12-22T01:38:00-03:00,2025-12-22T04:38:00-03:00,94.78,delivered,B2B-V1-BASE,BLD-9102B6E8BF1ABFFC5F32,True
DEL-SYN-001992,ORD-SYN-001594,VEH-SYN-04,SOR-01,LOC-SYN-CUS-098,1,2025-12-20T12:23:00-03:00,2025-12-20T15:23:00-03:00,100.419,delivered,B2B-V1-BASE,BLD-9102B6E8BF1ABFFC5F32,True
DEL-SYN-001993,ORD-SYN-001595,VEH-SYN-05,SOR-01,LOC-SYN-CUS-034,1,2025-12-25T03:05:00-03:00,2025-12-25T06:05:00-03:00,92.375,delivered,B2B-V1-BASE,BLD-9102B6E8BF1ABFFC5F32,True
DEL-SYN-001994,ORD-SYN-001596,VEH-SYN-06,SOR-01,LOC-SYN-CUS-004,1,2025-12-21T17:28:00-03:00,2025-12-21T20:28:00-03:00,101.893,delivered,B2B-V1-BASE,BLD-9102B6E8BF1ABFFC5F32,True
DEL-SYN-001995,ORD-SYN-001596,VEH-SYN-01,SOR-01,LOC-SYN-CUS-004,2,2025-12-22T03:28:00-03:00,2025-12-22T06:28:00-03:00,101.893,delivered_with_incident,B2B-V1-BASE,BLD-9102B6E8BF1ABFFC5F32,True
DEL-SYN-001996,ORD-SYN-001597,VEH-SYN-01,SOR-01,LOC-SYN-CUS-097,1,2025-12-25T03:59:00-03:00,2025-12-25T06:59:00-03:00,10.67,delivered,B2B-V1-BASE,BLD-9102B6E8BF1ABFFC5F32,True
DEL-SYN-001997,ORD-SYN-001598,VEH-SYN-02,SOR-01,LOC-SYN-CUS-137,1,2025-12-22T18:19:00-03:00,2025-12-22T21:19:00-03:00,11.323,delivered,B2B-V1-BASE,BLD-9102B6E8BF1ABFFC5F32,True
DEL-SYN-001998,ORD-SYN-001599,VEH-SYN-03,SOR-01,LOC-SYN-CUS-110,1,2025-12-24T08:30:00-03:00,2025-12-24T11:30:00-03:00,101.983,delivered,B2B-V1-BASE,BLD-9102B6E8BF1ABFFC5F32,True
DEL-SYN-001999,ORD-SYN-001600,VEH-SYN-04,SOR-01,LOC-SYN-CUS-046,1,2025-12-21T15:16:00-03:00,2025-12-21T18:16:00-03:00,97.72,delivered,B2B-V1-BASE,BLD-9102B6E8BF1ABFFC5F32,True
DEL-SYN-002000,ORD-SYN-001600,VEH-SYN-05,SOR-01,LOC-SYN-CUS-046,2,2025-12-22T05:16:00-03:00,2025-12-22T08:16:00-03:00,97.72,delivered,B2B-V1-BASE,BLD-9102B6E8BF1ABFFC5F32,True
DEL-SYN-002001,ORD-SYN-001601,VEH-SYN-05,SOR-01,LOC-SYN-CUS-095,1,2025-12-25T10:34:00-03:00,2025-12-25T13:34:00-03:00,11.423,delivered,B2B-V1-BASE,BLD-9102B6E8BF1ABFFC5F32,True
DEL-SYN-002002,ORD-SYN-001602,VEH-SYN-06,SOR-01,LOC-SYN-CUS-026,1,2025-12-23T11:33:00-03:00,2025-12-23T14:33:00-03:00,93.542,delivered,B2B-V1-BASE,BLD-9102B6E8BF1ABFFC5F32,True
DEL-SYN-002003,ORD-SYN-001603,VEH-SYN-01,SOR-01,LOC-SYN-CUS-050,1,2025-12-26T07:40:00-03:00,2025-12-26T10:40:00-03:00,95.323,delivered,B2B-V1-BASE,BLD-9102B6E8BF1ABFFC5F32,True
DEL-SYN-002004,ORD-SYN-001604,VEH-SYN-02,SOR-01,LOC-SYN-CUS-142,1,2025-12-21T22:23:00-03:00,2025-12-22T01:23:00-03:00,96.727,delivered,B2B-V1-BASE,BLD-9102B6E8BF1ABFFC5F32,True
DEL-SYN-002005,ORD-SYN-001604,VEH-SYN-03,SOR-01,LOC-SYN-CUS-142,2,2025-12-22T08:23:00-03:00,2025-12-22T11:23:00-03:00,96.727,delivered,B2B-V1-BASE,BLD-9102B6E8BF1ABFFC5F32,True
DEL-SYN-002006,ORD-SYN-001605,VEH-SYN-03,SOR-01,LOC-SYN-CUS-043,1,2025-12-23T08:56:00-03:00,2025-12-23T11:56:00-03:00,10.148,delivered,B2B-V1-BASE,BLD-9102B6E8BF1ABFFC5F32,True
DEL-SYN-002007,ORD-SYN-001606,VEH-SYN-04,SOR-01,LOC-SYN-CUS-130,1,2025-12-25T10:57:00-03:00,2025-12-25T13:57:00-03:00,92.017,delivered,B2B-V1-BASE,BLD-9102B6E8BF1ABFFC5F32,True
DEL-SYN-002008,ORD-SYN-001607,VEH-SYN-05,SOR-01,LOC-SYN-CUS-118,1,2025-12-27T03:44:00-03:00,2025-12-27T06:44:00-03:00,89.411,delivered,B2B-V1-BASE,BLD-9102B6E8BF1ABFFC5F32,True
DEL-SYN-002009,ORD-SYN-001608,VEH-SYN-06,SOR-01,LOC-SYN-CUS-086,1,2025-12-26T18:13:00-03:00,2025-12-26T21:13:00-03:00,100.855,delivered,B2B-V1-BASE,BLD-9102B6E8BF1ABFFC5F32,True
DEL-SYN-002010,ORD-SYN-001608,VEH-SYN-01,SOR-01,LOC-SYN-CUS-086,2,2025-12-27T04:13:00-03:00,2025-12-27T07:13:00-03:00,100.855,delivered,B2B-V1-BASE,BLD-9102B6E8BF1ABFFC5F32,True
DEL-SYN-002011,ORD-SYN-001609,VEH-SYN-01,SOR-01,LOC-SYN-CUS-126,1,2025-12-24T04:19:00-03:00,2025-12-24T07:19:00-03:00,96.582,delivered,B2B-V1-BASE,BLD-9102B6E8BF1ABFFC5F32,True
DEL-SYN-002012,ORD-SYN-001610,VEH-SYN-02,SOR-01,LOC-SYN-CUS-105,1,2025-12-26T20:45:00-03:00,2025-12-26T23:45:00-03:00,13.533,delivered,B2B-V1-BASE,BLD-9102B6E8BF1ABFFC5F32,True
DEL-SYN-002013,ORD-SYN-001611,VEH-SYN-03,SOR-01,LOC-SYN-CUS-150,1,2025-12-27T06:47:00-03:00,2025-12-27T09:47:00-03:00,93.487,delivered,B2B-V1-BASE,BLD-9102B6E8BF1ABFFC5F32,True
DEL-SYN-002014,ORD-SYN-001612,VEH-SYN-04,SOR-01,LOC-SYN-CUS-029,1,2025-12-23T20:50:00-03:00,2025-12-23T23:50:00-03:00,8.682,delivered,B2B-V1-BASE,BLD-9102B6E8BF1ABFFC5F32,True
DEL-SYN-002015,ORD-SYN-001612,VEH-SYN-05,SOR-01,LOC-SYN-CUS-029,2,2025-12-24T06:50:00-03:00,2025-12-24T09:50:00-03:00,8.682,delivered,B2B-V1-BASE,BLD-9102B6E8BF1ABFFC5F32,True
DEL-SYN-002016,ORD-SYN-001613,VEH-SYN-05,SOR-01,LOC-SYN-CUS-121,1,2025-12-27T22:34:00-03:00,2025-12-28T01:34:00-03:00,1.523,delivered,B2B-V1-BASE,BLD-9102B6E8BF1ABFFC5F32,True
DEL-SYN-002017,ORD-SYN-001614,VEH-SYN-06,SOR-01,LOC-SYN-CUS-118,1,2025-12-26T01:19:00-03:00,2025-12-26T04:19:00-03:00,89.411,delivered_with_incident,B2B-V1-BASE,BLD-9102B6E8BF1ABFFC5F32,True
DEL-SYN-002018,ORD-SYN-001615,VEH-SYN-01,SOR-01,LOC-SYN-CUS-111,1,2025-12-24T01:19:00-03:00,2025-12-24T04:19:00-03:00,11.121,delivered,B2B-V1-BASE,BLD-9102B6E8BF1ABFFC5F32,True
DEL-SYN-002019,ORD-SYN-001616,VEH-SYN-02,SOR-01,LOC-SYN-CUS-046,1,2025-12-26T02:08:00-03:00,2025-12-26T05:08:00-03:00,97.72,delivered,B2B-V1-BASE,BLD-9102B6E8BF1ABFFC5F32,True
DEL-SYN-002020,ORD-SYN-001616,VEH-SYN-03,SOR-01,LOC-SYN-CUS-046,2,2025-12-26T12:08:00-03:00,2025-12-26T15:08:00-03:00,97.72,delivered,B2B-V1-BASE,BLD-9102B6E8BF1ABFFC5F32,True
DEL-SYN-002021,ORD-SYN-001617,VEH-SYN-03,SOR-01,LOC-SYN-CUS-027,1,2025-12-27T12:29:00-03:00,2025-12-27T15:29:00-03:00,12.025,delivered,B2B-V1-BASE,BLD-9102B6E8BF1ABFFC5F32,True
DEL-SYN-002022,ORD-SYN-001618,VEH-SYN-04,SOR-01,LOC-SYN-CUS-008,1,2025-12-24T03:27:00-03:00,2025-12-24T06:27:00-03:00,89.436,delivered,B2B-V1-BASE,BLD-9102B6E8BF1ABFFC5F32,True
DEL-SYN-002023,ORD-SYN-001619,VEH-SYN-05,SOR-01,LOC-SYN-CUS-048,1,2025-12-26T17:39:00-03:00,2025-12-26T20:39:00-03:00,94.78,delivered,B2B-V1-BASE,BLD-9102B6E8BF1ABFFC5F32,True
DEL-SYN-002024,ORD-SYN-001620,VEH-SYN-06,SOR-01,LOC-SYN-CUS-138,1,2025-12-26T13:02:00-03:00,2025-12-26T16:02:00-03:00,93.584,delivered,B2B-V1-BASE,BLD-9102B6E8BF1ABFFC5F32,True
DEL-SYN-002025,ORD-SYN-001620,VEH-SYN-01,SOR-01,LOC-SYN-CUS-138,2,2025-12-27T03:02:00-03:00,2025-12-27T06:02:00-03:00,93.584,delivered,B2B-V1-BASE,BLD-9102B6E8BF1ABFFC5F32,True
DEL-SYN-002026,ORD-SYN-001621,VEH-SYN-01,SOR-01,LOC-SYN-CUS-049,1,2025-12-26T07:10:00-03:00,2025-12-26T10:10:00-03:00,13.054,delivered,B2B-V1-BASE,BLD-9102B6E8BF1ABFFC5F32,True
DEL-SYN-002027,ORD-SYN-001622,VEH-SYN-02,SOR-01,LOC-SYN-CUS-108,1,2025-12-28T09:18:00-03:00,2025-12-28T12:18:00-03:00,104.477,delivered,B2B-V1-BASE,BLD-9102B6E8BF1ABFFC5F32,True
DEL-SYN-002028,ORD-SYN-001623,VEH-SYN-03,SOR-01,LOC-SYN-CUS-089,1,2025-12-27T09:28:00-03:00,2025-12-27T12:28:00-03:00,10.706,delivered,B2B-V1-BASE,BLD-9102B6E8BF1ABFFC5F32,True
DEL-SYN-002029,ORD-SYN-001624,VEH-SYN-04,SOR-01,LOC-SYN-CUS-085,1,2025-12-25T16:01:00-03:00,2025-12-25T19:01:00-03:00,11.234,delivered,B2B-V1-BASE,BLD-9102B6E8BF1ABFFC5F32,True
DEL-SYN-002030,ORD-SYN-001624,VEH-SYN-05,SOR-01,LOC-SYN-CUS-085,2,2025-12-26T06:01:00-03:00,2025-12-26T09:01:00-03:00,11.234,delivered,B2B-V1-BASE,BLD-9102B6E8BF1ABFFC5F32,True
DEL-SYN-002031,ORD-SYN-001625,VEH-SYN-05,SOR-01,LOC-SYN-CUS-137,1,2025-12-28T11:19:00-03:00,2025-12-28T14:19:00-03:00,11.323,delivered,B2B-V1-BASE,BLD-9102B6E8BF1ABFFC5F32,True
DEL-SYN-002032,ORD-SYN-001626,VEH-SYN-06,SOR-01,LOC-SYN-CUS-021,1,2025-12-26T12:35:00-03:00,2025-12-26T15:35:00-03:00,21.891,delivered,B2B-V1-BASE,BLD-9102B6E8BF1ABFFC5F32,True
DEL-SYN-002033,ORD-SYN-001627,VEH-SYN-01,SOR-01,LOC-SYN-CUS-081,1,2025-12-25T12:37:00-03:00,2025-12-25T15:37:00-03:00,6.44,delivered,B2B-V1-BASE,BLD-9102B6E8BF1ABFFC5F32,True
DEL-SYN-002034,ORD-SYN-001628,VEH-SYN-02,SOR-01,LOC-SYN-CUS-146,1,2025-12-27T02:45:00-03:00,2025-12-27T05:45:00-03:00,99.257,delivered,B2B-V1-BASE,BLD-9102B6E8BF1ABFFC5F32,True
DEL-SYN-002035,ORD-SYN-001628,VEH-SYN-03,SOR-01,LOC-SYN-CUS-146,2,2025-12-27T12:45:00-03:00,2025-12-27T15:45:00-03:00,99.257,delivered,B2B-V1-BASE,BLD-9102B6E8BF1ABFFC5F32,True
DEL-SYN-002036,ORD-SYN-001629,VEH-SYN-03,SOR-01,LOC-SYN-CUS-063,1,2025-12-29T02:53:00-03:00,2025-12-29T05:53:00-03:00,10.053,delivered,B2B-V1-BASE,BLD-9102B6E8BF1ABFFC5F32,True
DEL-SYN-002037,ORD-SYN-001630,VEH-SYN-04,SOR-01,LOC-SYN-CUS-136,1,2025-12-25T12:58:00-03:00,2025-12-25T15:58:00-03:00,98.302,delivered,B2B-V1-BASE,BLD-9102B6E8BF1ABFFC5F32,True
DEL-SYN-002038,ORD-SYN-001631,VEH-SYN-05,SOR-01,LOC-SYN-CUS-090,1,2025-12-29T03:44:00-03:00,2025-12-29T06:44:00-03:00,114.028,delivered_with_incident,B2B-V1-BASE,BLD-9102B6E8BF1ABFFC5F32,True
DEL-SYN-002039,ORD-SYN-001632,VEH-SYN-06,SOR-01,LOC-SYN-CUS-094,1,2025-12-25T18:20:00-03:00,2025-12-25T21:20:00-03:00,81.241,delivered,B2B-V1-BASE,BLD-9102B6E8BF1ABFFC5F32,True
DEL-SYN-002040,ORD-SYN-001632,VEH-SYN-01,SOR-01,LOC-SYN-CUS-094,2,2025-12-26T04:20:00-03:00,2025-12-26T07:20:00-03:00,81.241,delivered,B2B-V1-BASE,BLD-9102B6E8BF1ABFFC5F32,True
DEL-SYN-002041,ORD-SYN-001633,VEH-SYN-01,SOR-01,LOC-SYN-CUS-050,1,2025-12-27T04:52:00-03:00,2025-12-27T07:52:00-03:00,95.323,delivered,B2B-V1-BASE,BLD-9102B6E8BF1ABFFC5F32,True
DEL-SYN-002042,ORD-SYN-001634,VEH-SYN-02,SOR-01,LOC-SYN-CUS-098,1,2025-12-27T06:04:00-03:00,2025-12-27T09:04:00-03:00,100.419,delivered,B2B-V1-BASE,BLD-9102B6E8BF1ABFFC5F32,True
DEL-SYN-002043,ORD-SYN-001635,VEH-SYN-03,SOR-01,LOC-SYN-CUS-126,1,2025-12-28T07:47:00-03:00,2025-12-28T10:47:00-03:00,96.582,delivered,B2B-V1-BASE,BLD-9102B6E8BF1ABFFC5F32,True
DEL-SYN-002044,ORD-SYN-001636,VEH-SYN-04,SOR-01,LOC-SYN-CUS-006,1,2025-12-28T23:09:00-03:00,2025-12-29T02:09:00-03:00,102.381,delivered,B2B-V1-BASE,BLD-9102B6E8BF1ABFFC5F32,True
DEL-SYN-002045,ORD-SYN-001636,VEH-SYN-05,SOR-01,LOC-SYN-CUS-006,2,2025-12-29T09:09:00-03:00,2025-12-29T12:09:00-03:00,102.381,delivered,B2B-V1-BASE,BLD-9102B6E8BF1ABFFC5F32,True
DEL-SYN-002046,ORD-SYN-001637,VEH-SYN-05,SOR-01,LOC-SYN-CUS-043,1,2025-12-29T10:08:00-03:00,2025-12-29T13:08:00-03:00,10.148,delivered,B2B-V1-BASE,BLD-9102B6E8BF1ABFFC5F32,True
DEL-SYN-002047,ORD-SYN-001638,VEH-SYN-06,SOR-01,LOC-SYN-CUS-110,1,2025-12-29T10:43:00-03:00,2025-12-29T13:43:00-03:00,101.983,delivered,B2B-V1-BASE,BLD-9102B6E8BF1ABFFC5F32,True
DEL-SYN-002048,ORD-SYN-001639,VEH-SYN-01,SOR-01,LOC-SYN-CUS-150,1,2025-12-26T11:08:00-03:00,2025-12-26T14:08:00-03:00,93.487,delivered,B2B-V1-BASE,BLD-9102B6E8BF1ABFFC5F32,True
DEL-SYN-002049,ORD-SYN-001640,VEH-SYN-02,SOR-01,LOC-SYN-CUS-122,1,2025-12-27T01:40:00-03:00,2025-12-27T04:40:00-03:00,107.646,delivered,B2B-V1-BASE,BLD-9102B6E8BF1ABFFC5F32,True
DEL-SYN-002050,ORD-SYN-001640,VEH-SYN-03,SOR-01,LOC-SYN-CUS-122,2,2025-12-27T11:40:00-03:00,2025-12-27T14:40:00-03:00,107.646,delivered,B2B-V1-BASE,BLD-9102B6E8BF1ABFFC5F32,True
DEL-SYN-002051,ORD-SYN-001641,VEH-SYN-03,SOR-01,LOC-SYN-CUS-006,1,2025-12-28T12:51:00-03:00,2025-12-28T15:51:00-03:00,102.381,delivered,B2B-V1-BASE,BLD-9102B6E8BF1ABFFC5F32,True
DEL-SYN-002052,ORD-SYN-001642,VEH-SYN-04,SOR-01,LOC-SYN-CUS-017,1,2025-12-28T04:20:00-03:00,2025-12-28T07:20:00-03:00,7.536,delivered,B2B-V1-BASE,BLD-9102B6E8BF1ABFFC5F32,True
DEL-SYN-002053,ORD-SYN-001643,VEH-SYN-05,SOR-01,LOC-SYN-CUS-137,1,2025-12-27T20:52:00-03:00,2025-12-27T23:52:00-03:00,11.323,delivered,B2B-V1-BASE,BLD-9102B6E8BF1ABFFC5F32,True
DEL-SYN-002054,ORD-SYN-001644,VEH-SYN-06,SOR-01,LOC-SYN-CUS-140,1,2025-12-26T20:54:00-03:00,2025-12-26T23:54:00-03:00,93.15,delivered,B2B-V1-BASE,BLD-9102B6E8BF1ABFFC5F32,True
DEL-SYN-002055,ORD-SYN-001644,VEH-SYN-01,SOR-01,LOC-SYN-CUS-140,2,2025-12-27T06:54:00-03:00,2025-12-27T09:54:00-03:00,93.15,delivered,B2B-V1-BASE,BLD-9102B6E8BF1ABFFC5F32,True
DEL-SYN-002056,ORD-SYN-001645,VEH-SYN-01,SOR-01,LOC-SYN-CUS-091,1,2025-12-26T08:12:00-03:00,2025-12-26T11:12:00-03:00,11.908,delivered,B2B-V1-BASE,BLD-9102B6E8BF1ABFFC5F32,True
DEL-SYN-002057,ORD-SYN-001646,VEH-SYN-02,SOR-01,LOC-SYN-CUS-133,1,2025-12-28T08:18:00-03:00,2025-12-28T11:18:00-03:00,15.316,delivered,B2B-V1-BASE,BLD-9102B6E8BF1ABFFC5F32,True
DEL-SYN-002058,ORD-SYN-001647,VEH-SYN-03,SOR-01,LOC-SYN-CUS-122,1,2025-12-30T22:39:00-03:00,2025-12-31T01:39:00-03:00,107.646,delivered,B2B-V1-BASE,BLD-9102B6E8BF1ABFFC5F32,True
DEL-SYN-002059,ORD-SYN-001648,VEH-SYN-04,SOR-01,LOC-SYN-CUS-097,1,2025-12-27T01:10:00-03:00,2025-12-27T04:10:00-03:00,10.67,delivered_with_incident,B2B-V1-BASE,BLD-9102B6E8BF1ABFFC5F32,True
DEL-SYN-002060,ORD-SYN-001648,VEH-SYN-05,SOR-01,LOC-SYN-CUS-097,2,2025-12-27T11:10:00-03:00,2025-12-27T14:10:00-03:00,10.67,delivered,B2B-V1-BASE,BLD-9102B6E8BF1ABFFC5F32,True
DEL-SYN-002061,ORD-SYN-001649,VEH-SYN-05,SOR-01,LOC-SYN-CUS-014,1,2025-12-30T11:10:00-03:00,2025-12-30T14:10:00-03:00,98.171,delivered,B2B-V1-BASE,BLD-9102B6E8BF1ABFFC5F32,True
DEL-SYN-002062,ORD-SYN-001650,VEH-SYN-06,SOR-01,LOC-SYN-CUS-098,1,2025-12-28T01:21:00-03:00,2025-12-28T04:21:00-03:00,100.419,delivered,B2B-V1-BASE,BLD-9102B6E8BF1ABFFC5F32,True
DEL-SYN-002063,ORD-SYN-001651,VEH-SYN-01,SOR-01,LOC-SYN-CUS-149,1,2025-12-31T03:05:00-03:00,2025-12-31T06:05:00-03:00,9.994,delivered,B2B-V1-BASE,BLD-9102B6E8BF1ABFFC5F32,True
DEL-SYN-002064,ORD-SYN-001652,VEH-SYN-02,SOR-01,LOC-SYN-CUS-050,1,2025-12-27T17:36:00-03:00,2025-12-27T20:36:00-03:00,95.323,delivered,B2B-V1-BASE,BLD-9102B6E8BF1ABFFC5F32,True
DEL-SYN-002065,ORD-SYN-001652,VEH-SYN-03,SOR-01,LOC-SYN-CUS-050,2,2025-12-28T03:36:00-03:00,2025-12-28T06:36:00-03:00,95.323,delivered,B2B-V1-BASE,BLD-9102B6E8BF1ABFFC5F32,True
DEL-SYN-002066,ORD-SYN-001653,VEH-SYN-03,SOR-01,LOC-SYN-CUS-084,1,2025-12-28T04:14:00-03:00,2025-12-28T07:14:00-03:00,94.071,delivered,B2B-V1-BASE,BLD-9102B6E8BF1ABFFC5F32,True
DEL-SYN-002067,ORD-SYN-001654,VEH-SYN-04,SOR-01,LOC-SYN-CUS-081,1,2025-12-29T04:25:00-03:00,2025-12-29T07:25:00-03:00,6.44,delivered,B2B-V1-BASE,BLD-9102B6E8BF1ABFFC5F32,True
DEL-SYN-002068,ORD-SYN-001655,VEH-SYN-05,SOR-01,LOC-SYN-CUS-002,1,2025-12-29T05:07:00-03:00,2025-12-29T08:07:00-03:00,87.443,delivered,B2B-V1-BASE,BLD-9102B6E8BF1ABFFC5F32,True
DEL-SYN-002069,ORD-SYN-001656,VEH-SYN-06,SOR-01,LOC-SYN-CUS-030,1,2025-12-31T13:21:00-03:00,2025-12-31T16:21:00-03:00,95.926,delivered,B2B-V1-BASE,BLD-9102B6E8BF1ABFFC5F32,True
DEL-SYN-002070,ORD-SYN-001656,VEH-SYN-01,SOR-01,LOC-SYN-CUS-030,2,2026-01-01T03:21:00-03:00,2026-01-01T06:21:00-03:00,95.926,delivered,B2B-V1-BASE,BLD-9102B6E8BF1ABFFC5F32,True
DEL-SYN-002071,ORD-SYN-001657,VEH-SYN-01,SOR-01,LOC-SYN-CUS-120,1,2025-12-28T07:33:00-03:00,2025-12-28T10:33:00-03:00,87.645,delivered,B2B-V1-BASE,BLD-9102B6E8BF1ABFFC5F32,True
DEL-SYN-002072,ORD-SYN-001658,VEH-SYN-02,SOR-01,LOC-SYN-CUS-143,1,2025-12-31T07:56:00-03:00,2025-12-31T10:56:00-03:00,10.494,delivered,B2B-V1-BASE,BLD-9102B6E8BF1ABFFC5F32,True
DEL-SYN-002073,ORD-SYN-001659,VEH-SYN-03,SOR-01,LOC-SYN-CUS-146,1,2025-12-28T08:05:00-03:00,2025-12-28T11:05:00-03:00,99.257,delivered,B2B-V1-BASE,BLD-9102B6E8BF1ABFFC5F32,True
DEL-SYN-002074,ORD-SYN-001660,VEH-SYN-04,SOR-01,LOC-SYN-CUS-051,1,2025-12-26T22:50:00-03:00,2025-12-27T01:50:00-03:00,8.518,delivered,B2B-V1-BASE,BLD-9102B6E8BF1ABFFC5F32,True
DEL-SYN-002075,ORD-SYN-001660,VEH-SYN-05,SOR-01,LOC-SYN-CUS-051,2,2025-12-27T08:50:00-03:00,2025-12-27T11:50:00-03:00,8.518,delivered,B2B-V1-BASE,BLD-9102B6E8BF1ABFFC5F32,True
DEL-SYN-002076,ORD-SYN-001661,VEH-SYN-05,SOR-01,LOC-SYN-CUS-005,1,2025-12-27T22:52:00-03:00,2025-12-28T01:52:00-03:00,9.779,delivered,B2B-V1-BASE,BLD-9102B6E8BF1ABFFC5F32,True
DEL-SYN-002077,ORD-SYN-001662,VEH-SYN-06,SOR-01,LOC-SYN-CUS-031,1,2025-12-28T09:20:00-03:00,2025-12-28T12:20:00-03:00,2.694,delivered,B2B-V1-BASE,BLD-9102B6E8BF1ABFFC5F32,True
DEL-SYN-002078,ORD-SYN-001663,VEH-SYN-01,SOR-01,LOC-SYN-CUS-082,1,2025-12-30T09:26:00-03:00,2025-12-30T12:26:00-03:00,95.328,delivered,B2B-V1-BASE,BLD-9102B6E8BF1ABFFC5F32,True
DEL-SYN-002079,ORD-SYN-001664,VEH-SYN-02,SOR-01,LOC-SYN-CUS-117,1,2025-12-27T01:43:00-03:00,2025-12-27T04:43:00-03:00,14.483,delivered,B2B-V1-BASE,BLD-9102B6E8BF1ABFFC5F32,True
DEL-SYN-002080,ORD-SYN-001664,VEH-SYN-03,SOR-01,LOC-SYN-CUS-117,2,2025-12-27T11:43:00-03:00,2025-12-27T14:43:00-03:00,14.483,delivered,B2B-V1-BASE,BLD-9102B6E8BF1ABFFC5F32,True
DEL-SYN-002081,ORD-SYN-001665,VEH-SYN-03,SOR-01,LOC-SYN-CUS-130,1,2025-12-30T11:56:00-03:00,2025-12-30T14:56:00-03:00,92.017,delivered_with_incident,B2B-V1-BASE,BLD-9102B6E8BF1ABFFC5F32,True
DEL-SYN-002082,ORD-SYN-001666,VEH-SYN-04,SOR-01,LOC-SYN-CUS-049,1,2025-12-29T04:12:00-03:00,2025-12-29T07:12:00-03:00,13.054,delivered,B2B-V1-BASE,BLD-9102B6E8BF1ABFFC5F32,True
DEL-SYN-002083,ORD-SYN-001667,VEH-SYN-05,SOR-01,LOC-SYN-CUS-024,1,2025-12-30T04:32:00-03:00,2025-12-30T07:32:00-03:00,107.095,delivered,B2B-V1-BASE,BLD-9102B6E8BF1ABFFC5F32,True
DEL-SYN-002084,ORD-SYN-001668,VEH-SYN-06,SOR-01,LOC-SYN-CUS-131,1,2025-12-29T19:18:00-03:00,2025-12-29T22:18:00-03:00,9.096,delivered,B2B-V1-BASE,BLD-9102B6E8BF1ABFFC5F32,True
DEL-SYN-002085,ORD-SYN-001668,VEH-SYN-01,SOR-01,LOC-SYN-CUS-131,2,2025-12-30T05:18:00-03:00,2025-12-30T08:18:00-03:00,9.096,delivered,B2B-V1-BASE,BLD-9102B6E8BF1ABFFC5F32,True
DEL-SYN-002086,ORD-SYN-001669,VEH-SYN-01,SOR-01,LOC-SYN-CUS-114,1,2025-12-31T20:57:00-03:00,2025-12-31T23:57:00-03:00,98.868,delivered,B2B-V1-BASE,BLD-9102B6E8BF1ABFFC5F32,True
DEL-SYN-002087,ORD-SYN-001670,VEH-SYN-02,SOR-01,LOC-SYN-CUS-130,1,2025-12-28T22:30:00-03:00,2025-12-29T01:30:00-03:00,92.017,delivered,B2B-V1-BASE,BLD-9102B6E8BF1ABFFC5F32,True
DEL-SYN-002088,ORD-SYN-001671,VEH-SYN-03,SOR-01,LOC-SYN-CUS-073,1,2025-12-30T22:40:00-03:00,2025-12-31T01:40:00-03:00,17.971,delivered,B2B-V1-BASE,BLD-9102B6E8BF1ABFFC5F32,True
DEL-SYN-002089,ORD-SYN-001672,VEH-SYN-04,SOR-01,LOC-SYN-CUS-061,1,2025-12-30T15:58:00-03:00,2025-12-30T18:58:00-03:00,12.904,delivered,B2B-V1-BASE,BLD-9102B6E8BF1ABFFC5F32,True
DEL-SYN-002090,ORD-SYN-001672,VEH-SYN-05,SOR-01,LOC-SYN-CUS-061,2,2025-12-31T05:58:00-03:00,2025-12-31T08:58:00-03:00,12.904,delivered,B2B-V1-BASE,BLD-9102B6E8BF1ABFFC5F32,True
DEL-SYN-002091,ORD-SYN-001673,VEH-SYN-05,SOR-01,LOC-SYN-CUS-005,1,2025-12-31T12:49:00-03:00,2025-12-31T15:49:00-03:00,9.779,delivered,B2B-V1-BASE,BLD-9102B6E8BF1ABFFC5F32,True
DEL-SYN-002092,ORD-SYN-001674,VEH-SYN-06,SOR-01,LOC-SYN-CUS-133,1,2026-01-01T04:18:00-03:00,2026-01-01T07:18:00-03:00,15.316,delivered,B2B-V1-BASE,BLD-9102B6E8BF1ABFFC5F32,True
DEL-SYN-002093,ORD-SYN-001675,VEH-SYN-01,SOR-01,LOC-SYN-CUS-102,1,2026-01-02T04:48:00-03:00,2026-01-02T07:48:00-03:00,92.902,delivered,B2B-V1-BASE,BLD-9102B6E8BF1ABFFC5F32,True
DEL-SYN-002094,ORD-SYN-001676,VEH-SYN-02,SOR-01,LOC-SYN-CUS-013,1,2026-01-01T18:48:00-03:00,2026-01-01T21:48:00-03:00,12.582,delivered,B2B-V1-BASE,BLD-9102B6E8BF1ABFFC5F32,True
DEL-SYN-002095,ORD-SYN-001676,VEH-SYN-03,SOR-01,LOC-SYN-CUS-013,2,2026-01-02T04:48:00-03:00,2026-01-02T07:48:00-03:00,12.582,delivered,B2B-V1-BASE,BLD-9102B6E8BF1ABFFC5F32,True
DEL-SYN-002096,ORD-SYN-001677,VEH-SYN-03,SOR-01,LOC-SYN-CUS-121,1,2026-01-02T06:31:00-03:00,2026-01-02T09:31:00-03:00,1.523,delivered,B2B-V1-BASE,BLD-9102B6E8BF1ABFFC5F32,True
DEL-SYN-002097,ORD-SYN-001678,VEH-SYN-04,SOR-01,LOC-SYN-CUS-081,1,2025-12-30T06:46:00-03:00,2025-12-30T09:46:00-03:00,6.44,delivered,B2B-V1-BASE,BLD-9102B6E8BF1ABFFC5F32,True
DEL-SYN-002098,ORD-SYN-001679,VEH-SYN-05,SOR-01,LOC-SYN-CUS-053,1,2026-01-02T07:30:00-03:00,2026-01-02T10:30:00-03:00,11.138,delivered,B2B-V1-BASE,BLD-9102B6E8BF1ABFFC5F32,True
DEL-SYN-002099,ORD-SYN-001680,VEH-SYN-06,SOR-01,LOC-SYN-CUS-112,1,2025-12-29T22:09:00-03:00,2025-12-30T01:09:00-03:00,94.924,delivered,B2B-V1-BASE,BLD-9102B6E8BF1ABFFC5F32,True
DEL-SYN-002100,ORD-SYN-001680,VEH-SYN-01,SOR-01,LOC-SYN-CUS-112,2,2025-12-30T08:09:00-03:00,2025-12-30T11:09:00-03:00,94.924,delivered,B2B-V1-BASE,BLD-9102B6E8BF1ABFFC5F32,True
DEL-SYN-002101,ORD-SYN-001681,VEH-SYN-01,SOR-01,LOC-SYN-CUS-052,1,2025-12-29T09:09:00-03:00,2025-12-29T12:09:00-03:00,109.906,delivered,B2B-V1-BASE,BLD-9102B6E8BF1ABFFC5F32,True
DEL-SYN-002102,ORD-SYN-001682,VEH-SYN-02,SOR-01,LOC-SYN-CUS-109,1,2026-01-02T09:50:00-03:00,2026-01-02T12:50:00-03:00,15.631,delivered,B2B-V1-BASE,BLD-9102B6E8BF1ABFFC5F32,True
DEL-SYN-002103,ORD-SYN-001683,VEH-SYN-03,SOR-01,LOC-SYN-CUS-004,1,2025-12-30T10:02:00-03:00,2025-12-30T13:02:00-03:00,101.893,delivered,B2B-V1-BASE,BLD-9102B6E8BF1ABFFC5F32,True
DEL-SYN-002104,ORD-SYN-001684,VEH-SYN-04,SOR-01,LOC-SYN-CUS-036,1,2026-01-01T00:39:00-03:00,2026-01-01T03:39:00-03:00,96.208,delivered,B2B-V1-BASE,BLD-9102B6E8BF1ABFFC5F32,True
DEL-SYN-002105,ORD-SYN-001684,VEH-SYN-05,SOR-01,LOC-SYN-CUS-036,2,2026-01-01T10:39:00-03:00,2026-01-01T13:39:00-03:00,96.208,delivered,B2B-V1-BASE,BLD-9102B6E8BF1ABFFC5F32,True
DEL-SYN-002106,ORD-SYN-001685,VEH-SYN-05,SOR-01,LOC-SYN-CUS-026,1,2026-01-02T11:28:00-03:00,2026-01-02T14:28:00-03:00,93.542,delivered,B2B-V1-BASE,BLD-9102B6E8BF1ABFFC5F32,True
DEL-SYN-002107,ORD-SYN-001686,VEH-SYN-06,SOR-01,LOC-SYN-CUS-137,1,2025-12-31T11:33:00-03:00,2025-12-31T14:33:00-03:00,11.323,delivered,B2B-V1-BASE,BLD-9102B6E8BF1ABFFC5F32,True
DEL-SYN-002108,ORD-SYN-001687,VEH-SYN-01,SOR-01,LOC-SYN-CUS-139,1,2025-12-31T12:40:00-03:00,2025-12-31T15:40:00-03:00,20.414,delivered,B2B-V1-BASE,BLD-9102B6E8BF1ABFFC5F32,True
DEL-SYN-002109,ORD-SYN-001688,VEH-SYN-02,SOR-01,LOC-SYN-CUS-149,1,2025-12-30T09:10:00-03:00,2025-12-30T12:10:00-03:00,9.994,delivered,B2B-V1-BASE,BLD-9102B6E8BF1ABFFC5F32,True
DEL-SYN-002110,ORD-SYN-001688,VEH-SYN-03,SOR-01,LOC-SYN-CUS-149,2,2025-12-30T23:10:00-03:00,2025-12-31T02:10:00-03:00,9.994,delivered,B2B-V1-BASE,BLD-9102B6E8BF1ABFFC5F32,True
DEL-SYN-002111,ORD-SYN-001689,VEH-SYN-03,SOR-01,LOC-SYN-CUS-034,1,2025-12-31T17:19:00-03:00,2025-12-31T20:19:00-03:00,92.375,delivered,B2B-V1-BASE,BLD-9102B6E8BF1ABFFC5F32,True
DEL-SYN-002112,ORD-SYN-001690,VEH-SYN-04,SOR-01,LOC-SYN-CUS-108,1,2025-12-31T03:47:00-03:00,2025-12-31T06:47:00-03:00,104.477,delivered,B2B-V1-BASE,BLD-9102B6E8BF1ABFFC5F32,True
DEL-SYN-002113,ORD-SYN-001691,VEH-SYN-05,SOR-01,LOC-SYN-CUS-102,1,2026-01-01T04:15:00-03:00,2026-01-01T07:15:00-03:00,92.902,delivered,B2B-V1-BASE,BLD-9102B6E8BF1ABFFC5F32,True
DEL-SYN-002114,ORD-SYN-001692,VEH-SYN-06,SOR-01,LOC-SYN-CUS-040,1,2026-01-02T18:22:00-03:00,2026-01-02T21:22:00-03:00,104.509,delivered,B2B-V1-BASE,BLD-9102B6E8BF1ABFFC5F32,True
DEL-SYN-002115,ORD-SYN-001692,VEH-SYN-01,SOR-01,LOC-SYN-CUS-040,2,2026-01-03T04:22:00-03:00,2026-01-03T07:22:00-03:00,104.509,delivered,B2B-V1-BASE,BLD-9102B6E8BF1ABFFC5F32,True
DEL-SYN-002116,ORD-SYN-001693,VEH-SYN-01,SOR-01,LOC-SYN-CUS-117,1,2026-01-03T21:27:00-03:00,2026-01-04T00:27:00-03:00,14.483,delivered,B2B-V1-BASE,BLD-9102B6E8BF1ABFFC5F32,True
DEL-SYN-002117,ORD-SYN-001694,VEH-SYN-02,SOR-01,LOC-SYN-CUS-073,1,2026-01-02T07:44:00-03:00,2026-01-02T10:44:00-03:00,17.971,delivered,B2B-V1-BASE,BLD-9102B6E8BF1ABFFC5F32,True
DEL-SYN-002118,ORD-SYN-001695,VEH-SYN-03,SOR-01,LOC-SYN-CUS-126,1,2025-12-30T07:48:00-03:00,2025-12-30T10:48:00-03:00,96.582,delivered,B2B-V1-BASE,BLD-9102B6E8BF1ABFFC5F32,True
DEL-SYN-002119,ORD-SYN-001696,VEH-SYN-04,SOR-01,LOC-SYN-CUS-046,1,2025-12-31T21:58:00-03:00,2026-01-01T00:58:00-03:00,97.72,delivered,B2B-V1-BASE,BLD-9102B6E8BF1ABFFC5F32,True
DEL-SYN-002120,ORD-SYN-001696,VEH-SYN-05,SOR-01,LOC-SYN-CUS-046,2,2026-01-01T07:58:00-03:00,2026-01-01T10:58:00-03:00,97.72,delivered,B2B-V1-BASE,BLD-9102B6E8BF1ABFFC5F32,True
DEL-SYN-002121,ORD-SYN-001697,VEH-SYN-05,SOR-01,LOC-SYN-CUS-105,1,2026-01-01T22:17:00-03:00,2026-01-02T01:17:00-03:00,13.533,delivered,B2B-V1-BASE,BLD-9102B6E8BF1ABFFC5F32,True
DEL-SYN-002122,ORD-SYN-001698,VEH-SYN-06,SOR-01,LOC-SYN-CUS-027,1,2025-12-31T09:31:00-03:00,2025-12-31T12:31:00-03:00,12.025,delivered,B2B-V1-BASE,BLD-9102B6E8BF1ABFFC5F32,True
DEL-SYN-002123,ORD-SYN-001699,VEH-SYN-01,SOR-01,LOC-SYN-CUS-019,1,2026-01-03T09:40:00-03:00,2026-01-03T12:40:00-03:00,11.18,delivered,B2B-V1-BASE,BLD-9102B6E8BF1ABFFC5F32,True
DEL-SYN-002124,ORD-SYN-001700,VEH-SYN-02,SOR-01,LOC-SYN-CUS-007,1,2026-01-02T23:54:00-03:00,2026-01-03T02:54:00-03:00,14.599,delivered,B2B-V1-BASE,BLD-9102B6E8BF1ABFFC5F32,True
DEL-SYN-002125,ORD-SYN-001700,VEH-SYN-03,SOR-01,LOC-SYN-CUS-007,2,2026-01-03T09:54:00-03:00,2026-01-03T12:54:00-03:00,14.599,delivered,B2B-V1-BASE,BLD-9102B6E8BF1ABFFC5F32,True
DEL-SYN-002126,ORD-SYN-001701,VEH-SYN-03,SOR-01,LOC-SYN-CUS-091,1,2025-12-31T10:00:00-03:00,2025-12-31T13:00:00-03:00,11.908,delivered,B2B-V1-BASE,BLD-9102B6E8BF1ABFFC5F32,True
DEL-SYN-002127,ORD-SYN-001702,VEH-SYN-04,SOR-01,LOC-SYN-CUS-112,1,2025-12-31T11:02:00-03:00,2025-12-31T14:02:00-03:00,94.924,delivered,B2B-V1-BASE,BLD-9102B6E8BF1ABFFC5F32,True
DEL-SYN-002128,ORD-SYN-001703,VEH-SYN-05,SOR-01,LOC-SYN-CUS-057,1,2026-01-03T02:37:00-03:00,2026-01-03T05:37:00-03:00,11.041,delivered,B2B-V1-BASE,BLD-9102B6E8BF1ABFFC5F32,True
DEL-SYN-002129,ORD-SYN-001704,VEH-SYN-06,SOR-01,LOC-SYN-CUS-123,1,2026-01-02T02:59:00-03:00,2026-01-02T05:59:00-03:00,18.057,delivered,B2B-V1-BASE,BLD-9102B6E8BF1ABFFC5F32,True
DEL-SYN-002130,ORD-SYN-001704,VEH-SYN-01,SOR-01,LOC-SYN-CUS-123,2,2026-01-02T12:59:00-03:00,2026-01-02T15:59:00-03:00,18.057,delivered,B2B-V1-BASE,BLD-9102B6E8BF1ABFFC5F32,True
DEL-SYN-002131,ORD-SYN-001705,VEH-SYN-01,SOR-01,LOC-SYN-CUS-045,1,2026-01-03T03:01:00-03:00,2026-01-03T06:01:00-03:00,12.037,delivered,B2B-V1-BASE,BLD-9102B6E8BF1ABFFC5F32,True
DEL-SYN-002132,ORD-SYN-001706,VEH-SYN-02,SOR-01,LOC-SYN-CUS-062,1,2026-01-01T04:10:00-03:00,2026-01-01T07:10:00-03:00,84.711,delivered,B2B-V1-BASE,BLD-9102B6E8BF1ABFFC5F32,True
DEL-SYN-002133,ORD-SYN-001707,VEH-SYN-03,SOR-01,LOC-SYN-CUS-002,1,2026-01-03T04:20:00-03:00,2026-01-03T07:20:00-03:00,87.443,delivered,B2B-V1-BASE,BLD-9102B6E8BF1ABFFC5F32,True
DEL-SYN-002134,ORD-SYN-001708,VEH-SYN-04,SOR-01,LOC-SYN-CUS-133,1,2026-01-03T18:47:00-03:00,2026-01-03T21:47:00-03:00,15.316,delivered,B2B-V1-BASE,BLD-9102B6E8BF1ABFFC5F32,True
DEL-SYN-002135,ORD-SYN-001708,VEH-SYN-05,SOR-01,LOC-SYN-CUS-133,2,2026-01-04T04:47:00-03:00,2026-01-04T07:47:00-03:00,15.316,delivered,B2B-V1-BASE,BLD-9102B6E8BF1ABFFC5F32,True
DEL-SYN-002136,ORD-SYN-001709,VEH-SYN-05,SOR-01,LOC-SYN-CUS-100,1,2026-01-02T20:10:00-03:00,2026-01-02T23:10:00-03:00,104.241,delivered,B2B-V1-BASE,BLD-9102B6E8BF1ABFFC5F32,True
DEL-SYN-002137,ORD-SYN-001710,VEH-SYN-06,SOR-01,LOC-SYN-CUS-113,1,2026-01-02T08:55:00-03:00,2026-01-02T11:55:00-03:00,18.69,delivered,B2B-V1-BASE,BLD-9102B6E8BF1ABFFC5F32,True
DEL-SYN-002138,ORD-SYN-001711,VEH-SYN-01,SOR-01,LOC-SYN-CUS-142,1,2025-12-31T10:13:00-03:00,2025-12-31T13:13:00-03:00,96.727,delivered,B2B-V1-BASE,BLD-9102B6E8BF1ABFFC5F32,True
DEL-SYN-002139,ORD-SYN-001712,VEH-SYN-02,SOR-01,LOC-SYN-CUS-112,1,2026-01-03T17:08:00-03:00,2026-01-03T20:08:00-03:00,94.924,delivered,B2B-V1-BASE,BLD-9102B6E8BF1ABFFC5F32,True
DEL-SYN-002140,ORD-SYN-001712,VEH-SYN-03,SOR-01,LOC-SYN-CUS-112,2,2026-01-04T07:08:00-03:00,2026-01-04T10:08:00-03:00,94.924,delivered,B2B-V1-BASE,BLD-9102B6E8BF1ABFFC5F32,True
DEL-SYN-002141,ORD-SYN-001713,VEH-SYN-03,SOR-01,LOC-SYN-CUS-066,1,2026-01-04T01:20:00-03:00,2026-01-04T04:20:00-03:00,96.649,delivered,B2B-V1-BASE,BLD-9102B6E8BF1ABFFC5F32,True
DEL-SYN-002142,ORD-SYN-001714,VEH-SYN-04,SOR-01,LOC-SYN-CUS-050,1,2026-01-04T01:39:00-03:00,2026-01-04T04:39:00-03:00,95.323,delivered,B2B-V1-BASE,BLD-9102B6E8BF1ABFFC5F32,True
DEL-SYN-002143,ORD-SYN-001715,VEH-SYN-05,SOR-01,LOC-SYN-CUS-070,1,2026-01-01T03:07:00-03:00,2026-01-01T06:07:00-03:00,93.688,delivered,B2B-V1-BASE,BLD-9102B6E8BF1ABFFC5F32,True
DEL-SYN-002144,ORD-SYN-001716,VEH-SYN-06,SOR-01,LOC-SYN-CUS-105,1,2026-01-04T10:12:00-03:00,2026-01-04T13:12:00-03:00,13.533,delivered,B2B-V1-BASE,BLD-9102B6E8BF1ABFFC5F32,True
DEL-SYN-002145,ORD-SYN-001716,VEH-SYN-01,SOR-01,LOC-SYN-CUS-105,2,2026-01-05T00:12:00-03:00,2026-01-05T03:12:00-03:00,13.533,delivered,B2B-V1-BASE,BLD-9102B6E8BF1ABFFC5F32,True
DEL-SYN-002146,ORD-SYN-001717,VEH-SYN-01,SOR-01,LOC-SYN-CUS-022,1,2026-01-02T19:05:00-03:00,2026-01-02T22:05:00-03:00,97.576,delivered,B2B-V1-BASE,BLD-9102B6E8BF1ABFFC5F32,True
DEL-SYN-002147,ORD-SYN-001718,VEH-SYN-02,SOR-01,LOC-SYN-CUS-144,1,2026-01-02T06:05:00-03:00,2026-01-02T09:05:00-03:00,84.976,delivered,B2B-V1-BASE,BLD-9102B6E8BF1ABFFC5F32,True
DEL-SYN-002148,ORD-SYN-001719,VEH-SYN-03,SOR-01,LOC-SYN-CUS-096,1,2026-01-02T07:53:00-03:00,2026-01-02T10:53:00-03:00,108.662,delivered,B2B-V1-BASE,BLD-9102B6E8BF1ABFFC5F32,True
DEL-SYN-002149,ORD-SYN-001720,VEH-SYN-04,SOR-01,LOC-SYN-CUS-101,1,2026-01-03T21:54:00-03:00,2026-01-04T00:54:00-03:00,8.729,delivered,B2B-V1-BASE,BLD-9102B6E8BF1ABFFC5F32,True
DEL-SYN-002150,ORD-SYN-001720,VEH-SYN-05,SOR-01,LOC-SYN-CUS-101,2,2026-01-04T07:54:00-03:00,2026-01-04T10:54:00-03:00,8.729,delivered,B2B-V1-BASE,BLD-9102B6E8BF1ABFFC5F32,True
DEL-SYN-002151,ORD-SYN-001721,VEH-SYN-05,SOR-01,LOC-SYN-CUS-070,1,2026-01-05T08:31:00-03:00,2026-01-05T11:31:00-03:00,93.688,delivered,B2B-V1-BASE,BLD-9102B6E8BF1ABFFC5F32,True
DEL-SYN-002152,ORD-SYN-001722,VEH-SYN-06,SOR-01,LOC-SYN-CUS-033,1,2026-01-01T09:10:00-03:00,2026-01-01T12:10:00-03:00,13.637,delivered,B2B-V1-BASE,BLD-9102B6E8BF1ABFFC5F32,True
DEL-SYN-002153,ORD-SYN-001723,VEH-SYN-01,SOR-01,LOC-SYN-CUS-004,1,2026-01-02T09:13:00-03:00,2026-01-02T12:13:00-03:00,101.893,delivered,B2B-V1-BASE,BLD-9102B6E8BF1ABFFC5F32,True
DEL-SYN-002154,ORD-SYN-001724,VEH-SYN-02,SOR-01,LOC-SYN-CUS-110,1,2026-01-02T00:26:00-03:00,2026-01-02T03:26:00-03:00,101.983,delivered,B2B-V1-BASE,BLD-9102B6E8BF1ABFFC5F32,True
DEL-SYN-002155,ORD-SYN-001724,VEH-SYN-03,SOR-01,LOC-SYN-CUS-110,2,2026-01-02T10:26:00-03:00,2026-01-02T13:26:00-03:00,101.983,delivered,B2B-V1-BASE,BLD-9102B6E8BF1ABFFC5F32,True
DEL-SYN-002156,ORD-SYN-001725,VEH-SYN-03,SOR-01,LOC-SYN-CUS-114,1,2026-01-03T10:53:00-03:00,2026-01-03T13:53:00-03:00,98.868,delivered,B2B-V1-BASE,BLD-9102B6E8BF1ABFFC5F32,True
DEL-SYN-002157,ORD-SYN-001726,VEH-SYN-04,SOR-01,LOC-SYN-CUS-064,1,2026-01-04T11:56:00-03:00,2026-01-04T14:56:00-03:00,102.777,delivered,B2B-V1-BASE,BLD-9102B6E8BF1ABFFC5F32,True
DEL-SYN-002158,ORD-SYN-001727,VEH-SYN-05,SOR-01,LOC-SYN-CUS-055,1,2026-01-03T12:00:00-03:00,2026-01-03T15:00:00-03:00,7.169,delivered,B2B-V1-BASE,BLD-9102B6E8BF1ABFFC5F32,True
DEL-SYN-002159,ORD-SYN-001728,VEH-SYN-06,SOR-01,LOC-SYN-CUS-062,1,2026-01-04T02:08:00-03:00,2026-01-04T05:08:00-03:00,84.711,delivered,B2B-V1-BASE,BLD-9102B6E8BF1ABFFC5F32,True
DEL-SYN-002160,ORD-SYN-001728,VEH-SYN-01,SOR-01,LOC-SYN-CUS-062,2,2026-01-04T12:08:00-03:00,2026-01-04T15:08:00-03:00,84.711,delivered,B2B-V1-BASE,BLD-9102B6E8BF1ABFFC5F32,True
DEL-SYN-002161,ORD-SYN-001729,VEH-SYN-01,SOR-01,LOC-SYN-CUS-105,1,2026-01-04T12:28:00-03:00,2026-01-04T15:28:00-03:00,13.533,delivered,B2B-V1-BASE,BLD-9102B6E8BF1ABFFC5F32,True
DEL-SYN-002162,ORD-SYN-001730,VEH-SYN-02,SOR-01,LOC-SYN-CUS-011,1,2026-01-04T12:34:00-03:00,2026-01-04T15:34:00-03:00,11.323,delivered,B2B-V1-BASE,BLD-9102B6E8BF1ABFFC5F32,True
DEL-SYN-002163,ORD-SYN-001731,VEH-SYN-03,SOR-01,LOC-SYN-CUS-057,1,2026-01-04T17:06:00-03:00,2026-01-04T20:06:00-03:00,11.041,delivered,B2B-V1-BASE,BLD-9102B6E8BF1ABFFC5F32,True
DEL-SYN-002164,ORD-SYN-001732,VEH-SYN-04,SOR-01,LOC-SYN-CUS-076,1,2026-01-04T10:44:00-03:00,2026-01-04T13:44:00-03:00,105.217,delivered,B2B-V1-BASE,BLD-9102B6E8BF1ABFFC5F32,True
DEL-SYN-002165,ORD-SYN-001732,VEH-SYN-05,SOR-01,LOC-SYN-CUS-076,2,2026-01-05T00:44:00-03:00,2026-01-05T03:44:00-03:00,105.217,delivered_with_incident,B2B-V1-BASE,BLD-9102B6E8BF1ABFFC5F32,True
DEL-SYN-002166,ORD-SYN-001733,VEH-SYN-05,SOR-01,LOC-SYN-CUS-076,1,2026-01-05T05:31:00-03:00,2026-01-05T08:31:00-03:00,105.217,delivered_with_incident,B2B-V1-BASE,BLD-9102B6E8BF1ABFFC5F32,True
DEL-SYN-002167,ORD-SYN-001734,VEH-SYN-06,SOR-01,LOC-SYN-CUS-086,1,2026-01-05T06:10:00-03:00,2026-01-05T09:10:00-03:00,100.855,delivered,B2B-V1-BASE,BLD-9102B6E8BF1ABFFC5F32,True
DEL-SYN-002168,ORD-SYN-001735,VEH-SYN-01,SOR-01,LOC-SYN-CUS-081,1,2026-01-06T21:07:00-03:00,2026-01-07T00:07:00-03:00,6.44,delivered,B2B-V1-BASE,BLD-9102B6E8BF1ABFFC5F32,True
DEL-SYN-002169,ORD-SYN-001736,VEH-SYN-02,SOR-01,LOC-SYN-CUS-046,1,2026-01-03T13:13:00-03:00,2026-01-03T16:13:00-03:00,97.72,delivered,B2B-V1-BASE,BLD-9102B6E8BF1ABFFC5F32,True
DEL-SYN-002170,ORD-SYN-001736,VEH-SYN-03,SOR-01,LOC-SYN-CUS-046,2,2026-01-04T03:13:00-03:00,2026-01-04T06:13:00-03:00,97.72,delivered,B2B-V1-BASE,BLD-9102B6E8BF1ABFFC5F32,True
DEL-SYN-002171,ORD-SYN-001737,VEH-SYN-03,SOR-01,LOC-SYN-CUS-018,1,2026-01-04T10:22:00-03:00,2026-01-04T13:22:00-03:00,97.884,delivered,B2B-V1-BASE,BLD-9102B6E8BF1ABFFC5F32,True
DEL-SYN-002172,ORD-SYN-001738,VEH-SYN-04,SOR-01,LOC-SYN-CUS-027,1,2026-01-04T10:28:00-03:00,2026-01-04T13:28:00-03:00,12.025,delivered,B2B-V1-BASE,BLD-9102B6E8BF1ABFFC5F32,True
DEL-SYN-002173,ORD-SYN-001739,VEH-SYN-05,SOR-01,LOC-SYN-CUS-053,1,2026-01-02T10:35:00-03:00,2026-01-02T13:35:00-03:00,11.138,delivered,B2B-V1-BASE,BLD-9102B6E8BF1ABFFC5F32,True
DEL-SYN-002174,ORD-SYN-001740,VEH-SYN-06,SOR-01,LOC-SYN-CUS-140,1,2026-01-02T01:23:00-03:00,2026-01-02T04:23:00-03:00,93.15,delivered,B2B-V1-BASE,BLD-9102B6E8BF1ABFFC5F32,True
DEL-SYN-002175,ORD-SYN-001740,VEH-SYN-01,SOR-01,LOC-SYN-CUS-140,2,2026-01-02T11:23:00-03:00,2026-01-02T14:23:00-03:00,93.15,delivered,B2B-V1-BASE,BLD-9102B6E8BF1ABFFC5F32,True
DEL-SYN-002176,ORD-SYN-001741,VEH-SYN-01,SOR-01,LOC-SYN-CUS-110,1,2026-01-02T11:24:00-03:00,2026-01-02T14:24:00-03:00,101.983,delivered,B2B-V1-BASE,BLD-9102B6E8BF1ABFFC5F32,True
DEL-SYN-002177,ORD-SYN-001742,VEH-SYN-02,SOR-01,LOC-SYN-CUS-067,1,2026-01-06T12:19:00-03:00,2026-01-06T15:19:00-03:00,13.624,delivered,B2B-V1-BASE,BLD-9102B6E8BF1ABFFC5F32,True
DEL-SYN-002178,ORD-SYN-001743,VEH-SYN-03,SOR-01,LOC-SYN-CUS-042,1,2026-01-02T12:41:00-03:00,2026-01-02T15:41:00-03:00,96.283,delivered,B2B-V1-BASE,BLD-9102B6E8BF1ABFFC5F32,True
DEL-SYN-002179,ORD-SYN-001744,VEH-SYN-04,SOR-01,LOC-SYN-CUS-039,1,2026-01-04T09:58:00-03:00,2026-01-04T12:58:00-03:00,12.9,delivered,B2B-V1-BASE,BLD-9102B6E8BF1ABFFC5F32,True
DEL-SYN-002180,ORD-SYN-001744,VEH-SYN-05,SOR-01,LOC-SYN-CUS-039,2,2026-01-04T23:58:00-03:00,2026-01-05T02:58:00-03:00,12.9,delivered_with_incident,B2B-V1-BASE,BLD-9102B6E8BF1ABFFC5F32,True
DEL-SYN-002181,ORD-SYN-001745,VEH-SYN-05,SOR-01,LOC-SYN-CUS-080,1,2026-01-03T05:09:00-03:00,2026-01-03T08:09:00-03:00,82.096,delivered,B2B-V1-BASE,BLD-9102B6E8BF1ABFFC5F32,True
DEL-SYN-002182,ORD-SYN-001746,VEH-SYN-06,SOR-01,LOC-SYN-CUS-082,1,2026-01-05T05:54:00-03:00,2026-01-05T08:54:00-03:00,95.328,delivered,B2B-V1-BASE,BLD-9102B6E8BF1ABFFC5F32,True
DEL-SYN-002183,ORD-SYN-001747,VEH-SYN-01,SOR-01,LOC-SYN-CUS-077,1,2026-01-04T21:44:00-03:00,2026-01-05T00:44:00-03:00,6.85,delivered,B2B-V1-BASE,BLD-9102B6E8BF1ABFFC5F32,True
DEL-SYN-002184,ORD-SYN-001748,VEH-SYN-02,SOR-01,LOC-SYN-CUS-066,1,2026-01-02T22:52:00-03:00,2026-01-03T01:52:00-03:00,96.649,delivered,B2B-V1-BASE,BLD-9102B6E8BF1ABFFC5F32,True
DEL-SYN-002185,ORD-SYN-001748,VEH-SYN-03,SOR-01,LOC-SYN-CUS-066,2,2026-01-03T08:52:00-03:00,2026-01-03T11:52:00-03:00,96.649,delivered,B2B-V1-BASE,BLD-9102B6E8BF1ABFFC5F32,True
DEL-SYN-002186,ORD-SYN-001749,VEH-SYN-03,SOR-01,LOC-SYN-CUS-048,1,2026-01-07T09:10:00-03:00,2026-01-07T12:10:00-03:00,94.78,delivered,B2B-V1-BASE,BLD-9102B6E8BF1ABFFC5F32,True
DEL-SYN-002187,ORD-SYN-001750,VEH-SYN-04,SOR-01,LOC-SYN-CUS-085,1,2026-01-05T09:13:00-03:00,2026-01-05T12:13:00-03:00,11.234,delivered,B2B-V1-BASE,BLD-9102B6E8BF1ABFFC5F32,True
DEL-SYN-002188,ORD-SYN-001751,VEH-SYN-05,SOR-01,LOC-SYN-CUS-061,1,2026-01-07T09:22:00-03:00,2026-01-07T12:22:00-03:00,12.904,delivered,B2B-V1-BASE,BLD-9102B6E8BF1ABFFC5F32,True
DEL-SYN-002189,ORD-SYN-001752,VEH-SYN-06,SOR-01,LOC-SYN-CUS-109,1,2026-01-05T23:38:00-03:00,2026-01-06T02:38:00-03:00,15.631,delivered,B2B-V1-BASE,BLD-9102B6E8BF1ABFFC5F32,True
DEL-SYN-002190,ORD-SYN-001752,VEH-SYN-01,SOR-01,LOC-SYN-CUS-109,2,2026-01-06T09:38:00-03:00,2026-01-06T12:38:00-03:00,15.631,delivered,B2B-V1-BASE,BLD-9102B6E8BF1ABFFC5F32,True
DEL-SYN-002191,ORD-SYN-001753,VEH-SYN-01,SOR-01,LOC-SYN-CUS-090,1,2026-01-05T09:39:00-03:00,2026-01-05T12:39:00-03:00,114.028,delivered,B2B-V1-BASE,BLD-9102B6E8BF1ABFFC5F32,True
DEL-SYN-002192,ORD-SYN-001754,VEH-SYN-02,SOR-01,LOC-SYN-CUS-133,1,2026-01-06T09:51:00-03:00,2026-01-06T12:51:00-03:00,15.316,delivered,B2B-V1-BASE,BLD-9102B6E8BF1ABFFC5F32,True
DEL-SYN-002193,ORD-SYN-001755,VEH-SYN-03,SOR-01,LOC-SYN-CUS-034,1,2026-01-04T00:14:00-03:00,2026-01-04T03:14:00-03:00,92.375,delivered,B2B-V1-BASE,BLD-9102B6E8BF1ABFFC5F32,True
DEL-SYN-002194,ORD-SYN-001756,VEH-SYN-04,SOR-01,LOC-SYN-CUS-111,1,2026-01-03T01:53:00-03:00,2026-01-03T04:53:00-03:00,11.121,delivered,B2B-V1-BASE,BLD-9102B6E8BF1ABFFC5F32,True
DEL-SYN-002195,ORD-SYN-001756,VEH-SYN-05,SOR-01,LOC-SYN-CUS-111,2,2026-01-03T11:53:00-03:00,2026-01-03T14:53:00-03:00,11.121,delivered,B2B-V1-BASE,BLD-9102B6E8BF1ABFFC5F32,True
DEL-SYN-002196,ORD-SYN-001757,VEH-SYN-05,SOR-01,LOC-SYN-CUS-135,1,2026-01-08T04:21:00-03:00,2026-01-08T07:21:00-03:00,15.798,delivered,B2B-V1-BASE,BLD-9102B6E8BF1ABFFC5F32,True
DEL-SYN-002197,ORD-SYN-001758,VEH-SYN-06,SOR-01,LOC-SYN-CUS-055,1,2026-01-06T06:31:00-03:00,2026-01-06T09:31:00-03:00,7.169,delivered,B2B-V1-BASE,BLD-9102B6E8BF1ABFFC5F32,True
DEL-SYN-002198,ORD-SYN-001759,VEH-SYN-01,SOR-01,LOC-SYN-CUS-125,1,2026-01-04T06:56:00-03:00,2026-01-04T09:56:00-03:00,11.651,delivered,B2B-V1-BASE,BLD-9102B6E8BF1ABFFC5F32,True
DEL-SYN-002199,ORD-SYN-001760,VEH-SYN-02,SOR-01,LOC-SYN-CUS-093,1,2026-01-07T21:48:00-03:00,2026-01-08T00:48:00-03:00,14.157,delivered,B2B-V1-BASE,BLD-9102B6E8BF1ABFFC5F32,True
DEL-SYN-002200,ORD-SYN-001760,VEH-SYN-03,SOR-01,LOC-SYN-CUS-093,2,2026-01-08T07:48:00-03:00,2026-01-08T10:48:00-03:00,14.157,delivered,B2B-V1-BASE,BLD-9102B6E8BF1ABFFC5F32,True
DEL-SYN-002201,ORD-SYN-001761,VEH-SYN-03,SOR-01,LOC-SYN-CUS-051,1,2026-01-08T09:13:00-03:00,2026-01-08T12:13:00-03:00,8.518,delivered,B2B-V1-BASE,BLD-9102B6E8BF1ABFFC5F32,True
DEL-SYN-002202,ORD-SYN-001762,VEH-SYN-04,SOR-01,LOC-SYN-CUS-005,1,2026-01-08T09:56:00-03:00,2026-01-08T12:56:00-03:00,9.779,delivered,B2B-V1-BASE,BLD-9102B6E8BF1ABFFC5F32,True
DEL-SYN-002203,ORD-SYN-001763,VEH-SYN-05,SOR-01,LOC-SYN-CUS-070,1,2026-01-04T10:19:00-03:00,2026-01-04T13:19:00-03:00,93.688,delivered,B2B-V1-BASE,BLD-9102B6E8BF1ABFFC5F32,True
DEL-SYN-002204,ORD-SYN-001764,VEH-SYN-06,SOR-01,LOC-SYN-CUS-094,1,2026-01-06T01:16:00-03:00,2026-01-06T04:16:00-03:00,81.241,delivered,B2B-V1-BASE,BLD-9102B6E8BF1ABFFC5F32,True
DEL-SYN-002205,ORD-SYN-001764,VEH-SYN-01,SOR-01,LOC-SYN-CUS-094,2,2026-01-06T11:16:00-03:00,2026-01-06T14:16:00-03:00,81.241,delivered,B2B-V1-BASE,BLD-9102B6E8BF1ABFFC5F32,True
DEL-SYN-002206,ORD-SYN-001765,VEH-SYN-01,SOR-01,LOC-SYN-CUS-009,1,2026-01-06T11:19:00-03:00,2026-01-06T14:19:00-03:00,14.093,delivered,B2B-V1-BASE,BLD-9102B6E8BF1ABFFC5F32,True
DEL-SYN-002207,ORD-SYN-001766,VEH-SYN-02,SOR-01,LOC-SYN-CUS-110,1,2026-01-06T11:31:00-03:00,2026-01-06T14:31:00-03:00,101.983,delivered,B2B-V1-BASE,BLD-9102B6E8BF1ABFFC5F32,True
DEL-SYN-002208,ORD-SYN-001767,VEH-SYN-03,SOR-01,LOC-SYN-CUS-007,1,2026-01-08T11:52:00-03:00,2026-01-08T14:52:00-03:00,14.599,delivered,B2B-V1-BASE,BLD-9102B6E8BF1ABFFC5F32,True
DEL-SYN-002209,ORD-SYN-001768,VEH-SYN-04,SOR-01,LOC-SYN-CUS-145,1,2026-01-06T02:29:00-03:00,2026-01-06T05:29:00-03:00,9.581,delivered,B2B-V1-BASE,BLD-9102B6E8BF1ABFFC5F32,True
DEL-SYN-002210,ORD-SYN-001768,VEH-SYN-05,SOR-01,LOC-SYN-CUS-145,2,2026-01-06T12:29:00-03:00,2026-01-06T15:29:00-03:00,9.581,delivered,B2B-V1-BASE,BLD-9102B6E8BF1ABFFC5F32,True
DEL-SYN-002211,ORD-SYN-001769,VEH-SYN-05,SOR-01,LOC-SYN-CUS-082,1,2026-01-06T03:10:00-03:00,2026-01-06T06:10:00-03:00,95.328,delivered,B2B-V1-BASE,BLD-9102B6E8BF1ABFFC5F32,True
DEL-SYN-002212,ORD-SYN-001770,VEH-SYN-06,SOR-01,LOC-SYN-CUS-139,1,2026-01-07T03:22:00-03:00,2026-01-07T06:22:00-03:00,20.414,delivered,B2B-V1-BASE,BLD-9102B6E8BF1ABFFC5F32,True
DEL-SYN-002213,ORD-SYN-001771,VEH-SYN-01,SOR-01,LOC-SYN-CUS-066,1,2026-01-08T04:03:00-03:00,2026-01-08T07:03:00-03:00,96.649,delivered,B2B-V1-BASE,BLD-9102B6E8BF1ABFFC5F32,True
DEL-SYN-002214,ORD-SYN-001772,VEH-SYN-02,SOR-01,LOC-SYN-CUS-116,1,2026-01-08T10:21:00-03:00,2026-01-08T13:21:00-03:00,97.555,delivered,B2B-V1-BASE,BLD-9102B6E8BF1ABFFC5F32,True
DEL-SYN-002215,ORD-SYN-001772,VEH-SYN-03,SOR-01,LOC-SYN-CUS-116,2,2026-01-09T00:21:00-03:00,2026-01-09T03:21:00-03:00,97.555,delivered,B2B-V1-BASE,BLD-9102B6E8BF1ABFFC5F32,True
DEL-SYN-002216,ORD-SYN-001773,VEH-SYN-03,SOR-01,LOC-SYN-CUS-077,1,2026-01-05T06:19:00-03:00,2026-01-05T09:19:00-03:00,6.85,delivered,B2B-V1-BASE,BLD-9102B6E8BF1ABFFC5F32,True
DEL-SYN-002217,ORD-SYN-001774,VEH-SYN-04,SOR-01,LOC-SYN-CUS-077,1,2026-01-05T06:45:00-03:00,2026-01-05T09:45:00-03:00,6.85,delivered,B2B-V1-BASE,BLD-9102B6E8BF1ABFFC5F32,True
DEL-SYN-002218,ORD-SYN-001775,VEH-SYN-05,SOR-01,LOC-SYN-CUS-113,1,2026-01-09T07:09:00-03:00,2026-01-09T10:09:00-03:00,18.69,delivered,B2B-V1-BASE,BLD-9102B6E8BF1ABFFC5F32,True
DEL-SYN-002219,ORD-SYN-001776,VEH-SYN-06,SOR-01,LOC-SYN-CUS-014,1,2026-01-08T22:49:00-03:00,2026-01-09T01:49:00-03:00,98.171,delivered,B2B-V1-BASE,BLD-9102B6E8BF1ABFFC5F32,True
DEL-SYN-002220,ORD-SYN-001776,VEH-SYN-01,SOR-01,LOC-SYN-CUS-014,2,2026-01-09T08:49:00-03:00,2026-01-09T11:49:00-03:00,98.171,delivered,B2B-V1-BASE,BLD-9102B6E8BF1ABFFC5F32,True
DEL-SYN-002221,ORD-SYN-001777,VEH-SYN-01,SOR-01,LOC-SYN-CUS-100,1,2026-01-06T09:07:00-03:00,2026-01-06T12:07:00-03:00,104.241,delivered,B2B-V1-BASE,BLD-9102B6E8BF1ABFFC5F32,True
DEL-SYN-002222,ORD-SYN-001778,VEH-SYN-02,SOR-01,LOC-SYN-CUS-118,1,2026-01-10T01:07:00-03:00,2026-01-10T04:07:00-03:00,89.411,delivered,B2B-V1-BASE,BLD-9102B6E8BF1ABFFC5F32,True
DEL-SYN-002223,ORD-SYN-001779,VEH-SYN-03,SOR-01,LOC-SYN-CUS-014,1,2026-01-06T11:27:00-03:00,2026-01-06T14:27:00-03:00,98.171,delivered,B2B-V1-BASE,BLD-9102B6E8BF1ABFFC5F32,True
DEL-SYN-002224,ORD-SYN-001780,VEH-SYN-04,SOR-01,LOC-SYN-CUS-098,1,2026-01-08T17:29:00-03:00,2026-01-08T20:29:00-03:00,100.419,delivered,B2B-V1-BASE,BLD-9102B6E8BF1ABFFC5F32,True
DEL-SYN-002225,ORD-SYN-001780,VEH-SYN-05,SOR-01,LOC-SYN-CUS-098,2,2026-01-09T07:29:00-03:00,2026-01-09T10:29:00-03:00,100.419,delivered,B2B-V1-BASE,BLD-9102B6E8BF1ABFFC5F32,True
DEL-SYN-002226,ORD-SYN-001781,VEH-SYN-05,SOR-01,LOC-SYN-CUS-042,1,2026-01-06T11:48:00-03:00,2026-01-06T14:48:00-03:00,96.283,delivered,B2B-V1-BASE,BLD-9102B6E8BF1ABFFC5F32,True
DEL-SYN-002227,ORD-SYN-001782,VEH-SYN-06,SOR-01,LOC-SYN-CUS-125,1,2026-01-06T03:46:00-03:00,2026-01-06T06:46:00-03:00,11.651,delivered,B2B-V1-BASE,BLD-9102B6E8BF1ABFFC5F32,True
DEL-SYN-002228,ORD-SYN-001783,VEH-SYN-01,SOR-01,LOC-SYN-CUS-053,1,2026-01-08T17:57:00-03:00,2026-01-08T20:57:00-03:00,11.138,delivered,B2B-V1-BASE,BLD-9102B6E8BF1ABFFC5F32,True
DEL-SYN-002229,ORD-SYN-001784,VEH-SYN-02,SOR-01,LOC-SYN-CUS-042,1,2026-01-07T11:19:00-03:00,2026-01-07T14:19:00-03:00,96.283,delivered_with_incident,B2B-V1-BASE,BLD-9102B6E8BF1ABFFC5F32,True
DEL-SYN-002230,ORD-SYN-001784,VEH-SYN-03,SOR-01,LOC-SYN-CUS-042,2,2026-01-08T01:19:00-03:00,2026-01-08T04:19:00-03:00,96.283,delivered,B2B-V1-BASE,BLD-9102B6E8BF1ABFFC5F32,True
DEL-SYN-002231,ORD-SYN-001785,VEH-SYN-03,SOR-01,LOC-SYN-CUS-025,1,2026-01-08T05:54:00-03:00,2026-01-08T08:54:00-03:00,12.656,delivered,B2B-V1-BASE,BLD-9102B6E8BF1ABFFC5F32,True
DEL-SYN-002232,ORD-SYN-001786,VEH-SYN-04,SOR-01,LOC-SYN-CUS-089,1,2026-01-10T06:41:00-03:00,2026-01-10T09:41:00-03:00,10.706,delivered,B2B-V1-BASE,BLD-9102B6E8BF1ABFFC5F32,True
DEL-SYN-002233,ORD-SYN-001787,VEH-SYN-05,SOR-01,LOC-SYN-CUS-006,1,2026-01-09T21:11:00-03:00,2026-01-10T00:11:00-03:00,102.381,delivered,B2B-V1-BASE,BLD-9102B6E8BF1ABFFC5F32,True
DEL-SYN-002234,ORD-SYN-001788,VEH-SYN-06,SOR-01,LOC-SYN-CUS-149,1,2026-01-08T22:42:00-03:00,2026-01-09T01:42:00-03:00,9.994,delivered,B2B-V1-BASE,BLD-9102B6E8BF1ABFFC5F32,True
DEL-SYN-002235,ORD-SYN-001788,VEH-SYN-01,SOR-01,LOC-SYN-CUS-149,2,2026-01-09T08:42:00-03:00,2026-01-09T11:42:00-03:00,9.994,delivered,B2B-V1-BASE,BLD-9102B6E8BF1ABFFC5F32,True
DEL-SYN-002236,ORD-SYN-001789,VEH-SYN-01,SOR-01,LOC-SYN-CUS-085,1,2026-01-10T23:48:00-03:00,2026-01-11T02:48:00-03:00,11.234,delivered,B2B-V1-BASE,BLD-9102B6E8BF1ABFFC5F32,True
DEL-SYN-002237,ORD-SYN-001790,VEH-SYN-02,SOR-01,LOC-SYN-CUS-014,1,2026-01-06T10:53:00-03:00,2026-01-06T13:53:00-03:00,98.171,delivered,B2B-V1-BASE,BLD-9102B6E8BF1ABFFC5F32,True
DEL-SYN-002238,ORD-SYN-001791,VEH-SYN-03,SOR-01,LOC-SYN-CUS-011,1,2026-01-09T01:15:00-03:00,2026-01-09T04:15:00-03:00,11.323,delivered,B2B-V1-BASE,BLD-9102B6E8BF1ABFFC5F32,True
DEL-SYN-002239,ORD-SYN-001792,VEH-SYN-04,SOR-01,LOC-SYN-CUS-113,1,2026-01-09T17:19:00-03:00,2026-01-09T20:19:00-03:00,18.69,delivered,B2B-V1-BASE,BLD-9102B6E8BF1ABFFC5F32,True
DEL-SYN-002240,ORD-SYN-001792,VEH-SYN-05,SOR-01,LOC-SYN-CUS-113,2,2026-01-10T03:19:00-03:00,2026-01-10T06:19:00-03:00,18.69,delivered,B2B-V1-BASE,BLD-9102B6E8BF1ABFFC5F32,True
DEL-SYN-002241,ORD-SYN-001793,VEH-SYN-05,SOR-01,LOC-SYN-CUS-062,1,2026-01-10T03:19:00-03:00,2026-01-10T06:19:00-03:00,84.711,delivered,B2B-V1-BASE,BLD-9102B6E8BF1ABFFC5F32,True
DEL-SYN-002242,ORD-SYN-001794,VEH-SYN-06,SOR-01,LOC-SYN-CUS-138,1,2026-01-11T04:13:00-03:00,2026-01-11T07:13:00-03:00,93.584,delivered,B2B-V1-BASE,BLD-9102B6E8BF1ABFFC5F32,True
DEL-SYN-002243,ORD-SYN-001795,VEH-SYN-01,SOR-01,LOC-SYN-CUS-005,1,2026-01-07T05:02:00-03:00,2026-01-07T08:02:00-03:00,9.779,delivered,B2B-V1-BASE,BLD-9102B6E8BF1ABFFC5F32,True
DEL-SYN-002244,ORD-SYN-001796,VEH-SYN-02,SOR-01,LOC-SYN-CUS-146,1,2026-01-09T20:34:00-03:00,2026-01-09T23:34:00-03:00,99.257,delivered,B2B-V1-BASE,BLD-9102B6E8BF1ABFFC5F32,True
DEL-SYN-002245,ORD-SYN-001796,VEH-SYN-03,SOR-01,LOC-SYN-CUS-146,2,2026-01-10T06:34:00-03:00,2026-01-10T09:34:00-03:00,99.257,delivered,B2B-V1-BASE,BLD-9102B6E8BF1ABFFC5F32,True
DEL-SYN-002246,ORD-SYN-001797,VEH-SYN-03,SOR-01,LOC-SYN-CUS-049,1,2026-01-10T21:13:00-03:00,2026-01-11T00:13:00-03:00,13.054,delivered,B2B-V1-BASE,BLD-9102B6E8BF1ABFFC5F32,True
DEL-SYN-002247,ORD-SYN-001798,VEH-SYN-04,SOR-01,LOC-SYN-CUS-010,1,2026-01-10T07:58:00-03:00,2026-01-10T10:58:00-03:00,98.174,delivered,B2B-V1-BASE,BLD-9102B6E8BF1ABFFC5F32,True
DEL-SYN-002248,ORD-SYN-001799,VEH-SYN-05,SOR-01,LOC-SYN-CUS-094,1,2026-01-07T09:23:00-03:00,2026-01-07T12:23:00-03:00,81.241,delivered,B2B-V1-BASE,BLD-9102B6E8BF1ABFFC5F32,True
DEL-SYN-002249,ORD-SYN-001800,VEH-SYN-06,SOR-01,LOC-SYN-CUS-094,1,2026-01-07T23:38:00-03:00,2026-01-08T02:38:00-03:00,81.241,delivered,B2B-V1-BASE,BLD-9102B6E8BF1ABFFC5F32,True
DEL-SYN-002250,ORD-SYN-001800,VEH-SYN-01,SOR-01,LOC-SYN-CUS-094,2,2026-01-08T09:38:00-03:00,2026-01-08T12:38:00-03:00,81.241,delivered_with_incident,B2B-V1-BASE,BLD-9102B6E8BF1ABFFC5F32,True
DEL-SYN-002251,ORD-SYN-001801,VEH-SYN-01,SOR-01,LOC-SYN-CUS-065,1,2026-01-07T12:35:00-03:00,2026-01-07T15:35:00-03:00,13.49,delivered,B2B-V1-BASE,BLD-9102B6E8BF1ABFFC5F32,True
DEL-SYN-002252,ORD-SYN-001802,VEH-SYN-02,SOR-01,LOC-SYN-CUS-070,1,2026-01-11T12:57:00-03:00,2026-01-11T15:57:00-03:00,93.688,delivered,B2B-V1-BASE,BLD-9102B6E8BF1ABFFC5F32,True
DEL-SYN-002253,ORD-SYN-001803,VEH-SYN-03,SOR-01,LOC-SYN-CUS-137,1,2026-01-08T17:26:00-03:00,2026-01-08T20:26:00-03:00,11.323,delivered,B2B-V1-BASE,BLD-9102B6E8BF1ABFFC5F32,True
DEL-SYN-002254,ORD-SYN-001804,VEH-SYN-04,SOR-01,LOC-SYN-CUS-108,1,2026-01-11T17:30:00-03:00,2026-01-11T20:30:00-03:00,104.477,delivered,B2B-V1-BASE,BLD-9102B6E8BF1ABFFC5F32,True
DEL-SYN-002255,ORD-SYN-001804,VEH-SYN-05,SOR-01,LOC-SYN-CUS-108,2,2026-01-12T03:30:00-03:00,2026-01-12T06:30:00-03:00,104.477,delivered,B2B-V1-BASE,BLD-9102B6E8BF1ABFFC5F32,True
DEL-SYN-002256,ORD-SYN-001805,VEH-SYN-05,SOR-01,LOC-SYN-CUS-150,1,2026-01-09T03:30:00-03:00,2026-01-09T06:30:00-03:00,93.487,delivered,B2B-V1-BASE,BLD-9102B6E8BF1ABFFC5F32,True
DEL-SYN-002257,ORD-SYN-001806,VEH-SYN-06,SOR-01,LOC-SYN-CUS-110,1,2026-01-10T18:24:00-03:00,2026-01-10T21:24:00-03:00,101.983,delivered,B2B-V1-BASE,BLD-9102B6E8BF1ABFFC5F32,True
DEL-SYN-002258,ORD-SYN-001807,VEH-SYN-01,SOR-01,LOC-SYN-CUS-043,1,2026-01-10T04:56:00-03:00,2026-01-10T07:56:00-03:00,10.148,delivered,B2B-V1-BASE,BLD-9102B6E8BF1ABFFC5F32,True
DEL-SYN-002259,ORD-SYN-001808,VEH-SYN-02,SOR-01,LOC-SYN-CUS-066,1,2026-01-09T21:21:00-03:00,2026-01-10T00:21:00-03:00,96.649,delivered,B2B-V1-BASE,BLD-9102B6E8BF1ABFFC5F32,True
DEL-SYN-002260,ORD-SYN-001808,VEH-SYN-03,SOR-01,LOC-SYN-CUS-066,2,2026-01-10T07:21:00-03:00,2026-01-10T10:21:00-03:00,96.649,delivered,B2B-V1-BASE,BLD-9102B6E8BF1ABFFC5F32,True
DEL-SYN-002261,ORD-SYN-001809,VEH-SYN-03,SOR-01,LOC-SYN-CUS-106,1,2026-01-08T07:54:00-03:00,2026-01-08T10:54:00-03:00,97.3,delivered,B2B-V1-BASE,BLD-9102B6E8BF1ABFFC5F32,True
DEL-SYN-002262,ORD-SYN-001810,VEH-SYN-04,SOR-01,LOC-SYN-CUS-096,1,2026-01-12T09:25:00-03:00,2026-01-12T12:25:00-03:00,108.662,delivered,B2B-V1-BASE,BLD-9102B6E8BF1ABFFC5F32,True
DEL-SYN-002263,ORD-SYN-001811,VEH-SYN-05,SOR-01,LOC-SYN-CUS-106,1,2026-01-11T10:06:00-03:00,2026-01-11T13:06:00-03:00,97.3,delivered,B2B-V1-BASE,BLD-9102B6E8BF1ABFFC5F32,True
DEL-SYN-002264,ORD-SYN-001812,VEH-SYN-06,SOR-01,LOC-SYN-CUS-141,1,2026-01-09T00:14:00-03:00,2026-01-09T03:14:00-03:00,3.791,delivered,B2B-V1-BASE,BLD-9102B6E8BF1ABFFC5F32,True
DEL-SYN-002265,ORD-SYN-001812,VEH-SYN-01,SOR-01,LOC-SYN-CUS-141,2,2026-01-09T10:14:00-03:00,2026-01-09T13:14:00-03:00,3.791,delivered,B2B-V1-BASE,BLD-9102B6E8BF1ABFFC5F32,True
DEL-SYN-002266,ORD-SYN-001813,VEH-SYN-01,SOR-01,LOC-SYN-CUS-135,1,2026-01-11T10:49:00-03:00,2026-01-11T13:49:00-03:00,15.798,delivered,B2B-V1-BASE,BLD-9102B6E8BF1ABFFC5F32,True
DEL-SYN-002267,ORD-SYN-001814,VEH-SYN-02,SOR-01,LOC-SYN-CUS-133,1,2026-01-09T00:50:00-03:00,2026-01-09T03:50:00-03:00,15.316,delivered,B2B-V1-BASE,BLD-9102B6E8BF1ABFFC5F32,True
DEL-SYN-002268,ORD-SYN-001815,VEH-SYN-03,SOR-01,LOC-SYN-CUS-126,1,2026-01-10T04:05:00-03:00,2026-01-10T07:05:00-03:00,96.582,delivered,B2B-V1-BASE,BLD-9102B6E8BF1ABFFC5F32,True
DEL-SYN-002269,ORD-SYN-001816,VEH-SYN-04,SOR-01,LOC-SYN-CUS-083,1,2026-01-11T19:00:00-03:00,2026-01-11T22:00:00-03:00,15.586,delivered,B2B-V1-BASE,BLD-9102B6E8BF1ABFFC5F32,True
DEL-SYN-002270,ORD-SYN-001816,VEH-SYN-05,SOR-01,LOC-SYN-CUS-083,2,2026-01-12T05:00:00-03:00,2026-01-12T08:00:00-03:00,15.586,delivered,B2B-V1-BASE,BLD-9102B6E8BF1ABFFC5F32,True
DEL-SYN-002271,ORD-SYN-001817,VEH-SYN-05,SOR-01,LOC-SYN-CUS-125,1,2026-01-10T05:09:00-03:00,2026-01-10T08:09:00-03:00,11.651,delivered,B2B-V1-BASE,BLD-9102B6E8BF1ABFFC5F32,True
DEL-SYN-002272,ORD-SYN-001818,VEH-SYN-06,SOR-01,LOC-SYN-CUS-079,1,2026-01-09T05:12:00-03:00,2026-01-09T08:12:00-03:00,9.76,delivered,B2B-V1-BASE,BLD-9102B6E8BF1ABFFC5F32,True
DEL-SYN-002273,ORD-SYN-001819,VEH-SYN-01,SOR-01,LOC-SYN-CUS-101,1,2026-01-10T05:41:00-03:00,2026-01-10T08:41:00-03:00,8.729,delivered,B2B-V1-BASE,BLD-9102B6E8BF1ABFFC5F32,True
DEL-SYN-002274,ORD-SYN-001820,VEH-SYN-02,SOR-01,LOC-SYN-CUS-017,1,2026-01-10T20:38:00-03:00,2026-01-10T23:38:00-03:00,7.536,delivered,B2B-V1-BASE,BLD-9102B6E8BF1ABFFC5F32,True
DEL-SYN-002275,ORD-SYN-001820,VEH-SYN-03,SOR-01,LOC-SYN-CUS-017,2,2026-01-11T06:38:00-03:00,2026-01-11T09:38:00-03:00,7.536,delivered,B2B-V1-BASE,BLD-9102B6E8BF1ABFFC5F32,True
DEL-SYN-002276,ORD-SYN-001821,VEH-SYN-03,SOR-01,LOC-SYN-CUS-137,1,2026-01-12T06:44:00-03:00,2026-01-12T09:44:00-03:00,11.323,delivered,B2B-V1-BASE,BLD-9102B6E8BF1ABFFC5F32,True
DEL-SYN-002277,ORD-SYN-001822,VEH-SYN-04,SOR-01,LOC-SYN-CUS-004,1,2026-01-12T06:49:00-03:00,2026-01-12T09:49:00-03:00,101.893,delivered,B2B-V1-BASE,BLD-9102B6E8BF1ABFFC5F32,True
DEL-SYN-002278,ORD-SYN-001823,VEH-SYN-05,SOR-01,LOC-SYN-CUS-114,1,2026-01-13T21:28:00-03:00,2026-01-14T00:28:00-03:00,98.868,delivered,B2B-V1-BASE,BLD-9102B6E8BF1ABFFC5F32,True
DEL-SYN-002279,ORD-SYN-001824,VEH-SYN-06,SOR-01,LOC-SYN-CUS-014,1,2026-01-10T22:43:00-03:00,2026-01-11T01:43:00-03:00,98.171,delivered,B2B-V1-BASE,BLD-9102B6E8BF1ABFFC5F32,True
DEL-SYN-002280,ORD-SYN-001824,VEH-SYN-01,SOR-01,LOC-SYN-CUS-014,2,2026-01-11T08:43:00-03:00,2026-01-11T11:43:00-03:00,98.171,delivered,B2B-V1-BASE,BLD-9102B6E8BF1ABFFC5F32,True
DEL-SYN-002281,ORD-SYN-001825,VEH-SYN-01,SOR-01,LOC-SYN-CUS-018,1,2026-01-10T09:55:00-03:00,2026-01-10T12:55:00-03:00,97.884,delivered,B2B-V1-BASE,BLD-9102B6E8BF1ABFFC5F32,True
DEL-SYN-002282,ORD-SYN-001826,VEH-SYN-02,SOR-01,LOC-SYN-CUS-049,1,2026-01-11T10:47:00-03:00,2026-01-11T13:47:00-03:00,13.054,delivered,B2B-V1-BASE,BLD-9102B6E8BF1ABFFC5F32,True
DEL-SYN-002283,ORD-SYN-001827,VEH-SYN-03,SOR-01,LOC-SYN-CUS-085,1,2026-01-12T04:20:00-03:00,2026-01-12T07:20:00-03:00,11.234,delivered,B2B-V1-BASE,BLD-9102B6E8BF1ABFFC5F32,True
DEL-SYN-002284,ORD-SYN-001828,VEH-SYN-04,SOR-01,LOC-SYN-CUS-150,1,2026-01-13T21:25:00-03:00,2026-01-14T00:25:00-03:00,93.487,delivered,B2B-V1-BASE,BLD-9102B6E8BF1ABFFC5F32,True
DEL-SYN-002285,ORD-SYN-001828,VEH-SYN-05,SOR-01,LOC-SYN-CUS-150,2,2026-01-14T07:25:00-03:00,2026-01-14T10:25:00-03:00,93.487,delivered,B2B-V1-BASE,BLD-9102B6E8BF1ABFFC5F32,True
DEL-SYN-002286,ORD-SYN-001829,VEH-SYN-05,SOR-01,LOC-SYN-CUS-026,1,2026-01-13T07:40:00-03:00,2026-01-13T10:40:00-03:00,93.542,delivered,B2B-V1-BASE,BLD-9102B6E8BF1ABFFC5F32,True
DEL-SYN-002287,ORD-SYN-001830,VEH-SYN-06,SOR-01,LOC-SYN-CUS-122,1,2026-01-10T21:46:00-03:00,2026-01-11T00:46:00-03:00,107.646,delivered,B2B-V1-BASE,BLD-9102B6E8BF1ABFFC5F32,True
DEL-SYN-002288,ORD-SYN-001831,VEH-SYN-01,SOR-01,LOC-SYN-CUS-120,1,2026-01-12T07:52:00-03:00,2026-01-12T10:52:00-03:00,87.645,delivered,B2B-V1-BASE,BLD-9102B6E8BF1ABFFC5F32,True
DEL-SYN-002289,ORD-SYN-001832,VEH-SYN-02,SOR-01,LOC-SYN-CUS-100,1,2026-01-09T22:16:00-03:00,2026-01-10T01:16:00-03:00,104.241,delivered,B2B-V1-BASE,BLD-9102B6E8BF1ABFFC5F32,True
DEL-SYN-002290,ORD-SYN-001832,VEH-SYN-03,SOR-01,LOC-SYN-CUS-100,2,2026-01-10T08:16:00-03:00,2026-01-10T11:16:00-03:00,104.241,delivered,B2B-V1-BASE,BLD-9102B6E8BF1ABFFC5F32,True
DEL-SYN-002291,ORD-SYN-001833,VEH-SYN-03,SOR-01,LOC-SYN-CUS-058,1,2026-01-11T08:45:00-03:00,2026-01-11T11:45:00-03:00,98.394,delivered,B2B-V1-BASE,BLD-9102B6E8BF1ABFFC5F32,True
DEL-SYN-002292,ORD-SYN-001834,VEH-SYN-04,SOR-01,LOC-SYN-CUS-130,1,2026-01-12T10:00:00-03:00,2026-01-12T13:00:00-03:00,92.017,delivered,B2B-V1-BASE,BLD-9102B6E8BF1ABFFC5F32,True
DEL-SYN-002293,ORD-SYN-001835,VEH-SYN-05,SOR-01,LOC-SYN-CUS-014,1,2026-01-14T10:34:00-03:00,2026-01-14T13:34:00-03:00,98.171,delivered_with_incident,B2B-V1-BASE,BLD-9102B6E8BF1ABFFC5F32,True
DEL-SYN-002294,ORD-SYN-001836,VEH-SYN-06,SOR-01,LOC-SYN-CUS-002,1,2026-01-10T01:01:00-03:00,2026-01-10T04:01:00-03:00,87.443,delivered,B2B-V1-BASE,BLD-9102B6E8BF1ABFFC5F32,True
DEL-SYN-002295,ORD-SYN-001836,VEH-SYN-01,SOR-01,LOC-SYN-CUS-002,2,2026-01-10T11:01:00-03:00,2026-01-10T14:01:00-03:00,87.443,delivered,B2B-V1-BASE,BLD-9102B6E8BF1ABFFC5F32,True
DEL-SYN-002296,ORD-SYN-001837,VEH-SYN-01,SOR-01,LOC-SYN-CUS-065,1,2026-01-11T01:09:00-03:00,2026-01-11T04:09:00-03:00,13.49,delivered,B2B-V1-BASE,BLD-9102B6E8BF1ABFFC5F32,True
DEL-SYN-002297,ORD-SYN-001838,VEH-SYN-02,SOR-01,LOC-SYN-CUS-014,1,2026-01-12T11:15:00-03:00,2026-01-12T14:15:00-03:00,98.171,delivered,B2B-V1-BASE,BLD-9102B6E8BF1ABFFC5F32,True
DEL-SYN-002298,ORD-SYN-001839,VEH-SYN-03,SOR-01,LOC-SYN-CUS-018,1,2026-01-13T11:18:00-03:00,2026-01-13T14:18:00-03:00,97.884,delivered,B2B-V1-BASE,BLD-9102B6E8BF1ABFFC5F32,True
DEL-SYN-002299,ORD-SYN-001840,VEH-SYN-04,SOR-01,LOC-SYN-CUS-090,1,2026-01-13T17:41:00-03:00,2026-01-13T20:41:00-03:00,114.028,delivered,B2B-V1-BASE,BLD-9102B6E8BF1ABFFC5F32,True
DEL-SYN-002300,ORD-SYN-001840,VEH-SYN-05,SOR-01,LOC-SYN-CUS-090,2,2026-01-14T03:41:00-03:00,2026-01-14T06:41:00-03:00,114.028,delivered,B2B-V1-BASE,BLD-9102B6E8BF1ABFFC5F32,True
DEL-SYN-002301,ORD-SYN-001841,VEH-SYN-05,SOR-01,LOC-SYN-CUS-023,1,2026-01-14T03:42:00-03:00,2026-01-14T06:42:00-03:00,12.238,delivered,B2B-V1-BASE,BLD-9102B6E8BF1ABFFC5F32,True
DEL-SYN-002302,ORD-SYN-001842,VEH-SYN-06,SOR-01,LOC-SYN-CUS-146,1,2026-01-13T04:14:00-03:00,2026-01-13T07:14:00-03:00,99.257,delivered,B2B-V1-BASE,BLD-9102B6E8BF1ABFFC5F32,True
DEL-SYN-002303,ORD-SYN-001843,VEH-SYN-01,SOR-01,LOC-SYN-CUS-010,1,2026-01-11T04:17:00-03:00,2026-01-11T07:17:00-03:00,98.174,delivered,B2B-V1-BASE,BLD-9102B6E8BF1ABFFC5F32,True
DEL-SYN-002304,ORD-SYN-001844,VEH-SYN-02,SOR-01,LOC-SYN-CUS-073,1,2026-01-10T18:57:00-03:00,2026-01-10T21:57:00-03:00,17.971,delivered,B2B-V1-BASE,BLD-9102B6E8BF1ABFFC5F32,True
DEL-SYN-002305,ORD-SYN-001844,VEH-SYN-03,SOR-01,LOC-SYN-CUS-073,2,2026-01-11T04:57:00-03:00,2026-01-11T07:57:00-03:00,17.971,delivered,B2B-V1-BASE,BLD-9102B6E8BF1ABFFC5F32,True
DEL-SYN-002306,ORD-SYN-001845,VEH-SYN-03,SOR-01,LOC-SYN-CUS-065,1,2026-01-11T19:47:00-03:00,2026-01-11T22:47:00-03:00,13.49,delivered,B2B-V1-BASE,BLD-9102B6E8BF1ABFFC5F32,True
DEL-SYN-002307,ORD-SYN-001846,VEH-SYN-04,SOR-01,LOC-SYN-CUS-050,1,2026-01-14T20:51:00-03:00,2026-01-14T23:51:00-03:00,95.323,delivered,B2B-V1-BASE,BLD-9102B6E8BF1ABFFC5F32,True
DEL-SYN-002308,ORD-SYN-001847,VEH-SYN-05,SOR-01,LOC-SYN-CUS-002,1,2026-01-15T21:17:00-03:00,2026-01-16T00:17:00-03:00,87.443,delivered,B2B-V1-BASE,BLD-9102B6E8BF1ABFFC5F32,True
DEL-SYN-002309,ORD-SYN-001848,VEH-SYN-06,SOR-01,LOC-SYN-CUS-006,1,2026-01-10T21:27:00-03:00,2026-01-11T00:27:00-03:00,102.381,delivered,B2B-V1-BASE,BLD-9102B6E8BF1ABFFC5F32,True
DEL-SYN-002310,ORD-SYN-001848,VEH-SYN-01,SOR-01,LOC-SYN-CUS-006,2,2026-01-11T07:27:00-03:00,2026-01-11T10:27:00-03:00,102.381,delivered,B2B-V1-BASE,BLD-9102B6E8BF1ABFFC5F32,True
DEL-SYN-002311,ORD-SYN-001849,VEH-SYN-01,SOR-01,LOC-SYN-CUS-034,1,2026-01-12T07:52:00-03:00,2026-01-12T10:52:00-03:00,92.375,delivered,B2B-V1-BASE,BLD-9102B6E8BF1ABFFC5F32,True
DEL-SYN-002312,ORD-SYN-001850,VEH-SYN-02,SOR-01,LOC-SYN-CUS-017,1,2026-01-11T08:07:00-03:00,2026-01-11T11:07:00-03:00,7.536,delivered,B2B-V1-BASE,BLD-9102B6E8BF1ABFFC5F32,True
DEL-SYN-002313,ORD-SYN-001851,VEH-SYN-03,SOR-01,LOC-SYN-CUS-029,1,2026-01-13T08:14:00-03:00,2026-01-13T11:14:00-03:00,8.682,delivered,B2B-V1-BASE,BLD-9102B6E8BF1ABFFC5F32,True
DEL-SYN-002314,ORD-SYN-001852,VEH-SYN-04,SOR-01,LOC-SYN-CUS-074,1,2026-01-11T00:55:00-03:00,2026-01-11T03:55:00-03:00,106.713,delivered_with_incident,B2B-V1-BASE,BLD-9102B6E8BF1ABFFC5F32,True
DEL-SYN-002315,ORD-SYN-001852,VEH-SYN-05,SOR-01,LOC-SYN-CUS-074,2,2026-01-11T10:55:00-03:00,2026-01-11T13:55:00-03:00,106.713,delivered,B2B-V1-BASE,BLD-9102B6E8BF1ABFFC5F32,True
DEL-SYN-002316,ORD-SYN-001853,VEH-SYN-05,SOR-01,LOC-SYN-CUS-030,1,2026-01-14T01:01:00-03:00,2026-01-14T04:01:00-03:00,95.926,delivered,B2B-V1-BASE,BLD-9102B6E8BF1ABFFC5F32,True
DEL-SYN-002317,ORD-SYN-001854,VEH-SYN-06,SOR-01,LOC-SYN-CUS-060,1,2026-01-12T11:41:00-03:00,2026-01-12T14:41:00-03:00,99.346,delivered,B2B-V1-BASE,BLD-9102B6E8BF1ABFFC5F32,True
DEL-SYN-002318,ORD-SYN-001855,VEH-SYN-01,SOR-01,LOC-SYN-CUS-042,1,2026-01-15T12:42:00-03:00,2026-01-15T15:42:00-03:00,96.283,delivered,B2B-V1-BASE,BLD-9102B6E8BF1ABFFC5F32,True
DEL-SYN-002319,ORD-SYN-001856,VEH-SYN-02,SOR-01,LOC-SYN-CUS-077,1,2026-01-12T02:47:00-03:00,2026-01-12T05:47:00-03:00,6.85,delivered,B2B-V1-BASE,BLD-9102B6E8BF1ABFFC5F32,True
DEL-SYN-002320,ORD-SYN-001856,VEH-SYN-03,SOR-01,LOC-SYN-CUS-077,2,2026-01-12T12:47:00-03:00,2026-01-12T15:47:00-03:00,6.85,delivered,B2B-V1-BASE,BLD-9102B6E8BF1ABFFC5F32,True
DEL-SYN-002321,ORD-SYN-001857,VEH-SYN-03,SOR-01,LOC-SYN-CUS-083,1,2026-01-15T03:33:00-03:00,2026-01-15T06:33:00-03:00,15.586,delivered,B2B-V1-BASE,BLD-9102B6E8BF1ABFFC5F32,True
DEL-SYN-002322,ORD-SYN-001858,VEH-SYN-04,SOR-01,LOC-SYN-CUS-142,1,2026-01-13T04:26:00-03:00,2026-01-13T07:26:00-03:00,96.727,delivered,B2B-V1-BASE,BLD-9102B6E8BF1ABFFC5F32,True
DEL-SYN-002323,ORD-SYN-001859,VEH-SYN-05,SOR-01,LOC-SYN-CUS-129,1,2026-01-14T05:43:00-03:00,2026-01-14T08:43:00-03:00,10.44,delivered,B2B-V1-BASE,BLD-9102B6E8BF1ABFFC5F32,True
DEL-SYN-002324,ORD-SYN-001860,VEH-SYN-06,SOR-01,LOC-SYN-CUS-141,1,2026-01-12T00:39:00-03:00,2026-01-12T03:39:00-03:00,3.791,delivered,B2B-V1-BASE,BLD-9102B6E8BF1ABFFC5F32,True
DEL-SYN-002325,ORD-SYN-001860,VEH-SYN-01,SOR-01,LOC-SYN-CUS-141,2,2026-01-12T10:39:00-03:00,2026-01-12T13:39:00-03:00,3.791,delivered,B2B-V1-BASE,BLD-9102B6E8BF1ABFFC5F32,True
DEL-SYN-002326,ORD-SYN-001861,VEH-SYN-01,SOR-01,LOC-SYN-CUS-125,1,2026-01-14T01:40:00-03:00,2026-01-14T04:40:00-03:00,11.651,delivered,B2B-V1-BASE,BLD-9102B6E8BF1ABFFC5F32,True
DEL-SYN-002327,ORD-SYN-001862,VEH-SYN-02,SOR-01,LOC-SYN-CUS-086,1,2026-01-15T12:08:00-03:00,2026-01-15T15:08:00-03:00,100.855,delivered,B2B-V1-BASE,BLD-9102B6E8BF1ABFFC5F32,True
DEL-SYN-002328,ORD-SYN-001863,VEH-SYN-03,SOR-01,LOC-SYN-CUS-141,1,2026-01-12T12:53:00-03:00,2026-01-12T15:53:00-03:00,3.791,delivered,B2B-V1-BASE,BLD-9102B6E8BF1ABFFC5F32,True
DEL-SYN-002329,ORD-SYN-001864,VEH-SYN-04,SOR-01,LOC-SYN-CUS-073,1,2026-01-13T17:10:00-03:00,2026-01-13T20:10:00-03:00,17.971,delivered,B2B-V1-BASE,BLD-9102B6E8BF1ABFFC5F32,True
DEL-SYN-002330,ORD-SYN-001864,VEH-SYN-05,SOR-01,LOC-SYN-CUS-073,2,2026-01-14T03:10:00-03:00,2026-01-14T06:10:00-03:00,17.971,delivered,B2B-V1-BASE,BLD-9102B6E8BF1ABFFC5F32,True
DEL-SYN-002331,ORD-SYN-001865,VEH-SYN-05,SOR-01,LOC-SYN-CUS-140,1,2026-01-14T04:27:00-03:00,2026-01-14T07:27:00-03:00,93.15,delivered,B2B-V1-BASE,BLD-9102B6E8BF1ABFFC5F32,True
DEL-SYN-002332,ORD-SYN-001866,VEH-SYN-06,SOR-01,LOC-SYN-CUS-018,1,2026-01-14T04:27:00-03:00,2026-01-14T07:27:00-03:00,97.884,delivered,B2B-V1-BASE,BLD-9102B6E8BF1ABFFC5F32,True
DEL-SYN-002333,ORD-SYN-001867,VEH-SYN-01,SOR-01,LOC-SYN-CUS-110,1,2026-01-15T05:41:00-03:00,2026-01-15T08:41:00-03:00,101.983,delivered,B2B-V1-BASE,BLD-9102B6E8BF1ABFFC5F32,True
DEL-SYN-002334,ORD-SYN-001868,VEH-SYN-02,SOR-01,LOC-SYN-CUS-049,1,2026-01-13T20:05:00-03:00,2026-01-13T23:05:00-03:00,13.054,delivered,B2B-V1-BASE,BLD-9102B6E8BF1ABFFC5F32,True
DEL-SYN-002335,ORD-SYN-001868,VEH-SYN-03,SOR-01,LOC-SYN-CUS-049,2,2026-01-14T06:05:00-03:00,2026-01-14T09:05:00-03:00,13.054,delivered,B2B-V1-BASE,BLD-9102B6E8BF1ABFFC5F32,True
DEL-SYN-002336,ORD-SYN-001869,VEH-SYN-03,SOR-01,LOC-SYN-CUS-058,1,2026-01-16T08:44:00-03:00,2026-01-16T11:44:00-03:00,98.394,delivered_with_incident,B2B-V1-BASE,BLD-9102B6E8BF1ABFFC5F32,True
DEL-SYN-002337,ORD-SYN-001870,VEH-SYN-04,SOR-01,LOC-SYN-CUS-029,1,2026-01-17T23:34:00-03:00,2026-01-18T02:34:00-03:00,8.682,delivered,B2B-V1-BASE,BLD-9102B6E8BF1ABFFC5F32,True
DEL-SYN-002338,ORD-SYN-001871,VEH-SYN-05,SOR-01,LOC-SYN-CUS-149,1,2026-01-14T09:43:00-03:00,2026-01-14T12:43:00-03:00,9.994,delivered,B2B-V1-BASE,BLD-9102B6E8BF1ABFFC5F32,True
DEL-SYN-002339,ORD-SYN-001872,VEH-SYN-06,SOR-01,LOC-SYN-CUS-135,1,2026-01-15T00:10:00-03:00,2026-01-15T03:10:00-03:00,15.798,delivered,B2B-V1-BASE,BLD-9102B6E8BF1ABFFC5F32,True
DEL-SYN-002340,ORD-SYN-001872,VEH-SYN-01,SOR-01,LOC-SYN-CUS-135,2,2026-01-15T10:10:00-03:00,2026-01-15T13:10:00-03:00,15.798,delivered,B2B-V1-BASE,BLD-9102B6E8BF1ABFFC5F32,True
DEL-SYN-002341,ORD-SYN-001873,VEH-SYN-01,SOR-01,LOC-SYN-CUS-097,1,2026-01-17T01:30:00-03:00,2026-01-17T04:30:00-03:00,10.67,delivered,B2B-V1-BASE,BLD-9102B6E8BF1ABFFC5F32,True
DEL-SYN-002342,ORD-SYN-001874,VEH-SYN-02,SOR-01,LOC-SYN-CUS-105,1,2026-01-13T12:10:00-03:00,2026-01-13T15:10:00-03:00,13.533,delivered,B2B-V1-BASE,BLD-9102B6E8BF1ABFFC5F32,True
DEL-SYN-002343,ORD-SYN-001875,VEH-SYN-03,SOR-01,LOC-SYN-CUS-094,1,2026-01-14T02:28:00-03:00,2026-01-14T05:28:00-03:00,81.241,delivered,B2B-V1-BASE,BLD-9102B6E8BF1ABFFC5F32,True
DEL-SYN-002344,ORD-SYN-001876,VEH-SYN-04,SOR-01,LOC-SYN-CUS-040,1,2026-01-14T17:41:00-03:00,2026-01-14T20:41:00-03:00,104.509,delivered,B2B-V1-BASE,BLD-9102B6E8BF1ABFFC5F32,True
DEL-SYN-002345,ORD-SYN-001876,VEH-SYN-05,SOR-01,LOC-SYN-CUS-040,2,2026-01-15T03:41:00-03:00,2026-01-15T06:41:00-03:00,104.509,delivered,B2B-V1-BASE,BLD-9102B6E8BF1ABFFC5F32,True
DEL-SYN-002346,ORD-SYN-001877,VEH-SYN-05,SOR-01,LOC-SYN-CUS-029,1,2026-01-16T03:58:00-03:00,2026-01-16T06:58:00-03:00,8.682,delivered,B2B-V1-BASE,BLD-9102B6E8BF1ABFFC5F32,True
DEL-SYN-002347,ORD-SYN-001878,VEH-SYN-06,SOR-01,LOC-SYN-CUS-074,1,2026-01-15T04:45:00-03:00,2026-01-15T07:45:00-03:00,106.713,delivered,B2B-V1-BASE,BLD-9102B6E8BF1ABFFC5F32,True
DEL-SYN-002348,ORD-SYN-001879,VEH-SYN-01,SOR-01,LOC-SYN-CUS-038,1,2026-01-15T21:53:00-03:00,2026-01-16T00:53:00-03:00,91.614,delivered,B2B-V1-BASE,BLD-9102B6E8BF1ABFFC5F32,True
DEL-SYN-002349,ORD-SYN-001880,VEH-SYN-02,SOR-01,LOC-SYN-CUS-141,1,2026-01-16T23:00:00-03:00,2026-01-17T02:00:00-03:00,3.791,delivered,B2B-V1-BASE,BLD-9102B6E8BF1ABFFC5F32,True
DEL-SYN-002350,ORD-SYN-001880,VEH-SYN-03,SOR-01,LOC-SYN-CUS-141,2,2026-01-17T09:00:00-03:00,2026-01-17T12:00:00-03:00,3.791,delivered,B2B-V1-BASE,BLD-9102B6E8BF1ABFFC5F32,True
DEL-SYN-002351,ORD-SYN-001881,VEH-SYN-03,SOR-01,LOC-SYN-CUS-129,1,2026-01-18T00:14:00-03:00,2026-01-18T03:14:00-03:00,10.44,delivered,B2B-V1-BASE,BLD-9102B6E8BF1ABFFC5F32,True
DEL-SYN-002352,ORD-SYN-001882,VEH-SYN-04,SOR-01,LOC-SYN-CUS-005,1,2026-01-17T03:11:00-03:00,2026-01-17T06:11:00-03:00,9.779,delivered,B2B-V1-BASE,BLD-9102B6E8BF1ABFFC5F32,True
DEL-SYN-002353,ORD-SYN-001883,VEH-SYN-05,SOR-01,LOC-SYN-CUS-076,1,2026-01-15T03:54:00-03:00,2026-01-15T06:54:00-03:00,105.217,delivered,B2B-V1-BASE,BLD-9102B6E8BF1ABFFC5F32,True
DEL-SYN-002354,ORD-SYN-001884,VEH-SYN-06,SOR-01,LOC-SYN-CUS-019,1,2026-01-19T11:02:00-03:00,2026-01-19T14:02:00-03:00,11.18,delivered,B2B-V1-BASE,BLD-9102B6E8BF1ABFFC5F32,True
DEL-SYN-002355,ORD-SYN-001884,VEH-SYN-01,SOR-01,LOC-SYN-CUS-019,2,2026-01-20T01:02:00-03:00,2026-01-20T04:02:00-03:00,11.18,delivered,B2B-V1-BASE,BLD-9102B6E8BF1ABFFC5F32,True
DEL-SYN-002356,ORD-SYN-001885,VEH-SYN-01,SOR-01,LOC-SYN-CUS-113,1,2026-01-18T19:28:00-03:00,2026-01-18T22:28:00-03:00,18.69,delivered,B2B-V1-BASE,BLD-9102B6E8BF1ABFFC5F32,True
DEL-SYN-002357,ORD-SYN-001886,VEH-SYN-02,SOR-01,LOC-SYN-CUS-106,1,2026-01-18T05:33:00-03:00,2026-01-18T08:33:00-03:00,97.3,delivered_with_incident,B2B-V1-BASE,BLD-9102B6E8BF1ABFFC5F32,True
DEL-SYN-002358,ORD-SYN-001887,VEH-SYN-03,SOR-01,LOC-SYN-CUS-088,1,2026-01-15T05:50:00-03:00,2026-01-15T08:50:00-03:00,103.178,delivered,B2B-V1-BASE,BLD-9102B6E8BF1ABFFC5F32,True
DEL-SYN-002359,ORD-SYN-001888,VEH-SYN-04,SOR-01,LOC-SYN-CUS-033,1,2026-01-14T20:09:00-03:00,2026-01-14T23:09:00-03:00,13.637,delivered,B2B-V1-BASE,BLD-9102B6E8BF1ABFFC5F32,True
DEL-SYN-002360,ORD-SYN-001888,VEH-SYN-05,SOR-01,LOC-SYN-CUS-033,2,2026-01-15T06:09:00-03:00,2026-01-15T09:09:00-03:00,13.637,delivered,B2B-V1-BASE,BLD-9102B6E8BF1ABFFC5F32,True
DEL-SYN-002361,ORD-SYN-001889,VEH-SYN-05,SOR-01,LOC-SYN-CUS-110,1,2026-01-17T08:26:00-03:00,2026-01-17T11:26:00-03:00,101.983,delivered,B2B-V1-BASE,BLD-9102B6E8BF1ABFFC5F32,True
DEL-SYN-002362,ORD-SYN-001890,VEH-SYN-06,SOR-01,LOC-SYN-CUS-018,1,2026-01-17T08:52:00-03:00,2026-01-17T11:52:00-03:00,97.884,delivered,B2B-V1-BASE,BLD-9102B6E8BF1ABFFC5F32,True
DEL-SYN-002363,ORD-SYN-001891,VEH-SYN-01,SOR-01,LOC-SYN-CUS-050,1,2026-01-16T09:22:00-03:00,2026-01-16T12:22:00-03:00,95.323,delivered,B2B-V1-BASE,BLD-9102B6E8BF1ABFFC5F32,True
DEL-SYN-002364,ORD-SYN-001892,VEH-SYN-02,SOR-01,LOC-SYN-CUS-091,1,2026-01-15T16:06:00-03:00,2026-01-15T19:06:00-03:00,11.908,delivered,B2B-V1-BASE,BLD-9102B6E8BF1ABFFC5F32,True
DEL-SYN-002365,ORD-SYN-001892,VEH-SYN-03,SOR-01,LOC-SYN-CUS-091,2,2026-01-16T06:06:00-03:00,2026-01-16T09:06:00-03:00,11.908,delivered,B2B-V1-BASE,BLD-9102B6E8BF1ABFFC5F32,True
DEL-SYN-002366,ORD-SYN-001893,VEH-SYN-03,SOR-01,LOC-SYN-CUS-001,1,2026-01-19T10:08:00-03:00,2026-01-19T13:08:00-03:00,6.513,delivered,B2B-V1-BASE,BLD-9102B6E8BF1ABFFC5F32,True
DEL-SYN-002367,ORD-SYN-001894,VEH-SYN-04,SOR-01,LOC-SYN-CUS-061,1,2026-01-19T11:01:00-03:00,2026-01-19T14:01:00-03:00,12.904,delivered,B2B-V1-BASE,BLD-9102B6E8BF1ABFFC5F32,True
DEL-SYN-002368,ORD-SYN-001895,VEH-SYN-05,SOR-01,LOC-SYN-CUS-061,1,2026-01-15T11:20:00-03:00,2026-01-15T14:20:00-03:00,12.904,delivered,B2B-V1-BASE,BLD-9102B6E8BF1ABFFC5F32,True
DEL-SYN-002369,ORD-SYN-001896,VEH-SYN-06,SOR-01,LOC-SYN-CUS-086,1,2026-01-19T01:43:00-03:00,2026-01-19T04:43:00-03:00,100.855,delivered,B2B-V1-BASE,BLD-9102B6E8BF1ABFFC5F32,True
DEL-SYN-002370,ORD-SYN-001896,VEH-SYN-01,SOR-01,LOC-SYN-CUS-086,2,2026-01-19T11:43:00-03:00,2026-01-19T14:43:00-03:00,100.855,delivered,B2B-V1-BASE,BLD-9102B6E8BF1ABFFC5F32,True
DEL-SYN-002371,ORD-SYN-001897,VEH-SYN-01,SOR-01,LOC-SYN-CUS-115,1,2026-01-18T03:39:00-03:00,2026-01-18T06:39:00-03:00,8.481,delivered,B2B-V1-BASE,BLD-9102B6E8BF1ABFFC5F32,True
DEL-SYN-002372,ORD-SYN-001898,VEH-SYN-02,SOR-01,LOC-SYN-CUS-092,1,2026-01-18T04:24:00-03:00,2026-01-18T07:24:00-03:00,97.21,delivered,B2B-V1-BASE,BLD-9102B6E8BF1ABFFC5F32,True
DEL-SYN-002373,ORD-SYN-001899,VEH-SYN-03,SOR-01,LOC-SYN-CUS-068,1,2026-01-17T04:52:00-03:00,2026-01-17T07:52:00-03:00,103.344,delivered,B2B-V1-BASE,BLD-9102B6E8BF1ABFFC5F32,True
DEL-SYN-002374,ORD-SYN-001900,VEH-SYN-04,SOR-01,LOC-SYN-CUS-014,1,2026-01-18T19:17:00-03:00,2026-01-18T22:17:00-03:00,98.171,delivered,B2B-V1-BASE,BLD-9102B6E8BF1ABFFC5F32,True
DEL-SYN-002375,ORD-SYN-001900,VEH-SYN-05,SOR-01,LOC-SYN-CUS-014,2,2026-01-19T05:17:00-03:00,2026-01-19T08:17:00-03:00,98.171,delivered,B2B-V1-BASE,BLD-9102B6E8BF1ABFFC5F32,True
DEL-SYN-002376,ORD-SYN-001901,VEH-SYN-05,SOR-01,LOC-SYN-CUS-034,1,2026-01-17T07:13:00-03:00,2026-01-17T10:13:00-03:00,92.375,delivered,B2B-V1-BASE,BLD-9102B6E8BF1ABFFC5F32,True
DEL-SYN-002377,ORD-SYN-001902,VEH-SYN-06,SOR-01,LOC-SYN-CUS-073,1,2026-01-18T07:17:00-03:00,2026-01-18T10:17:00-03:00,17.971,delivered,B2B-V1-BASE,BLD-9102B6E8BF1ABFFC5F32,True
DEL-SYN-002378,ORD-SYN-001903,VEH-SYN-01,SOR-01,LOC-SYN-CUS-133,1,2026-01-20T07:41:00-03:00,2026-01-20T10:41:00-03:00,15.316,delivered,B2B-V1-BASE,BLD-9102B6E8BF1ABFFC5F32,True
DEL-SYN-002379,ORD-SYN-001904,VEH-SYN-02,SOR-01,LOC-SYN-CUS-065,1,2026-01-15T22:02:00-03:00,2026-01-16T01:02:00-03:00,13.49,delivered,B2B-V1-BASE,BLD-9102B6E8BF1ABFFC5F32,True
DEL-SYN-002380,ORD-SYN-001904,VEH-SYN-03,SOR-01,LOC-SYN-CUS-065,2,2026-01-16T08:02:00-03:00,2026-01-16T11:02:00-03:00,13.49,delivered,B2B-V1-BASE,BLD-9102B6E8BF1ABFFC5F32,True
DEL-SYN-002381,ORD-SYN-001905,VEH-SYN-03,SOR-01,LOC-SYN-CUS-099,1,2026-01-19T08:02:00-03:00,2026-01-19T11:02:00-03:00,11.542,delivered,B2B-V1-BASE,BLD-9102B6E8BF1ABFFC5F32,True
DEL-SYN-002382,ORD-SYN-001906,VEH-SYN-04,SOR-01,LOC-SYN-CUS-126,1,2026-01-19T08:02:00-03:00,2026-01-19T11:02:00-03:00,96.582,delivered,B2B-V1-BASE,BLD-9102B6E8BF1ABFFC5F32,True
DEL-SYN-002383,ORD-SYN-001907,VEH-SYN-05,SOR-01,LOC-SYN-CUS-033,1,2026-01-18T22:24:00-03:00,2026-01-19T01:24:00-03:00,13.637,delivered,B2B-V1-BASE,BLD-9102B6E8BF1ABFFC5F32,True
DEL-SYN-002384,ORD-SYN-001908,VEH-SYN-06,SOR-01,LOC-SYN-CUS-069,1,2026-01-16T00:46:00-03:00,2026-01-16T03:46:00-03:00,13.67,delivered,B2B-V1-BASE,BLD-9102B6E8BF1ABFFC5F32,True
DEL-SYN-002385,ORD-SYN-001908,VEH-SYN-01,SOR-01,LOC-SYN-CUS-069,2,2026-01-16T10:46:00-03:00,2026-01-16T13:46:00-03:00,13.67,delivered,B2B-V1-BASE,BLD-9102B6E8BF1ABFFC5F32,True
DEL-SYN-002386,ORD-SYN-001909,VEH-SYN-01,SOR-01,LOC-SYN-CUS-142,1,2026-01-18T11:31:00-03:00,2026-01-18T14:31:00-03:00,96.727,delivered,B2B-V1-BASE,BLD-9102B6E8BF1ABFFC5F32,True
DEL-SYN-002387,ORD-SYN-001910,VEH-SYN-02,SOR-01,LOC-SYN-CUS-085,1,2026-01-17T02:57:00-03:00,2026-01-17T05:57:00-03:00,11.234,delivered,B2B-V1-BASE,BLD-9102B6E8BF1ABFFC5F32,True
DEL-SYN-002388,ORD-SYN-001911,VEH-SYN-03,SOR-01,LOC-SYN-CUS-105,1,2026-01-20T06:04:00-03:00,2026-01-20T09:04:00-03:00,13.533,delivered,B2B-V1-BASE,BLD-9102B6E8BF1ABFFC5F32,True
DEL-SYN-002389,ORD-SYN-001912,VEH-SYN-04,SOR-01,LOC-SYN-CUS-024,1,2026-01-17T20:09:00-03:00,2026-01-17T23:09:00-03:00,107.095,delivered,B2B-V1-BASE,BLD-9102B6E8BF1ABFFC5F32,True
DEL-SYN-002390,ORD-SYN-001912,VEH-SYN-05,SOR-01,LOC-SYN-CUS-024,2,2026-01-18T06:09:00-03:00,2026-01-18T09:09:00-03:00,107.095,delivered,B2B-V1-BASE,BLD-9102B6E8BF1ABFFC5F32,True
DEL-SYN-002391,ORD-SYN-001913,VEH-SYN-05,SOR-01,LOC-SYN-CUS-041,1,2026-01-20T22:14:00-03:00,2026-01-21T01:14:00-03:00,16.45,delivered,B2B-V1-BASE,BLD-9102B6E8BF1ABFFC5F32,True
DEL-SYN-002392,ORD-SYN-001914,VEH-SYN-06,SOR-01,LOC-SYN-CUS-058,1,2026-01-17T09:15:00-03:00,2026-01-17T12:15:00-03:00,98.394,delivered,B2B-V1-BASE,BLD-9102B6E8BF1ABFFC5F32,True
DEL-SYN-002393,ORD-SYN-001915,VEH-SYN-01,SOR-01,LOC-SYN-CUS-042,1,2026-01-20T10:13:00-03:00,2026-01-20T13:13:00-03:00,96.283,delivered,B2B-V1-BASE,BLD-9102B6E8BF1ABFFC5F32,True
DEL-SYN-002394,ORD-SYN-001916,VEH-SYN-02,SOR-01,LOC-SYN-CUS-039,1,2026-01-18T00:23:00-03:00,2026-01-18T03:23:00-03:00,12.9,delivered,B2B-V1-BASE,BLD-9102B6E8BF1ABFFC5F32,True
DEL-SYN-002395,ORD-SYN-001916,VEH-SYN-03,SOR-01,LOC-SYN-CUS-039,2,2026-01-18T10:23:00-03:00,2026-01-18T13:23:00-03:00,12.9,delivered,B2B-V1-BASE,BLD-9102B6E8BF1ABFFC5F32,True
DEL-SYN-002396,ORD-SYN-001917,VEH-SYN-03,SOR-01,LOC-SYN-CUS-057,1,2026-01-20T03:04:00-03:00,2026-01-20T06:04:00-03:00,11.041,delivered,B2B-V1-BASE,BLD-9102B6E8BF1ABFFC5F32,True
DEL-SYN-002397,ORD-SYN-001918,VEH-SYN-04,SOR-01,LOC-SYN-CUS-142,1,2026-01-19T17:22:00-03:00,2026-01-19T20:22:00-03:00,96.727,delivered,B2B-V1-BASE,BLD-9102B6E8BF1ABFFC5F32,True
DEL-SYN-002398,ORD-SYN-001919,VEH-SYN-05,SOR-01,LOC-SYN-CUS-081,1,2026-01-20T03:46:00-03:00,2026-01-20T06:46:00-03:00,6.44,delivered,B2B-V1-BASE,BLD-9102B6E8BF1ABFFC5F32,True
DEL-SYN-002399,ORD-SYN-001920,VEH-SYN-06,SOR-01,LOC-SYN-CUS-029,1,2026-01-21T17:59:00-03:00,2026-01-21T20:59:00-03:00,8.682,delivered,B2B-V1-BASE,BLD-9102B6E8BF1ABFFC5F32,True
DEL-SYN-002400,ORD-SYN-001920,VEH-SYN-01,SOR-01,LOC-SYN-CUS-029,2,2026-01-22T03:59:00-03:00,2026-01-22T06:59:00-03:00,8.682,delivered,B2B-V1-BASE,BLD-9102B6E8BF1ABFFC5F32,True
DEL-SYN-002401,ORD-SYN-001921,VEH-SYN-01,SOR-01,LOC-SYN-CUS-034,1,2026-01-18T04:07:00-03:00,2026-01-18T07:07:00-03:00,92.375,delivered,B2B-V1-BASE,BLD-9102B6E8BF1ABFFC5F32,True
DEL-SYN-002402,ORD-SYN-001922,VEH-SYN-02,SOR-01,LOC-SYN-CUS-051,1,2026-01-20T04:27:00-03:00,2026-01-20T07:27:00-03:00,8.518,delivered,B2B-V1-BASE,BLD-9102B6E8BF1ABFFC5F32,True
DEL-SYN-002403,ORD-SYN-001923,VEH-SYN-03,SOR-01,LOC-SYN-CUS-030,1,2026-01-22T04:59:00-03:00,2026-01-22T07:59:00-03:00,95.926,delivered,B2B-V1-BASE,BLD-9102B6E8BF1ABFFC5F32,True
DEL-SYN-002404,ORD-SYN-001924,VEH-SYN-04,SOR-01,LOC-SYN-CUS-011,1,2026-01-18T19:48:00-03:00,2026-01-18T22:48:00-03:00,11.323,delivered,B2B-V1-BASE,BLD-9102B6E8BF1ABFFC5F32,True
DEL-SYN-002405,ORD-SYN-001924,VEH-SYN-05,SOR-01,LOC-SYN-CUS-011,2,2026-01-19T05:48:00-03:00,2026-01-19T08:48:00-03:00,11.323,delivered,B2B-V1-BASE,BLD-9102B6E8BF1ABFFC5F32,True
DEL-SYN-002406,ORD-SYN-001925,VEH-SYN-05,SOR-01,LOC-SYN-CUS-031,1,2026-01-18T21:38:00-03:00,2026-01-19T00:38:00-03:00,2.694,delivered,B2B-V1-BASE,BLD-9102B6E8BF1ABFFC5F32,True
DEL-SYN-002407,ORD-SYN-001926,VEH-SYN-06,SOR-01,LOC-SYN-CUS-067,1,2026-01-22T08:44:00-03:00,2026-01-22T11:44:00-03:00,13.624,delivered,B2B-V1-BASE,BLD-9102B6E8BF1ABFFC5F32,True
DEL-SYN-002408,ORD-SYN-001927,VEH-SYN-01,SOR-01,LOC-SYN-CUS-097,1,2026-01-21T09:23:00-03:00,2026-01-21T12:23:00-03:00,10.67,delivered,B2B-V1-BASE,BLD-9102B6E8BF1ABFFC5F32,True
DEL-SYN-002409,ORD-SYN-001928,VEH-SYN-02,SOR-01,LOC-SYN-CUS-075,1,2026-01-21T01:48:00-03:00,2026-01-21T04:48:00-03:00,11.238,delivered,B2B-V1-BASE,BLD-9102B6E8BF1ABFFC5F32,True
DEL-SYN-002410,ORD-SYN-001928,VEH-SYN-03,SOR-01,LOC-SYN-CUS-075,2,2026-01-21T11:48:00-03:00,2026-01-21T14:48:00-03:00,11.238,delivered,B2B-V1-BASE,BLD-9102B6E8BF1ABFFC5F32,True
DEL-SYN-002411,ORD-SYN-001929,VEH-SYN-03,SOR-01,LOC-SYN-CUS-042,1,2026-01-23T17:25:00-03:00,2026-01-23T20:25:00-03:00,96.283,delivered,B2B-V1-BASE,BLD-9102B6E8BF1ABFFC5F32,True
DEL-SYN-002412,ORD-SYN-001930,VEH-SYN-04,SOR-01,LOC-SYN-CUS-101,1,2026-01-19T19:32:00-03:00,2026-01-19T22:32:00-03:00,8.729,delivered,B2B-V1-BASE,BLD-9102B6E8BF1ABFFC5F32,True
DEL-SYN-002413,ORD-SYN-001931,VEH-SYN-05,SOR-01,LOC-SYN-CUS-013,1,2026-01-20T08:20:00-03:00,2026-01-20T11:20:00-03:00,12.582,delivered,B2B-V1-BASE,BLD-9102B6E8BF1ABFFC5F32,True
DEL-SYN-002414,ORD-SYN-001932,VEH-SYN-06,SOR-01,LOC-SYN-CUS-009,1,2026-01-21T22:48:00-03:00,2026-01-22T01:48:00-03:00,14.093,delivered,B2B-V1-BASE,BLD-9102B6E8BF1ABFFC5F32,True
DEL-SYN-002415,ORD-SYN-001932,VEH-SYN-01,SOR-01,LOC-SYN-CUS-009,2,2026-01-22T08:48:00-03:00,2026-01-22T11:48:00-03:00,14.093,delivered,B2B-V1-BASE,BLD-9102B6E8BF1ABFFC5F32,True
DEL-SYN-002416,ORD-SYN-001933,VEH-SYN-01,SOR-01,LOC-SYN-CUS-038,1,2026-01-19T09:43:00-03:00,2026-01-19T12:43:00-03:00,91.614,delivered,B2B-V1-BASE,BLD-9102B6E8BF1ABFFC5F32,True
DEL-SYN-002417,ORD-SYN-001934,VEH-SYN-02,SOR-01,LOC-SYN-CUS-074,1,2026-01-20T01:37:00-03:00,2026-01-20T04:37:00-03:00,106.713,delivered,B2B-V1-BASE,BLD-9102B6E8BF1ABFFC5F32,True
DEL-SYN-002418,ORD-SYN-001935,VEH-SYN-03,SOR-01,LOC-SYN-CUS-108,1,2026-01-24T03:02:00-03:00,2026-01-24T06:02:00-03:00,104.477,delivered,B2B-V1-BASE,BLD-9102B6E8BF1ABFFC5F32,True
DEL-SYN-002419,ORD-SYN-001936,VEH-SYN-04,SOR-01,LOC-SYN-CUS-046,1,2026-01-23T17:31:00-03:00,2026-01-23T20:31:00-03:00,97.72,delivered,B2B-V1-BASE,BLD-9102B6E8BF1ABFFC5F32,True
DEL-SYN-002420,ORD-SYN-001936,VEH-SYN-05,SOR-01,LOC-SYN-CUS-046,2,2026-01-24T03:31:00-03:00,2026-01-24T06:31:00-03:00,97.72,delivered_with_incident,B2B-V1-BASE,BLD-9102B6E8BF1ABFFC5F32,True
DEL-SYN-002421,ORD-SYN-001937,VEH-SYN-05,SOR-01,LOC-SYN-CUS-119,1,2026-01-21T03:39:00-03:00,2026-01-21T06:39:00-03:00,15.599,delivered,B2B-V1-BASE,BLD-9102B6E8BF1ABFFC5F32,True
DEL-SYN-002422,ORD-SYN-001938,VEH-SYN-06,SOR-01,LOC-SYN-CUS-054,1,2026-01-21T04:58:00-03:00,2026-01-21T07:58:00-03:00,92.335,delivered,B2B-V1-BASE,BLD-9102B6E8BF1ABFFC5F32,True
DEL-SYN-002423,ORD-SYN-001939,VEH-SYN-01,SOR-01,LOC-SYN-CUS-133,1,2026-01-24T19:43:00-03:00,2026-01-24T22:43:00-03:00,15.316,delivered_with_incident,B2B-V1-BASE,BLD-9102B6E8BF1ABFFC5F32,True
DEL-SYN-002424,ORD-SYN-001940,VEH-SYN-02,SOR-01,LOC-SYN-CUS-109,1,2026-01-22T19:55:00-03:00,2026-01-22T22:55:00-03:00,15.631,delivered,B2B-V1-BASE,BLD-9102B6E8BF1ABFFC5F32,True
DEL-SYN-002425,ORD-SYN-001940,VEH-SYN-03,SOR-01,LOC-SYN-CUS-109,2,2026-01-23T05:55:00-03:00,2026-01-23T08:55:00-03:00,15.631,delivered,B2B-V1-BASE,BLD-9102B6E8BF1ABFFC5F32,True
DEL-SYN-002426,ORD-SYN-001941,VEH-SYN-03,SOR-01,LOC-SYN-CUS-130,1,2026-01-20T21:05:00-03:00,2026-01-21T00:05:00-03:00,92.017,delivered,B2B-V1-BASE,BLD-9102B6E8BF1ABFFC5F32,True
DEL-SYN-002427,ORD-SYN-001942,VEH-SYN-04,SOR-01,LOC-SYN-CUS-107,1,2026-01-21T07:28:00-03:00,2026-01-21T10:28:00-03:00,15.357,delivered,B2B-V1-BASE,BLD-9102B6E8BF1ABFFC5F32,True
DEL-SYN-002428,ORD-SYN-001943,VEH-SYN-05,SOR-01,LOC-SYN-CUS-086,1,2026-01-23T09:43:00-03:00,2026-01-23T12:43:00-03:00,100.855,delivered,B2B-V1-BASE,BLD-9102B6E8BF1ABFFC5F32,True
DEL-SYN-002429,ORD-SYN-001944,VEH-SYN-06,SOR-01,LOC-SYN-CUS-076,1,2026-01-20T23:45:00-03:00,2026-01-21T02:45:00-03:00,105.217,delivered,B2B-V1-BASE,BLD-9102B6E8BF1ABFFC5F32,True
DEL-SYN-002430,ORD-SYN-001944,VEH-SYN-01,SOR-01,LOC-SYN-CUS-076,2,2026-01-21T09:45:00-03:00,2026-01-21T12:45:00-03:00,105.217,delivered,B2B-V1-BASE,BLD-9102B6E8BF1ABFFC5F32,True
DEL-SYN-002431,ORD-SYN-001945,VEH-SYN-01,SOR-01,LOC-SYN-CUS-141,1,2026-01-24T09:46:00-03:00,2026-01-24T12:46:00-03:00,3.791,delivered,B2B-V1-BASE,BLD-9102B6E8BF1ABFFC5F32,True
DEL-SYN-002432,ORD-SYN-001946,VEH-SYN-02,SOR-01,LOC-SYN-CUS-095,1,2026-01-20T09:50:00-03:00,2026-01-20T12:50:00-03:00,11.423,delivered,B2B-V1-BASE,BLD-9102B6E8BF1ABFFC5F32,True
DEL-SYN-002433,ORD-SYN-001947,VEH-SYN-03,SOR-01,LOC-SYN-CUS-101,1,2026-01-20T09:59:00-03:00,2026-01-20T12:59:00-03:00,8.729,delivered,B2B-V1-BASE,BLD-9102B6E8BF1ABFFC5F32,True
DEL-SYN-002434,ORD-SYN-001948,VEH-SYN-04,SOR-01,LOC-SYN-CUS-010,1,2026-01-24T00:57:00-03:00,2026-01-24T03:57:00-03:00,98.174,delivered,B2B-V1-BASE,BLD-9102B6E8BF1ABFFC5F32,True
DEL-SYN-002435,ORD-SYN-001948,VEH-SYN-05,SOR-01,LOC-SYN-CUS-010,2,2026-01-24T10:57:00-03:00,2026-01-24T13:57:00-03:00,98.174,delivered,B2B-V1-BASE,BLD-9102B6E8BF1ABFFC5F32,True
DEL-SYN-002436,ORD-SYN-001949,VEH-SYN-05,SOR-01,LOC-SYN-CUS-118,1,2026-01-24T12:15:00-03:00,2026-01-24T15:15:00-03:00,89.411,delivered,B2B-V1-BASE,BLD-9102B6E8BF1ABFFC5F32,True
DEL-SYN-002437,ORD-SYN-001950,VEH-SYN-06,SOR-01,LOC-SYN-CUS-061,1,2026-01-21T12:46:00-03:00,2026-01-21T15:46:00-03:00,12.904,delivered,B2B-V1-BASE,BLD-9102B6E8BF1ABFFC5F32,True
DEL-SYN-002438,ORD-SYN-001951,VEH-SYN-01,SOR-01,LOC-SYN-CUS-118,1,2026-01-21T17:14:00-03:00,2026-01-21T20:14:00-03:00,89.411,delivered,B2B-V1-BASE,BLD-9102B6E8BF1ABFFC5F32,True
DEL-SYN-002439,ORD-SYN-001952,VEH-SYN-02,SOR-01,LOC-SYN-CUS-078,1,2026-01-24T17:43:00-03:00,2026-01-24T20:43:00-03:00,97.926,delivered,B2B-V1-BASE,BLD-9102B6E8BF1ABFFC5F32,True
DEL-SYN-002440,ORD-SYN-001952,VEH-SYN-03,SOR-01,LOC-SYN-CUS-078,2,2026-01-25T03:43:00-03:00,2026-01-25T06:43:00-03:00,97.926,delivered,B2B-V1-BASE,BLD-9102B6E8BF1ABFFC5F32,True
DEL-SYN-002441,ORD-SYN-001953,VEH-SYN-03,SOR-01,LOC-SYN-CUS-146,1,2026-01-21T04:45:00-03:00,2026-01-21T07:45:00-03:00,99.257,delivered,B2B-V1-BASE,BLD-9102B6E8BF1ABFFC5F32,True
DEL-SYN-002442,ORD-SYN-001954,VEH-SYN-04,SOR-01,LOC-SYN-CUS-083,1,2026-01-25T07:08:00-03:00,2026-01-25T10:08:00-03:00,15.586,delivered,B2B-V1-BASE,BLD-9102B6E8BF1ABFFC5F32,True
DEL-SYN-002443,ORD-SYN-001955,VEH-SYN-05,SOR-01,LOC-SYN-CUS-066,1,2026-01-23T07:40:00-03:00,2026-01-23T10:40:00-03:00,96.649,delivered,B2B-V1-BASE,BLD-9102B6E8BF1ABFFC5F32,True
DEL-SYN-002444,ORD-SYN-001956,VEH-SYN-06,SOR-01,LOC-SYN-CUS-025,1,2026-01-20T23:37:00-03:00,2026-01-21T02:37:00-03:00,12.656,delivered,B2B-V1-BASE,BLD-9102B6E8BF1ABFFC5F32,True
DEL-SYN-002445,ORD-SYN-001956,VEH-SYN-01,SOR-01,LOC-SYN-CUS-025,2,2026-01-21T09:37:00-03:00,2026-01-21T12:37:00-03:00,12.656,delivered,B2B-V1-BASE,BLD-9102B6E8BF1ABFFC5F32,True
DEL-SYN-002446,ORD-SYN-001957,VEH-SYN-01,SOR-01,LOC-SYN-CUS-149,1,2026-01-23T10:50:00-03:00,2026-01-23T13:50:00-03:00,9.994,delivered,B2B-V1-BASE,BLD-9102B6E8BF1ABFFC5F32,True
DEL-SYN-002447,ORD-SYN-001958,VEH-SYN-02,SOR-01,LOC-SYN-CUS-122,1,2026-01-25T11:09:00-03:00,2026-01-25T14:09:00-03:00,107.646,delivered,B2B-V1-BASE,BLD-9102B6E8BF1ABFFC5F32,True
DEL-SYN-002448,ORD-SYN-001959,VEH-SYN-03,SOR-01,LOC-SYN-CUS-067,1,2026-01-26T04:32:00-03:00,2026-01-26T07:32:00-03:00,13.624,delivered,B2B-V1-BASE,BLD-9102B6E8BF1ABFFC5F32,True
DEL-SYN-002449,ORD-SYN-001960,VEH-SYN-04,SOR-01,LOC-SYN-CUS-048,1,2026-01-25T19:48:00-03:00,2026-01-25T22:48:00-03:00,94.78,delivered,B2B-V1-BASE,BLD-9102B6E8BF1ABFFC5F32,True
DEL-SYN-002450,ORD-SYN-001960,VEH-SYN-05,SOR-01,LOC-SYN-CUS-048,2,2026-01-26T05:48:00-03:00,2026-01-26T08:48:00-03:00,94.78,delivered,B2B-V1-BASE,BLD-9102B6E8BF1ABFFC5F32,True
DEL-SYN-002451,ORD-SYN-001961,VEH-SYN-05,SOR-01,LOC-SYN-CUS-032,1,2026-01-22T06:09:00-03:00,2026-01-22T09:09:00-03:00,100.378,delivered,B2B-V1-BASE,BLD-9102B6E8BF1ABFFC5F32,True
DEL-SYN-002452,ORD-SYN-001962,VEH-SYN-06,SOR-01,LOC-SYN-CUS-046,1,2026-01-23T21:26:00-03:00,2026-01-24T00:26:00-03:00,97.72,delivered,B2B-V1-BASE,BLD-9102B6E8BF1ABFFC5F32,True
DEL-SYN-002453,ORD-SYN-001963,VEH-SYN-01,SOR-01,LOC-SYN-CUS-070,1,2026-01-22T09:51:00-03:00,2026-01-22T12:51:00-03:00,93.688,delivered,B2B-V1-BASE,BLD-9102B6E8BF1ABFFC5F32,True
DEL-SYN-002454,ORD-SYN-001964,VEH-SYN-02,SOR-01,LOC-SYN-CUS-013,1,2026-01-23T00:03:00-03:00,2026-01-23T03:03:00-03:00,12.582,delivered,B2B-V1-BASE,BLD-9102B6E8BF1ABFFC5F32,True
DEL-SYN-002455,ORD-SYN-001964,VEH-SYN-03,SOR-01,LOC-SYN-CUS-013,2,2026-01-23T10:03:00-03:00,2026-01-23T13:03:00-03:00,12.582,delivered,B2B-V1-BASE,BLD-9102B6E8BF1ABFFC5F32,True
DEL-SYN-002456,ORD-SYN-001965,VEH-SYN-03,SOR-01,LOC-SYN-CUS-110,1,2026-01-25T10:10:00-03:00,2026-01-25T13:10:00-03:00,101.983,delivered,B2B-V1-BASE,BLD-9102B6E8BF1ABFFC5F32,True
DEL-SYN-002457,ORD-SYN-001966,VEH-SYN-04,SOR-01,LOC-SYN-CUS-095,1,2026-01-22T12:25:00-03:00,2026-01-22T15:25:00-03:00,11.423,delivered,B2B-V1-BASE,BLD-9102B6E8BF1ABFFC5F32,True
DEL-SYN-002458,ORD-SYN-001967,VEH-SYN-05,SOR-01,LOC-SYN-CUS-090,1,2026-01-26T12:30:00-03:00,2026-01-26T15:30:00-03:00,114.028,delivered,B2B-V1-BASE,BLD-9102B6E8BF1ABFFC5F32,True
DEL-SYN-002459,ORD-SYN-001968,VEH-SYN-06,SOR-01,LOC-SYN-CUS-141,1,2026-01-22T17:05:00-03:00,2026-01-22T20:05:00-03:00,3.791,delivered,B2B-V1-BASE,BLD-9102B6E8BF1ABFFC5F32,True
DEL-SYN-002460,ORD-SYN-001968,VEH-SYN-01,SOR-01,LOC-SYN-CUS-141,2,2026-01-23T03:05:00-03:00,2026-01-23T06:05:00-03:00,3.791,delivered,B2B-V1-BASE,BLD-9102B6E8BF1ABFFC5F32,True
DEL-SYN-002461,ORD-SYN-001969,VEH-SYN-01,SOR-01,LOC-SYN-CUS-108,1,2026-01-25T17:44:00-03:00,2026-01-25T20:44:00-03:00,104.477,delivered,B2B-V1-BASE,BLD-9102B6E8BF1ABFFC5F32,True
DEL-SYN-002462,ORD-SYN-001970,VEH-SYN-02,SOR-01,LOC-SYN-CUS-138,1,2026-01-26T04:09:00-03:00,2026-01-26T07:09:00-03:00,93.584,delivered,B2B-V1-BASE,BLD-9102B6E8BF1ABFFC5F32,True
DEL-SYN-002463,ORD-SYN-001971,VEH-SYN-03,SOR-01,LOC-SYN-CUS-009,1,2026-01-26T04:53:00-03:00,2026-01-26T07:53:00-03:00,14.093,delivered,B2B-V1-BASE,BLD-9102B6E8BF1ABFFC5F32,True
DEL-SYN-002464,ORD-SYN-001972,VEH-SYN-04,SOR-01,LOC-SYN-CUS-037,1,2026-01-26T11:59:00-03:00,2026-01-26T14:59:00-03:00,1.869,delivered,B2B-V1-BASE,BLD-9102B6E8BF1ABFFC5F32,True
DEL-SYN-002465,ORD-SYN-001972,VEH-SYN-05,SOR-01,LOC-SYN-CUS-037,2,2026-01-27T01:59:00-03:00,2026-01-27T04:59:00-03:00,1.869,delivered,B2B-V1-BASE,BLD-9102B6E8BF1ABFFC5F32,True
DEL-SYN-002466,ORD-SYN-001973,VEH-SYN-05,SOR-01,LOC-SYN-CUS-027,1,2026-01-23T06:20:00-03:00,2026-01-23T09:20:00-03:00,12.025,delivered,B2B-V1-BASE,BLD-9102B6E8BF1ABFFC5F32,True
DEL-SYN-002467,ORD-SYN-001974,VEH-SYN-06,SOR-01,LOC-SYN-CUS-060,1,2026-01-23T08:59:00-03:00,2026-01-23T11:59:00-03:00,99.346,delivered,B2B-V1-BASE,BLD-9102B6E8BF1ABFFC5F32,True
DEL-SYN-002468,ORD-SYN-001975,VEH-SYN-01,SOR-01,LOC-SYN-CUS-098,1,2026-01-25T10:28:00-03:00,2026-01-25T13:28:00-03:00,100.419,delivered,B2B-V1-BASE,BLD-9102B6E8BF1ABFFC5F32,True
DEL-SYN-002469,ORD-SYN-001976,VEH-SYN-02,SOR-01,LOC-SYN-CUS-018,1,2026-01-27T01:25:00-03:00,2026-01-27T04:25:00-03:00,97.884,delivered,B2B-V1-BASE,BLD-9102B6E8BF1ABFFC5F32,True
DEL-SYN-002470,ORD-SYN-001976,VEH-SYN-03,SOR-01,LOC-SYN-CUS-018,2,2026-01-27T11:25:00-03:00,2026-01-27T14:25:00-03:00,97.884,delivered,B2B-V1-BASE,BLD-9102B6E8BF1ABFFC5F32,True
DEL-SYN-002471,ORD-SYN-001977,VEH-SYN-03,SOR-01,LOC-SYN-CUS-085,1,2026-01-24T20:43:00-03:00,2026-01-24T23:43:00-03:00,11.234,delivered,B2B-V1-BASE,BLD-9102B6E8BF1ABFFC5F32,True
DEL-SYN-002472,ORD-SYN-001978,VEH-SYN-04,SOR-01,LOC-SYN-CUS-001,1,2026-01-24T06:45:00-03:00,2026-01-24T09:45:00-03:00,6.513,delivered,B2B-V1-BASE,BLD-9102B6E8BF1ABFFC5F32,True
DEL-SYN-002473,ORD-SYN-001979,VEH-SYN-05,SOR-01,LOC-SYN-CUS-115,1,2026-01-24T21:50:00-03:00,2026-01-25T00:50:00-03:00,8.481,delivered,B2B-V1-BASE,BLD-9102B6E8BF1ABFFC5F32,True
DEL-SYN-002474,ORD-SYN-001980,VEH-SYN-06,SOR-01,LOC-SYN-CUS-058,1,2026-01-23T23:34:00-03:00,2026-01-24T02:34:00-03:00,98.394,delivered,B2B-V1-BASE,BLD-9102B6E8BF1ABFFC5F32,True
DEL-SYN-002475,ORD-SYN-001980,VEH-SYN-01,SOR-01,LOC-SYN-CUS-058,2,2026-01-24T09:34:00-03:00,2026-01-24T12:34:00-03:00,98.394,delivered,B2B-V1-BASE,BLD-9102B6E8BF1ABFFC5F32,True
DEL-SYN-002476,ORD-SYN-001981,VEH-SYN-01,SOR-01,LOC-SYN-CUS-115,1,2026-01-26T10:00:00-03:00,2026-01-26T13:00:00-03:00,8.481,delivered,B2B-V1-BASE,BLD-9102B6E8BF1ABFFC5F32,True
DEL-SYN-002477,ORD-SYN-001982,VEH-SYN-02,SOR-01,LOC-SYN-CUS-042,1,2026-01-25T10:16:00-03:00,2026-01-25T13:16:00-03:00,96.283,delivered,B2B-V1-BASE,BLD-9102B6E8BF1ABFFC5F32,True
DEL-SYN-002478,ORD-SYN-001983,VEH-SYN-03,SOR-01,LOC-SYN-CUS-042,1,2026-01-24T11:44:00-03:00,2026-01-24T14:44:00-03:00,96.283,delivered,B2B-V1-BASE,BLD-9102B6E8BF1ABFFC5F32,True
DEL-SYN-002479,ORD-SYN-001984,VEH-SYN-04,SOR-01,LOC-SYN-CUS-006,1,2026-01-26T09:17:00-03:00,2026-01-26T12:17:00-03:00,102.381,delivered,B2B-V1-BASE,BLD-9102B6E8BF1ABFFC5F32,True
DEL-SYN-002480,ORD-SYN-001984,VEH-SYN-05,SOR-01,LOC-SYN-CUS-006,2,2026-01-26T23:17:00-03:00,2026-01-27T02:17:00-03:00,102.381,delivered,B2B-V1-BASE,BLD-9102B6E8BF1ABFFC5F32,True
DEL-SYN-002481,ORD-SYN-001985,VEH-SYN-05,SOR-01,LOC-SYN-CUS-054,1,2026-01-29T03:39:00-03:00,2026-01-29T06:39:00-03:00,92.335,delivered,B2B-V1-BASE,BLD-9102B6E8BF1ABFFC5F32,True
DEL-SYN-002482,ORD-SYN-001986,VEH-SYN-06,SOR-01,LOC-SYN-CUS-078,1,2026-01-27T04:35:00-03:00,2026-01-27T07:35:00-03:00,97.926,delivered,B2B-V1-BASE,BLD-9102B6E8BF1ABFFC5F32,True
DEL-SYN-002483,ORD-SYN-001987,VEH-SYN-01,SOR-01,LOC-SYN-CUS-137,1,2026-01-28T19:22:00-03:00,2026-01-28T22:22:00-03:00,11.323,delivered,B2B-V1-BASE,BLD-9102B6E8BF1ABFFC5F32,True
DEL-SYN-002484,ORD-SYN-001988,VEH-SYN-02,SOR-01,LOC-SYN-CUS-021,1,2026-01-28T20:32:00-03:00,2026-01-28T23:32:00-03:00,21.891,delivered,B2B-V1-BASE,BLD-9102B6E8BF1ABFFC5F32,True
DEL-SYN-002485,ORD-SYN-001988,VEH-SYN-03,SOR-01,LOC-SYN-CUS-021,2,2026-01-29T06:32:00-03:00,2026-01-29T09:32:00-03:00,21.891,delivered,B2B-V1-BASE,BLD-9102B6E8BF1ABFFC5F32,True
DEL-SYN-002486,ORD-SYN-001989,VEH-SYN-03,SOR-01,LOC-SYN-CUS-086,1,2026-01-28T07:50:00-03:00,2026-01-28T10:50:00-03:00,100.855,delivered,B2B-V1-BASE,BLD-9102B6E8BF1ABFFC5F32,True
DEL-SYN-002487,ORD-SYN-001990,VEH-SYN-04,SOR-01,LOC-SYN-CUS-053,1,2026-01-28T12:49:00-03:00,2026-01-28T15:49:00-03:00,11.138,delivered,B2B-V1-BASE,BLD-9102B6E8BF1ABFFC5F32,True
DEL-SYN-002488,ORD-SYN-001991,VEH-SYN-05,SOR-01,LOC-SYN-CUS-051,1,2026-01-27T03:26:00-03:00,2026-01-27T06:26:00-03:00,8.518,delivered,B2B-V1-BASE,BLD-9102B6E8BF1ABFFC5F32,True
DEL-SYN-002489,ORD-SYN-001992,VEH-SYN-06,SOR-01,LOC-SYN-CUS-027,1,2026-01-27T18:08:00-03:00,2026-01-27T21:08:00-03:00,12.025,delivered,B2B-V1-BASE,BLD-9102B6E8BF1ABFFC5F32,True
DEL-SYN-002490,ORD-SYN-001992,VEH-SYN-01,SOR-01,LOC-SYN-CUS-027,2,2026-01-28T04:08:00-03:00,2026-01-28T07:08:00-03:00,12.025,delivered,B2B-V1-BASE,BLD-9102B6E8BF1ABFFC5F32,True
DEL-SYN-002491,ORD-SYN-001993,VEH-SYN-01,SOR-01,LOC-SYN-CUS-120,1,2026-01-30T04:18:00-03:00,2026-01-30T07:18:00-03:00,87.645,delivered,B2B-V1-BASE,BLD-9102B6E8BF1ABFFC5F32,True
DEL-SYN-002492,ORD-SYN-001994,VEH-SYN-02,SOR-01,LOC-SYN-CUS-110,1,2026-01-26T05:52:00-03:00,2026-01-26T08:52:00-03:00,101.983,delivered,B2B-V1-BASE,BLD-9102B6E8BF1ABFFC5F32,True
DEL-SYN-002493,ORD-SYN-001995,VEH-SYN-03,SOR-01,LOC-SYN-CUS-007,1,2026-01-27T05:58:00-03:00,2026-01-27T08:58:00-03:00,14.599,delivered,B2B-V1-BASE,BLD-9102B6E8BF1ABFFC5F32,True
DEL-SYN-002494,ORD-SYN-001996,VEH-SYN-04,SOR-01,LOC-SYN-CUS-116,1,2026-01-26T21:25:00-03:00,2026-01-27T00:25:00-03:00,97.555,delivered,B2B-V1-BASE,BLD-9102B6E8BF1ABFFC5F32,True
DEL-SYN-002495,ORD-SYN-001996,VEH-SYN-05,SOR-01,LOC-SYN-CUS-116,2,2026-01-27T07:25:00-03:00,2026-01-27T10:25:00-03:00,97.555,delivered,B2B-V1-BASE,BLD-9102B6E8BF1ABFFC5F32,True
DEL-SYN-002496,ORD-SYN-001997,VEH-SYN-05,SOR-01,LOC-SYN-CUS-038,1,2026-01-27T07:48:00-03:00,2026-01-27T10:48:00-03:00,91.614,delivered,B2B-V1-BASE,BLD-9102B6E8BF1ABFFC5F32,True
DEL-SYN-002497,ORD-SYN-001998,VEH-SYN-06,SOR-01,LOC-SYN-CUS-106,1,2026-01-30T23:06:00-03:00,2026-01-31T02:06:00-03:00,97.3,delivered,B2B-V1-BASE,BLD-9102B6E8BF1ABFFC5F32,True
DEL-SYN-002498,ORD-SYN-001999,VEH-SYN-01,SOR-01,LOC-SYN-CUS-101,1,2026-01-26T09:50:00-03:00,2026-01-26T12:50:00-03:00,8.729,delivered,B2B-V1-BASE,BLD-9102B6E8BF1ABFFC5F32,True
DEL-SYN-002499,ORD-SYN-002000,VEH-SYN-02,SOR-01,LOC-SYN-CUS-125,1,2026-01-29T00:55:00-03:00,2026-01-29T03:55:00-03:00,11.651,delivered,B2B-V1-BASE,BLD-9102B6E8BF1ABFFC5F32,True
DEL-SYN-002500,ORD-SYN-002000,VEH-SYN-03,SOR-01,LOC-SYN-CUS-125,2,2026-01-29T10:55:00-03:00,2026-01-29T13:55:00-03:00,11.651,delivered,B2B-V1-BASE,BLD-9102B6E8BF1ABFFC5F32,True
DEL-SYN-002501,ORD-SYN-002001,VEH-SYN-03,SOR-01,LOC-SYN-CUS-033,1,2026-01-28T02:41:00-03:00,2026-01-28T05:41:00-03:00,13.637,delivered,B2B-V1-BASE,BLD-9102B6E8BF1ABFFC5F32,True
DEL-SYN-002502,ORD-SYN-002002,VEH-SYN-04,SOR-01,LOC-SYN-CUS-079,1,2026-01-27T04:34:00-03:00,2026-01-27T07:34:00-03:00,9.76,delivered,B2B-V1-BASE,BLD-9102B6E8BF1ABFFC5F32,True
DEL-SYN-002503,ORD-SYN-002003,VEH-SYN-05,SOR-01,LOC-SYN-CUS-069,1,2026-01-29T06:56:00-03:00,2026-01-29T09:56:00-03:00,13.67,delivered,B2B-V1-BASE,BLD-9102B6E8BF1ABFFC5F32,True
DEL-SYN-002504,ORD-SYN-002004,VEH-SYN-06,SOR-01,LOC-SYN-CUS-137,1,2026-01-30T21:34:00-03:00,2026-01-31T00:34:00-03:00,11.323,delivered,B2B-V1-BASE,BLD-9102B6E8BF1ABFFC5F32,True
DEL-SYN-002505,ORD-SYN-002004,VEH-SYN-01,SOR-01,LOC-SYN-CUS-137,2,2026-01-31T07:34:00-03:00,2026-01-31T10:34:00-03:00,11.323,delivered,B2B-V1-BASE,BLD-9102B6E8BF1ABFFC5F32,True
DEL-SYN-002506,ORD-SYN-002005,VEH-SYN-01,SOR-01,LOC-SYN-CUS-096,1,2026-01-31T08:51:00-03:00,2026-01-31T11:51:00-03:00,108.662,delivered_with_incident,B2B-V1-BASE,BLD-9102B6E8BF1ABFFC5F32,True
DEL-SYN-002507,ORD-SYN-002006,VEH-SYN-02,SOR-01,LOC-SYN-CUS-079,1,2026-01-27T08:52:00-03:00,2026-01-27T11:52:00-03:00,9.76,delivered,B2B-V1-BASE,BLD-9102B6E8BF1ABFFC5F32,True
DEL-SYN-002508,ORD-SYN-002007,VEH-SYN-03,SOR-01,LOC-SYN-CUS-142,1,2026-01-30T23:23:00-03:00,2026-01-31T02:23:00-03:00,96.727,delivered,B2B-V1-BASE,BLD-9102B6E8BF1ABFFC5F32,True
DEL-SYN-002509,ORD-SYN-002008,VEH-SYN-04,SOR-01,LOC-SYN-CUS-099,1,2026-01-31T15:28:00-03:00,2026-01-31T18:28:00-03:00,11.542,delivered,B2B-V1-BASE,BLD-9102B6E8BF1ABFFC5F32,True
DEL-SYN-002510,ORD-SYN-002008,VEH-SYN-05,SOR-01,LOC-SYN-CUS-099,2,2026-02-01T05:28:00-03:00,2026-02-01T08:28:00-03:00,11.542,delivered,B2B-V1-BASE,BLD-9102B6E8BF1ABFFC5F32,True
DEL-SYN-002511,ORD-SYN-002009,VEH-SYN-05,SOR-01,LOC-SYN-CUS-021,1,2026-01-27T10:17:00-03:00,2026-01-27T13:17:00-03:00,21.891,delivered,B2B-V1-BASE,BLD-9102B6E8BF1ABFFC5F32,True
DEL-SYN-002512,ORD-SYN-002010,VEH-SYN-06,SOR-01,LOC-SYN-CUS-042,1,2026-01-29T10:23:00-03:00,2026-01-29T13:23:00-03:00,96.283,delivered,B2B-V1-BASE,BLD-9102B6E8BF1ABFFC5F32,True
DEL-SYN-002513,ORD-SYN-002011,VEH-SYN-01,SOR-01,LOC-SYN-CUS-047,1,2026-01-27T10:53:00-03:00,2026-01-27T13:53:00-03:00,14.65,delivered,B2B-V1-BASE,BLD-9102B6E8BF1ABFFC5F32,True
DEL-SYN-002514,ORD-SYN-002012,VEH-SYN-02,SOR-01,LOC-SYN-CUS-014,1,2026-01-28T01:45:00-03:00,2026-01-28T04:45:00-03:00,98.171,delivered,B2B-V1-BASE,BLD-9102B6E8BF1ABFFC5F32,True
DEL-SYN-002515,ORD-SYN-002012,VEH-SYN-03,SOR-01,LOC-SYN-CUS-014,2,2026-01-28T11:45:00-03:00,2026-01-28T14:45:00-03:00,98.171,delivered,B2B-V1-BASE,BLD-9102B6E8BF1ABFFC5F32,True
DEL-SYN-002516,ORD-SYN-002013,VEH-SYN-03,SOR-01,LOC-SYN-CUS-028,1,2026-01-31T02:25:00-03:00,2026-01-31T05:25:00-03:00,103.781,delivered,B2B-V1-BASE,BLD-9102B6E8BF1ABFFC5F32,True
DEL-SYN-002517,ORD-SYN-002014,VEH-SYN-04,SOR-01,LOC-SYN-CUS-126,1,2026-01-31T04:10:00-03:00,2026-01-31T07:10:00-03:00,96.582,delivered,B2B-V1-BASE,BLD-9102B6E8BF1ABFFC5F32,True
DEL-SYN-002518,ORD-SYN-002015,VEH-SYN-05,SOR-01,LOC-SYN-CUS-062,1,2026-01-29T04:48:00-03:00,2026-01-29T07:48:00-03:00,84.711,delivered,B2B-V1-BASE,BLD-9102B6E8BF1ABFFC5F32,True
DEL-SYN-002519,ORD-SYN-002016,VEH-SYN-06,SOR-01,LOC-SYN-CUS-148,1,2026-01-29T19:05:00-03:00,2026-01-29T22:05:00-03:00,94.333,delivered,B2B-V1-BASE,BLD-9102B6E8BF1ABFFC5F32,True
DEL-SYN-002520,ORD-SYN-002016,VEH-SYN-01,SOR-01,LOC-SYN-CUS-148,2,2026-01-30T05:05:00-03:00,2026-01-30T08:05:00-03:00,94.333,delivered,B2B-V1-BASE,BLD-9102B6E8BF1ABFFC5F32,True
DEL-SYN-002521,ORD-SYN-002017,VEH-SYN-01,SOR-01,LOC-SYN-CUS-133,1,2026-01-28T06:18:00-03:00,2026-01-28T09:18:00-03:00,15.316,delivered,B2B-V1-BASE,BLD-9102B6E8BF1ABFFC5F32,True
DEL-SYN-002522,ORD-SYN-002018,VEH-SYN-02,SOR-01,LOC-SYN-CUS-049,1,2026-01-30T07:07:00-03:00,2026-01-30T10:07:00-03:00,13.054,delivered,B2B-V1-BASE,BLD-9102B6E8BF1ABFFC5F32,True
DEL-SYN-002523,ORD-SYN-002019,VEH-SYN-03,SOR-01,LOC-SYN-CUS-048,1,2026-01-29T08:37:00-03:00,2026-01-29T11:37:00-03:00,94.78,delivered,B2B-V1-BASE,BLD-9102B6E8BF1ABFFC5F32,True
DEL-SYN-002524,ORD-SYN-002020,VEH-SYN-04,SOR-01,LOC-SYN-CUS-136,1,2026-02-01T15:05:00-03:00,2026-02-01T18:05:00-03:00,98.302,delivered,B2B-V1-BASE,BLD-9102B6E8BF1ABFFC5F32,True
DEL-SYN-002525,ORD-SYN-002020,VEH-SYN-05,SOR-01,LOC-SYN-CUS-136,2,2026-02-02T05:05:00-03:00,2026-02-02T08:05:00-03:00,98.302,delivered,B2B-V1-BASE,BLD-9102B6E8BF1ABFFC5F32,True
DEL-SYN-002526,ORD-SYN-002021,VEH-SYN-05,SOR-01,LOC-SYN-CUS-117,1,2026-01-28T09:27:00-03:00,2026-01-28T12:27:00-03:00,14.483,delivered,B2B-V1-BASE,BLD-9102B6E8BF1ABFFC5F32,True
DEL-SYN-002527,ORD-SYN-002022,VEH-SYN-06,SOR-01,LOC-SYN-CUS-065,1,2026-01-30T09:58:00-03:00,2026-01-30T12:58:00-03:00,13.49,delivered,B2B-V1-BASE,BLD-9102B6E8BF1ABFFC5F32,True
DEL-SYN-002528,ORD-SYN-002023,VEH-SYN-01,SOR-01,LOC-SYN-CUS-046,1,2026-01-29T10:12:00-03:00,2026-01-29T13:12:00-03:00,97.72,delivered,B2B-V1-BASE,BLD-9102B6E8BF1ABFFC5F32,True
DEL-SYN-002529,ORD-SYN-002024,VEH-SYN-02,SOR-01,LOC-SYN-CUS-111,1,2026-01-31T00:58:00-03:00,2026-01-31T03:58:00-03:00,11.121,delivered,B2B-V1-BASE,BLD-9102B6E8BF1ABFFC5F32,True
DEL-SYN-002530,ORD-SYN-002024,VEH-SYN-03,SOR-01,LOC-SYN-CUS-111,2,2026-01-31T10:58:00-03:00,2026-01-31T13:58:00-03:00,11.121,delivered,B2B-V1-BASE,BLD-9102B6E8BF1ABFFC5F32,True
DEL-SYN-002531,ORD-SYN-002025,VEH-SYN-03,SOR-01,LOC-SYN-CUS-098,1,2026-01-29T11:34:00-03:00,2026-01-29T14:34:00-03:00,100.419,delivered,B2B-V1-BASE,BLD-9102B6E8BF1ABFFC5F32,True
DEL-SYN-002532,ORD-SYN-002026,VEH-SYN-04,SOR-01,LOC-SYN-CUS-022,1,2026-01-28T12:05:00-03:00,2026-01-28T15:05:00-03:00,97.576,delivered,B2B-V1-BASE,BLD-9102B6E8BF1ABFFC5F32,True
DEL-SYN-002533,ORD-SYN-002027,VEH-SYN-05,SOR-01,LOC-SYN-CUS-037,1,2026-01-30T12:06:00-03:00,2026-01-30T15:06:00-03:00,1.869,delivered,B2B-V1-BASE,BLD-9102B6E8BF1ABFFC5F32,True
DEL-SYN-002534,ORD-SYN-002028,VEH-SYN-06,SOR-01,LOC-SYN-CUS-066,1,2026-02-01T17:15:00-03:00,2026-02-01T20:15:00-03:00,96.649,delivered,B2B-V1-BASE,BLD-9102B6E8BF1ABFFC5F32,True
DEL-SYN-002535,ORD-SYN-002028,VEH-SYN-01,SOR-01,LOC-SYN-CUS-066,2,2026-02-02T03:15:00-03:00,2026-02-02T06:15:00-03:00,96.649,delivered,B2B-V1-BASE,BLD-9102B6E8BF1ABFFC5F32,True
DEL-SYN-002536,ORD-SYN-002029,VEH-SYN-01,SOR-01,LOC-SYN-CUS-033,1,2026-01-29T03:38:00-03:00,2026-01-29T06:38:00-03:00,13.637,delivered,B2B-V1-BASE,BLD-9102B6E8BF1ABFFC5F32,True
DEL-SYN-002537,ORD-SYN-002030,VEH-SYN-02,SOR-01,LOC-SYN-CUS-096,1,2026-01-29T04:14:00-03:00,2026-01-29T07:14:00-03:00,108.662,delivered,B2B-V1-BASE,BLD-9102B6E8BF1ABFFC5F32,True
DEL-SYN-002538,ORD-SYN-002031,VEH-SYN-03,SOR-01,LOC-SYN-CUS-045,1,2026-02-02T06:26:00-03:00,2026-02-02T09:26:00-03:00,12.037,delivered,B2B-V1-BASE,BLD-9102B6E8BF1ABFFC5F32,True
DEL-SYN-002539,ORD-SYN-002032,VEH-SYN-04,SOR-01,LOC-SYN-CUS-066,1,2026-02-01T20:34:00-03:00,2026-02-01T23:34:00-03:00,96.649,delivered,B2B-V1-BASE,BLD-9102B6E8BF1ABFFC5F32,True
DEL-SYN-002540,ORD-SYN-002032,VEH-SYN-05,SOR-01,LOC-SYN-CUS-066,2,2026-02-02T06:34:00-03:00,2026-02-02T09:34:00-03:00,96.649,delivered,B2B-V1-BASE,BLD-9102B6E8BF1ABFFC5F32,True
DEL-SYN-002541,ORD-SYN-002033,VEH-SYN-05,SOR-01,LOC-SYN-CUS-123,1,2026-02-01T06:50:00-03:00,2026-02-01T09:50:00-03:00,18.057,delivered,B2B-V1-BASE,BLD-9102B6E8BF1ABFFC5F32,True
DEL-SYN-002542,ORD-SYN-002034,VEH-SYN-06,SOR-01,LOC-SYN-CUS-129,1,2026-01-29T07:01:00-03:00,2026-01-29T10:01:00-03:00,10.44,delivered,B2B-V1-BASE,BLD-9102B6E8BF1ABFFC5F32,True
DEL-SYN-002543,ORD-SYN-002035,VEH-SYN-01,SOR-01,LOC-SYN-CUS-133,1,2026-01-29T07:11:00-03:00,2026-01-29T10:11:00-03:00,15.316,delivered,B2B-V1-BASE,BLD-9102B6E8BF1ABFFC5F32,True
DEL-SYN-002544,ORD-SYN-002036,VEH-SYN-02,SOR-01,LOC-SYN-CUS-110,1,2026-01-31T21:27:00-03:00,2026-02-01T00:27:00-03:00,101.983,delivered,B2B-V1-BASE,BLD-9102B6E8BF1ABFFC5F32,True
DEL-SYN-002545,ORD-SYN-002036,VEH-SYN-03,SOR-01,LOC-SYN-CUS-110,2,2026-02-01T07:27:00-03:00,2026-02-01T10:27:00-03:00,101.983,delivered,B2B-V1-BASE,BLD-9102B6E8BF1ABFFC5F32,True
DEL-SYN-002546,ORD-SYN-002037,VEH-SYN-03,SOR-01,LOC-SYN-CUS-118,1,2026-01-30T07:46:00-03:00,2026-01-30T10:46:00-03:00,89.411,delivered,B2B-V1-BASE,BLD-9102B6E8BF1ABFFC5F32,True
DEL-SYN-002547,ORD-SYN-002038,VEH-SYN-04,SOR-01,LOC-SYN-CUS-090,1,2026-01-29T08:05:00-03:00,2026-01-29T11:05:00-03:00,114.028,delivered,B2B-V1-BASE,BLD-9102B6E8BF1ABFFC5F32,True
DEL-SYN-002548,ORD-SYN-002039,VEH-SYN-05,SOR-01,LOC-SYN-CUS-036,1,2026-02-02T22:32:00-03:00,2026-02-03T01:32:00-03:00,96.208,delivered_with_incident,B2B-V1-BASE,BLD-9102B6E8BF1ABFFC5F32,True
DEL-SYN-002549,ORD-SYN-002040,VEH-SYN-06,SOR-01,LOC-SYN-CUS-007,1,2026-02-02T14:54:00-03:00,2026-02-02T17:54:00-03:00,14.599,delivered,B2B-V1-BASE,BLD-9102B6E8BF1ABFFC5F32,True
DEL-SYN-002550,ORD-SYN-002040,VEH-SYN-01,SOR-01,LOC-SYN-CUS-007,2,2026-02-03T04:54:00-03:00,2026-02-03T07:54:00-03:00,14.599,delivered,B2B-V1-BASE,BLD-9102B6E8BF1ABFFC5F32,True
DEL-SYN-002551,ORD-SYN-002041,VEH-SYN-01,SOR-01,LOC-SYN-CUS-102,1,2026-02-02T09:45:00-03:00,2026-02-02T12:45:00-03:00,92.902,delivered,B2B-V1-BASE,BLD-9102B6E8BF1ABFFC5F32,True
DEL-SYN-002552,ORD-SYN-002042,VEH-SYN-02,SOR-01,LOC-SYN-CUS-078,1,2026-01-29T10:42:00-03:00,2026-01-29T13:42:00-03:00,97.926,delivered,B2B-V1-BASE,BLD-9102B6E8BF1ABFFC5F32,True
DEL-SYN-002553,ORD-SYN-002043,VEH-SYN-03,SOR-01,LOC-SYN-CUS-029,1,2026-01-29T11:12:00-03:00,2026-01-29T14:12:00-03:00,8.682,delivered,B2B-V1-BASE,BLD-9102B6E8BF1ABFFC5F32,True
DEL-SYN-002554,ORD-SYN-002044,VEH-SYN-04,SOR-01,LOC-SYN-CUS-103,1,2026-01-30T18:07:00-03:00,2026-01-30T21:07:00-03:00,8.326,delivered,B2B-V1-BASE,BLD-9102B6E8BF1ABFFC5F32,True
DEL-SYN-002555,ORD-SYN-002044,VEH-SYN-05,SOR-01,LOC-SYN-CUS-103,2,2026-01-31T08:07:00-03:00,2026-01-31T11:07:00-03:00,8.326,delivered,B2B-V1-BASE,BLD-9102B6E8BF1ABFFC5F32,True
DEL-SYN-002556,ORD-SYN-002045,VEH-SYN-05,SOR-01,LOC-SYN-CUS-127,1,2026-02-02T03:24:00-03:00,2026-02-02T06:24:00-03:00,11.422,delivered,B2B-V1-BASE,BLD-9102B6E8BF1ABFFC5F32,True
DEL-SYN-002557,ORD-SYN-002046,VEH-SYN-06,SOR-01,LOC-SYN-CUS-065,1,2026-02-01T17:28:00-03:00,2026-02-01T20:28:00-03:00,13.49,delivered,B2B-V1-BASE,BLD-9102B6E8BF1ABFFC5F32,True
DEL-SYN-002558,ORD-SYN-002047,VEH-SYN-01,SOR-01,LOC-SYN-CUS-088,1,2026-02-03T04:51:00-03:00,2026-02-03T07:51:00-03:00,103.178,delivered,B2B-V1-BASE,BLD-9102B6E8BF1ABFFC5F32,True
DEL-SYN-002559,ORD-SYN-002048,VEH-SYN-02,SOR-01,LOC-SYN-CUS-001,1,2026-02-02T11:31:00-03:00,2026-02-02T14:31:00-03:00,6.513,delivered,B2B-V1-BASE,BLD-9102B6E8BF1ABFFC5F32,True
DEL-SYN-002560,ORD-SYN-002048,VEH-SYN-03,SOR-01,LOC-SYN-CUS-001,2,2026-02-03T01:31:00-03:00,2026-02-03T04:31:00-03:00,6.513,delivered,B2B-V1-BASE,BLD-9102B6E8BF1ABFFC5F32,True
DEL-SYN-002561,ORD-SYN-002049,VEH-SYN-03,SOR-01,LOC-SYN-CUS-049,1,2026-01-30T19:55:00-03:00,2026-01-30T22:55:00-03:00,13.054,delivered,B2B-V1-BASE,BLD-9102B6E8BF1ABFFC5F32,True
DEL-SYN-002562,ORD-SYN-002050,VEH-SYN-04,SOR-01,LOC-SYN-CUS-134,1,2026-02-02T06:33:00-03:00,2026-02-02T09:33:00-03:00,101.573,delivered,B2B-V1-BASE,BLD-9102B6E8BF1ABFFC5F32,True
DEL-SYN-002563,ORD-SYN-002051,VEH-SYN-05,SOR-01,LOC-SYN-CUS-018,1,2026-01-31T06:59:00-03:00,2026-01-31T09:59:00-03:00,97.884,delivered,B2B-V1-BASE,BLD-9102B6E8BF1ABFFC5F32,True
DEL-SYN-002564,ORD-SYN-002052,VEH-SYN-06,SOR-01,LOC-SYN-CUS-117,1,2026-02-02T14:35:00-03:00,2026-02-02T17:35:00-03:00,14.483,delivered,B2B-V1-BASE,BLD-9102B6E8BF1ABFFC5F32,True
DEL-SYN-002565,ORD-SYN-002052,VEH-SYN-01,SOR-01,LOC-SYN-CUS-117,2,2026-02-03T04:35:00-03:00,2026-02-03T07:35:00-03:00,14.483,delivered,B2B-V1-BASE,BLD-9102B6E8BF1ABFFC5F32,True
DEL-SYN-002566,ORD-SYN-002053,VEH-SYN-01,SOR-01,LOC-SYN-CUS-051,1,2026-01-31T09:05:00-03:00,2026-01-31T12:05:00-03:00,8.518,delivered,B2B-V1-BASE,BLD-9102B6E8BF1ABFFC5F32,True
DEL-SYN-002567,ORD-SYN-002054,VEH-SYN-02,SOR-01,LOC-SYN-CUS-077,1,2026-01-31T10:35:00-03:00,2026-01-31T13:35:00-03:00,6.85,delivered,B2B-V1-BASE,BLD-9102B6E8BF1ABFFC5F32,True
DEL-SYN-002568,ORD-SYN-002055,VEH-SYN-03,SOR-01,LOC-SYN-CUS-037,1,2026-02-03T11:05:00-03:00,2026-02-03T14:05:00-03:00,1.869,delivered,B2B-V1-BASE,BLD-9102B6E8BF1ABFFC5F32,True
DEL-SYN-002569,ORD-SYN-002056,VEH-SYN-04,SOR-01,LOC-SYN-CUS-133,1,2026-01-30T02:39:00-03:00,2026-01-30T05:39:00-03:00,15.316,delivered,B2B-V1-BASE,BLD-9102B6E8BF1ABFFC5F32,True
DEL-SYN-002570,ORD-SYN-002056,VEH-SYN-05,SOR-01,LOC-SYN-CUS-133,2,2026-01-30T12:39:00-03:00,2026-01-30T15:39:00-03:00,15.316,delivered,B2B-V1-BASE,BLD-9102B6E8BF1ABFFC5F32,True
DEL-SYN-002571,ORD-SYN-002057,VEH-SYN-05,SOR-01,LOC-SYN-CUS-077,1,2026-02-04T03:46:00-03:00,2026-02-04T06:46:00-03:00,6.85,delivered,B2B-V1-BASE,BLD-9102B6E8BF1ABFFC5F32,True
DEL-SYN-002572,ORD-SYN-002058,VEH-SYN-06,SOR-01,LOC-SYN-CUS-042,1,2026-02-04T04:22:00-03:00,2026-02-04T07:22:00-03:00,96.283,delivered,B2B-V1-BASE,BLD-9102B6E8BF1ABFFC5F32,True
DEL-SYN-002573,ORD-SYN-002059,VEH-SYN-01,SOR-01,LOC-SYN-CUS-038,1,2026-02-01T05:10:00-03:00,2026-02-01T08:10:00-03:00,91.614,delivered,B2B-V1-BASE,BLD-9102B6E8BF1ABFFC5F32,True
DEL-SYN-002574,ORD-SYN-002060,VEH-SYN-02,SOR-01,LOC-SYN-CUS-145,1,2026-01-31T20:17:00-03:00,2026-01-31T23:17:00-03:00,9.581,delivered,B2B-V1-BASE,BLD-9102B6E8BF1ABFFC5F32,True
DEL-SYN-002575,ORD-SYN-002060,VEH-SYN-03,SOR-01,LOC-SYN-CUS-145,2,2026-02-01T06:17:00-03:00,2026-02-01T09:17:00-03:00,9.581,delivered,B2B-V1-BASE,BLD-9102B6E8BF1ABFFC5F32,True
DEL-SYN-002576,ORD-SYN-002061,VEH-SYN-03,SOR-01,LOC-SYN-CUS-114,1,2026-02-04T06:31:00-03:00,2026-02-04T09:31:00-03:00,98.868,delivered,B2B-V1-BASE,BLD-9102B6E8BF1ABFFC5F32,True
DEL-SYN-002577,ORD-SYN-002062,VEH-SYN-04,SOR-01,LOC-SYN-CUS-077,1,2026-02-02T08:48:00-03:00,2026-02-02T11:48:00-03:00,6.85,delivered,B2B-V1-BASE,BLD-9102B6E8BF1ABFFC5F32,True
DEL-SYN-002578,ORD-SYN-002063,VEH-SYN-05,SOR-01,LOC-SYN-CUS-125,1,2026-02-04T11:36:00-03:00,2026-02-04T14:36:00-03:00,11.651,delivered,B2B-V1-BASE,BLD-9102B6E8BF1ABFFC5F32,True
DEL-SYN-002579,ORD-SYN-002064,VEH-SYN-06,SOR-01,LOC-SYN-CUS-074,1,2026-02-01T18:28:00-03:00,2026-02-01T21:28:00-03:00,106.713,delivered,B2B-V1-BASE,BLD-9102B6E8BF1ABFFC5F32,True
DEL-SYN-002580,ORD-SYN-002064,VEH-SYN-01,SOR-01,LOC-SYN-CUS-074,2,2026-02-02T08:28:00-03:00,2026-02-02T11:28:00-03:00,106.713,delivered,B2B-V1-BASE,BLD-9102B6E8BF1ABFFC5F32,True
DEL-SYN-002581,ORD-SYN-002065,VEH-SYN-01,SOR-01,LOC-SYN-CUS-041,1,2026-02-04T12:52:00-03:00,2026-02-04T15:52:00-03:00,16.45,delivered,B2B-V1-BASE,BLD-9102B6E8BF1ABFFC5F32,True
DEL-SYN-002582,ORD-SYN-002066,VEH-SYN-02,SOR-01,LOC-SYN-CUS-035,1,2026-02-03T12:56:00-03:00,2026-02-03T15:56:00-03:00,7.948,delivered,B2B-V1-BASE,BLD-9102B6E8BF1ABFFC5F32,True
DEL-SYN-002583,ORD-SYN-002067,VEH-SYN-03,SOR-01,LOC-SYN-CUS-126,1,2026-02-03T04:22:00-03:00,2026-02-03T07:22:00-03:00,96.582,delivered,B2B-V1-BASE,BLD-9102B6E8BF1ABFFC5F32,True
DEL-SYN-002584,ORD-SYN-002068,VEH-SYN-04,SOR-01,LOC-SYN-CUS-095,1,2026-02-02T19:43:00-03:00,2026-02-02T22:43:00-03:00,11.423,delivered,B2B-V1-BASE,BLD-9102B6E8BF1ABFFC5F32,True
DEL-SYN-002585,ORD-SYN-002068,VEH-SYN-05,SOR-01,LOC-SYN-CUS-095,2,2026-02-03T05:43:00-03:00,2026-02-03T08:43:00-03:00,11.423,delivered,B2B-V1-BASE,BLD-9102B6E8BF1ABFFC5F32,True
DEL-SYN-002586,ORD-SYN-002069,VEH-SYN-05,SOR-01,LOC-SYN-CUS-140,1,2026-02-03T06:38:00-03:00,2026-02-03T09:38:00-03:00,93.15,delivered,B2B-V1-BASE,BLD-9102B6E8BF1ABFFC5F32,True
DEL-SYN-002587,ORD-SYN-002070,VEH-SYN-06,SOR-01,LOC-SYN-CUS-010,1,2026-02-02T06:55:00-03:00,2026-02-02T09:55:00-03:00,98.174,delivered,B2B-V1-BASE,BLD-9102B6E8BF1ABFFC5F32,True
DEL-SYN-002588,ORD-SYN-002071,VEH-SYN-01,SOR-01,LOC-SYN-CUS-114,1,2026-02-02T07:17:00-03:00,2026-02-02T10:17:00-03:00,98.868,delivered,B2B-V1-BASE,BLD-9102B6E8BF1ABFFC5F32,True
DEL-SYN-002589,ORD-SYN-002072,VEH-SYN-02,SOR-01,LOC-SYN-CUS-009,1,2026-02-04T13:57:00-03:00,2026-02-04T16:57:00-03:00,14.093,delivered,B2B-V1-BASE,BLD-9102B6E8BF1ABFFC5F32,True
DEL-SYN-002590,ORD-SYN-002072,VEH-SYN-03,SOR-01,LOC-SYN-CUS-009,2,2026-02-05T03:57:00-03:00,2026-02-05T06:57:00-03:00,14.093,delivered,B2B-V1-BASE,BLD-9102B6E8BF1ABFFC5F32,True
DEL-SYN-002591,ORD-SYN-002073,VEH-SYN-03,SOR-01,LOC-SYN-CUS-117,1,2026-02-03T08:23:00-03:00,2026-02-03T11:23:00-03:00,14.483,delivered,B2B-V1-BASE,BLD-9102B6E8BF1ABFFC5F32,True
DEL-SYN-002592,ORD-SYN-002074,VEH-SYN-04,SOR-01,LOC-SYN-CUS-090,1,2026-02-04T00:03:00-03:00,2026-02-04T03:03:00-03:00,114.028,delivered,B2B-V1-BASE,BLD-9102B6E8BF1ABFFC5F32,True
DEL-SYN-002593,ORD-SYN-002075,VEH-SYN-05,SOR-01,LOC-SYN-CUS-029,1,2026-02-01T11:11:00-03:00,2026-02-01T14:11:00-03:00,8.682,delivered,B2B-V1-BASE,BLD-9102B6E8BF1ABFFC5F32,True
DEL-SYN-002594,ORD-SYN-002076,VEH-SYN-06,SOR-01,LOC-SYN-CUS-062,1,2026-02-05T17:33:00-03:00,2026-02-05T20:33:00-03:00,84.711,delivered,B2B-V1-BASE,BLD-9102B6E8BF1ABFFC5F32,True
DEL-SYN-002595,ORD-SYN-002076,VEH-SYN-01,SOR-01,LOC-SYN-CUS-062,2,2026-02-06T07:33:00-03:00,2026-02-06T10:33:00-03:00,84.711,delivered,B2B-V1-BASE,BLD-9102B6E8BF1ABFFC5F32,True
DEL-SYN-002596,ORD-SYN-002077,VEH-SYN-01,SOR-01,LOC-SYN-CUS-069,1,2026-02-02T17:16:00-03:00,2026-02-02T20:16:00-03:00,13.67,delivered,B2B-V1-BASE,BLD-9102B6E8BF1ABFFC5F32,True
DEL-SYN-002597,ORD-SYN-002078,VEH-SYN-02,SOR-01,LOC-SYN-CUS-005,1,2026-02-06T03:39:00-03:00,2026-02-06T06:39:00-03:00,9.779,delivered,B2B-V1-BASE,BLD-9102B6E8BF1ABFFC5F32,True
DEL-SYN-002598,ORD-SYN-002079,VEH-SYN-03,SOR-01,LOC-SYN-CUS-053,1,2026-02-02T03:43:00-03:00,2026-02-02T06:43:00-03:00,11.138,delivered,B2B-V1-BASE,BLD-9102B6E8BF1ABFFC5F32,True
DEL-SYN-002599,ORD-SYN-002080,VEH-SYN-04,SOR-01,LOC-SYN-CUS-037,1,2026-02-03T18:15:00-03:00,2026-02-03T21:15:00-03:00,1.869,delivered,B2B-V1-BASE,BLD-9102B6E8BF1ABFFC5F32,True
DEL-SYN-002600,ORD-SYN-002080,VEH-SYN-05,SOR-01,LOC-SYN-CUS-037,2,2026-02-04T04:15:00-03:00,2026-02-04T07:15:00-03:00,1.869,delivered,B2B-V1-BASE,BLD-9102B6E8BF1ABFFC5F32,True
DEL-SYN-002601,ORD-SYN-002081,VEH-SYN-05,SOR-01,LOC-SYN-CUS-017,1,2026-02-02T04:45:00-03:00,2026-02-02T07:45:00-03:00,7.536,delivered,B2B-V1-BASE,BLD-9102B6E8BF1ABFFC5F32,True
DEL-SYN-002602,ORD-SYN-002082,VEH-SYN-06,SOR-01,LOC-SYN-CUS-009,1,2026-02-03T05:01:00-03:00,2026-02-03T08:01:00-03:00,14.093,delivered,B2B-V1-BASE,BLD-9102B6E8BF1ABFFC5F32,True
DEL-SYN-002603,ORD-SYN-002083,VEH-SYN-01,SOR-01,LOC-SYN-CUS-078,1,2026-02-06T21:04:00-03:00,2026-02-07T00:04:00-03:00,97.926,delivered,B2B-V1-BASE,BLD-9102B6E8BF1ABFFC5F32,True
DEL-SYN-002604,ORD-SYN-002084,VEH-SYN-02,SOR-01,LOC-SYN-CUS-027,1,2026-02-03T21:05:00-03:00,2026-02-04T00:05:00-03:00,12.025,delivered,B2B-V1-BASE,BLD-9102B6E8BF1ABFFC5F32,True
DEL-SYN-002605,ORD-SYN-002084,VEH-SYN-03,SOR-01,LOC-SYN-CUS-027,2,2026-02-04T07:05:00-03:00,2026-02-04T10:05:00-03:00,12.025,delivered,B2B-V1-BASE,BLD-9102B6E8BF1ABFFC5F32,True
DEL-SYN-002606,ORD-SYN-002085,VEH-SYN-03,SOR-01,LOC-SYN-CUS-014,1,2026-02-06T07:06:00-03:00,2026-02-06T10:06:00-03:00,98.171,delivered,B2B-V1-BASE,BLD-9102B6E8BF1ABFFC5F32,True
DEL-SYN-002607,ORD-SYN-002086,VEH-SYN-04,SOR-01,LOC-SYN-CUS-126,1,2026-02-03T22:32:00-03:00,2026-02-04T01:32:00-03:00,96.582,delivered,B2B-V1-BASE,BLD-9102B6E8BF1ABFFC5F32,True
DEL-SYN-002608,ORD-SYN-002087,VEH-SYN-05,SOR-01,LOC-SYN-CUS-072,1,2026-02-02T23:04:00-03:00,2026-02-03T02:04:00-03:00,106.388,delivered,B2B-V1-BASE,BLD-9102B6E8BF1ABFFC5F32,True
DEL-SYN-002609,ORD-SYN-002088,VEH-SYN-06,SOR-01,LOC-SYN-CUS-105,1,2026-02-05T02:32:00-03:00,2026-02-05T05:32:00-03:00,13.533,delivered,B2B-V1-BASE,BLD-9102B6E8BF1ABFFC5F32,True
DEL-SYN-002610,ORD-SYN-002088,VEH-SYN-01,SOR-01,LOC-SYN-CUS-105,2,2026-02-05T12:32:00-03:00,2026-02-05T15:32:00-03:00,13.533,delivered,B2B-V1-BASE,BLD-9102B6E8BF1ABFFC5F32,True
DEL-SYN-002611,ORD-SYN-002089,VEH-SYN-01,SOR-01,LOC-SYN-CUS-070,1,2026-02-04T04:30:00-03:00,2026-02-04T07:30:00-03:00,93.688,delivered,B2B-V1-BASE,BLD-9102B6E8BF1ABFFC5F32,True
DEL-SYN-002612,ORD-SYN-002090,VEH-SYN-02,SOR-01,LOC-SYN-CUS-042,1,2026-02-05T04:47:00-03:00,2026-02-05T07:47:00-03:00,96.283,delivered_with_incident,B2B-V1-BASE,BLD-9102B6E8BF1ABFFC5F32,True
DEL-SYN-002613,ORD-SYN-002091,VEH-SYN-03,SOR-01,LOC-SYN-CUS-058,1,2026-02-03T04:52:00-03:00,2026-02-03T07:52:00-03:00,98.394,delivered,B2B-V1-BASE,BLD-9102B6E8BF1ABFFC5F32,True
DEL-SYN-002614,ORD-SYN-002092,VEH-SYN-04,SOR-01,LOC-SYN-CUS-123,1,2026-02-03T18:58:00-03:00,2026-02-03T21:58:00-03:00,18.057,delivered,B2B-V1-BASE,BLD-9102B6E8BF1ABFFC5F32,True
DEL-SYN-002615,ORD-SYN-002092,VEH-SYN-05,SOR-01,LOC-SYN-CUS-123,2,2026-02-04T04:58:00-03:00,2026-02-04T07:58:00-03:00,18.057,delivered,B2B-V1-BASE,BLD-9102B6E8BF1ABFFC5F32,True
DEL-SYN-002616,ORD-SYN-002093,VEH-SYN-05,SOR-01,LOC-SYN-CUS-009,1,2026-02-03T06:31:00-03:00,2026-02-03T09:31:00-03:00,14.093,delivered,B2B-V1-BASE,BLD-9102B6E8BF1ABFFC5F32,True
DEL-SYN-002617,ORD-SYN-002094,VEH-SYN-06,SOR-01,LOC-SYN-CUS-106,1,2026-02-03T08:28:00-03:00,2026-02-03T11:28:00-03:00,97.3,delivered,B2B-V1-BASE,BLD-9102B6E8BF1ABFFC5F32,True
DEL-SYN-002618,ORD-SYN-002095,VEH-SYN-01,SOR-01,LOC-SYN-CUS-136,1,2026-02-05T23:17:00-03:00,2026-02-06T02:17:00-03:00,98.302,delivered,B2B-V1-BASE,BLD-9102B6E8BF1ABFFC5F32,True
DEL-SYN-002619,ORD-SYN-002096,VEH-SYN-02,SOR-01,LOC-SYN-CUS-057,1,2026-02-03T23:38:00-03:00,2026-02-04T02:38:00-03:00,11.041,delivered,B2B-V1-BASE,BLD-9102B6E8BF1ABFFC5F32,True
DEL-SYN-002620,ORD-SYN-002096,VEH-SYN-03,SOR-01,LOC-SYN-CUS-057,2,2026-02-04T09:38:00-03:00,2026-02-04T12:38:00-03:00,11.041,delivered,B2B-V1-BASE,BLD-9102B6E8BF1ABFFC5F32,True
DEL-SYN-002621,ORD-SYN-002097,VEH-SYN-03,SOR-01,LOC-SYN-CUS-005,1,2026-02-06T23:38:00-03:00,2026-02-07T02:38:00-03:00,9.779,delivered,B2B-V1-BASE,BLD-9102B6E8BF1ABFFC5F32,True
DEL-SYN-002622,ORD-SYN-002098,VEH-SYN-04,SOR-01,LOC-SYN-CUS-046,1,2026-02-06T11:12:00-03:00,2026-02-06T14:12:00-03:00,97.72,delivered,B2B-V1-BASE,BLD-9102B6E8BF1ABFFC5F32,True
DEL-SYN-002623,ORD-SYN-002099,VEH-SYN-05,SOR-01,LOC-SYN-CUS-126,1,2026-02-04T02:17:00-03:00,2026-02-04T05:17:00-03:00,96.582,delivered,B2B-V1-BASE,BLD-9102B6E8BF1ABFFC5F32,True
DEL-SYN-002624,ORD-SYN-002100,VEH-SYN-06,SOR-01,LOC-SYN-CUS-110,1,2026-02-07T09:22:00-03:00,2026-02-07T12:22:00-03:00,101.983,delivered,B2B-V1-BASE,BLD-9102B6E8BF1ABFFC5F32,True
DEL-SYN-002625,ORD-SYN-002100,VEH-SYN-01,SOR-01,LOC-SYN-CUS-110,2,2026-02-07T23:22:00-03:00,2026-02-08T02:22:00-03:00,101.983,delivered,B2B-V1-BASE,BLD-9102B6E8BF1ABFFC5F32,True
DEL-SYN-002626,ORD-SYN-002101,VEH-SYN-01,SOR-01,LOC-SYN-CUS-067,1,2026-02-07T04:50:00-03:00,2026-02-07T07:50:00-03:00,13.624,delivered,B2B-V1-BASE,BLD-9102B6E8BF1ABFFC5F32,True
DEL-SYN-002627,ORD-SYN-002102,VEH-SYN-02,SOR-01,LOC-SYN-CUS-046,1,2026-02-04T04:56:00-03:00,2026-02-04T07:56:00-03:00,97.72,delivered,B2B-V1-BASE,BLD-9102B6E8BF1ABFFC5F32,True
DEL-SYN-002628,ORD-SYN-002103,VEH-SYN-03,SOR-01,LOC-SYN-CUS-026,1,2026-02-04T06:13:00-03:00,2026-02-04T09:13:00-03:00,93.542,delivered,B2B-V1-BASE,BLD-9102B6E8BF1ABFFC5F32,True
DEL-SYN-002629,ORD-SYN-002104,VEH-SYN-04,SOR-01,LOC-SYN-CUS-069,1,2026-02-07T20:32:00-03:00,2026-02-07T23:32:00-03:00,13.67,delivered,B2B-V1-BASE,BLD-9102B6E8BF1ABFFC5F32,True
DEL-SYN-002630,ORD-SYN-002104,VEH-SYN-05,SOR-01,LOC-SYN-CUS-069,2,2026-02-08T06:32:00-03:00,2026-02-08T09:32:00-03:00,13.67,delivered,B2B-V1-BASE,BLD-9102B6E8BF1ABFFC5F32,True
DEL-SYN-002631,ORD-SYN-002105,VEH-SYN-05,SOR-01,LOC-SYN-CUS-041,1,2026-02-08T07:44:00-03:00,2026-02-08T10:44:00-03:00,16.45,delivered,B2B-V1-BASE,BLD-9102B6E8BF1ABFFC5F32,True
DEL-SYN-002632,ORD-SYN-002106,VEH-SYN-06,SOR-01,LOC-SYN-CUS-064,1,2026-02-04T09:21:00-03:00,2026-02-04T12:21:00-03:00,102.777,delivered,B2B-V1-BASE,BLD-9102B6E8BF1ABFFC5F32,True
DEL-SYN-002633,ORD-SYN-002107,VEH-SYN-01,SOR-01,LOC-SYN-CUS-137,1,2026-02-06T09:26:00-03:00,2026-02-06T12:26:00-03:00,11.323,delivered,B2B-V1-BASE,BLD-9102B6E8BF1ABFFC5F32,True
DEL-SYN-002634,ORD-SYN-002108,VEH-SYN-02,SOR-01,LOC-SYN-CUS-032,1,2026-02-08T00:40:00-03:00,2026-02-08T03:40:00-03:00,100.378,delivered,B2B-V1-BASE,BLD-9102B6E8BF1ABFFC5F32,True
DEL-SYN-002635,ORD-SYN-002108,VEH-SYN-03,SOR-01,LOC-SYN-CUS-032,2,2026-02-08T10:40:00-03:00,2026-02-08T13:40:00-03:00,100.378,delivered,B2B-V1-BASE,BLD-9102B6E8BF1ABFFC5F32,True
DEL-SYN-002636,ORD-SYN-002109,VEH-SYN-03,SOR-01,LOC-SYN-CUS-078,1,2026-02-06T11:35:00-03:00,2026-02-06T14:35:00-03:00,97.926,delivered,B2B-V1-BASE,BLD-9102B6E8BF1ABFFC5F32,True
DEL-SYN-002637,ORD-SYN-002110,VEH-SYN-04,SOR-01,LOC-SYN-CUS-041,1,2026-02-05T03:46:00-03:00,2026-02-05T06:46:00-03:00,16.45,delivered,B2B-V1-BASE,BLD-9102B6E8BF1ABFFC5F32,True
DEL-SYN-002638,ORD-SYN-002111,VEH-SYN-05,SOR-01,LOC-SYN-CUS-098,1,2026-02-06T04:08:00-03:00,2026-02-06T07:08:00-03:00,100.419,delivered,B2B-V1-BASE,BLD-9102B6E8BF1ABFFC5F32,True
DEL-SYN-002639,ORD-SYN-002112,VEH-SYN-06,SOR-01,LOC-SYN-CUS-122,1,2026-02-06T18:15:00-03:00,2026-02-06T21:15:00-03:00,107.646,delivered,B2B-V1-BASE,BLD-9102B6E8BF1ABFFC5F32,True
DEL-SYN-002640,ORD-SYN-002112,VEH-SYN-01,SOR-01,LOC-SYN-CUS-122,2,2026-02-07T04:15:00-03:00,2026-02-07T07:15:00-03:00,107.646,delivered,B2B-V1-BASE,BLD-9102B6E8BF1ABFFC5F32,True
DEL-SYN-002641,ORD-SYN-002113,VEH-SYN-01,SOR-01,LOC-SYN-CUS-114,1,2026-02-07T04:29:00-03:00,2026-02-07T07:29:00-03:00,98.868,delivered,B2B-V1-BASE,BLD-9102B6E8BF1ABFFC5F32,True
DEL-SYN-002642,ORD-SYN-002114,VEH-SYN-02,SOR-01,LOC-SYN-CUS-105,1,2026-02-06T18:56:00-03:00,2026-02-06T21:56:00-03:00,13.533,delivered,B2B-V1-BASE,BLD-9102B6E8BF1ABFFC5F32,True
DEL-SYN-002643,ORD-SYN-002115,VEH-SYN-03,SOR-01,LOC-SYN-CUS-085,1,2026-02-08T05:19:00-03:00,2026-02-08T08:19:00-03:00,11.234,delivered,B2B-V1-BASE,BLD-9102B6E8BF1ABFFC5F32,True
DEL-SYN-002644,ORD-SYN-002116,VEH-SYN-04,SOR-01,LOC-SYN-CUS-013,1,2026-02-05T00:27:00-03:00,2026-02-05T03:27:00-03:00,12.582,delivered,B2B-V1-BASE,BLD-9102B6E8BF1ABFFC5F32,True
DEL-SYN-002645,ORD-SYN-002116,VEH-SYN-05,SOR-01,LOC-SYN-CUS-013,2,2026-02-05T10:27:00-03:00,2026-02-05T13:27:00-03:00,12.582,delivered,B2B-V1-BASE,BLD-9102B6E8BF1ABFFC5F32,True
DEL-SYN-002646,ORD-SYN-002117,VEH-SYN-05,SOR-01,LOC-SYN-CUS-033,1,2026-02-08T17:30:00-03:00,2026-02-08T20:30:00-03:00,13.637,delivered,B2B-V1-BASE,BLD-9102B6E8BF1ABFFC5F32,True
DEL-SYN-002647,ORD-SYN-002118,VEH-SYN-06,SOR-01,LOC-SYN-CUS-049,1,2026-02-09T03:37:00-03:00,2026-02-09T06:37:00-03:00,13.054,delivered,B2B-V1-BASE,BLD-9102B6E8BF1ABFFC5F32,True
DEL-SYN-002648,ORD-SYN-002119,VEH-SYN-01,SOR-01,LOC-SYN-CUS-113,1,2026-02-06T08:20:00-03:00,2026-02-06T11:20:00-03:00,18.69,delivered,B2B-V1-BASE,BLD-9102B6E8BF1ABFFC5F32,True
DEL-SYN-002649,ORD-SYN-002120,VEH-SYN-02,SOR-01,LOC-SYN-CUS-089,1,2026-02-05T22:55:00-03:00,2026-02-06T01:55:00-03:00,10.706,delivered,B2B-V1-BASE,BLD-9102B6E8BF1ABFFC5F32,True
DEL-SYN-002650,ORD-SYN-002120,VEH-SYN-03,SOR-01,LOC-SYN-CUS-089,2,2026-02-06T08:55:00-03:00,2026-02-06T11:55:00-03:00,10.706,delivered,B2B-V1-BASE,BLD-9102B6E8BF1ABFFC5F32,True
DEL-SYN-002651,ORD-SYN-002121,VEH-SYN-03,SOR-01,LOC-SYN-CUS-018,1,2026-02-06T09:49:00-03:00,2026-02-06T12:49:00-03:00,97.884,delivered,B2B-V1-BASE,BLD-9102B6E8BF1ABFFC5F32,True
DEL-SYN-002652,ORD-SYN-002122,VEH-SYN-04,SOR-01,LOC-SYN-CUS-117,1,2026-02-08T10:41:00-03:00,2026-02-08T13:41:00-03:00,14.483,delivered,B2B-V1-BASE,BLD-9102B6E8BF1ABFFC5F32,True
DEL-SYN-002653,ORD-SYN-002123,VEH-SYN-05,SOR-01,LOC-SYN-CUS-041,1,2026-02-08T11:12:00-03:00,2026-02-08T14:12:00-03:00,16.45,delivered,B2B-V1-BASE,BLD-9102B6E8BF1ABFFC5F32,True
DEL-SYN-002654,ORD-SYN-002124,VEH-SYN-06,SOR-01,LOC-SYN-CUS-132,1,2026-02-09T01:34:00-03:00,2026-02-09T04:34:00-03:00,97.514,delivered_with_incident,B2B-V1-BASE,BLD-9102B6E8BF1ABFFC5F32,True
DEL-SYN-002655,ORD-SYN-002124,VEH-SYN-01,SOR-01,LOC-SYN-CUS-132,2,2026-02-09T11:34:00-03:00,2026-02-09T14:34:00-03:00,97.514,delivered,B2B-V1-BASE,BLD-9102B6E8BF1ABFFC5F32,True
DEL-SYN-002656,ORD-SYN-002125,VEH-SYN-01,SOR-01,LOC-SYN-CUS-065,1,2026-02-11T03:34:00-03:00,2026-02-11T06:34:00-03:00,13.49,delivered,B2B-V1-BASE,BLD-9102B6E8BF1ABFFC5F32,True
DEL-SYN-002657,ORD-SYN-002126,VEH-SYN-02,SOR-01,LOC-SYN-CUS-084,1,2026-02-07T05:00:00-03:00,2026-02-07T08:00:00-03:00,94.071,delivered,B2B-V1-BASE,BLD-9102B6E8BF1ABFFC5F32,True
DEL-SYN-002658,ORD-SYN-002127,VEH-SYN-03,SOR-01,LOC-SYN-CUS-064,1,2026-02-07T21:35:00-03:00,2026-02-08T00:35:00-03:00,102.777,delivered,B2B-V1-BASE,BLD-9102B6E8BF1ABFFC5F32,True
DEL-SYN-002659,ORD-SYN-002128,VEH-SYN-04,SOR-01,LOC-SYN-CUS-033,1,2026-02-08T21:47:00-03:00,2026-02-09T00:47:00-03:00,13.637,delivered,B2B-V1-BASE,BLD-9102B6E8BF1ABFFC5F32,True
DEL-SYN-002660,ORD-SYN-002128,VEH-SYN-05,SOR-01,LOC-SYN-CUS-033,2,2026-02-09T07:47:00-03:00,2026-02-09T10:47:00-03:00,13.637,delivered,B2B-V1-BASE,BLD-9102B6E8BF1ABFFC5F32,True
DEL-SYN-002661,ORD-SYN-002129,VEH-SYN-05,SOR-01,LOC-SYN-CUS-030,1,2026-02-10T08:30:00-03:00,2026-02-10T11:30:00-03:00,95.926,delivered,B2B-V1-BASE,BLD-9102B6E8BF1ABFFC5F32,True
DEL-SYN-002662,ORD-SYN-002130,VEH-SYN-06,SOR-01,LOC-SYN-CUS-099,1,2026-02-08T08:53:00-03:00,2026-02-08T11:53:00-03:00,11.542,delivered,B2B-V1-BASE,BLD-9102B6E8BF1ABFFC5F32,True
DEL-SYN-002663,ORD-SYN-002131,VEH-SYN-01,SOR-01,LOC-SYN-CUS-126,1,2026-02-10T10:33:00-03:00,2026-02-10T13:33:00-03:00,96.582,delivered,B2B-V1-BASE,BLD-9102B6E8BF1ABFFC5F32,True
DEL-SYN-002664,ORD-SYN-002132,VEH-SYN-02,SOR-01,LOC-SYN-CUS-074,1,2026-02-10T19:02:00-03:00,2026-02-10T22:02:00-03:00,106.713,delivered,B2B-V1-BASE,BLD-9102B6E8BF1ABFFC5F32,True
DEL-SYN-002665,ORD-SYN-002132,VEH-SYN-03,SOR-01,LOC-SYN-CUS-074,2,2026-02-11T05:02:00-03:00,2026-02-11T08:02:00-03:00,106.713,delivered,B2B-V1-BASE,BLD-9102B6E8BF1ABFFC5F32,True
DEL-SYN-002666,ORD-SYN-002133,VEH-SYN-03,SOR-01,LOC-SYN-CUS-149,1,2026-02-09T20:12:00-03:00,2026-02-09T23:12:00-03:00,9.994,delivered_with_incident,B2B-V1-BASE,BLD-9102B6E8BF1ABFFC5F32,True
DEL-SYN-002667,ORD-SYN-002134,VEH-SYN-04,SOR-01,LOC-SYN-CUS-091,1,2026-02-09T06:23:00-03:00,2026-02-09T09:23:00-03:00,11.908,delivered,B2B-V1-BASE,BLD-9102B6E8BF1ABFFC5F32,True
DEL-SYN-002668,ORD-SYN-002135,VEH-SYN-05,SOR-01,LOC-SYN-CUS-049,1,2026-02-12T06:31:00-03:00,2026-02-12T09:31:00-03:00,13.054,delivered,B2B-V1-BASE,BLD-9102B6E8BF1ABFFC5F32,True
DEL-SYN-002669,ORD-SYN-002136,VEH-SYN-06,SOR-01,LOC-SYN-CUS-041,1,2026-02-09T20:44:00-03:00,2026-02-09T23:44:00-03:00,16.45,delivered,B2B-V1-BASE,BLD-9102B6E8BF1ABFFC5F32,True
DEL-SYN-002670,ORD-SYN-002136,VEH-SYN-01,SOR-01,LOC-SYN-CUS-041,2,2026-02-10T06:44:00-03:00,2026-02-10T09:44:00-03:00,16.45,delivered,B2B-V1-BASE,BLD-9102B6E8BF1ABFFC5F32,True
DEL-SYN-002671,ORD-SYN-002137,VEH-SYN-01,SOR-01,LOC-SYN-CUS-053,1,2026-02-09T22:17:00-03:00,2026-02-10T01:17:00-03:00,11.138,delivered,B2B-V1-BASE,BLD-9102B6E8BF1ABFFC5F32,True
DEL-SYN-002672,ORD-SYN-002138,VEH-SYN-02,SOR-01,LOC-SYN-CUS-056,1,2026-02-11T10:17:00-03:00,2026-02-11T13:17:00-03:00,107.19,delivered,B2B-V1-BASE,BLD-9102B6E8BF1ABFFC5F32,True
DEL-SYN-002673,ORD-SYN-002139,VEH-SYN-03,SOR-01,LOC-SYN-CUS-026,1,2026-02-08T10:25:00-03:00,2026-02-08T13:25:00-03:00,93.542,delivered,B2B-V1-BASE,BLD-9102B6E8BF1ABFFC5F32,True
DEL-SYN-002674,ORD-SYN-002140,VEH-SYN-04,SOR-01,LOC-SYN-CUS-006,1,2026-02-12T00:53:00-03:00,2026-02-12T03:53:00-03:00,102.381,delivered,B2B-V1-BASE,BLD-9102B6E8BF1ABFFC5F32,True
DEL-SYN-002675,ORD-SYN-002140,VEH-SYN-05,SOR-01,LOC-SYN-CUS-006,2,2026-02-12T10:53:00-03:00,2026-02-12T13:53:00-03:00,102.381,delivered_with_incident,B2B-V1-BASE,BLD-9102B6E8BF1ABFFC5F32,True
DEL-SYN-002676,ORD-SYN-002141,VEH-SYN-05,SOR-01,LOC-SYN-CUS-093,1,2026-02-11T11:30:00-03:00,2026-02-11T14:30:00-03:00,14.157,delivered,B2B-V1-BASE,BLD-9102B6E8BF1ABFFC5F32,True
DEL-SYN-002677,ORD-SYN-002142,VEH-SYN-06,SOR-01,LOC-SYN-CUS-129,1,2026-02-09T11:32:00-03:00,2026-02-09T14:32:00-03:00,10.44,delivered,B2B-V1-BASE,BLD-9102B6E8BF1ABFFC5F32,True
DEL-SYN-002678,ORD-SYN-002143,VEH-SYN-01,SOR-01,LOC-SYN-CUS-121,1,2026-02-12T01:56:00-03:00,2026-02-12T04:56:00-03:00,1.523,delivered,B2B-V1-BASE,BLD-9102B6E8BF1ABFFC5F32,True
DEL-SYN-002679,ORD-SYN-002144,VEH-SYN-02,SOR-01,LOC-SYN-CUS-053,1,2026-02-11T17:08:00-03:00,2026-02-11T20:08:00-03:00,11.138,delivered,B2B-V1-BASE,BLD-9102B6E8BF1ABFFC5F32,True
DEL-SYN-002680,ORD-SYN-002144,VEH-SYN-03,SOR-01,LOC-SYN-CUS-053,2,2026-02-12T03:08:00-03:00,2026-02-12T06:08:00-03:00,11.138,delivered,B2B-V1-BASE,BLD-9102B6E8BF1ABFFC5F32,True
DEL-SYN-002681,ORD-SYN-002145,VEH-SYN-03,SOR-01,LOC-SYN-CUS-102,1,2026-02-13T03:11:00-03:00,2026-02-13T06:11:00-03:00,92.902,delivered,B2B-V1-BASE,BLD-9102B6E8BF1ABFFC5F32,True
DEL-SYN-002682,ORD-SYN-002146,VEH-SYN-04,SOR-01,LOC-SYN-CUS-118,1,2026-02-09T17:31:00-03:00,2026-02-09T20:31:00-03:00,89.411,delivered,B2B-V1-BASE,BLD-9102B6E8BF1ABFFC5F32,True
DEL-SYN-002683,ORD-SYN-002147,VEH-SYN-05,SOR-01,LOC-SYN-CUS-049,1,2026-02-11T18:47:00-03:00,2026-02-11T21:47:00-03:00,13.054,delivered,B2B-V1-BASE,BLD-9102B6E8BF1ABFFC5F32,True
DEL-SYN-002684,ORD-SYN-002148,VEH-SYN-06,SOR-01,LOC-SYN-CUS-110,1,2026-02-10T18:58:00-03:00,2026-02-10T21:58:00-03:00,101.983,delivered,B2B-V1-BASE,BLD-9102B6E8BF1ABFFC5F32,True
DEL-SYN-002685,ORD-SYN-002148,VEH-SYN-01,SOR-01,LOC-SYN-CUS-110,2,2026-02-11T04:58:00-03:00,2026-02-11T07:58:00-03:00,101.983,delivered,B2B-V1-BASE,BLD-9102B6E8BF1ABFFC5F32,True
DEL-SYN-002686,ORD-SYN-002149,VEH-SYN-01,SOR-01,LOC-SYN-CUS-126,1,2026-02-12T06:17:00-03:00,2026-02-12T09:17:00-03:00,96.582,delivered,B2B-V1-BASE,BLD-9102B6E8BF1ABFFC5F32,True
DEL-SYN-002687,ORD-SYN-002150,VEH-SYN-02,SOR-01,LOC-SYN-CUS-032,1,2026-02-09T06:36:00-03:00,2026-02-09T09:36:00-03:00,100.378,delivered,B2B-V1-BASE,BLD-9102B6E8BF1ABFFC5F32,True
DEL-SYN-002688,ORD-SYN-002151,VEH-SYN-03,SOR-01,LOC-SYN-CUS-130,1,2026-02-09T06:42:00-03:00,2026-02-09T09:42:00-03:00,92.017,delivered,B2B-V1-BASE,BLD-9102B6E8BF1ABFFC5F32,True
DEL-SYN-002689,ORD-SYN-002152,VEH-SYN-04,SOR-01,LOC-SYN-CUS-006,1,2026-02-11T20:43:00-03:00,2026-02-11T23:43:00-03:00,102.381,delivered,B2B-V1-BASE,BLD-9102B6E8BF1ABFFC5F32,True
DEL-SYN-002690,ORD-SYN-002152,VEH-SYN-05,SOR-01,LOC-SYN-CUS-006,2,2026-02-12T06:43:00-03:00,2026-02-12T09:43:00-03:00,102.381,delivered,B2B-V1-BASE,BLD-9102B6E8BF1ABFFC5F32,True
DEL-SYN-002691,ORD-SYN-002153,VEH-SYN-05,SOR-01,LOC-SYN-CUS-023,1,2026-02-11T22:23:00-03:00,2026-02-12T01:23:00-03:00,12.238,delivered,B2B-V1-BASE,BLD-9102B6E8BF1ABFFC5F32,True
DEL-SYN-002692,ORD-SYN-002154,VEH-SYN-06,SOR-01,LOC-SYN-CUS-021,1,2026-02-11T08:34:00-03:00,2026-02-11T11:34:00-03:00,21.891,delivered,B2B-V1-BASE,BLD-9102B6E8BF1ABFFC5F32,True
DEL-SYN-002693,ORD-SYN-002155,VEH-SYN-01,SOR-01,LOC-SYN-CUS-069,1,2026-02-13T08:49:00-03:00,2026-02-13T11:49:00-03:00,13.67,delivered,B2B-V1-BASE,BLD-9102B6E8BF1ABFFC5F32,True
DEL-SYN-002694,ORD-SYN-002156,VEH-SYN-02,SOR-01,LOC-SYN-CUS-120,1,2026-02-11T22:55:00-03:00,2026-02-12T01:55:00-03:00,87.645,delivered,B2B-V1-BASE,BLD-9102B6E8BF1ABFFC5F32,True
DEL-SYN-002695,ORD-SYN-002156,VEH-SYN-03,SOR-01,LOC-SYN-CUS-120,2,2026-02-12T08:55:00-03:00,2026-02-12T11:55:00-03:00,87.645,delivered,B2B-V1-BASE,BLD-9102B6E8BF1ABFFC5F32,True
DEL-SYN-002696,ORD-SYN-002157,VEH-SYN-03,SOR-01,LOC-SYN-CUS-051,1,2026-02-09T09:33:00-03:00,2026-02-09T12:33:00-03:00,8.518,delivered,B2B-V1-BASE,BLD-9102B6E8BF1ABFFC5F32,True
DEL-SYN-002697,ORD-SYN-002158,VEH-SYN-04,SOR-01,LOC-SYN-CUS-058,1,2026-02-12T09:57:00-03:00,2026-02-12T12:57:00-03:00,98.394,delivered_with_incident,B2B-V1-BASE,BLD-9102B6E8BF1ABFFC5F32,True
DEL-SYN-002698,ORD-SYN-002159,VEH-SYN-05,SOR-01,LOC-SYN-CUS-049,1,2026-02-12T10:21:00-03:00,2026-02-12T13:21:00-03:00,13.054,delivered,B2B-V1-BASE,BLD-9102B6E8BF1ABFFC5F32,True
DEL-SYN-002699,ORD-SYN-002160,VEH-SYN-06,SOR-01,LOC-SYN-CUS-058,1,2026-02-10T17:03:00-03:00,2026-02-10T20:03:00-03:00,98.394,delivered,B2B-V1-BASE,BLD-9102B6E8BF1ABFFC5F32,True
DEL-SYN-002700,ORD-SYN-002160,VEH-SYN-01,SOR-01,LOC-SYN-CUS-058,2,2026-02-11T07:03:00-03:00,2026-02-11T10:03:00-03:00,98.394,delivered,B2B-V1-BASE,BLD-9102B6E8BF1ABFFC5F32,True
DEL-SYN-002701,ORD-SYN-002161,VEH-SYN-01,SOR-01,LOC-SYN-CUS-077,1,2026-02-13T01:42:00-03:00,2026-02-13T04:42:00-03:00,6.85,delivered,B2B-V1-BASE,BLD-9102B6E8BF1ABFFC5F32,True
DEL-SYN-002702,ORD-SYN-002162,VEH-SYN-02,SOR-01,LOC-SYN-CUS-031,1,2026-02-11T03:45:00-03:00,2026-02-11T06:45:00-03:00,2.694,delivered,B2B-V1-BASE,BLD-9102B6E8BF1ABFFC5F32,True
DEL-SYN-002703,ORD-SYN-002163,VEH-SYN-03,SOR-01,LOC-SYN-CUS-037,1,2026-02-13T18:13:00-03:00,2026-02-13T21:13:00-03:00,1.869,delivered,B2B-V1-BASE,BLD-9102B6E8BF1ABFFC5F32,True
DEL-SYN-002704,ORD-SYN-002164,VEH-SYN-04,SOR-01,LOC-SYN-CUS-006,1,2026-02-12T18:44:00-03:00,2026-02-12T21:44:00-03:00,102.381,delivered,B2B-V1-BASE,BLD-9102B6E8BF1ABFFC5F32,True
DEL-SYN-002705,ORD-SYN-002164,VEH-SYN-05,SOR-01,LOC-SYN-CUS-006,2,2026-02-13T04:44:00-03:00,2026-02-13T07:44:00-03:00,102.381,delivered,B2B-V1-BASE,BLD-9102B6E8BF1ABFFC5F32,True
DEL-SYN-002706,ORD-SYN-002165,VEH-SYN-05,SOR-01,LOC-SYN-CUS-073,1,2026-02-10T04:53:00-03:00,2026-02-10T07:53:00-03:00,17.971,delivered,B2B-V1-BASE,BLD-9102B6E8BF1ABFFC5F32,True
DEL-SYN-002707,ORD-SYN-002166,VEH-SYN-06,SOR-01,LOC-SYN-CUS-050,1,2026-02-11T05:23:00-03:00,2026-02-11T08:23:00-03:00,95.323,delivered,B2B-V1-BASE,BLD-9102B6E8BF1ABFFC5F32,True
DEL-SYN-002708,ORD-SYN-002167,VEH-SYN-01,SOR-01,LOC-SYN-CUS-145,1,2026-02-10T06:04:00-03:00,2026-02-10T09:04:00-03:00,9.581,delivered,B2B-V1-BASE,BLD-9102B6E8BF1ABFFC5F32,True
DEL-SYN-002709,ORD-SYN-002168,VEH-SYN-02,SOR-01,LOC-SYN-CUS-070,1,2026-02-11T20:05:00-03:00,2026-02-11T23:05:00-03:00,93.688,delivered,B2B-V1-BASE,BLD-9102B6E8BF1ABFFC5F32,True
DEL-SYN-002710,ORD-SYN-002168,VEH-SYN-03,SOR-01,LOC-SYN-CUS-070,2,2026-02-12T06:05:00-03:00,2026-02-12T09:05:00-03:00,93.688,delivered,B2B-V1-BASE,BLD-9102B6E8BF1ABFFC5F32,True
DEL-SYN-002711,ORD-SYN-002169,VEH-SYN-03,SOR-01,LOC-SYN-CUS-018,1,2026-02-13T06:16:00-03:00,2026-02-13T09:16:00-03:00,97.884,delivered,B2B-V1-BASE,BLD-9102B6E8BF1ABFFC5F32,True
DEL-SYN-002712,ORD-SYN-002170,VEH-SYN-04,SOR-01,LOC-SYN-CUS-032,1,2026-02-12T06:32:00-03:00,2026-02-12T09:32:00-03:00,100.378,delivered,B2B-V1-BASE,BLD-9102B6E8BF1ABFFC5F32,True
DEL-SYN-002713,ORD-SYN-002171,VEH-SYN-05,SOR-01,LOC-SYN-CUS-125,1,2026-02-14T06:36:00-03:00,2026-02-14T09:36:00-03:00,11.651,delivered,B2B-V1-BASE,BLD-9102B6E8BF1ABFFC5F32,True
DEL-SYN-002714,ORD-SYN-002172,VEH-SYN-06,SOR-01,LOC-SYN-CUS-007,1,2026-02-14T12:46:00-03:00,2026-02-14T15:46:00-03:00,14.599,delivered,B2B-V1-BASE,BLD-9102B6E8BF1ABFFC5F32,True
DEL-SYN-002715,ORD-SYN-002172,VEH-SYN-01,SOR-01,LOC-SYN-CUS-007,2,2026-02-15T02:46:00-03:00,2026-02-15T05:46:00-03:00,14.599,delivered,B2B-V1-BASE,BLD-9102B6E8BF1ABFFC5F32,True
DEL-SYN-002716,ORD-SYN-002173,VEH-SYN-01,SOR-01,LOC-SYN-CUS-026,1,2026-02-10T08:19:00-03:00,2026-02-10T11:19:00-03:00,93.542,delivered,B2B-V1-BASE,BLD-9102B6E8BF1ABFFC5F32,True
DEL-SYN-002717,ORD-SYN-002174,VEH-SYN-02,SOR-01,LOC-SYN-CUS-146,1,2026-02-13T09:11:00-03:00,2026-02-13T12:11:00-03:00,99.257,delivered,B2B-V1-BASE,BLD-9102B6E8BF1ABFFC5F32,True
DEL-SYN-002718,ORD-SYN-002175,VEH-SYN-03,SOR-01,LOC-SYN-CUS-033,1,2026-02-10T09:36:00-03:00,2026-02-10T12:36:00-03:00,13.637,delivered,B2B-V1-BASE,BLD-9102B6E8BF1ABFFC5F32,True
DEL-SYN-002719,ORD-SYN-002176,VEH-SYN-04,SOR-01,LOC-SYN-CUS-019,1,2026-02-14T00:43:00-03:00,2026-02-14T03:43:00-03:00,11.18,delivered,B2B-V1-BASE,BLD-9102B6E8BF1ABFFC5F32,True
DEL-SYN-002720,ORD-SYN-002176,VEH-SYN-05,SOR-01,LOC-SYN-CUS-019,2,2026-02-14T10:43:00-03:00,2026-02-14T13:43:00-03:00,11.18,delivered,B2B-V1-BASE,BLD-9102B6E8BF1ABFFC5F32,True
DEL-SYN-002721,ORD-SYN-002177,VEH-SYN-05,SOR-01,LOC-SYN-CUS-017,1,2026-02-15T01:21:00-03:00,2026-02-15T04:21:00-03:00,7.536,delivered,B2B-V1-BASE,BLD-9102B6E8BF1ABFFC5F32,True
DEL-SYN-002722,ORD-SYN-002178,VEH-SYN-06,SOR-01,LOC-SYN-CUS-122,1,2026-02-13T01:51:00-03:00,2026-02-13T04:51:00-03:00,107.646,delivered,B2B-V1-BASE,BLD-9102B6E8BF1ABFFC5F32,True
DEL-SYN-002723,ORD-SYN-002179,VEH-SYN-01,SOR-01,LOC-SYN-CUS-086,1,2026-02-10T12:58:00-03:00,2026-02-10T15:58:00-03:00,100.855,delivered,B2B-V1-BASE,BLD-9102B6E8BF1ABFFC5F32,True
DEL-SYN-002724,ORD-SYN-002180,VEH-SYN-02,SOR-01,LOC-SYN-CUS-125,1,2026-02-14T18:32:00-03:00,2026-02-14T21:32:00-03:00,11.651,delivered,B2B-V1-BASE,BLD-9102B6E8BF1ABFFC5F32,True
DEL-SYN-002725,ORD-SYN-002180,VEH-SYN-03,SOR-01,LOC-SYN-CUS-125,2,2026-02-15T04:32:00-03:00,2026-02-15T07:32:00-03:00,11.651,delivered,B2B-V1-BASE,BLD-9102B6E8BF1ABFFC5F32,True
DEL-SYN-002726,ORD-SYN-002181,VEH-SYN-03,SOR-01,LOC-SYN-CUS-145,1,2026-02-12T04:39:00-03:00,2026-02-12T07:39:00-03:00,9.581,delivered,B2B-V1-BASE,BLD-9102B6E8BF1ABFFC5F32,True
DEL-SYN-002727,ORD-SYN-002182,VEH-SYN-04,SOR-01,LOC-SYN-CUS-069,1,2026-02-11T04:47:00-03:00,2026-02-11T07:47:00-03:00,13.67,delivered,B2B-V1-BASE,BLD-9102B6E8BF1ABFFC5F32,True
DEL-SYN-002728,ORD-SYN-002183,VEH-SYN-05,SOR-01,LOC-SYN-CUS-130,1,2026-02-11T06:11:00-03:00,2026-02-11T09:11:00-03:00,92.017,delivered,B2B-V1-BASE,BLD-9102B6E8BF1ABFFC5F32,True
DEL-SYN-002729,ORD-SYN-002184,VEH-SYN-06,SOR-01,LOC-SYN-CUS-066,1,2026-02-14T20:24:00-03:00,2026-02-14T23:24:00-03:00,96.649,delivered,B2B-V1-BASE,BLD-9102B6E8BF1ABFFC5F32,True
DEL-SYN-002730,ORD-SYN-002184,VEH-SYN-01,SOR-01,LOC-SYN-CUS-066,2,2026-02-15T06:24:00-03:00,2026-02-15T09:24:00-03:00,96.649,delivered,B2B-V1-BASE,BLD-9102B6E8BF1ABFFC5F32,True
DEL-SYN-002731,ORD-SYN-002185,VEH-SYN-01,SOR-01,LOC-SYN-CUS-083,1,2026-02-14T20:38:00-03:00,2026-02-14T23:38:00-03:00,15.586,delivered,B2B-V1-BASE,BLD-9102B6E8BF1ABFFC5F32,True
DEL-SYN-002732,ORD-SYN-002186,VEH-SYN-02,SOR-01,LOC-SYN-CUS-005,1,2026-02-14T07:30:00-03:00,2026-02-14T10:30:00-03:00,9.779,delivered,B2B-V1-BASE,BLD-9102B6E8BF1ABFFC5F32,True
DEL-SYN-002733,ORD-SYN-002187,VEH-SYN-03,SOR-01,LOC-SYN-CUS-046,1,2026-02-12T08:00:00-03:00,2026-02-12T11:00:00-03:00,97.72,delivered,B2B-V1-BASE,BLD-9102B6E8BF1ABFFC5F32,True
DEL-SYN-002734,ORD-SYN-002188,VEH-SYN-04,SOR-01,LOC-SYN-CUS-005,1,2026-02-14T23:37:00-03:00,2026-02-15T02:37:00-03:00,9.779,delivered,B2B-V1-BASE,BLD-9102B6E8BF1ABFFC5F32,True
DEL-SYN-002735,ORD-SYN-002188,VEH-SYN-05,SOR-01,LOC-SYN-CUS-005,2,2026-02-15T09:37:00-03:00,2026-02-15T12:37:00-03:00,9.779,delivered,B2B-V1-BASE,BLD-9102B6E8BF1ABFFC5F32,True
DEL-SYN-002736,ORD-SYN-002189,VEH-SYN-05,SOR-01,LOC-SYN-CUS-121,1,2026-02-16T00:01:00-03:00,2026-02-16T03:01:00-03:00,1.523,delivered,B2B-V1-BASE,BLD-9102B6E8BF1ABFFC5F32,True
DEL-SYN-002737,ORD-SYN-002190,VEH-SYN-06,SOR-01,LOC-SYN-CUS-146,1,2026-02-11T10:45:00-03:00,2026-02-11T13:45:00-03:00,99.257,delivered,B2B-V1-BASE,BLD-9102B6E8BF1ABFFC5F32,True
DEL-SYN-002738,ORD-SYN-002191,VEH-SYN-01,SOR-01,LOC-SYN-CUS-086,1,2026-02-12T11:33:00-03:00,2026-02-12T14:33:00-03:00,100.855,delivered,B2B-V1-BASE,BLD-9102B6E8BF1ABFFC5F32,True
DEL-SYN-002739,ORD-SYN-002192,VEH-SYN-02,SOR-01,LOC-SYN-CUS-002,1,2026-02-12T01:58:00-03:00,2026-02-12T04:58:00-03:00,87.443,delivered_with_incident,B2B-V1-BASE,BLD-9102B6E8BF1ABFFC5F32,True
DEL-SYN-002740,ORD-SYN-002192,VEH-SYN-03,SOR-01,LOC-SYN-CUS-002,2,2026-02-12T11:58:00-03:00,2026-02-12T14:58:00-03:00,87.443,delivered,B2B-V1-BASE,BLD-9102B6E8BF1ABFFC5F32,True
DEL-SYN-002741,ORD-SYN-002193,VEH-SYN-03,SOR-01,LOC-SYN-CUS-073,1,2026-02-15T12:16:00-03:00,2026-02-15T15:16:00-03:00,17.971,delivered,B2B-V1-BASE,BLD-9102B6E8BF1ABFFC5F32,True
DEL-SYN-002742,ORD-SYN-002194,VEH-SYN-04,SOR-01,LOC-SYN-CUS-053,1,2026-02-14T02:32:00-03:00,2026-02-14T05:32:00-03:00,11.138,delivered,B2B-V1-BASE,BLD-9102B6E8BF1ABFFC5F32,True
DEL-SYN-002743,ORD-SYN-002195,VEH-SYN-05,SOR-01,LOC-SYN-CUS-135,1,2026-02-15T12:33:00-03:00,2026-02-15T15:33:00-03:00,15.798,delivered,B2B-V1-BASE,BLD-9102B6E8BF1ABFFC5F32,True
DEL-SYN-002744,ORD-SYN-002196,VEH-SYN-06,SOR-01,LOC-SYN-CUS-078,1,2026-02-15T17:23:00-03:00,2026-02-15T20:23:00-03:00,97.926,delivered,B2B-V1-BASE,BLD-9102B6E8BF1ABFFC5F32,True
DEL-SYN-002745,ORD-SYN-002196,VEH-SYN-01,SOR-01,LOC-SYN-CUS-078,2,2026-02-16T03:23:00-03:00,2026-02-16T06:23:00-03:00,97.926,delivered,B2B-V1-BASE,BLD-9102B6E8BF1ABFFC5F32,True
DEL-SYN-002746,ORD-SYN-002197,VEH-SYN-01,SOR-01,LOC-SYN-CUS-071,1,2026-02-14T17:57:00-03:00,2026-02-14T20:57:00-03:00,15.735,delivered,B2B-V1-BASE,BLD-9102B6E8BF1ABFFC5F32,True
DEL-SYN-002747,ORD-SYN-002198,VEH-SYN-02,SOR-01,LOC-SYN-CUS-009,1,2026-02-15T17:58:00-03:00,2026-02-15T20:58:00-03:00,14.093,delivered,B2B-V1-BASE,BLD-9102B6E8BF1ABFFC5F32,True
DEL-SYN-002748,ORD-SYN-002199,VEH-SYN-03,SOR-01,LOC-SYN-CUS-121,1,2026-02-13T05:07:00-03:00,2026-02-13T08:07:00-03:00,1.523,delivered,B2B-V1-BASE,BLD-9102B6E8BF1ABFFC5F32,True
DEL-SYN-002749,ORD-SYN-002200,VEH-SYN-04,SOR-01,LOC-SYN-CUS-043,1,2026-02-13T20:49:00-03:00,2026-02-13T23:49:00-03:00,10.148,delivered,B2B-V1-BASE,BLD-9102B6E8BF1ABFFC5F32,True
DEL-SYN-002750,ORD-SYN-002200,VEH-SYN-05,SOR-01,LOC-SYN-CUS-043,2,2026-02-14T06:49:00-03:00,2026-02-14T09:49:00-03:00,10.148,delivered,B2B-V1-BASE,BLD-9102B6E8BF1ABFFC5F32,True
DEL-SYN-002751,ORD-SYN-002201,VEH-SYN-05,SOR-01,LOC-SYN-CUS-117,1,2026-02-12T07:36:00-03:00,2026-02-12T10:36:00-03:00,14.483,delivered,B2B-V1-BASE,BLD-9102B6E8BF1ABFFC5F32,True
DEL-SYN-002752,ORD-SYN-002202,VEH-SYN-06,SOR-01,LOC-SYN-CUS-060,1,2026-02-13T07:49:00-03:00,2026-02-13T10:49:00-03:00,99.346,delivered,B2B-V1-BASE,BLD-9102B6E8BF1ABFFC5F32,True
DEL-SYN-002753,ORD-SYN-002203,VEH-SYN-01,SOR-01,LOC-SYN-CUS-133,1,2026-02-13T09:10:00-03:00,2026-02-13T12:10:00-03:00,15.316,delivered,B2B-V1-BASE,BLD-9102B6E8BF1ABFFC5F32,True
DEL-SYN-002754,ORD-SYN-002204,VEH-SYN-02,SOR-01,LOC-SYN-CUS-077,1,2026-02-15T23:58:00-03:00,2026-02-16T02:58:00-03:00,6.85,delivered,B2B-V1-BASE,BLD-9102B6E8BF1ABFFC5F32,True
DEL-SYN-002755,ORD-SYN-002204,VEH-SYN-03,SOR-01,LOC-SYN-CUS-077,2,2026-02-16T09:58:00-03:00,2026-02-16T12:58:00-03:00,6.85,delivered,B2B-V1-BASE,BLD-9102B6E8BF1ABFFC5F32,True
DEL-SYN-002756,ORD-SYN-002205,VEH-SYN-03,SOR-01,LOC-SYN-CUS-040,1,2026-02-14T09:59:00-03:00,2026-02-14T12:59:00-03:00,104.509,delivered,B2B-V1-BASE,BLD-9102B6E8BF1ABFFC5F32,True
DEL-SYN-002757,ORD-SYN-002206,VEH-SYN-04,SOR-01,LOC-SYN-CUS-118,1,2026-02-14T10:03:00-03:00,2026-02-14T13:03:00-03:00,89.411,delivered,B2B-V1-BASE,BLD-9102B6E8BF1ABFFC5F32,True
DEL-SYN-002758,ORD-SYN-002207,VEH-SYN-05,SOR-01,LOC-SYN-CUS-001,1,2026-02-16T10:16:00-03:00,2026-02-16T13:16:00-03:00,6.513,delivered,B2B-V1-BASE,BLD-9102B6E8BF1ABFFC5F32,True
DEL-SYN-002759,ORD-SYN-002208,VEH-SYN-06,SOR-01,LOC-SYN-CUS-019,1,2026-02-14T01:20:00-03:00,2026-02-14T04:20:00-03:00,11.18,delivered,B2B-V1-BASE,BLD-9102B6E8BF1ABFFC5F32,True
DEL-SYN-002760,ORD-SYN-002208,VEH-SYN-01,SOR-01,LOC-SYN-CUS-019,2,2026-02-14T11:20:00-03:00,2026-02-14T14:20:00-03:00,11.18,delivered,B2B-V1-BASE,BLD-9102B6E8BF1ABFFC5F32,True
DEL-SYN-002761,ORD-SYN-002209,VEH-SYN-01,SOR-01,LOC-SYN-CUS-117,1,2026-02-15T11:30:00-03:00,2026-02-15T14:30:00-03:00,14.483,delivered,B2B-V1-BASE,BLD-9102B6E8BF1ABFFC5F32,True
DEL-SYN-002762,ORD-SYN-002210,VEH-SYN-02,SOR-01,LOC-SYN-CUS-013,1,2026-02-12T11:38:00-03:00,2026-02-12T14:38:00-03:00,12.582,delivered,B2B-V1-BASE,BLD-9102B6E8BF1ABFFC5F32,True
DEL-SYN-002763,ORD-SYN-002211,VEH-SYN-03,SOR-01,LOC-SYN-CUS-043,1,2026-02-15T11:51:00-03:00,2026-02-15T14:51:00-03:00,10.148,delivered,B2B-V1-BASE,BLD-9102B6E8BF1ABFFC5F32,True
DEL-SYN-002764,ORD-SYN-002212,VEH-SYN-04,SOR-01,LOC-SYN-CUS-070,1,2026-02-13T18:29:00-03:00,2026-02-13T21:29:00-03:00,93.688,delivered,B2B-V1-BASE,BLD-9102B6E8BF1ABFFC5F32,True
DEL-SYN-002765,ORD-SYN-002212,VEH-SYN-05,SOR-01,LOC-SYN-CUS-070,2,2026-02-14T08:29:00-03:00,2026-02-14T11:29:00-03:00,93.688,delivered,B2B-V1-BASE,BLD-9102B6E8BF1ABFFC5F32,True
DEL-SYN-002766,ORD-SYN-002213,VEH-SYN-05,SOR-01,LOC-SYN-CUS-003,1,2026-02-15T04:06:00-03:00,2026-02-15T07:06:00-03:00,7.59,delivered,B2B-V1-BASE,BLD-9102B6E8BF1ABFFC5F32,True
DEL-SYN-002767,ORD-SYN-002214,VEH-SYN-06,SOR-01,LOC-SYN-CUS-041,1,2026-02-15T04:31:00-03:00,2026-02-15T07:31:00-03:00,16.45,delivered,B2B-V1-BASE,BLD-9102B6E8BF1ABFFC5F32,True
DEL-SYN-002768,ORD-SYN-002215,VEH-SYN-01,SOR-01,LOC-SYN-CUS-093,1,2026-02-16T05:03:00-03:00,2026-02-16T08:03:00-03:00,14.157,delivered,B2B-V1-BASE,BLD-9102B6E8BF1ABFFC5F32,True
DEL-SYN-002769,ORD-SYN-002216,VEH-SYN-02,SOR-01,LOC-SYN-CUS-089,1,2026-02-14T19:19:00-03:00,2026-02-14T22:19:00-03:00,10.706,delivered,B2B-V1-BASE,BLD-9102B6E8BF1ABFFC5F32,True
DEL-SYN-002770,ORD-SYN-002216,VEH-SYN-03,SOR-01,LOC-SYN-CUS-089,2,2026-02-15T05:19:00-03:00,2026-02-15T08:19:00-03:00,10.706,delivered,B2B-V1-BASE,BLD-9102B6E8BF1ABFFC5F32,True
DEL-SYN-002771,ORD-SYN-002217,VEH-SYN-03,SOR-01,LOC-SYN-CUS-010,1,2026-02-16T05:37:00-03:00,2026-02-16T08:37:00-03:00,98.174,delivered,B2B-V1-BASE,BLD-9102B6E8BF1ABFFC5F32,True
DEL-SYN-002772,ORD-SYN-002218,VEH-SYN-04,SOR-01,LOC-SYN-CUS-013,1,2026-02-13T06:36:00-03:00,2026-02-13T09:36:00-03:00,12.582,delivered,B2B-V1-BASE,BLD-9102B6E8BF1ABFFC5F32,True
DEL-SYN-002773,ORD-SYN-002219,VEH-SYN-05,SOR-01,LOC-SYN-CUS-090,1,2026-02-13T07:41:00-03:00,2026-02-13T10:41:00-03:00,114.028,delivered,B2B-V1-BASE,BLD-9102B6E8BF1ABFFC5F32,True
DEL-SYN-002774,ORD-SYN-002220,VEH-SYN-06,SOR-01,LOC-SYN-CUS-097,1,2026-02-15T23:17:00-03:00,2026-02-16T02:17:00-03:00,10.67,delivered,B2B-V1-BASE,BLD-9102B6E8BF1ABFFC5F32,True
DEL-SYN-002775,ORD-SYN-002220,VEH-SYN-01,SOR-01,LOC-SYN-CUS-097,2,2026-02-16T09:17:00-03:00,2026-02-16T12:17:00-03:00,10.67,delivered,B2B-V1-BASE,BLD-9102B6E8BF1ABFFC5F32,True
DEL-SYN-002776,ORD-SYN-002221,VEH-SYN-01,SOR-01,LOC-SYN-CUS-077,1,2026-02-14T12:04:00-03:00,2026-02-14T15:04:00-03:00,6.85,delivered,B2B-V1-BASE,BLD-9102B6E8BF1ABFFC5F32,True
DEL-SYN-002777,ORD-SYN-002222,VEH-SYN-02,SOR-01,LOC-SYN-CUS-005,1,2026-02-17T17:35:00-03:00,2026-02-17T20:35:00-03:00,9.779,delivered,B2B-V1-BASE,BLD-9102B6E8BF1ABFFC5F32,True
DEL-SYN-002778,ORD-SYN-002223,VEH-SYN-03,SOR-01,LOC-SYN-CUS-142,1,2026-02-17T04:05:00-03:00,2026-02-17T07:05:00-03:00,96.727,delivered,B2B-V1-BASE,BLD-9102B6E8BF1ABFFC5F32,True
DEL-SYN-002779,ORD-SYN-002224,VEH-SYN-04,SOR-01,LOC-SYN-CUS-040,1,2026-02-15T11:28:00-03:00,2026-02-15T14:28:00-03:00,104.509,delivered,B2B-V1-BASE,BLD-9102B6E8BF1ABFFC5F32,True
DEL-SYN-002780,ORD-SYN-002224,VEH-SYN-05,SOR-01,LOC-SYN-CUS-040,2,2026-02-16T01:28:00-03:00,2026-02-16T04:28:00-03:00,104.509,delivered,B2B-V1-BASE,BLD-9102B6E8BF1ABFFC5F32,True
DEL-SYN-002781,ORD-SYN-002225,VEH-SYN-05,SOR-01,LOC-SYN-CUS-002,1,2026-02-16T06:04:00-03:00,2026-02-16T09:04:00-03:00,87.443,delivered,B2B-V1-BASE,BLD-9102B6E8BF1ABFFC5F32,True
DEL-SYN-002782,ORD-SYN-002226,VEH-SYN-06,SOR-01,LOC-SYN-CUS-087,1,2026-02-16T08:32:00-03:00,2026-02-16T11:32:00-03:00,7.154,delivered,B2B-V1-BASE,BLD-9102B6E8BF1ABFFC5F32,True
DEL-SYN-002783,ORD-SYN-002227,VEH-SYN-01,SOR-01,LOC-SYN-CUS-033,1,2026-02-16T08:56:00-03:00,2026-02-16T11:56:00-03:00,13.637,delivered,B2B-V1-BASE,BLD-9102B6E8BF1ABFFC5F32,True
DEL-SYN-002784,ORD-SYN-002228,VEH-SYN-02,SOR-01,LOC-SYN-CUS-022,1,2026-02-18T15:11:00-03:00,2026-02-18T18:11:00-03:00,97.576,delivered,B2B-V1-BASE,BLD-9102B6E8BF1ABFFC5F32,True
DEL-SYN-002785,ORD-SYN-002228,VEH-SYN-03,SOR-01,LOC-SYN-CUS-022,2,2026-02-19T05:11:00-03:00,2026-02-19T08:11:00-03:00,97.576,delivered,B2B-V1-BASE,BLD-9102B6E8BF1ABFFC5F32,True
DEL-SYN-002786,ORD-SYN-002229,VEH-SYN-03,SOR-01,LOC-SYN-CUS-114,1,2026-02-14T10:27:00-03:00,2026-02-14T13:27:00-03:00,98.868,delivered,B2B-V1-BASE,BLD-9102B6E8BF1ABFFC5F32,True
DEL-SYN-002787,ORD-SYN-002230,VEH-SYN-04,SOR-01,LOC-SYN-CUS-087,1,2026-02-15T01:24:00-03:00,2026-02-15T04:24:00-03:00,7.154,delivered_with_incident,B2B-V1-BASE,BLD-9102B6E8BF1ABFFC5F32,True
DEL-SYN-002788,ORD-SYN-002231,VEH-SYN-05,SOR-01,LOC-SYN-CUS-002,1,2026-02-16T11:56:00-03:00,2026-02-16T14:56:00-03:00,87.443,delivered,B2B-V1-BASE,BLD-9102B6E8BF1ABFFC5F32,True
DEL-SYN-002789,ORD-SYN-002232,VEH-SYN-06,SOR-01,LOC-SYN-CUS-148,1,2026-02-17T17:38:00-03:00,2026-02-17T20:38:00-03:00,94.333,delivered,B2B-V1-BASE,BLD-9102B6E8BF1ABFFC5F32,True
DEL-SYN-002790,ORD-SYN-002232,VEH-SYN-01,SOR-01,LOC-SYN-CUS-148,2,2026-02-18T03:38:00-03:00,2026-02-18T06:38:00-03:00,94.333,delivered,B2B-V1-BASE,BLD-9102B6E8BF1ABFFC5F32,True
DEL-SYN-002791,ORD-SYN-002233,VEH-SYN-01,SOR-01,LOC-SYN-CUS-061,1,2026-02-19T06:52:00-03:00,2026-02-19T09:52:00-03:00,12.904,delivered,B2B-V1-BASE,BLD-9102B6E8BF1ABFFC5F32,True
DEL-SYN-002792,ORD-SYN-002234,VEH-SYN-02,SOR-01,LOC-SYN-CUS-026,1,2026-02-16T06:55:00-03:00,2026-02-16T09:55:00-03:00,93.542,delivered,B2B-V1-BASE,BLD-9102B6E8BF1ABFFC5F32,True
DEL-SYN-002793,ORD-SYN-002235,VEH-SYN-03,SOR-01,LOC-SYN-CUS-094,1,2026-02-17T07:15:00-03:00,2026-02-17T10:15:00-03:00,81.241,delivered,B2B-V1-BASE,BLD-9102B6E8BF1ABFFC5F32,True
DEL-SYN-002794,ORD-SYN-002236,VEH-SYN-04,SOR-01,LOC-SYN-CUS-004,1,2026-02-18T21:19:00-03:00,2026-02-19T00:19:00-03:00,101.893,delivered,B2B-V1-BASE,BLD-9102B6E8BF1ABFFC5F32,True
DEL-SYN-002795,ORD-SYN-002236,VEH-SYN-05,SOR-01,LOC-SYN-CUS-004,2,2026-02-19T07:19:00-03:00,2026-02-19T10:19:00-03:00,101.893,delivered,B2B-V1-BASE,BLD-9102B6E8BF1ABFFC5F32,True
DEL-SYN-002796,ORD-SYN-002237,VEH-SYN-05,SOR-01,LOC-SYN-CUS-033,1,2026-02-17T08:25:00-03:00,2026-02-17T11:25:00-03:00,13.637,delivered,B2B-V1-BASE,BLD-9102B6E8BF1ABFFC5F32,True
DEL-SYN-002797,ORD-SYN-002238,VEH-SYN-06,SOR-01,LOC-SYN-CUS-093,1,2026-02-15T23:19:00-03:00,2026-02-16T02:19:00-03:00,14.157,delivered,B2B-V1-BASE,BLD-9102B6E8BF1ABFFC5F32,True
DEL-SYN-002798,ORD-SYN-002239,VEH-SYN-01,SOR-01,LOC-SYN-CUS-006,1,2026-02-19T11:45:00-03:00,2026-02-19T14:45:00-03:00,102.381,delivered,B2B-V1-BASE,BLD-9102B6E8BF1ABFFC5F32,True
DEL-SYN-002799,ORD-SYN-002240,VEH-SYN-02,SOR-01,LOC-SYN-CUS-142,1,2026-02-15T02:38:00-03:00,2026-02-15T05:38:00-03:00,96.727,delivered,B2B-V1-BASE,BLD-9102B6E8BF1ABFFC5F32,True
DEL-SYN-002800,ORD-SYN-002240,VEH-SYN-03,SOR-01,LOC-SYN-CUS-142,2,2026-02-15T12:38:00-03:00,2026-02-15T15:38:00-03:00,96.727,delivered,B2B-V1-BASE,BLD-9102B6E8BF1ABFFC5F32,True
DEL-SYN-002801,ORD-SYN-002241,VEH-SYN-03,SOR-01,LOC-SYN-CUS-032,1,2026-02-15T12:42:00-03:00,2026-02-15T15:42:00-03:00,100.378,delivered,B2B-V1-BASE,BLD-9102B6E8BF1ABFFC5F32,True
DEL-SYN-002802,ORD-SYN-002242,VEH-SYN-04,SOR-01,LOC-SYN-CUS-124,1,2026-02-16T12:50:00-03:00,2026-02-16T15:50:00-03:00,90.769,delivered,B2B-V1-BASE,BLD-9102B6E8BF1ABFFC5F32,True
DEL-SYN-002803,ORD-SYN-002243,VEH-SYN-05,SOR-01,LOC-SYN-CUS-095,1,2026-02-19T05:32:00-03:00,2026-02-19T08:32:00-03:00,11.423,delivered,B2B-V1-BASE,BLD-9102B6E8BF1ABFFC5F32,True
DEL-SYN-002804,ORD-SYN-002244,VEH-SYN-06,SOR-01,LOC-SYN-CUS-135,1,2026-02-18T11:36:00-03:00,2026-02-18T14:36:00-03:00,15.798,delivered,B2B-V1-BASE,BLD-9102B6E8BF1ABFFC5F32,True
DEL-SYN-002805,ORD-SYN-002244,VEH-SYN-01,SOR-01,LOC-SYN-CUS-135,2,2026-02-19T01:36:00-03:00,2026-02-19T04:36:00-03:00,15.798,delivered,B2B-V1-BASE,BLD-9102B6E8BF1ABFFC5F32,True
DEL-SYN-002806,ORD-SYN-002245,VEH-SYN-01,SOR-01,LOC-SYN-CUS-122,1,2026-02-20T05:48:00-03:00,2026-02-20T08:48:00-03:00,107.646,delivered,B2B-V1-BASE,BLD-9102B6E8BF1ABFFC5F32,True
DEL-SYN-002807,ORD-SYN-002246,VEH-SYN-02,SOR-01,LOC-SYN-CUS-096,1,2026-02-18T22:34:00-03:00,2026-02-19T01:34:00-03:00,108.662,delivered,B2B-V1-BASE,BLD-9102B6E8BF1ABFFC5F32,True
DEL-SYN-002808,ORD-SYN-002247,VEH-SYN-03,SOR-01,LOC-SYN-CUS-013,1,2026-02-19T08:39:00-03:00,2026-02-19T11:39:00-03:00,12.582,delivered,B2B-V1-BASE,BLD-9102B6E8BF1ABFFC5F32,True
DEL-SYN-002809,ORD-SYN-002248,VEH-SYN-04,SOR-01,LOC-SYN-CUS-063,1,2026-02-17T02:57:00-03:00,2026-02-17T05:57:00-03:00,10.053,delivered,B2B-V1-BASE,BLD-9102B6E8BF1ABFFC5F32,True
DEL-SYN-002810,ORD-SYN-002248,VEH-SYN-05,SOR-01,LOC-SYN-CUS-063,2,2026-02-17T12:57:00-03:00,2026-02-17T15:57:00-03:00,10.053,delivered,B2B-V1-BASE,BLD-9102B6E8BF1ABFFC5F32,True
DEL-SYN-002811,ORD-SYN-002249,VEH-SYN-05,SOR-01,LOC-SYN-CUS-104,1,2026-02-18T03:55:00-03:00,2026-02-18T06:55:00-03:00,101.385,delivered,B2B-V1-BASE,BLD-9102B6E8BF1ABFFC5F32,True
DEL-SYN-002812,ORD-SYN-002250,VEH-SYN-06,SOR-01,LOC-SYN-CUS-006,1,2026-02-19T04:00:00-03:00,2026-02-19T07:00:00-03:00,102.381,delivered,B2B-V1-BASE,BLD-9102B6E8BF1ABFFC5F32,True
DEL-SYN-002813,ORD-SYN-002251,VEH-SYN-01,SOR-01,LOC-SYN-CUS-136,1,2026-02-18T04:36:00-03:00,2026-02-18T07:36:00-03:00,98.302,delivered,B2B-V1-BASE,BLD-9102B6E8BF1ABFFC5F32,True
DEL-SYN-002814,ORD-SYN-002252,VEH-SYN-02,SOR-01,LOC-SYN-CUS-094,1,2026-02-21T12:31:00-03:00,2026-02-21T15:31:00-03:00,81.241,delivered,B2B-V1-BASE,BLD-9102B6E8BF1ABFFC5F32,True
DEL-SYN-002815,ORD-SYN-002252,VEH-SYN-03,SOR-01,LOC-SYN-CUS-094,2,2026-02-22T02:31:00-03:00,2026-02-22T05:31:00-03:00,81.241,delivered,B2B-V1-BASE,BLD-9102B6E8BF1ABFFC5F32,True
DEL-SYN-002816,ORD-SYN-002253,VEH-SYN-03,SOR-01,LOC-SYN-CUS-101,1,2026-02-19T06:35:00-03:00,2026-02-19T09:35:00-03:00,8.729,delivered,B2B-V1-BASE,BLD-9102B6E8BF1ABFFC5F32,True
DEL-SYN-002817,ORD-SYN-002254,VEH-SYN-04,SOR-01,LOC-SYN-CUS-021,1,2026-02-17T07:06:00-03:00,2026-02-17T10:06:00-03:00,21.891,delivered,B2B-V1-BASE,BLD-9102B6E8BF1ABFFC5F32,True
DEL-SYN-002818,ORD-SYN-002255,VEH-SYN-05,SOR-01,LOC-SYN-CUS-086,1,2026-02-19T21:24:00-03:00,2026-02-20T00:24:00-03:00,100.855,delivered,B2B-V1-BASE,BLD-9102B6E8BF1ABFFC5F32,True
DEL-SYN-002819,ORD-SYN-002256,VEH-SYN-06,SOR-01,LOC-SYN-CUS-130,1,2026-02-19T21:30:00-03:00,2026-02-20T00:30:00-03:00,92.017,delivered,B2B-V1-BASE,BLD-9102B6E8BF1ABFFC5F32,True
DEL-SYN-002820,ORD-SYN-002256,VEH-SYN-01,SOR-01,LOC-SYN-CUS-130,2,2026-02-20T07:30:00-03:00,2026-02-20T10:30:00-03:00,92.017,delivered,B2B-V1-BASE,BLD-9102B6E8BF1ABFFC5F32,True
DEL-SYN-002821,ORD-SYN-002257,VEH-SYN-01,SOR-01,LOC-SYN-CUS-001,1,2026-02-19T08:38:00-03:00,2026-02-19T11:38:00-03:00,6.513,delivered,B2B-V1-BASE,BLD-9102B6E8BF1ABFFC5F32,True
DEL-SYN-002822,ORD-SYN-002258,VEH-SYN-02,SOR-01,LOC-SYN-CUS-077,1,2026-02-20T09:00:00-03:00,2026-02-20T12:00:00-03:00,6.85,delivered,B2B-V1-BASE,BLD-9102B6E8BF1ABFFC5F32,True
DEL-SYN-002823,ORD-SYN-002259,VEH-SYN-03,SOR-01,LOC-SYN-CUS-122,1,2026-02-19T23:10:00-03:00,2026-02-20T02:10:00-03:00,107.646,delivered,B2B-V1-BASE,BLD-9102B6E8BF1ABFFC5F32,True
DEL-SYN-002824,ORD-SYN-002260,VEH-SYN-04,SOR-01,LOC-SYN-CUS-105,1,2026-02-18T23:40:00-03:00,2026-02-19T02:40:00-03:00,13.533,delivered,B2B-V1-BASE,BLD-9102B6E8BF1ABFFC5F32,True
DEL-SYN-002825,ORD-SYN-002260,VEH-SYN-05,SOR-01,LOC-SYN-CUS-105,2,2026-02-19T09:40:00-03:00,2026-02-19T12:40:00-03:00,13.533,delivered,B2B-V1-BASE,BLD-9102B6E8BF1ABFFC5F32,True
DEL-SYN-002826,ORD-SYN-002261,VEH-SYN-05,SOR-01,LOC-SYN-CUS-090,1,2026-02-19T10:30:00-03:00,2026-02-19T13:30:00-03:00,114.028,delivered,B2B-V1-BASE,BLD-9102B6E8BF1ABFFC5F32,True
DEL-SYN-002827,ORD-SYN-002262,VEH-SYN-06,SOR-01,LOC-SYN-CUS-073,1,2026-02-21T11:02:00-03:00,2026-02-21T14:02:00-03:00,17.971,delivered,B2B-V1-BASE,BLD-9102B6E8BF1ABFFC5F32,True
DEL-SYN-002828,ORD-SYN-002263,VEH-SYN-01,SOR-01,LOC-SYN-CUS-075,1,2026-02-20T12:02:00-03:00,2026-02-20T15:02:00-03:00,11.238,delivered,B2B-V1-BASE,BLD-9102B6E8BF1ABFFC5F32,True
DEL-SYN-002829,ORD-SYN-002264,VEH-SYN-02,SOR-01,LOC-SYN-CUS-133,1,2026-02-20T18:47:00-03:00,2026-02-20T21:47:00-03:00,15.316,delivered,B2B-V1-BASE,BLD-9102B6E8BF1ABFFC5F32,True
DEL-SYN-002830,ORD-SYN-002264,VEH-SYN-03,SOR-01,LOC-SYN-CUS-133,2,2026-02-21T08:47:00-03:00,2026-02-21T11:47:00-03:00,15.316,delivered,B2B-V1-BASE,BLD-9102B6E8BF1ABFFC5F32,True
DEL-SYN-002831,ORD-SYN-002265,VEH-SYN-03,SOR-01,LOC-SYN-CUS-011,1,2026-02-18T02:51:00-03:00,2026-02-18T05:51:00-03:00,11.323,delivered,B2B-V1-BASE,BLD-9102B6E8BF1ABFFC5F32,True
DEL-SYN-002832,ORD-SYN-002266,VEH-SYN-04,SOR-01,LOC-SYN-CUS-146,1,2026-02-18T12:54:00-03:00,2026-02-18T15:54:00-03:00,99.257,delivered,B2B-V1-BASE,BLD-9102B6E8BF1ABFFC5F32,True
DEL-SYN-002833,ORD-SYN-002267,VEH-SYN-05,SOR-01,LOC-SYN-CUS-074,1,2026-02-22T05:20:00-03:00,2026-02-22T08:20:00-03:00,106.713,delivered,B2B-V1-BASE,BLD-9102B6E8BF1ABFFC5F32,True
DEL-SYN-002834,ORD-SYN-002268,VEH-SYN-06,SOR-01,LOC-SYN-CUS-078,1,2026-02-19T21:59:00-03:00,2026-02-20T00:59:00-03:00,97.926,delivered,B2B-V1-BASE,BLD-9102B6E8BF1ABFFC5F32,True
DEL-SYN-002835,ORD-SYN-002268,VEH-SYN-01,SOR-01,LOC-SYN-CUS-078,2,2026-02-20T07:59:00-03:00,2026-02-20T10:59:00-03:00,97.926,delivered,B2B-V1-BASE,BLD-9102B6E8BF1ABFFC5F32,True
DEL-SYN-002836,ORD-SYN-002269,VEH-SYN-01,SOR-01,LOC-SYN-CUS-025,1,2026-02-19T09:36:00-03:00,2026-02-19T12:36:00-03:00,12.656,delivered,B2B-V1-BASE,BLD-9102B6E8BF1ABFFC5F32,True
DEL-SYN-002837,ORD-SYN-002270,VEH-SYN-02,SOR-01,LOC-SYN-CUS-010,1,2026-02-18T09:48:00-03:00,2026-02-18T12:48:00-03:00,98.174,delivered,B2B-V1-BASE,BLD-9102B6E8BF1ABFFC5F32,True
DEL-SYN-002838,ORD-SYN-002271,VEH-SYN-03,SOR-01,LOC-SYN-CUS-077,1,2026-02-20T00:34:00-03:00,2026-02-20T03:34:00-03:00,6.85,delivered,B2B-V1-BASE,BLD-9102B6E8BF1ABFFC5F32,True
DEL-SYN-002839,ORD-SYN-002272,VEH-SYN-04,SOR-01,LOC-SYN-CUS-063,1,2026-02-20T17:43:00-03:00,2026-02-20T20:43:00-03:00,10.053,delivered,B2B-V1-BASE,BLD-9102B6E8BF1ABFFC5F32,True
DEL-SYN-002840,ORD-SYN-002272,VEH-SYN-05,SOR-01,LOC-SYN-CUS-063,2,2026-02-21T07:43:00-03:00,2026-02-21T10:43:00-03:00,10.053,delivered,B2B-V1-BASE,BLD-9102B6E8BF1ABFFC5F32,True
DEL-SYN-002841,ORD-SYN-002273,VEH-SYN-05,SOR-01,LOC-SYN-CUS-045,1,2026-02-22T12:19:00-03:00,2026-02-22T15:19:00-03:00,12.037,delivered,B2B-V1-BASE,BLD-9102B6E8BF1ABFFC5F32,True
DEL-SYN-002842,ORD-SYN-002274,VEH-SYN-06,SOR-01,LOC-SYN-CUS-090,1,2026-02-20T04:04:00-03:00,2026-02-20T07:04:00-03:00,114.028,delivered,B2B-V1-BASE,BLD-9102B6E8BF1ABFFC5F32,True
DEL-SYN-002843,ORD-SYN-002275,VEH-SYN-01,SOR-01,LOC-SYN-CUS-117,1,2026-02-22T06:18:00-03:00,2026-02-22T09:18:00-03:00,14.483,delivered,B2B-V1-BASE,BLD-9102B6E8BF1ABFFC5F32,True
DEL-SYN-002844,ORD-SYN-002276,VEH-SYN-02,SOR-01,LOC-SYN-CUS-019,1,2026-02-19T22:19:00-03:00,2026-02-20T01:19:00-03:00,11.18,delivered,B2B-V1-BASE,BLD-9102B6E8BF1ABFFC5F32,True
DEL-SYN-002845,ORD-SYN-002276,VEH-SYN-03,SOR-01,LOC-SYN-CUS-019,2,2026-02-20T08:19:00-03:00,2026-02-20T11:19:00-03:00,11.18,delivered,B2B-V1-BASE,BLD-9102B6E8BF1ABFFC5F32,True
DEL-SYN-002846,ORD-SYN-002277,VEH-SYN-03,SOR-01,LOC-SYN-CUS-073,1,2026-02-22T10:24:00-03:00,2026-02-22T13:24:00-03:00,17.971,delivered,B2B-V1-BASE,BLD-9102B6E8BF1ABFFC5F32,True
DEL-SYN-002847,ORD-SYN-002278,VEH-SYN-04,SOR-01,LOC-SYN-CUS-017,1,2026-02-21T11:07:00-03:00,2026-02-21T14:07:00-03:00,7.536,delivered,B2B-V1-BASE,BLD-9102B6E8BF1ABFFC5F32,True
DEL-SYN-002848,ORD-SYN-002279,VEH-SYN-05,SOR-01,LOC-SYN-CUS-148,1,2026-02-23T11:47:00-03:00,2026-02-23T14:47:00-03:00,94.333,delivered,B2B-V1-BASE,BLD-9102B6E8BF1ABFFC5F32,True
DEL-SYN-002849,ORD-SYN-002280,VEH-SYN-06,SOR-01,LOC-SYN-CUS-149,1,2026-02-21T01:55:00-03:00,2026-02-21T04:55:00-03:00,9.994,delivered,B2B-V1-BASE,BLD-9102B6E8BF1ABFFC5F32,True
DEL-SYN-002850,ORD-SYN-002280,VEH-SYN-01,SOR-01,LOC-SYN-CUS-149,2,2026-02-21T11:55:00-03:00,2026-02-21T14:55:00-03:00,9.994,delivered,B2B-V1-BASE,BLD-9102B6E8BF1ABFFC5F32,True
DEL-SYN-002851,ORD-SYN-002281,VEH-SYN-01,SOR-01,LOC-SYN-CUS-078,1,2026-02-21T12:52:00-03:00,2026-02-21T15:52:00-03:00,97.926,delivered,B2B-V1-BASE,BLD-9102B6E8BF1ABFFC5F32,True
DEL-SYN-002852,ORD-SYN-002282,VEH-SYN-02,SOR-01,LOC-SYN-CUS-038,1,2026-02-22T17:07:00-03:00,2026-02-22T20:07:00-03:00,91.614,delivered,B2B-V1-BASE,BLD-9102B6E8BF1ABFFC5F32,True
DEL-SYN-002853,ORD-SYN-002283,VEH-SYN-03,SOR-01,LOC-SYN-CUS-149,1,2026-02-24T03:47:00-03:00,2026-02-24T06:47:00-03:00,9.994,delivered,B2B-V1-BASE,BLD-9102B6E8BF1ABFFC5F32,True
DEL-SYN-002854,ORD-SYN-002284,VEH-SYN-04,SOR-01,LOC-SYN-CUS-026,1,2026-02-21T11:05:00-03:00,2026-02-21T14:05:00-03:00,93.542,delivered,B2B-V1-BASE,BLD-9102B6E8BF1ABFFC5F32,True
DEL-SYN-002855,ORD-SYN-002284,VEH-SYN-05,SOR-01,LOC-SYN-CUS-026,2,2026-02-22T01:05:00-03:00,2026-02-22T04:05:00-03:00,93.542,delivered,B2B-V1-BASE,BLD-9102B6E8BF1ABFFC5F32,True
DEL-SYN-002856,ORD-SYN-002285,VEH-SYN-05,SOR-01,LOC-SYN-CUS-018,1,2026-02-20T05:58:00-03:00,2026-02-20T08:58:00-03:00,97.884,delivered,B2B-V1-BASE,BLD-9102B6E8BF1ABFFC5F32,True
DEL-SYN-002857,ORD-SYN-002286,VEH-SYN-06,SOR-01,LOC-SYN-CUS-108,1,2026-02-21T20:51:00-03:00,2026-02-21T23:51:00-03:00,104.477,delivered,B2B-V1-BASE,BLD-9102B6E8BF1ABFFC5F32,True
DEL-SYN-002858,ORD-SYN-002287,VEH-SYN-01,SOR-01,LOC-SYN-CUS-099,1,2026-02-23T07:27:00-03:00,2026-02-23T10:27:00-03:00,11.542,delivered,B2B-V1-BASE,BLD-9102B6E8BF1ABFFC5F32,True
DEL-SYN-002859,ORD-SYN-002288,VEH-SYN-02,SOR-01,LOC-SYN-CUS-110,1,2026-02-20T22:23:00-03:00,2026-02-21T01:23:00-03:00,101.983,delivered,B2B-V1-BASE,BLD-9102B6E8BF1ABFFC5F32,True
DEL-SYN-002860,ORD-SYN-002288,VEH-SYN-03,SOR-01,LOC-SYN-CUS-110,2,2026-02-21T08:23:00-03:00,2026-02-21T11:23:00-03:00,101.983,delivered,B2B-V1-BASE,BLD-9102B6E8BF1ABFFC5F32,True
DEL-SYN-002861,ORD-SYN-002289,VEH-SYN-03,SOR-01,LOC-SYN-CUS-070,1,2026-02-21T09:01:00-03:00,2026-02-21T12:01:00-03:00,93.688,delivered,B2B-V1-BASE,BLD-9102B6E8BF1ABFFC5F32,True
DEL-SYN-002862,ORD-SYN-002290,VEH-SYN-04,SOR-01,LOC-SYN-CUS-001,1,2026-02-22T09:19:00-03:00,2026-02-22T12:19:00-03:00,6.513,delivered,B2B-V1-BASE,BLD-9102B6E8BF1ABFFC5F32,True
DEL-SYN-002863,ORD-SYN-002291,VEH-SYN-05,SOR-01,LOC-SYN-CUS-061,1,2026-02-23T10:41:00-03:00,2026-02-23T13:41:00-03:00,12.904,delivered,B2B-V1-BASE,BLD-9102B6E8BF1ABFFC5F32,True
DEL-SYN-002864,ORD-SYN-002292,VEH-SYN-06,SOR-01,LOC-SYN-CUS-122,1,2026-02-22T01:32:00-03:00,2026-02-22T04:32:00-03:00,107.646,delivered,B2B-V1-BASE,BLD-9102B6E8BF1ABFFC5F32,True
DEL-SYN-002865,ORD-SYN-002292,VEH-SYN-01,SOR-01,LOC-SYN-CUS-122,2,2026-02-22T11:32:00-03:00,2026-02-22T14:32:00-03:00,107.646,delivered,B2B-V1-BASE,BLD-9102B6E8BF1ABFFC5F32,True
DEL-SYN-002866,ORD-SYN-002293,VEH-SYN-01,SOR-01,LOC-SYN-CUS-010,1,2026-02-21T01:42:00-03:00,2026-02-21T04:42:00-03:00,98.174,delivered,B2B-V1-BASE,BLD-9102B6E8BF1ABFFC5F32,True
DEL-SYN-002867,ORD-SYN-002294,VEH-SYN-02,SOR-01,LOC-SYN-CUS-079,1,2026-02-21T03:50:00-03:00,2026-02-21T06:50:00-03:00,9.76,delivered,B2B-V1-BASE,BLD-9102B6E8BF1ABFFC5F32,True
DEL-SYN-002868,ORD-SYN-002295,VEH-SYN-03,SOR-01,LOC-SYN-CUS-127,1,2026-02-23T05:35:00-03:00,2026-02-23T08:35:00-03:00,11.422,delivered,B2B-V1-BASE,BLD-9102B6E8BF1ABFFC5F32,True
DEL-SYN-002869,ORD-SYN-002296,VEH-SYN-04,SOR-01,LOC-SYN-CUS-130,1,2026-02-22T20:05:00-03:00,2026-02-22T23:05:00-03:00,92.017,delivered,B2B-V1-BASE,BLD-9102B6E8BF1ABFFC5F32,True
DEL-SYN-002870,ORD-SYN-002296,VEH-SYN-05,SOR-01,LOC-SYN-CUS-130,2,2026-02-23T06:05:00-03:00,2026-02-23T09:05:00-03:00,92.017,delivered,B2B-V1-BASE,BLD-9102B6E8BF1ABFFC5F32,True
DEL-SYN-002871,ORD-SYN-002297,VEH-SYN-05,SOR-01,LOC-SYN-CUS-122,1,2026-02-21T06:10:00-03:00,2026-02-21T09:10:00-03:00,107.646,delivered,B2B-V1-BASE,BLD-9102B6E8BF1ABFFC5F32,True
DEL-SYN-002872,ORD-SYN-002298,VEH-SYN-06,SOR-01,LOC-SYN-CUS-143,1,2026-02-25T07:01:00-03:00,2026-02-25T10:01:00-03:00,10.494,delivered,B2B-V1-BASE,BLD-9102B6E8BF1ABFFC5F32,True
DEL-SYN-002873,ORD-SYN-002299,VEH-SYN-01,SOR-01,LOC-SYN-CUS-135,1,2026-02-23T22:19:00-03:00,2026-02-24T01:19:00-03:00,15.798,delivered,B2B-V1-BASE,BLD-9102B6E8BF1ABFFC5F32,True
DEL-SYN-002874,ORD-SYN-002300,VEH-SYN-02,SOR-01,LOC-SYN-CUS-145,1,2026-02-25T00:12:00-03:00,2026-02-25T03:12:00-03:00,9.581,delivered,B2B-V1-BASE,BLD-9102B6E8BF1ABFFC5F32,True
DEL-SYN-002875,ORD-SYN-002300,VEH-SYN-03,SOR-01,LOC-SYN-CUS-145,2,2026-02-25T10:12:00-03:00,2026-02-25T13:12:00-03:00,9.581,delivered,B2B-V1-BASE,BLD-9102B6E8BF1ABFFC5F32,True
DEL-SYN-002876,ORD-SYN-002301,VEH-SYN-03,SOR-01,LOC-SYN-CUS-070,1,2026-02-25T12:14:00-03:00,2026-02-25T15:14:00-03:00,93.688,delivered,B2B-V1-BASE,BLD-9102B6E8BF1ABFFC5F32,True
DEL-SYN-002877,ORD-SYN-002302,VEH-SYN-04,SOR-01,LOC-SYN-CUS-021,1,2026-02-24T12:53:00-03:00,2026-02-24T15:53:00-03:00,21.891,delivered,B2B-V1-BASE,BLD-9102B6E8BF1ABFFC5F32,True
DEL-SYN-002878,ORD-SYN-002303,VEH-SYN-05,SOR-01,LOC-SYN-CUS-126,1,2026-02-25T17:09:00-03:00,2026-02-25T20:09:00-03:00,96.582,delivered,B2B-V1-BASE,BLD-9102B6E8BF1ABFFC5F32,True
DEL-SYN-002879,ORD-SYN-002304,VEH-SYN-06,SOR-01,LOC-SYN-CUS-097,1,2026-02-23T09:19:00-03:00,2026-02-23T12:19:00-03:00,10.67,delivered,B2B-V1-BASE,BLD-9102B6E8BF1ABFFC5F32,True
DEL-SYN-002880,ORD-SYN-002304,VEH-SYN-01,SOR-01,LOC-SYN-CUS-097,2,2026-02-23T23:19:00-03:00,2026-02-24T02:19:00-03:00,10.67,delivered,B2B-V1-BASE,BLD-9102B6E8BF1ABFFC5F32,True
DEL-SYN-002881,ORD-SYN-002305,VEH-SYN-01,SOR-01,LOC-SYN-CUS-018,1,2026-02-24T17:31:00-03:00,2026-02-24T20:31:00-03:00,97.884,delivered,B2B-V1-BASE,BLD-9102B6E8BF1ABFFC5F32,True
DEL-SYN-002882,ORD-SYN-002306,VEH-SYN-02,SOR-01,LOC-SYN-CUS-024,1,2026-02-26T04:04:00-03:00,2026-02-26T07:04:00-03:00,107.095,delivered,B2B-V1-BASE,BLD-9102B6E8BF1ABFFC5F32,True
DEL-SYN-002883,ORD-SYN-002307,VEH-SYN-03,SOR-01,LOC-SYN-CUS-141,1,2026-02-24T05:27:00-03:00,2026-02-24T08:27:00-03:00,3.791,delivered,B2B-V1-BASE,BLD-9102B6E8BF1ABFFC5F32,True
DEL-SYN-002884,ORD-SYN-002308,VEH-SYN-04,SOR-01,LOC-SYN-CUS-048,1,2026-02-21T19:50:00-03:00,2026-02-21T22:50:00-03:00,94.78,delivered,B2B-V1-BASE,BLD-9102B6E8BF1ABFFC5F32,True
DEL-SYN-002885,ORD-SYN-002308,VEH-SYN-05,SOR-01,LOC-SYN-CUS-048,2,2026-02-22T05:50:00-03:00,2026-02-22T08:50:00-03:00,94.78,delivered,B2B-V1-BASE,BLD-9102B6E8BF1ABFFC5F32,True
DEL-SYN-002886,ORD-SYN-002309,VEH-SYN-05,SOR-01,LOC-SYN-CUS-070,1,2026-02-22T05:50:00-03:00,2026-02-22T08:50:00-03:00,93.688,delivered,B2B-V1-BASE,BLD-9102B6E8BF1ABFFC5F32,True
DEL-SYN-002887,ORD-SYN-002310,VEH-SYN-06,SOR-01,LOC-SYN-CUS-150,1,2026-02-24T06:01:00-03:00,2026-02-24T09:01:00-03:00,93.487,delivered,B2B-V1-BASE,BLD-9102B6E8BF1ABFFC5F32,True
DEL-SYN-002888,ORD-SYN-002311,VEH-SYN-01,SOR-01,LOC-SYN-CUS-066,1,2026-02-25T07:32:00-03:00,2026-02-25T10:32:00-03:00,96.649,delivered_with_incident,B2B-V1-BASE,BLD-9102B6E8BF1ABFFC5F32,True
DEL-SYN-002889,ORD-SYN-002312,VEH-SYN-02,SOR-01,LOC-SYN-CUS-077,1,2026-02-21T22:29:00-03:00,2026-02-22T01:29:00-03:00,6.85,delivered,B2B-V1-BASE,BLD-9102B6E8BF1ABFFC5F32,True
DEL-SYN-002890,ORD-SYN-002312,VEH-SYN-03,SOR-01,LOC-SYN-CUS-077,2,2026-02-22T08:29:00-03:00,2026-02-22T11:29:00-03:00,6.85,delivered,B2B-V1-BASE,BLD-9102B6E8BF1ABFFC5F32,True
DEL-SYN-002891,ORD-SYN-002313,VEH-SYN-03,SOR-01,LOC-SYN-CUS-005,1,2026-02-24T09:34:00-03:00,2026-02-24T12:34:00-03:00,9.779,delivered,B2B-V1-BASE,BLD-9102B6E8BF1ABFFC5F32,True
DEL-SYN-002892,ORD-SYN-002314,VEH-SYN-04,SOR-01,LOC-SYN-CUS-145,1,2026-02-26T10:17:00-03:00,2026-02-26T13:17:00-03:00,9.581,delivered,B2B-V1-BASE,BLD-9102B6E8BF1ABFFC5F32,True
DEL-SYN-002893,ORD-SYN-002315,VEH-SYN-05,SOR-01,LOC-SYN-CUS-085,1,2026-02-22T10:19:00-03:00,2026-02-22T13:19:00-03:00,11.234,delivered,B2B-V1-BASE,BLD-9102B6E8BF1ABFFC5F32,True
DEL-SYN-002894,ORD-SYN-002316,VEH-SYN-06,SOR-01,LOC-SYN-CUS-081,1,2026-02-23T00:47:00-03:00,2026-02-23T03:47:00-03:00,6.44,delivered,B2B-V1-BASE,BLD-9102B6E8BF1ABFFC5F32,True
DEL-SYN-002895,ORD-SYN-002316,VEH-SYN-01,SOR-01,LOC-SYN-CUS-081,2,2026-02-23T10:47:00-03:00,2026-02-23T13:47:00-03:00,6.44,delivered,B2B-V1-BASE,BLD-9102B6E8BF1ABFFC5F32,True
DEL-SYN-002896,ORD-SYN-002317,VEH-SYN-01,SOR-01,LOC-SYN-CUS-025,1,2026-02-26T11:22:00-03:00,2026-02-26T14:22:00-03:00,12.656,delivered,B2B-V1-BASE,BLD-9102B6E8BF1ABFFC5F32,True
DEL-SYN-002897,ORD-SYN-002318,VEH-SYN-02,SOR-01,LOC-SYN-CUS-120,1,2026-02-26T01:40:00-03:00,2026-02-26T04:40:00-03:00,87.645,delivered,B2B-V1-BASE,BLD-9102B6E8BF1ABFFC5F32,True
DEL-SYN-002898,ORD-SYN-002319,VEH-SYN-03,SOR-01,LOC-SYN-CUS-082,1,2026-02-23T11:59:00-03:00,2026-02-23T14:59:00-03:00,95.328,delivered,B2B-V1-BASE,BLD-9102B6E8BF1ABFFC5F32,True
DEL-SYN-002899,ORD-SYN-002320,VEH-SYN-04,SOR-01,LOC-SYN-CUS-086,1,2026-02-23T17:03:00-03:00,2026-02-23T20:03:00-03:00,100.855,delivered,B2B-V1-BASE,BLD-9102B6E8BF1ABFFC5F32,True
DEL-SYN-002900,ORD-SYN-002320,VEH-SYN-05,SOR-01,LOC-SYN-CUS-086,2,2026-02-24T03:03:00-03:00,2026-02-24T06:03:00-03:00,100.855,delivered,B2B-V1-BASE,BLD-9102B6E8BF1ABFFC5F32,True
DEL-SYN-002901,ORD-SYN-002321,VEH-SYN-05,SOR-01,LOC-SYN-CUS-057,1,2026-02-26T18:42:00-03:00,2026-02-26T21:42:00-03:00,11.041,delivered,B2B-V1-BASE,BLD-9102B6E8BF1ABFFC5F32,True
DEL-SYN-002902,ORD-SYN-002322,VEH-SYN-06,SOR-01,LOC-SYN-CUS-099,1,2026-02-27T19:55:00-03:00,2026-02-27T22:55:00-03:00,11.542,delivered,B2B-V1-BASE,BLD-9102B6E8BF1ABFFC5F32,True
DEL-SYN-002903,ORD-SYN-002323,VEH-SYN-01,SOR-01,LOC-SYN-CUS-150,1,2026-02-24T06:23:00-03:00,2026-02-24T09:23:00-03:00,93.487,delivered,B2B-V1-BASE,BLD-9102B6E8BF1ABFFC5F32,True
DEL-SYN-002904,ORD-SYN-002324,VEH-SYN-02,SOR-01,LOC-SYN-CUS-126,1,2026-02-26T20:49:00-03:00,2026-02-26T23:49:00-03:00,96.582,delivered,B2B-V1-BASE,BLD-9102B6E8BF1ABFFC5F32,True
DEL-SYN-002905,ORD-SYN-002324,VEH-SYN-03,SOR-01,LOC-SYN-CUS-126,2,2026-02-27T06:49:00-03:00,2026-02-27T09:49:00-03:00,96.582,delivered,B2B-V1-BASE,BLD-9102B6E8BF1ABFFC5F32,True
DEL-SYN-002906,ORD-SYN-002325,VEH-SYN-03,SOR-01,LOC-SYN-CUS-100,1,2026-02-25T20:56:00-03:00,2026-02-25T23:56:00-03:00,104.241,delivered,B2B-V1-BASE,BLD-9102B6E8BF1ABFFC5F32,True
DEL-SYN-002907,ORD-SYN-002326,VEH-SYN-04,SOR-01,LOC-SYN-CUS-101,1,2026-02-23T21:11:00-03:00,2026-02-24T00:11:00-03:00,8.729,delivered,B2B-V1-BASE,BLD-9102B6E8BF1ABFFC5F32,True
DEL-SYN-002908,ORD-SYN-002327,VEH-SYN-05,SOR-01,LOC-SYN-CUS-010,1,2026-02-24T11:46:00-03:00,2026-02-24T14:46:00-03:00,98.174,delivered,B2B-V1-BASE,BLD-9102B6E8BF1ABFFC5F32,True
DEL-SYN-002909,ORD-SYN-002328,VEH-SYN-06,SOR-01,LOC-SYN-CUS-016,1,2026-02-27T02:42:00-03:00,2026-02-27T05:42:00-03:00,89.626,delivered_with_incident,B2B-V1-BASE,BLD-9102B6E8BF1ABFFC5F32,True
DEL-SYN-002910,ORD-SYN-002328,VEH-SYN-01,SOR-01,LOC-SYN-CUS-016,2,2026-02-27T12:42:00-03:00,2026-02-27T15:42:00-03:00,89.626,delivered,B2B-V1-BASE,BLD-9102B6E8BF1ABFFC5F32,True
DEL-SYN-002911,ORD-SYN-002329,VEH-SYN-01,SOR-01,LOC-SYN-CUS-121,1,2026-02-27T02:44:00-03:00,2026-02-27T05:44:00-03:00,1.523,delivered,B2B-V1-BASE,BLD-9102B6E8BF1ABFFC5F32,True
DEL-SYN-002912,ORD-SYN-002330,VEH-SYN-02,SOR-01,LOC-SYN-CUS-133,1,2026-02-28T03:48:00-03:00,2026-02-28T06:48:00-03:00,15.316,delivered,B2B-V1-BASE,BLD-9102B6E8BF1ABFFC5F32,True
DEL-SYN-002913,ORD-SYN-002331,VEH-SYN-03,SOR-01,LOC-SYN-CUS-110,1,2026-02-26T04:30:00-03:00,2026-02-26T07:30:00-03:00,101.983,delivered,B2B-V1-BASE,BLD-9102B6E8BF1ABFFC5F32,True
DEL-SYN-002914,ORD-SYN-002332,VEH-SYN-04,SOR-01,LOC-SYN-CUS-049,1,2026-02-25T21:03:00-03:00,2026-02-26T00:03:00-03:00,13.054,delivered,B2B-V1-BASE,BLD-9102B6E8BF1ABFFC5F32,True
DEL-SYN-002915,ORD-SYN-002332,VEH-SYN-05,SOR-01,LOC-SYN-CUS-049,2,2026-02-26T07:03:00-03:00,2026-02-26T10:03:00-03:00,13.054,delivered,B2B-V1-BASE,BLD-9102B6E8BF1ABFFC5F32,True
DEL-SYN-002916,ORD-SYN-002333,VEH-SYN-05,SOR-01,LOC-SYN-CUS-084,1,2026-02-27T21:56:00-03:00,2026-02-28T00:56:00-03:00,94.071,delivered,B2B-V1-BASE,BLD-9102B6E8BF1ABFFC5F32,True
DEL-SYN-002917,ORD-SYN-002334,VEH-SYN-06,SOR-01,LOC-SYN-CUS-145,1,2026-02-26T08:31:00-03:00,2026-02-26T11:31:00-03:00,9.581,delivered,B2B-V1-BASE,BLD-9102B6E8BF1ABFFC5F32,True
DEL-SYN-002918,ORD-SYN-002335,VEH-SYN-01,SOR-01,LOC-SYN-CUS-148,1,2026-02-25T08:36:00-03:00,2026-02-25T11:36:00-03:00,94.333,delivered,B2B-V1-BASE,BLD-9102B6E8BF1ABFFC5F32,True
DEL-SYN-002919,ORD-SYN-002336,VEH-SYN-02,SOR-01,LOC-SYN-CUS-040,1,2026-02-27T22:37:00-03:00,2026-02-28T01:37:00-03:00,104.509,delivered,B2B-V1-BASE,BLD-9102B6E8BF1ABFFC5F32,True
DEL-SYN-002920,ORD-SYN-002336,VEH-SYN-03,SOR-01,LOC-SYN-CUS-040,2,2026-02-28T08:37:00-03:00,2026-02-28T11:37:00-03:00,104.509,delivered,B2B-V1-BASE,BLD-9102B6E8BF1ABFFC5F32,True
DEL-SYN-002921,ORD-SYN-002337,VEH-SYN-03,SOR-01,LOC-SYN-CUS-070,1,2026-02-27T23:08:00-03:00,2026-02-28T02:08:00-03:00,93.688,delivered,B2B-V1-BASE,BLD-9102B6E8BF1ABFFC5F32,True
DEL-SYN-002922,ORD-SYN-002338,VEH-SYN-04,SOR-01,LOC-SYN-CUS-032,1,2026-02-24T09:12:00-03:00,2026-02-24T12:12:00-03:00,100.378,delivered,B2B-V1-BASE,BLD-9102B6E8BF1ABFFC5F32,True
DEL-SYN-002923,ORD-SYN-002339,VEH-SYN-05,SOR-01,LOC-SYN-CUS-066,1,2026-02-28T09:24:00-03:00,2026-02-28T12:24:00-03:00,96.649,delivered,B2B-V1-BASE,BLD-9102B6E8BF1ABFFC5F32,True
DEL-SYN-002924,ORD-SYN-002340,VEH-SYN-06,SOR-01,LOC-SYN-CUS-101,1,2026-02-28T00:01:00-03:00,2026-02-28T03:01:00-03:00,8.729,delivered,B2B-V1-BASE,BLD-9102B6E8BF1ABFFC5F32,True
DEL-SYN-002925,ORD-SYN-002340,VEH-SYN-01,SOR-01,LOC-SYN-CUS-101,2,2026-02-28T10:01:00-03:00,2026-02-28T13:01:00-03:00,8.729,delivered,B2B-V1-BASE,BLD-9102B6E8BF1ABFFC5F32,True
DEL-SYN-002926,ORD-SYN-002341,VEH-SYN-01,SOR-01,LOC-SYN-CUS-005,1,2026-02-27T10:31:00-03:00,2026-02-27T13:31:00-03:00,9.779,delivered,B2B-V1-BASE,BLD-9102B6E8BF1ABFFC5F32,True
DEL-SYN-002927,ORD-SYN-002342,VEH-SYN-02,SOR-01,LOC-SYN-CUS-139,1,2026-02-28T10:53:00-03:00,2026-02-28T13:53:00-03:00,20.414,delivered,B2B-V1-BASE,BLD-9102B6E8BF1ABFFC5F32,True
DEL-SYN-002928,ORD-SYN-002343,VEH-SYN-03,SOR-01,LOC-SYN-CUS-114,1,2026-02-26T12:34:00-03:00,2026-02-26T15:34:00-03:00,98.868,delivered,B2B-V1-BASE,BLD-9102B6E8BF1ABFFC5F32,True
DEL-SYN-002929,ORD-SYN-002344,VEH-SYN-04,SOR-01,LOC-SYN-CUS-069,1,2026-02-25T09:48:00-03:00,2026-02-25T12:48:00-03:00,13.67,delivered,B2B-V1-BASE,BLD-9102B6E8BF1ABFFC5F32,True
DEL-SYN-002930,ORD-SYN-002344,VEH-SYN-05,SOR-01,LOC-SYN-CUS-069,2,2026-02-25T23:48:00-03:00,2026-02-26T02:48:00-03:00,13.67,delivered,B2B-V1-BASE,BLD-9102B6E8BF1ABFFC5F32,True
DEL-SYN-002931,ORD-SYN-002345,VEH-SYN-05,SOR-01,LOC-SYN-CUS-058,1,2026-02-26T03:48:00-03:00,2026-02-26T06:48:00-03:00,98.394,delivered_with_incident,B2B-V1-BASE,BLD-9102B6E8BF1ABFFC5F32,True
DEL-SYN-002932,ORD-SYN-002346,VEH-SYN-06,SOR-01,LOC-SYN-CUS-029,1,2026-02-27T04:23:00-03:00,2026-02-27T07:23:00-03:00,8.682,delivered,B2B-V1-BASE,BLD-9102B6E8BF1ABFFC5F32,True
DEL-SYN-002933,ORD-SYN-002347,VEH-SYN-01,SOR-01,LOC-SYN-CUS-131,1,2026-02-25T04:50:00-03:00,2026-02-25T07:50:00-03:00,9.096,delivered,B2B-V1-BASE,BLD-9102B6E8BF1ABFFC5F32,True
DEL-SYN-002934,ORD-SYN-002348,VEH-SYN-02,SOR-01,LOC-SYN-CUS-054,1,2026-02-27T19:44:00-03:00,2026-02-27T22:44:00-03:00,92.335,delivered,B2B-V1-BASE,BLD-9102B6E8BF1ABFFC5F32,True
DEL-SYN-002935,ORD-SYN-002348,VEH-SYN-03,SOR-01,LOC-SYN-CUS-054,2,2026-02-28T05:44:00-03:00,2026-02-28T08:44:00-03:00,92.335,delivered,B2B-V1-BASE,BLD-9102B6E8BF1ABFFC5F32,True
DEL-SYN-002936,ORD-SYN-002349,VEH-SYN-03,SOR-01,LOC-SYN-CUS-045,1,2026-02-27T20:26:00-03:00,2026-02-27T23:26:00-03:00,12.037,delivered,B2B-V1-BASE,BLD-9102B6E8BF1ABFFC5F32,True
DEL-SYN-002937,ORD-SYN-002350,VEH-SYN-04,SOR-01,LOC-SYN-CUS-009,1,2026-02-25T06:34:00-03:00,2026-02-25T09:34:00-03:00,14.093,delivered,B2B-V1-BASE,BLD-9102B6E8BF1ABFFC5F32,True
DEL-SYN-002938,ORD-SYN-002351,VEH-SYN-05,SOR-01,LOC-SYN-CUS-005,1,2026-03-01T06:58:00-03:00,2026-03-01T09:58:00-03:00,9.779,delivered,B2B-V1-BASE,BLD-9102B6E8BF1ABFFC5F32,True
DEL-SYN-002939,ORD-SYN-002352,VEH-SYN-06,SOR-01,LOC-SYN-CUS-132,1,2026-02-28T21:14:00-03:00,2026-03-01T00:14:00-03:00,97.514,delivered,B2B-V1-BASE,BLD-9102B6E8BF1ABFFC5F32,True
DEL-SYN-002940,ORD-SYN-002352,VEH-SYN-01,SOR-01,LOC-SYN-CUS-132,2,2026-03-01T07:14:00-03:00,2026-03-01T10:14:00-03:00,97.514,delivered,B2B-V1-BASE,BLD-9102B6E8BF1ABFFC5F32,True
DEL-SYN-002941,ORD-SYN-002353,VEH-SYN-01,SOR-01,LOC-SYN-CUS-146,1,2026-02-27T07:14:00-03:00,2026-02-27T10:14:00-03:00,99.257,delivered,B2B-V1-BASE,BLD-9102B6E8BF1ABFFC5F32,True
DEL-SYN-002942,ORD-SYN-002354,VEH-SYN-02,SOR-01,LOC-SYN-CUS-010,1,2026-02-28T00:14:00-03:00,2026-02-28T03:14:00-03:00,98.174,delivered,B2B-V1-BASE,BLD-9102B6E8BF1ABFFC5F32,True
DEL-SYN-002943,ORD-SYN-002355,VEH-SYN-03,SOR-01,LOC-SYN-CUS-053,1,2026-02-26T10:28:00-03:00,2026-02-26T13:28:00-03:00,11.138,delivered,B2B-V1-BASE,BLD-9102B6E8BF1ABFFC5F32,True
DEL-SYN-002944,ORD-SYN-002356,VEH-SYN-04,SOR-01,LOC-SYN-CUS-078,1,2026-03-01T17:02:00-03:00,2026-03-01T20:02:00-03:00,97.926,delivered,B2B-V1-BASE,BLD-9102B6E8BF1ABFFC5F32,True
DEL-SYN-002945,ORD-SYN-002356,VEH-SYN-05,SOR-01,LOC-SYN-CUS-078,2,2026-03-02T07:02:00-03:00,2026-03-02T10:02:00-03:00,97.926,delivered,B2B-V1-BASE,BLD-9102B6E8BF1ABFFC5F32,True
DEL-SYN-002946,ORD-SYN-002357,VEH-SYN-05,SOR-01,LOC-SYN-CUS-106,1,2026-03-01T11:19:00-03:00,2026-03-01T14:19:00-03:00,97.3,delivered,B2B-V1-BASE,BLD-9102B6E8BF1ABFFC5F32,True
DEL-SYN-002947,ORD-SYN-002358,VEH-SYN-06,SOR-01,LOC-SYN-CUS-105,1,2026-02-27T12:02:00-03:00,2026-02-27T15:02:00-03:00,13.533,delivered,B2B-V1-BASE,BLD-9102B6E8BF1ABFFC5F32,True
DEL-SYN-002948,ORD-SYN-002359,VEH-SYN-01,SOR-01,LOC-SYN-CUS-093,1,2026-02-26T03:30:00-03:00,2026-02-26T06:30:00-03:00,14.157,delivered,B2B-V1-BASE,BLD-9102B6E8BF1ABFFC5F32,True
DEL-SYN-002949,ORD-SYN-002360,VEH-SYN-02,SOR-01,LOC-SYN-CUS-022,1,2026-02-28T18:04:00-03:00,2026-02-28T21:04:00-03:00,97.576,delivered,B2B-V1-BASE,BLD-9102B6E8BF1ABFFC5F32,True
DEL-SYN-002950,ORD-SYN-002360,VEH-SYN-03,SOR-01,LOC-SYN-CUS-022,2,2026-03-01T04:04:00-03:00,2026-03-01T07:04:00-03:00,97.576,delivered,B2B-V1-BASE,BLD-9102B6E8BF1ABFFC5F32,True
DEL-SYN-002951,ORD-SYN-002361,VEH-SYN-03,SOR-01,LOC-SYN-CUS-089,1,2026-02-26T05:47:00-03:00,2026-02-26T08:47:00-03:00,10.706,delivered,B2B-V1-BASE,BLD-9102B6E8BF1ABFFC5F32,True
DEL-SYN-002952,ORD-SYN-002362,VEH-SYN-04,SOR-01,LOC-SYN-CUS-085,1,2026-02-27T07:00:00-03:00,2026-02-27T10:00:00-03:00,11.234,delivered,B2B-V1-BASE,BLD-9102B6E8BF1ABFFC5F32,True
DEL-SYN-002953,ORD-SYN-002363,VEH-SYN-05,SOR-01,LOC-SYN-CUS-073,1,2026-02-27T07:08:00-03:00,2026-02-27T10:08:00-03:00,17.971,delivered,B2B-V1-BASE,BLD-9102B6E8BF1ABFFC5F32,True
DEL-SYN-002954,ORD-SYN-002364,VEH-SYN-06,SOR-01,LOC-SYN-CUS-029,1,2026-02-25T21:29:00-03:00,2026-02-26T00:29:00-03:00,8.682,delivered,B2B-V1-BASE,BLD-9102B6E8BF1ABFFC5F32,True
DEL-SYN-002955,ORD-SYN-002364,VEH-SYN-01,SOR-01,LOC-SYN-CUS-029,2,2026-02-26T07:29:00-03:00,2026-02-26T10:29:00-03:00,8.682,delivered,B2B-V1-BASE,BLD-9102B6E8BF1ABFFC5F32,True
DEL-SYN-002956,ORD-SYN-002365,VEH-SYN-01,SOR-01,LOC-SYN-CUS-089,1,2026-03-02T09:01:00-03:00,2026-03-02T12:01:00-03:00,10.706,delivered,B2B-V1-BASE,BLD-9102B6E8BF1ABFFC5F32,True
DEL-SYN-002957,ORD-SYN-002366,VEH-SYN-02,SOR-01,LOC-SYN-CUS-093,1,2026-02-27T09:25:00-03:00,2026-02-27T12:25:00-03:00,14.157,delivered,B2B-V1-BASE,BLD-9102B6E8BF1ABFFC5F32,True
DEL-SYN-002958,ORD-SYN-002367,VEH-SYN-03,SOR-01,LOC-SYN-CUS-082,1,2026-03-01T10:47:00-03:00,2026-03-01T13:47:00-03:00,95.328,delivered,B2B-V1-BASE,BLD-9102B6E8BF1ABFFC5F32,True
DEL-SYN-002959,ORD-SYN-002368,VEH-SYN-04,SOR-01,LOC-SYN-CUS-060,1,2026-02-28T17:20:00-03:00,2026-02-28T20:20:00-03:00,99.346,delivered,B2B-V1-BASE,BLD-9102B6E8BF1ABFFC5F32,True
DEL-SYN-002960,ORD-SYN-002368,VEH-SYN-05,SOR-01,LOC-SYN-CUS-060,2,2026-03-01T07:20:00-03:00,2026-03-01T10:20:00-03:00,99.346,delivered,B2B-V1-BASE,BLD-9102B6E8BF1ABFFC5F32,True
DEL-SYN-002961,ORD-SYN-002369,VEH-SYN-05,SOR-01,LOC-SYN-CUS-013,1,2026-02-27T11:30:00-03:00,2026-02-27T14:30:00-03:00,12.582,delivered,B2B-V1-BASE,BLD-9102B6E8BF1ABFFC5F32,True
DEL-SYN-002962,ORD-SYN-002370,VEH-SYN-06,SOR-01,LOC-SYN-CUS-149,1,2026-02-26T11:40:00-03:00,2026-02-26T14:40:00-03:00,9.994,delivered,B2B-V1-BASE,BLD-9102B6E8BF1ABFFC5F32,True
DEL-SYN-002963,ORD-SYN-002371,VEH-SYN-01,SOR-01,LOC-SYN-CUS-110,1,2026-02-27T12:51:00-03:00,2026-02-27T15:51:00-03:00,101.983,delivered,B2B-V1-BASE,BLD-9102B6E8BF1ABFFC5F32,True
DEL-SYN-002964,ORD-SYN-002372,VEH-SYN-02,SOR-01,LOC-SYN-CUS-117,1,2026-03-02T17:56:00-03:00,2026-03-02T20:56:00-03:00,14.483,delivered,B2B-V1-BASE,BLD-9102B6E8BF1ABFFC5F32,True
DEL-SYN-002965,ORD-SYN-002372,VEH-SYN-03,SOR-01,LOC-SYN-CUS-117,2,2026-03-03T03:56:00-03:00,2026-03-03T06:56:00-03:00,14.483,delivered,B2B-V1-BASE,BLD-9102B6E8BF1ABFFC5F32,True
DEL-SYN-002966,ORD-SYN-002373,VEH-SYN-03,SOR-01,LOC-SYN-CUS-006,1,2026-03-03T03:59:00-03:00,2026-03-03T06:59:00-03:00,102.381,delivered,B2B-V1-BASE,BLD-9102B6E8BF1ABFFC5F32,True
DEL-SYN-002967,ORD-SYN-002374,VEH-SYN-04,SOR-01,LOC-SYN-CUS-092,1,2026-03-02T04:15:00-03:00,2026-03-02T07:15:00-03:00,97.21,delivered,B2B-V1-BASE,BLD-9102B6E8BF1ABFFC5F32,True
DEL-SYN-002968,ORD-SYN-002375,VEH-SYN-05,SOR-01,LOC-SYN-CUS-062,1,2026-03-03T19:07:00-03:00,2026-03-03T22:07:00-03:00,84.711,delivered,B2B-V1-BASE,BLD-9102B6E8BF1ABFFC5F32,True
DEL-SYN-002969,ORD-SYN-002376,VEH-SYN-06,SOR-01,LOC-SYN-CUS-065,1,2026-02-27T19:22:00-03:00,2026-02-27T22:22:00-03:00,13.49,delivered,B2B-V1-BASE,BLD-9102B6E8BF1ABFFC5F32,True
DEL-SYN-002970,ORD-SYN-002376,VEH-SYN-01,SOR-01,LOC-SYN-CUS-065,2,2026-02-28T05:22:00-03:00,2026-02-28T08:22:00-03:00,13.49,delivered,B2B-V1-BASE,BLD-9102B6E8BF1ABFFC5F32,True
DEL-SYN-002971,ORD-SYN-002377,VEH-SYN-01,SOR-01,LOC-SYN-CUS-010,1,2026-02-28T06:10:00-03:00,2026-02-28T09:10:00-03:00,98.174,delivered,B2B-V1-BASE,BLD-9102B6E8BF1ABFFC5F32,True
DEL-SYN-002972,ORD-SYN-002378,VEH-SYN-02,SOR-01,LOC-SYN-CUS-107,1,2026-03-02T08:56:00-03:00,2026-03-02T11:56:00-03:00,15.357,delivered,B2B-V1-BASE,BLD-9102B6E8BF1ABFFC5F32,True
DEL-SYN-002973,ORD-SYN-002379,VEH-SYN-03,SOR-01,LOC-SYN-CUS-105,1,2026-03-01T09:01:00-03:00,2026-03-01T12:01:00-03:00,13.533,delivered,B2B-V1-BASE,BLD-9102B6E8BF1ABFFC5F32,True
DEL-SYN-002974,ORD-SYN-002380,VEH-SYN-04,SOR-01,LOC-SYN-CUS-034,1,2026-02-26T23:37:00-03:00,2026-02-27T02:37:00-03:00,92.375,delivered,B2B-V1-BASE,BLD-9102B6E8BF1ABFFC5F32,True
DEL-SYN-002975,ORD-SYN-002380,VEH-SYN-05,SOR-01,LOC-SYN-CUS-034,2,2026-02-27T09:37:00-03:00,2026-02-27T12:37:00-03:00,92.375,delivered,B2B-V1-BASE,BLD-9102B6E8BF1ABFFC5F32,True
DEL-SYN-002976,ORD-SYN-002381,VEH-SYN-05,SOR-01,LOC-SYN-CUS-056,1,2026-02-28T10:28:00-03:00,2026-02-28T13:28:00-03:00,107.19,delivered,B2B-V1-BASE,BLD-9102B6E8BF1ABFFC5F32,True
DEL-SYN-002977,ORD-SYN-002382,VEH-SYN-06,SOR-01,LOC-SYN-CUS-109,1,2026-02-27T11:04:00-03:00,2026-02-27T14:04:00-03:00,15.631,delivered,B2B-V1-BASE,BLD-9102B6E8BF1ABFFC5F32,True
DEL-SYN-002978,ORD-SYN-002383,VEH-SYN-01,SOR-01,LOC-SYN-CUS-050,1,2026-02-28T11:12:00-03:00,2026-02-28T14:12:00-03:00,95.323,delivered,B2B-V1-BASE,BLD-9102B6E8BF1ABFFC5F32,True
DEL-SYN-002979,ORD-SYN-002384,VEH-SYN-02,SOR-01,LOC-SYN-CUS-050,1,2026-03-02T01:20:00-03:00,2026-03-02T04:20:00-03:00,95.323,delivered,B2B-V1-BASE,BLD-9102B6E8BF1ABFFC5F32,True
DEL-SYN-002980,ORD-SYN-002384,VEH-SYN-03,SOR-01,LOC-SYN-CUS-050,2,2026-03-02T11:20:00-03:00,2026-03-02T14:20:00-03:00,95.323,delivered,B2B-V1-BASE,BLD-9102B6E8BF1ABFFC5F32,True
DEL-SYN-002981,ORD-SYN-002385,VEH-SYN-03,SOR-01,LOC-SYN-CUS-141,1,2026-02-28T03:20:00-03:00,2026-02-28T06:20:00-03:00,3.791,delivered,B2B-V1-BASE,BLD-9102B6E8BF1ABFFC5F32,True
DEL-SYN-002982,ORD-SYN-002386,VEH-SYN-04,SOR-01,LOC-SYN-CUS-077,1,2026-03-02T05:03:00-03:00,2026-03-02T08:03:00-03:00,6.85,delivered,B2B-V1-BASE,BLD-9102B6E8BF1ABFFC5F32,True
DEL-SYN-002983,ORD-SYN-002387,VEH-SYN-05,SOR-01,LOC-SYN-CUS-123,1,2026-03-02T20:24:00-03:00,2026-03-02T23:24:00-03:00,18.057,delivered,B2B-V1-BASE,BLD-9102B6E8BF1ABFFC5F32,True
DEL-SYN-002984,ORD-SYN-002388,VEH-SYN-06,SOR-01,LOC-SYN-CUS-134,1,2026-03-02T13:04:00-03:00,2026-03-02T16:04:00-03:00,101.573,delivered,B2B-V1-BASE,BLD-9102B6E8BF1ABFFC5F32,True
DEL-SYN-002985,ORD-SYN-002388,VEH-SYN-01,SOR-01,LOC-SYN-CUS-134,2,2026-03-03T03:04:00-03:00,2026-03-03T06:04:00-03:00,101.573,delivered,B2B-V1-BASE,BLD-9102B6E8BF1ABFFC5F32,True
DEL-SYN-002986,ORD-SYN-002389,VEH-SYN-01,SOR-01,LOC-SYN-CUS-021,1,2026-02-28T07:39:00-03:00,2026-02-28T10:39:00-03:00,21.891,delivered,B2B-V1-BASE,BLD-9102B6E8BF1ABFFC5F32,True
DEL-SYN-002987,ORD-SYN-002390,VEH-SYN-02,SOR-01,LOC-SYN-CUS-100,1,2026-02-28T08:08:00-03:00,2026-02-28T11:08:00-03:00,104.241,delivered,B2B-V1-BASE,BLD-9102B6E8BF1ABFFC5F32,True
DEL-SYN-002988,ORD-SYN-002391,VEH-SYN-03,SOR-01,LOC-SYN-CUS-134,1,2026-03-03T10:16:00-03:00,2026-03-03T13:16:00-03:00,101.573,delivered,B2B-V1-BASE,BLD-9102B6E8BF1ABFFC5F32,True
DEL-SYN-002989,ORD-SYN-002392,VEH-SYN-04,SOR-01,LOC-SYN-CUS-022,1,2026-03-02T00:41:00-03:00,2026-03-02T03:41:00-03:00,97.576,delivered,B2B-V1-BASE,BLD-9102B6E8BF1ABFFC5F32,True
DEL-SYN-002990,ORD-SYN-002392,VEH-SYN-05,SOR-01,LOC-SYN-CUS-022,2,2026-03-02T10:41:00-03:00,2026-03-02T13:41:00-03:00,97.576,delivered,B2B-V1-BASE,BLD-9102B6E8BF1ABFFC5F32,True
DEL-SYN-002991,ORD-SYN-002393,VEH-SYN-05,SOR-01,LOC-SYN-CUS-109,1,2026-03-04T11:48:00-03:00,2026-03-04T14:48:00-03:00,15.631,delivered,B2B-V1-BASE,BLD-9102B6E8BF1ABFFC5F32,True
DEL-SYN-002992,ORD-SYN-002394,VEH-SYN-06,SOR-01,LOC-SYN-CUS-112,1,2026-03-04T12:41:00-03:00,2026-03-04T15:41:00-03:00,94.924,delivered,B2B-V1-BASE,BLD-9102B6E8BF1ABFFC5F32,True
DEL-SYN-002993,ORD-SYN-002395,VEH-SYN-01,SOR-01,LOC-SYN-CUS-144,1,2026-03-03T04:43:00-03:00,2026-03-03T07:43:00-03:00,84.976,delivered,B2B-V1-BASE,BLD-9102B6E8BF1ABFFC5F32,True
DEL-SYN-002994,ORD-SYN-002396,VEH-SYN-02,SOR-01,LOC-SYN-CUS-082,1,2026-03-02T12:04:00-03:00,2026-03-02T15:04:00-03:00,95.328,delivered_with_incident,B2B-V1-BASE,BLD-9102B6E8BF1ABFFC5F32,True
DEL-SYN-002995,ORD-SYN-002396,VEH-SYN-03,SOR-01,LOC-SYN-CUS-082,2,2026-03-03T02:04:00-03:00,2026-03-03T05:04:00-03:00,95.328,delivered,B2B-V1-BASE,BLD-9102B6E8BF1ABFFC5F32,True
DEL-SYN-002996,ORD-SYN-002397,VEH-SYN-03,SOR-01,LOC-SYN-CUS-113,1,2026-03-03T06:54:00-03:00,2026-03-03T09:54:00-03:00,18.69,delivered,B2B-V1-BASE,BLD-9102B6E8BF1ABFFC5F32,True
DEL-SYN-002997,ORD-SYN-002398,VEH-SYN-04,SOR-01,LOC-SYN-CUS-009,1,2026-03-03T07:03:00-03:00,2026-03-03T10:03:00-03:00,14.093,delivered,B2B-V1-BASE,BLD-9102B6E8BF1ABFFC5F32,True
DEL-SYN-002998,ORD-SYN-002399,VEH-SYN-05,SOR-01,LOC-SYN-CUS-117,1,2026-03-05T08:31:00-03:00,2026-03-05T11:31:00-03:00,14.483,delivered,B2B-V1-BASE,BLD-9102B6E8BF1ABFFC5F32,True
DEL-SYN-002999,ORD-SYN-002400,VEH-SYN-06,SOR-01,LOC-SYN-CUS-092,1,2026-03-01T22:44:00-03:00,2026-03-02T01:44:00-03:00,97.21,delivered,B2B-V1-BASE,BLD-9102B6E8BF1ABFFC5F32,True
DEL-SYN-003000,ORD-SYN-002400,VEH-SYN-01,SOR-01,LOC-SYN-CUS-092,2,2026-03-02T08:44:00-03:00,2026-03-02T11:44:00-03:00,97.21,delivered,B2B-V1-BASE,BLD-9102B6E8BF1ABFFC5F32,True
DEL-SYN-003001,ORD-SYN-002401,VEH-SYN-01,SOR-01,LOC-SYN-CUS-062,1,2026-03-01T08:44:00-03:00,2026-03-01T11:44:00-03:00,84.711,delivered,B2B-V1-BASE,BLD-9102B6E8BF1ABFFC5F32,True
DEL-SYN-003002,ORD-SYN-002402,VEH-SYN-02,SOR-01,LOC-SYN-CUS-116,1,2026-03-05T09:12:00-03:00,2026-03-05T12:12:00-03:00,97.555,delivered,B2B-V1-BASE,BLD-9102B6E8BF1ABFFC5F32,True
DEL-SYN-003003,ORD-SYN-002403,VEH-SYN-03,SOR-01,LOC-SYN-CUS-128,1,2026-03-02T09:33:00-03:00,2026-03-02T12:33:00-03:00,84.538,delivered,B2B-V1-BASE,BLD-9102B6E8BF1ABFFC5F32,True
DEL-SYN-003004,ORD-SYN-002404,VEH-SYN-04,SOR-01,LOC-SYN-CUS-037,1,2026-03-01T01:04:00-03:00,2026-03-01T04:04:00-03:00,1.869,delivered,B2B-V1-BASE,BLD-9102B6E8BF1ABFFC5F32,True
DEL-SYN-003005,ORD-SYN-002404,VEH-SYN-05,SOR-01,LOC-SYN-CUS-037,2,2026-03-01T11:04:00-03:00,2026-03-01T14:04:00-03:00,1.869,delivered,B2B-V1-BASE,BLD-9102B6E8BF1ABFFC5F32,True
DEL-SYN-003006,ORD-SYN-002405,VEH-SYN-05,SOR-01,LOC-SYN-CUS-042,1,2026-03-01T11:10:00-03:00,2026-03-01T14:10:00-03:00,96.283,delivered,B2B-V1-BASE,BLD-9102B6E8BF1ABFFC5F32,True
DEL-SYN-003007,ORD-SYN-002406,VEH-SYN-06,SOR-01,LOC-SYN-CUS-073,1,2026-03-01T11:28:00-03:00,2026-03-01T14:28:00-03:00,17.971,delivered,B2B-V1-BASE,BLD-9102B6E8BF1ABFFC5F32,True
DEL-SYN-003008,ORD-SYN-002407,VEH-SYN-01,SOR-01,LOC-SYN-CUS-114,1,2026-03-02T11:34:00-03:00,2026-03-02T14:34:00-03:00,98.868,delivered,B2B-V1-BASE,BLD-9102B6E8BF1ABFFC5F32,True
DEL-SYN-003009,ORD-SYN-002408,VEH-SYN-02,SOR-01,LOC-SYN-CUS-058,1,2026-03-01T17:44:00-03:00,2026-03-01T20:44:00-03:00,98.394,delivered,B2B-V1-BASE,BLD-9102B6E8BF1ABFFC5F32,True
DEL-SYN-003010,ORD-SYN-002408,VEH-SYN-03,SOR-01,LOC-SYN-CUS-058,2,2026-03-02T07:44:00-03:00,2026-03-02T10:44:00-03:00,98.394,delivered,B2B-V1-BASE,BLD-9102B6E8BF1ABFFC5F32,True
DEL-SYN-003011,ORD-SYN-002409,VEH-SYN-03,SOR-01,LOC-SYN-CUS-122,1,2026-03-05T03:00:00-03:00,2026-03-05T06:00:00-03:00,107.646,delivered,B2B-V1-BASE,BLD-9102B6E8BF1ABFFC5F32,True
DEL-SYN-003012,ORD-SYN-002410,VEH-SYN-04,SOR-01,LOC-SYN-CUS-054,1,2026-03-05T19:07:00-03:00,2026-03-05T22:07:00-03:00,92.335,delivered,B2B-V1-BASE,BLD-9102B6E8BF1ABFFC5F32,True
DEL-SYN-003013,ORD-SYN-002411,VEH-SYN-05,SOR-01,LOC-SYN-CUS-114,1,2026-03-05T19:14:00-03:00,2026-03-05T22:14:00-03:00,98.868,delivered,B2B-V1-BASE,BLD-9102B6E8BF1ABFFC5F32,True
DEL-SYN-003014,ORD-SYN-002412,VEH-SYN-06,SOR-01,LOC-SYN-CUS-100,1,2026-03-01T19:16:00-03:00,2026-03-01T22:16:00-03:00,104.241,delivered,B2B-V1-BASE,BLD-9102B6E8BF1ABFFC5F32,True
DEL-SYN-003015,ORD-SYN-002412,VEH-SYN-01,SOR-01,LOC-SYN-CUS-100,2,2026-03-02T05:16:00-03:00,2026-03-02T08:16:00-03:00,104.241,delivered_with_incident,B2B-V1-BASE,BLD-9102B6E8BF1ABFFC5F32,True
DEL-SYN-003016,ORD-SYN-002413,VEH-SYN-01,SOR-01,LOC-SYN-CUS-012,1,2026-03-03T05:54:00-03:00,2026-03-03T08:54:00-03:00,93.694,delivered_with_incident,B2B-V1-BASE,BLD-9102B6E8BF1ABFFC5F32,True
DEL-SYN-003017,ORD-SYN-002414,VEH-SYN-02,SOR-01,LOC-SYN-CUS-141,1,2026-03-02T07:09:00-03:00,2026-03-02T10:09:00-03:00,3.791,delivered,B2B-V1-BASE,BLD-9102B6E8BF1ABFFC5F32,True
DEL-SYN-003018,ORD-SYN-002415,VEH-SYN-03,SOR-01,LOC-SYN-CUS-027,1,2026-03-04T00:24:00-03:00,2026-03-04T03:24:00-03:00,12.025,delivered,B2B-V1-BASE,BLD-9102B6E8BF1ABFFC5F32,True
DEL-SYN-003019,ORD-SYN-002416,VEH-SYN-04,SOR-01,LOC-SYN-CUS-073,1,2026-03-04T01:12:00-03:00,2026-03-04T04:12:00-03:00,17.971,delivered,B2B-V1-BASE,BLD-9102B6E8BF1ABFFC5F32,True
DEL-SYN-003020,ORD-SYN-002416,VEH-SYN-05,SOR-01,LOC-SYN-CUS-073,2,2026-03-04T11:12:00-03:00,2026-03-04T14:12:00-03:00,17.971,delivered,B2B-V1-BASE,BLD-9102B6E8BF1ABFFC5F32,True
DEL-SYN-003021,ORD-SYN-002417,VEH-SYN-05,SOR-01,LOC-SYN-CUS-057,1,2026-03-07T17:48:00-03:00,2026-03-07T20:48:00-03:00,11.041,delivered,B2B-V1-BASE,BLD-9102B6E8BF1ABFFC5F32,True
DEL-SYN-003022,ORD-SYN-002418,VEH-SYN-06,SOR-01,LOC-SYN-CUS-017,1,2026-03-06T18:38:00-03:00,2026-03-06T21:38:00-03:00,7.536,delivered,B2B-V1-BASE,BLD-9102B6E8BF1ABFFC5F32,True
DEL-SYN-003023,ORD-SYN-002419,VEH-SYN-01,SOR-01,LOC-SYN-CUS-114,1,2026-03-07T05:27:00-03:00,2026-03-07T08:27:00-03:00,98.868,delivered,B2B-V1-BASE,BLD-9102B6E8BF1ABFFC5F32,True
DEL-SYN-003024,ORD-SYN-002420,VEH-SYN-02,SOR-01,LOC-SYN-CUS-077,1,2026-03-03T19:50:00-03:00,2026-03-03T22:50:00-03:00,6.85,delivered,B2B-V1-BASE,BLD-9102B6E8BF1ABFFC5F32,True
DEL-SYN-003025,ORD-SYN-002420,VEH-SYN-03,SOR-01,LOC-SYN-CUS-077,2,2026-03-04T05:50:00-03:00,2026-03-04T08:50:00-03:00,6.85,delivered,B2B-V1-BASE,BLD-9102B6E8BF1ABFFC5F32,True
DEL-SYN-003026,ORD-SYN-002421,VEH-SYN-03,SOR-01,LOC-SYN-CUS-001,1,2026-03-05T05:58:00-03:00,2026-03-05T08:58:00-03:00,6.513,delivered,B2B-V1-BASE,BLD-9102B6E8BF1ABFFC5F32,True
DEL-SYN-003027,ORD-SYN-002422,VEH-SYN-04,SOR-01,LOC-SYN-CUS-068,1,2026-03-06T07:00:00-03:00,2026-03-06T10:00:00-03:00,103.344,delivered,B2B-V1-BASE,BLD-9102B6E8BF1ABFFC5F32,True
DEL-SYN-003028,ORD-SYN-002423,VEH-SYN-05,SOR-01,LOC-SYN-CUS-141,1,2026-03-04T07:44:00-03:00,2026-03-04T10:44:00-03:00,3.791,delivered,B2B-V1-BASE,BLD-9102B6E8BF1ABFFC5F32,True
DEL-SYN-003029,ORD-SYN-002424,VEH-SYN-06,SOR-01,LOC-SYN-CUS-125,1,2026-03-05T15:50:00-03:00,2026-03-05T18:50:00-03:00,11.651,delivered_with_incident,B2B-V1-BASE,BLD-9102B6E8BF1ABFFC5F32,True
DEL-SYN-003030,ORD-SYN-002424,VEH-SYN-01,SOR-01,LOC-SYN-CUS-125,2,2026-03-06T05:50:00-03:00,2026-03-06T08:50:00-03:00,11.651,delivered,B2B-V1-BASE,BLD-9102B6E8BF1ABFFC5F32,True
DEL-SYN-003031,ORD-SYN-002425,VEH-SYN-01,SOR-01,LOC-SYN-CUS-114,1,2026-03-03T11:57:00-03:00,2026-03-03T14:57:00-03:00,98.868,delivered,B2B-V1-BASE,BLD-9102B6E8BF1ABFFC5F32,True
DEL-SYN-003032,ORD-SYN-002426,VEH-SYN-02,SOR-01,LOC-SYN-CUS-050,1,2026-03-05T03:53:00-03:00,2026-03-05T06:53:00-03:00,95.323,delivered,B2B-V1-BASE,BLD-9102B6E8BF1ABFFC5F32,True
DEL-SYN-003033,ORD-SYN-002427,VEH-SYN-03,SOR-01,LOC-SYN-CUS-086,1,2026-03-06T05:52:00-03:00,2026-03-06T08:52:00-03:00,100.855,delivered,B2B-V1-BASE,BLD-9102B6E8BF1ABFFC5F32,True
DEL-SYN-003034,ORD-SYN-002428,VEH-SYN-04,SOR-01,LOC-SYN-CUS-122,1,2026-03-07T12:18:00-03:00,2026-03-07T15:18:00-03:00,107.646,delivered,B2B-V1-BASE,BLD-9102B6E8BF1ABFFC5F32,True
DEL-SYN-003035,ORD-SYN-002428,VEH-SYN-05,SOR-01,LOC-SYN-CUS-122,2,2026-03-08T02:18:00-03:00,2026-03-08T05:18:00-03:00,107.646,delivered,B2B-V1-BASE,BLD-9102B6E8BF1ABFFC5F32,True
DEL-SYN-003036,ORD-SYN-002429,VEH-SYN-05,SOR-01,LOC-SYN-CUS-066,1,2026-03-06T07:20:00-03:00,2026-03-06T10:20:00-03:00,96.649,delivered,B2B-V1-BASE,BLD-9102B6E8BF1ABFFC5F32,True
DEL-SYN-003037,ORD-SYN-002430,VEH-SYN-06,SOR-01,LOC-SYN-CUS-101,1,2026-03-06T21:49:00-03:00,2026-03-07T00:49:00-03:00,8.729,delivered,B2B-V1-BASE,BLD-9102B6E8BF1ABFFC5F32,True
DEL-SYN-003038,ORD-SYN-002431,VEH-SYN-01,SOR-01,LOC-SYN-CUS-066,1,2026-03-08T23:37:00-03:00,2026-03-09T02:37:00-03:00,96.649,delivered,B2B-V1-BASE,BLD-9102B6E8BF1ABFFC5F32,True
DEL-SYN-003039,ORD-SYN-002432,VEH-SYN-02,SOR-01,LOC-SYN-CUS-041,1,2026-03-05T00:37:00-03:00,2026-03-05T03:37:00-03:00,16.45,delivered,B2B-V1-BASE,BLD-9102B6E8BF1ABFFC5F32,True
DEL-SYN-003040,ORD-SYN-002432,VEH-SYN-03,SOR-01,LOC-SYN-CUS-041,2,2026-03-05T10:37:00-03:00,2026-03-05T13:37:00-03:00,16.45,delivered,B2B-V1-BASE,BLD-9102B6E8BF1ABFFC5F32,True
DEL-SYN-003041,ORD-SYN-002433,VEH-SYN-03,SOR-01,LOC-SYN-CUS-011,1,2026-03-04T10:40:00-03:00,2026-03-04T13:40:00-03:00,11.323,delivered,B2B-V1-BASE,BLD-9102B6E8BF1ABFFC5F32,True
DEL-SYN-003042,ORD-SYN-002434,VEH-SYN-04,SOR-01,LOC-SYN-CUS-138,1,2026-03-05T11:59:00-03:00,2026-03-05T14:59:00-03:00,93.584,delivered,B2B-V1-BASE,BLD-9102B6E8BF1ABFFC5F32,True
DEL-SYN-003043,ORD-SYN-002435,VEH-SYN-05,SOR-01,LOC-SYN-CUS-141,1,2026-03-07T12:59:00-03:00,2026-03-07T15:59:00-03:00,3.791,delivered,B2B-V1-BASE,BLD-9102B6E8BF1ABFFC5F32,True
DEL-SYN-003044,ORD-SYN-002436,VEH-SYN-06,SOR-01,LOC-SYN-CUS-110,1,2026-03-05T18:19:00-03:00,2026-03-05T21:19:00-03:00,101.983,delivered,B2B-V1-BASE,BLD-9102B6E8BF1ABFFC5F32,True
DEL-SYN-003045,ORD-SYN-002436,VEH-SYN-01,SOR-01,LOC-SYN-CUS-110,2,2026-03-06T04:19:00-03:00,2026-03-06T07:19:00-03:00,101.983,delivered,B2B-V1-BASE,BLD-9102B6E8BF1ABFFC5F32,True
DEL-SYN-003046,ORD-SYN-002437,VEH-SYN-01,SOR-01,LOC-SYN-CUS-009,1,2026-03-08T05:41:00-03:00,2026-03-08T08:41:00-03:00,14.093,delivered,B2B-V1-BASE,BLD-9102B6E8BF1ABFFC5F32,True
DEL-SYN-003047,ORD-SYN-002438,VEH-SYN-02,SOR-01,LOC-SYN-CUS-122,1,2026-03-07T05:48:00-03:00,2026-03-07T08:48:00-03:00,107.646,delivered,B2B-V1-BASE,BLD-9102B6E8BF1ABFFC5F32,True
DEL-SYN-003048,ORD-SYN-002439,VEH-SYN-03,SOR-01,LOC-SYN-CUS-101,1,2026-03-09T06:02:00-03:00,2026-03-09T09:02:00-03:00,8.729,delivered,B2B-V1-BASE,BLD-9102B6E8BF1ABFFC5F32,True
DEL-SYN-003049,ORD-SYN-002440,VEH-SYN-04,SOR-01,LOC-SYN-CUS-098,1,2026-03-05T20:14:00-03:00,2026-03-05T23:14:00-03:00,100.419,delivered,B2B-V1-BASE,BLD-9102B6E8BF1ABFFC5F32,True
DEL-SYN-003050,ORD-SYN-002440,VEH-SYN-05,SOR-01,LOC-SYN-CUS-098,2,2026-03-06T06:14:00-03:00,2026-03-06T09:14:00-03:00,100.419,delivered,B2B-V1-BASE,BLD-9102B6E8BF1ABFFC5F32,True
DEL-SYN-003051,ORD-SYN-002441,VEH-SYN-05,SOR-01,LOC-SYN-CUS-001,1,2026-03-05T06:16:00-03:00,2026-03-05T09:16:00-03:00,6.513,delivered,B2B-V1-BASE,BLD-9102B6E8BF1ABFFC5F32,True
DEL-SYN-003052,ORD-SYN-002442,VEH-SYN-06,SOR-01,LOC-SYN-CUS-061,1,2026-03-05T20:22:00-03:00,2026-03-05T23:22:00-03:00,12.904,delivered,B2B-V1-BASE,BLD-9102B6E8BF1ABFFC5F32,True
DEL-SYN-003053,ORD-SYN-002443,VEH-SYN-01,SOR-01,LOC-SYN-CUS-102,1,2026-03-09T20:43:00-03:00,2026-03-09T23:43:00-03:00,92.902,delivered,B2B-V1-BASE,BLD-9102B6E8BF1ABFFC5F32,True
DEL-SYN-003054,ORD-SYN-002444,VEH-SYN-02,SOR-01,LOC-SYN-CUS-062,1,2026-03-05T21:09:00-03:00,2026-03-06T00:09:00-03:00,84.711,delivered,B2B-V1-BASE,BLD-9102B6E8BF1ABFFC5F32,True
DEL-SYN-003055,ORD-SYN-002444,VEH-SYN-03,SOR-01,LOC-SYN-CUS-062,2,2026-03-06T07:09:00-03:00,2026-03-06T10:09:00-03:00,84.711,delivered,B2B-V1-BASE,BLD-9102B6E8BF1ABFFC5F32,True
DEL-SYN-003056,ORD-SYN-002445,VEH-SYN-03,SOR-01,LOC-SYN-CUS-117,1,2026-03-08T21:30:00-03:00,2026-03-09T00:30:00-03:00,14.483,delivered,B2B-V1-BASE,BLD-9102B6E8BF1ABFFC5F32,True
DEL-SYN-003057,ORD-SYN-002446,VEH-SYN-04,SOR-01,LOC-SYN-CUS-049,1,2026-03-09T21:46:00-03:00,2026-03-10T00:46:00-03:00,13.054,delivered,B2B-V1-BASE,BLD-9102B6E8BF1ABFFC5F32,True
DEL-SYN-003058,ORD-SYN-002447,VEH-SYN-05,SOR-01,LOC-SYN-CUS-057,1,2026-03-09T09:14:00-03:00,2026-03-09T12:14:00-03:00,11.041,delivered,B2B-V1-BASE,BLD-9102B6E8BF1ABFFC5F32,True
DEL-SYN-003059,ORD-SYN-002448,VEH-SYN-06,SOR-01,LOC-SYN-CUS-102,1,2026-03-06T15:59:00-03:00,2026-03-06T18:59:00-03:00,92.902,delivered,B2B-V1-BASE,BLD-9102B6E8BF1ABFFC5F32,True
DEL-SYN-003060,ORD-SYN-002448,VEH-SYN-01,SOR-01,LOC-SYN-CUS-102,2,2026-03-07T05:59:00-03:00,2026-03-07T08:59:00-03:00,92.902,delivered,B2B-V1-BASE,BLD-9102B6E8BF1ABFFC5F32,True
DEL-SYN-003061,ORD-SYN-002449,VEH-SYN-01,SOR-01,LOC-SYN-CUS-050,1,2026-03-09T11:46:00-03:00,2026-03-09T14:46:00-03:00,95.323,delivered,B2B-V1-BASE,BLD-9102B6E8BF1ABFFC5F32,True
DEL-SYN-003062,ORD-SYN-002450,VEH-SYN-02,SOR-01,LOC-SYN-CUS-114,1,2026-03-06T04:09:00-03:00,2026-03-06T07:09:00-03:00,98.868,delivered,B2B-V1-BASE,BLD-9102B6E8BF1ABFFC5F32,True
DEL-SYN-003063,ORD-SYN-002451,VEH-SYN-03,SOR-01,LOC-SYN-CUS-078,1,2026-03-07T04:13:00-03:00,2026-03-07T07:13:00-03:00,97.926,delivered,B2B-V1-BASE,BLD-9102B6E8BF1ABFFC5F32,True
DEL-SYN-003064,ORD-SYN-002452,VEH-SYN-04,SOR-01,LOC-SYN-CUS-037,1,2026-03-06T20:22:00-03:00,2026-03-06T23:22:00-03:00,1.869,delivered,B2B-V1-BASE,BLD-9102B6E8BF1ABFFC5F32,True
DEL-SYN-003065,ORD-SYN-002452,VEH-SYN-05,SOR-01,LOC-SYN-CUS-037,2,2026-03-07T06:22:00-03:00,2026-03-07T09:22:00-03:00,1.869,delivered,B2B-V1-BASE,BLD-9102B6E8BF1ABFFC5F32,True
DEL-SYN-003066,ORD-SYN-002453,VEH-SYN-05,SOR-01,LOC-SYN-CUS-097,1,2026-03-08T21:55:00-03:00,2026-03-09T00:55:00-03:00,10.67,delivered,B2B-V1-BASE,BLD-9102B6E8BF1ABFFC5F32,True
DEL-SYN-003067,ORD-SYN-002454,VEH-SYN-06,SOR-01,LOC-SYN-CUS-097,1,2026-03-10T08:20:00-03:00,2026-03-10T11:20:00-03:00,10.67,delivered,B2B-V1-BASE,BLD-9102B6E8BF1ABFFC5F32,True
DEL-SYN-003068,ORD-SYN-002455,VEH-SYN-01,SOR-01,LOC-SYN-CUS-099,1,2026-03-06T09:40:00-03:00,2026-03-06T12:40:00-03:00,11.542,delivered,B2B-V1-BASE,BLD-9102B6E8BF1ABFFC5F32,True
DEL-SYN-003069,ORD-SYN-002456,VEH-SYN-02,SOR-01,LOC-SYN-CUS-030,1,2026-03-07T00:39:00-03:00,2026-03-07T03:39:00-03:00,95.926,delivered,B2B-V1-BASE,BLD-9102B6E8BF1ABFFC5F32,True
DEL-SYN-003070,ORD-SYN-002456,VEH-SYN-03,SOR-01,LOC-SYN-CUS-030,2,2026-03-07T10:39:00-03:00,2026-03-07T13:39:00-03:00,95.926,delivered,B2B-V1-BASE,BLD-9102B6E8BF1ABFFC5F32,True
DEL-SYN-003071,ORD-SYN-002457,VEH-SYN-03,SOR-01,LOC-SYN-CUS-133,1,2026-03-07T10:53:00-03:00,2026-03-07T13:53:00-03:00,15.316,delivered,B2B-V1-BASE,BLD-9102B6E8BF1ABFFC5F32,True
DEL-SYN-003072,ORD-SYN-002458,VEH-SYN-04,SOR-01,LOC-SYN-CUS-101,1,2026-03-07T01:48:00-03:00,2026-03-07T04:48:00-03:00,8.729,delivered,B2B-V1-BASE,BLD-9102B6E8BF1ABFFC5F32,True
DEL-SYN-003073,ORD-SYN-002459,VEH-SYN-05,SOR-01,LOC-SYN-CUS-095,1,2026-03-07T03:16:00-03:00,2026-03-07T06:16:00-03:00,11.423,delivered,B2B-V1-BASE,BLD-9102B6E8BF1ABFFC5F32,True
DEL-SYN-003074,ORD-SYN-002460,VEH-SYN-06,SOR-01,LOC-SYN-CUS-102,1,2026-03-08T23:12:00-03:00,2026-03-09T02:12:00-03:00,92.902,delivered,B2B-V1-BASE,BLD-9102B6E8BF1ABFFC5F32,True
DEL-SYN-003075,ORD-SYN-002460,VEH-SYN-01,SOR-01,LOC-SYN-CUS-102,2,2026-03-09T09:12:00-03:00,2026-03-09T12:12:00-03:00,92.902,delivered,B2B-V1-BASE,BLD-9102B6E8BF1ABFFC5F32,True
DEL-SYN-003076,ORD-SYN-002461,VEH-SYN-01,SOR-01,LOC-SYN-CUS-070,1,2026-03-09T10:50:00-03:00,2026-03-09T13:50:00-03:00,93.688,delivered,B2B-V1-BASE,BLD-9102B6E8BF1ABFFC5F32,True
DEL-SYN-003077,ORD-SYN-002462,VEH-SYN-02,SOR-01,LOC-SYN-CUS-045,1,2026-03-08T11:12:00-03:00,2026-03-08T14:12:00-03:00,12.037,delivered,B2B-V1-BASE,BLD-9102B6E8BF1ABFFC5F32,True
DEL-SYN-003078,ORD-SYN-002463,VEH-SYN-03,SOR-01,LOC-SYN-CUS-097,1,2026-03-09T11:59:00-03:00,2026-03-09T14:59:00-03:00,10.67,delivered,B2B-V1-BASE,BLD-9102B6E8BF1ABFFC5F32,True
DEL-SYN-003079,ORD-SYN-002464,VEH-SYN-04,SOR-01,LOC-SYN-CUS-094,1,2026-03-11T02:19:00-03:00,2026-03-11T05:19:00-03:00,81.241,delivered_with_incident,B2B-V1-BASE,BLD-9102B6E8BF1ABFFC5F32,True
DEL-SYN-003080,ORD-SYN-002464,VEH-SYN-05,SOR-01,LOC-SYN-CUS-094,2,2026-03-11T12:19:00-03:00,2026-03-11T15:19:00-03:00,81.241,delivered,B2B-V1-BASE,BLD-9102B6E8BF1ABFFC5F32,True
DEL-SYN-003081,ORD-SYN-002465,VEH-SYN-05,SOR-01,LOC-SYN-CUS-057,1,2026-03-10T18:27:00-03:00,2026-03-10T21:27:00-03:00,11.041,delivered,B2B-V1-BASE,BLD-9102B6E8BF1ABFFC5F32,True
DEL-SYN-003082,ORD-SYN-002466,VEH-SYN-06,SOR-01,LOC-SYN-CUS-010,1,2026-03-08T18:28:00-03:00,2026-03-08T21:28:00-03:00,98.174,delivered,B2B-V1-BASE,BLD-9102B6E8BF1ABFFC5F32,True
DEL-SYN-003083,ORD-SYN-002467,VEH-SYN-01,SOR-01,LOC-SYN-CUS-107,1,2026-03-12T04:33:00-03:00,2026-03-12T07:33:00-03:00,15.357,delivered,B2B-V1-BASE,BLD-9102B6E8BF1ABFFC5F32,True
DEL-SYN-003084,ORD-SYN-002468,VEH-SYN-02,SOR-01,LOC-SYN-CUS-130,1,2026-03-07T18:46:00-03:00,2026-03-07T21:46:00-03:00,92.017,delivered,B2B-V1-BASE,BLD-9102B6E8BF1ABFFC5F32,True
DEL-SYN-003085,ORD-SYN-002468,VEH-SYN-03,SOR-01,LOC-SYN-CUS-130,2,2026-03-08T04:46:00-03:00,2026-03-08T07:46:00-03:00,92.017,delivered,B2B-V1-BASE,BLD-9102B6E8BF1ABFFC5F32,True
DEL-SYN-003086,ORD-SYN-002469,VEH-SYN-03,SOR-01,LOC-SYN-CUS-137,1,2026-03-12T07:46:00-03:00,2026-03-12T10:46:00-03:00,11.323,delivered,B2B-V1-BASE,BLD-9102B6E8BF1ABFFC5F32,True
DEL-SYN-003087,ORD-SYN-002470,VEH-SYN-04,SOR-01,LOC-SYN-CUS-102,1,2026-03-08T08:01:00-03:00,2026-03-08T11:01:00-03:00,92.902,delivered,B2B-V1-BASE,BLD-9102B6E8BF1ABFFC5F32,True
DEL-SYN-003088,ORD-SYN-002471,VEH-SYN-05,SOR-01,LOC-SYN-CUS-029,1,2026-03-10T22:31:00-03:00,2026-03-11T01:31:00-03:00,8.682,delivered,B2B-V1-BASE,BLD-9102B6E8BF1ABFFC5F32,True
DEL-SYN-003089,ORD-SYN-002472,VEH-SYN-06,SOR-01,LOC-SYN-CUS-007,1,2026-03-09T16:05:00-03:00,2026-03-09T19:05:00-03:00,14.599,delivered,B2B-V1-BASE,BLD-9102B6E8BF1ABFFC5F32,True
DEL-SYN-003090,ORD-SYN-002472,VEH-SYN-01,SOR-01,LOC-SYN-CUS-007,2,2026-03-10T06:05:00-03:00,2026-03-10T09:05:00-03:00,14.599,delivered,B2B-V1-BASE,BLD-9102B6E8BF1ABFFC5F32,True
DEL-SYN-003091,ORD-SYN-002473,VEH-SYN-01,SOR-01,LOC-SYN-CUS-079,1,2026-03-10T00:12:00-03:00,2026-03-10T03:12:00-03:00,9.76,delivered,B2B-V1-BASE,BLD-9102B6E8BF1ABFFC5F32,True
DEL-SYN-003092,ORD-SYN-002474,VEH-SYN-02,SOR-01,LOC-SYN-CUS-129,1,2026-03-09T01:19:00-03:00,2026-03-09T04:19:00-03:00,10.44,delivered,B2B-V1-BASE,BLD-9102B6E8BF1ABFFC5F32,True
DEL-SYN-003093,ORD-SYN-002475,VEH-SYN-03,SOR-01,LOC-SYN-CUS-126,1,2026-03-10T02:54:00-03:00,2026-03-10T05:54:00-03:00,96.582,delivered,B2B-V1-BASE,BLD-9102B6E8BF1ABFFC5F32,True
DEL-SYN-003094,ORD-SYN-002476,VEH-SYN-04,SOR-01,LOC-SYN-CUS-029,1,2026-03-08T17:23:00-03:00,2026-03-08T20:23:00-03:00,8.682,delivered,B2B-V1-BASE,BLD-9102B6E8BF1ABFFC5F32,True
DEL-SYN-003095,ORD-SYN-002476,VEH-SYN-05,SOR-01,LOC-SYN-CUS-029,2,2026-03-09T03:23:00-03:00,2026-03-09T06:23:00-03:00,8.682,delivered,B2B-V1-BASE,BLD-9102B6E8BF1ABFFC5F32,True
DEL-SYN-003096,ORD-SYN-002477,VEH-SYN-05,SOR-01,LOC-SYN-CUS-013,1,2026-03-12T19:01:00-03:00,2026-03-12T22:01:00-03:00,12.582,delivered,B2B-V1-BASE,BLD-9102B6E8BF1ABFFC5F32,True
DEL-SYN-003097,ORD-SYN-002478,VEH-SYN-06,SOR-01,LOC-SYN-CUS-026,1,2026-03-10T05:20:00-03:00,2026-03-10T08:20:00-03:00,93.542,delivered,B2B-V1-BASE,BLD-9102B6E8BF1ABFFC5F32,True
DEL-SYN-003098,ORD-SYN-002479,VEH-SYN-01,SOR-01,LOC-SYN-CUS-078,1,2026-03-13T19:38:00-03:00,2026-03-13T22:38:00-03:00,97.926,delivered,B2B-V1-BASE,BLD-9102B6E8BF1ABFFC5F32,True
DEL-SYN-003099,ORD-SYN-002480,VEH-SYN-02,SOR-01,LOC-SYN-CUS-079,1,2026-03-10T11:39:00-03:00,2026-03-10T14:39:00-03:00,9.76,delivered,B2B-V1-BASE,BLD-9102B6E8BF1ABFFC5F32,True
DEL-SYN-003100,ORD-SYN-002480,VEH-SYN-03,SOR-01,LOC-SYN-CUS-079,2,2026-03-11T01:39:00-03:00,2026-03-11T04:39:00-03:00,9.76,delivered,B2B-V1-BASE,BLD-9102B6E8BF1ABFFC5F32,True
DEL-SYN-003101,ORD-SYN-002481,VEH-SYN-03,SOR-01,LOC-SYN-CUS-105,1,2026-03-12T06:48:00-03:00,2026-03-12T09:48:00-03:00,13.533,delivered,B2B-V1-BASE,BLD-9102B6E8BF1ABFFC5F32,True
DEL-SYN-003102,ORD-SYN-002482,VEH-SYN-04,SOR-01,LOC-SYN-CUS-066,1,2026-03-12T07:10:00-03:00,2026-03-12T10:10:00-03:00,96.649,delivered,B2B-V1-BASE,BLD-9102B6E8BF1ABFFC5F32,True
DEL-SYN-003103,ORD-SYN-002483,VEH-SYN-05,SOR-01,LOC-SYN-CUS-134,1,2026-03-13T07:31:00-03:00,2026-03-13T10:31:00-03:00,101.573,delivered,B2B-V1-BASE,BLD-9102B6E8BF1ABFFC5F32,True
DEL-SYN-003104,ORD-SYN-002484,VEH-SYN-06,SOR-01,LOC-SYN-CUS-010,1,2026-03-11T14:21:00-03:00,2026-03-11T17:21:00-03:00,98.174,delivered,B2B-V1-BASE,BLD-9102B6E8BF1ABFFC5F32,True
DEL-SYN-003105,ORD-SYN-002484,VEH-SYN-01,SOR-01,LOC-SYN-CUS-010,2,2026-03-12T04:21:00-03:00,2026-03-12T07:21:00-03:00,98.174,delivered,B2B-V1-BASE,BLD-9102B6E8BF1ABFFC5F32,True
DEL-SYN-003106,ORD-SYN-002485,VEH-SYN-01,SOR-01,LOC-SYN-CUS-109,1,2026-03-09T22:53:00-03:00,2026-03-10T01:53:00-03:00,15.631,delivered,B2B-V1-BASE,BLD-9102B6E8BF1ABFFC5F32,True
DEL-SYN-003107,ORD-SYN-002486,VEH-SYN-02,SOR-01,LOC-SYN-CUS-118,1,2026-03-09T09:03:00-03:00,2026-03-09T12:03:00-03:00,89.411,delivered,B2B-V1-BASE,BLD-9102B6E8BF1ABFFC5F32,True
DEL-SYN-003108,ORD-SYN-002487,VEH-SYN-03,SOR-01,LOC-SYN-CUS-141,1,2026-03-13T10:35:00-03:00,2026-03-13T13:35:00-03:00,3.791,delivered,B2B-V1-BASE,BLD-9102B6E8BF1ABFFC5F32,True
DEL-SYN-003109,ORD-SYN-002488,VEH-SYN-04,SOR-01,LOC-SYN-CUS-146,1,2026-03-11T18:30:00-03:00,2026-03-11T21:30:00-03:00,99.257,delivered,B2B-V1-BASE,BLD-9102B6E8BF1ABFFC5F32,True
DEL-SYN-003110,ORD-SYN-002488,VEH-SYN-05,SOR-01,LOC-SYN-CUS-146,2,2026-03-12T08:30:00-03:00,2026-03-12T11:30:00-03:00,99.257,delivered,B2B-V1-BASE,BLD-9102B6E8BF1ABFFC5F32,True
DEL-SYN-003111,ORD-SYN-002489,VEH-SYN-05,SOR-01,LOC-SYN-CUS-041,1,2026-03-13T03:23:00-03:00,2026-03-13T06:23:00-03:00,16.45,delivered,B2B-V1-BASE,BLD-9102B6E8BF1ABFFC5F32,True
DEL-SYN-003112,ORD-SYN-002490,VEH-SYN-06,SOR-01,LOC-SYN-CUS-023,1,2026-03-12T03:25:00-03:00,2026-03-12T06:25:00-03:00,12.238,delivered,B2B-V1-BASE,BLD-9102B6E8BF1ABFFC5F32,True
DEL-SYN-003113,ORD-SYN-002491,VEH-SYN-01,SOR-01,LOC-SYN-CUS-116,1,2026-03-14T05:29:00-03:00,2026-03-14T08:29:00-03:00,97.555,delivered,B2B-V1-BASE,BLD-9102B6E8BF1ABFFC5F32,True
DEL-SYN-003114,ORD-SYN-002492,VEH-SYN-02,SOR-01,LOC-SYN-CUS-122,1,2026-03-14T13:34:00-03:00,2026-03-14T16:34:00-03:00,107.646,delivered,B2B-V1-BASE,BLD-9102B6E8BF1ABFFC5F32,True
DEL-SYN-003115,ORD-SYN-002492,VEH-SYN-03,SOR-01,LOC-SYN-CUS-122,2,2026-03-15T03:34:00-03:00,2026-03-15T06:34:00-03:00,107.646,delivered,B2B-V1-BASE,BLD-9102B6E8BF1ABFFC5F32,True
DEL-SYN-003116,ORD-SYN-002493,VEH-SYN-03,SOR-01,LOC-SYN-CUS-037,1,2026-03-10T08:13:00-03:00,2026-03-10T11:13:00-03:00,1.869,delivered,B2B-V1-BASE,BLD-9102B6E8BF1ABFFC5F32,True
DEL-SYN-003117,ORD-SYN-002494,VEH-SYN-04,SOR-01,LOC-SYN-CUS-085,1,2026-03-10T09:36:00-03:00,2026-03-10T12:36:00-03:00,11.234,delivered,B2B-V1-BASE,BLD-9102B6E8BF1ABFFC5F32,True
DEL-SYN-003118,ORD-SYN-002495,VEH-SYN-05,SOR-01,LOC-SYN-CUS-078,1,2026-03-12T10:15:00-03:00,2026-03-12T13:15:00-03:00,97.926,delivered,B2B-V1-BASE,BLD-9102B6E8BF1ABFFC5F32,True
DEL-SYN-003119,ORD-SYN-002496,VEH-SYN-06,SOR-01,LOC-SYN-CUS-007,1,2026-03-12T17:33:00-03:00,2026-03-12T20:33:00-03:00,14.599,delivered,B2B-V1-BASE,BLD-9102B6E8BF1ABFFC5F32,True
DEL-SYN-003120,ORD-SYN-002496,VEH-SYN-01,SOR-01,LOC-SYN-CUS-007,2,2026-03-13T07:33:00-03:00,2026-03-13T10:33:00-03:00,14.599,delivered,B2B-V1-BASE,BLD-9102B6E8BF1ABFFC5F32,True
DEL-SYN-003121,ORD-SYN-002497,VEH-SYN-01,SOR-01,LOC-SYN-CUS-122,1,2026-03-14T11:42:00-03:00,2026-03-14T14:42:00-03:00,107.646,delivered,B2B-V1-BASE,BLD-9102B6E8BF1ABFFC5F32,True
DEL-SYN-003122,ORD-SYN-002498,VEH-SYN-02,SOR-01,LOC-SYN-CUS-049,1,2026-03-11T11:55:00-03:00,2026-03-11T14:55:00-03:00,13.054,delivered,B2B-V1-BASE,BLD-9102B6E8BF1ABFFC5F32,True
DEL-SYN-003123,ORD-SYN-002499,VEH-SYN-03,SOR-01,LOC-SYN-CUS-149,1,2026-03-13T03:59:00-03:00,2026-03-13T06:59:00-03:00,9.994,delivered,B2B-V1-BASE,BLD-9102B6E8BF1ABFFC5F32,True
DEL-SYN-003124,ORD-SYN-002500,VEH-SYN-04,SOR-01,LOC-SYN-CUS-047,1,2026-03-12T18:14:00-03:00,2026-03-12T21:14:00-03:00,14.65,delivered,B2B-V1-BASE,BLD-9102B6E8BF1ABFFC5F32,True
DEL-SYN-003125,ORD-SYN-002500,VEH-SYN-05,SOR-01,LOC-SYN-CUS-047,2,2026-03-13T04:14:00-03:00,2026-03-13T07:14:00-03:00,14.65,delivered,B2B-V1-BASE,BLD-9102B6E8BF1ABFFC5F32,True
DEL-SYN-003126,ORD-SYN-002501,VEH-SYN-05,SOR-01,LOC-SYN-CUS-149,1,2026-03-14T04:37:00-03:00,2026-03-14T07:37:00-03:00,9.994,delivered,B2B-V1-BASE,BLD-9102B6E8BF1ABFFC5F32,True
DEL-SYN-003127,ORD-SYN-002502,VEH-SYN-06,SOR-01,LOC-SYN-CUS-031,1,2026-03-11T19:15:00-03:00,2026-03-11T22:15:00-03:00,2.694,delivered,B2B-V1-BASE,BLD-9102B6E8BF1ABFFC5F32,True
DEL-SYN-003128,ORD-SYN-002503,VEH-SYN-01,SOR-01,LOC-SYN-CUS-086,1,2026-03-11T06:24:00-03:00,2026-03-11T09:24:00-03:00,100.855,delivered,B2B-V1-BASE,BLD-9102B6E8BF1ABFFC5F32,True
DEL-SYN-003129,ORD-SYN-002504,VEH-SYN-02,SOR-01,LOC-SYN-CUS-118,1,2026-03-14T13:05:00-03:00,2026-03-14T16:05:00-03:00,89.411,delivered,B2B-V1-BASE,BLD-9102B6E8BF1ABFFC5F32,True
DEL-SYN-003130,ORD-SYN-002504,VEH-SYN-03,SOR-01,LOC-SYN-CUS-118,2,2026-03-15T03:05:00-03:00,2026-03-15T06:05:00-03:00,89.411,delivered,B2B-V1-BASE,BLD-9102B6E8BF1ABFFC5F32,True
DEL-SYN-003131,ORD-SYN-002505,VEH-SYN-03,SOR-01,LOC-SYN-CUS-063,1,2026-03-14T08:29:00-03:00,2026-03-14T11:29:00-03:00,10.053,delivered,B2B-V1-BASE,BLD-9102B6E8BF1ABFFC5F32,True
DEL-SYN-003132,ORD-SYN-002506,VEH-SYN-04,SOR-01,LOC-SYN-CUS-141,1,2026-03-15T11:18:00-03:00,2026-03-15T14:18:00-03:00,3.791,delivered,B2B-V1-BASE,BLD-9102B6E8BF1ABFFC5F32,True
DEL-SYN-003133,ORD-SYN-002507,VEH-SYN-05,SOR-01,LOC-SYN-CUS-065,1,2026-03-13T04:47:00-03:00,2026-03-13T07:47:00-03:00,13.49,delivered,B2B-V1-BASE,BLD-9102B6E8BF1ABFFC5F32,True
DEL-SYN-003134,ORD-SYN-002508,VEH-SYN-06,SOR-01,LOC-SYN-CUS-136,1,2026-03-13T22:24:00-03:00,2026-03-14T01:24:00-03:00,98.302,delivered,B2B-V1-BASE,BLD-9102B6E8BF1ABFFC5F32,True
DEL-SYN-003135,ORD-SYN-002508,VEH-SYN-01,SOR-01,LOC-SYN-CUS-136,2,2026-03-14T08:24:00-03:00,2026-03-14T11:24:00-03:00,98.302,delivered,B2B-V1-BASE,BLD-9102B6E8BF1ABFFC5F32,True
DEL-SYN-003136,ORD-SYN-002509,VEH-SYN-01,SOR-01,LOC-SYN-CUS-042,1,2026-03-15T22:52:00-03:00,2026-03-16T01:52:00-03:00,96.283,delivered,B2B-V1-BASE,BLD-9102B6E8BF1ABFFC5F32,True
DEL-SYN-003137,ORD-SYN-002510,VEH-SYN-02,SOR-01,LOC-SYN-CUS-019,1,2026-03-15T00:18:00-03:00,2026-03-15T03:18:00-03:00,11.18,delivered,B2B-V1-BASE,BLD-9102B6E8BF1ABFFC5F32,True
DEL-SYN-003138,ORD-SYN-002511,VEH-SYN-03,SOR-01,LOC-SYN-CUS-079,1,2026-03-14T10:22:00-03:00,2026-03-14T13:22:00-03:00,9.76,delivered,B2B-V1-BASE,BLD-9102B6E8BF1ABFFC5F32,True
DEL-SYN-003139,ORD-SYN-002512,VEH-SYN-04,SOR-01,LOC-SYN-CUS-085,1,2026-03-14T00:43:00-03:00,2026-03-14T03:43:00-03:00,11.234,delivered,B2B-V1-BASE,BLD-9102B6E8BF1ABFFC5F32,True
DEL-SYN-003140,ORD-SYN-002512,VEH-SYN-05,SOR-01,LOC-SYN-CUS-085,2,2026-03-14T10:43:00-03:00,2026-03-14T13:43:00-03:00,11.234,delivered,B2B-V1-BASE,BLD-9102B6E8BF1ABFFC5F32,True
DEL-SYN-003141,ORD-SYN-002513,VEH-SYN-05,SOR-01,LOC-SYN-CUS-122,1,2026-03-16T00:50:00-03:00,2026-03-16T03:50:00-03:00,107.646,delivered,B2B-V1-BASE,BLD-9102B6E8BF1ABFFC5F32,True
DEL-SYN-003142,ORD-SYN-002514,VEH-SYN-06,SOR-01,LOC-SYN-CUS-066,1,2026-03-14T11:20:00-03:00,2026-03-14T14:20:00-03:00,96.649,delivered,B2B-V1-BASE,BLD-9102B6E8BF1ABFFC5F32,True
DEL-SYN-003143,ORD-SYN-002515,VEH-SYN-01,SOR-01,LOC-SYN-CUS-106,1,2026-03-15T12:03:00-03:00,2026-03-15T15:03:00-03:00,97.3,delivered_with_incident,B2B-V1-BASE,BLD-9102B6E8BF1ABFFC5F32,True
DEL-SYN-003144,ORD-SYN-002516,VEH-SYN-02,SOR-01,LOC-SYN-CUS-083,1,2026-03-16T20:57:00-03:00,2026-03-16T23:57:00-03:00,15.586,delivered,B2B-V1-BASE,BLD-9102B6E8BF1ABFFC5F32,True
DEL-SYN-003145,ORD-SYN-002516,VEH-SYN-03,SOR-01,LOC-SYN-CUS-083,2,2026-03-17T06:57:00-03:00,2026-03-17T09:57:00-03:00,15.586,delivered,B2B-V1-BASE,BLD-9102B6E8BF1ABFFC5F32,True
DEL-SYN-003146,ORD-SYN-002517,VEH-SYN-03,SOR-01,LOC-SYN-CUS-129,1,2026-03-16T08:33:00-03:00,2026-03-16T11:33:00-03:00,10.44,delivered,B2B-V1-BASE,BLD-9102B6E8BF1ABFFC5F32,True
DEL-SYN-003147,ORD-SYN-002518,VEH-SYN-04,SOR-01,LOC-SYN-CUS-028,1,2026-03-14T08:38:00-03:00,2026-03-14T11:38:00-03:00,103.781,delivered,B2B-V1-BASE,BLD-9102B6E8BF1ABFFC5F32,True
DEL-SYN-003148,ORD-SYN-002519,VEH-SYN-05,SOR-01,LOC-SYN-CUS-053,1,2026-03-13T08:48:00-03:00,2026-03-13T11:48:00-03:00,11.138,delivered,B2B-V1-BASE,BLD-9102B6E8BF1ABFFC5F32,True
DEL-SYN-003149,ORD-SYN-002520,VEH-SYN-06,SOR-01,LOC-SYN-CUS-082,1,2026-03-16T22:49:00-03:00,2026-03-17T01:49:00-03:00,95.328,delivered,B2B-V1-BASE,BLD-9102B6E8BF1ABFFC5F32,True
DEL-SYN-003150,ORD-SYN-002520,VEH-SYN-01,SOR-01,LOC-SYN-CUS-082,2,2026-03-17T08:49:00-03:00,2026-03-17T11:49:00-03:00,95.328,delivered,B2B-V1-BASE,BLD-9102B6E8BF1ABFFC5F32,True
DEL-SYN-003151,ORD-SYN-002521,VEH-SYN-01,SOR-01,LOC-SYN-CUS-058,1,2026-03-17T09:40:00-03:00,2026-03-17T12:40:00-03:00,98.394,delivered,B2B-V1-BASE,BLD-9102B6E8BF1ABFFC5F32,True
DEL-SYN-003152,ORD-SYN-002522,VEH-SYN-02,SOR-01,LOC-SYN-CUS-049,1,2026-03-16T09:55:00-03:00,2026-03-16T12:55:00-03:00,13.054,delivered,B2B-V1-BASE,BLD-9102B6E8BF1ABFFC5F32,True
DEL-SYN-003153,ORD-SYN-002523,VEH-SYN-03,SOR-01,LOC-SYN-CUS-022,1,2026-03-15T11:53:00-03:00,2026-03-15T14:53:00-03:00,97.576,delivered,B2B-V1-BASE,BLD-9102B6E8BF1ABFFC5F32,True
DEL-SYN-003154,ORD-SYN-002524,VEH-SYN-04,SOR-01,LOC-SYN-CUS-091,1,2026-03-15T02:25:00-03:00,2026-03-15T05:25:00-03:00,11.908,delivered,B2B-V1-BASE,BLD-9102B6E8BF1ABFFC5F32,True
DEL-SYN-003155,ORD-SYN-002524,VEH-SYN-05,SOR-01,LOC-SYN-CUS-091,2,2026-03-15T12:25:00-03:00,2026-03-15T15:25:00-03:00,11.908,delivered,B2B-V1-BASE,BLD-9102B6E8BF1ABFFC5F32,True
DEL-SYN-003156,ORD-SYN-002525,VEH-SYN-05,SOR-01,LOC-SYN-CUS-053,1,2026-03-18T18:34:00-03:00,2026-03-18T21:34:00-03:00,11.138,delivered,B2B-V1-BASE,BLD-9102B6E8BF1ABFFC5F32,True
DEL-SYN-003157,ORD-SYN-002526,VEH-SYN-06,SOR-01,LOC-SYN-CUS-127,1,2026-03-17T22:31:00-03:00,2026-03-18T01:31:00-03:00,11.422,delivered,B2B-V1-BASE,BLD-9102B6E8BF1ABFFC5F32,True
DEL-SYN-003158,ORD-SYN-002527,VEH-SYN-01,SOR-01,LOC-SYN-CUS-032,1,2026-03-14T09:42:00-03:00,2026-03-14T12:42:00-03:00,100.378,delivered,B2B-V1-BASE,BLD-9102B6E8BF1ABFFC5F32,True
DEL-SYN-003159,ORD-SYN-002528,VEH-SYN-02,SOR-01,LOC-SYN-CUS-077,1,2026-03-15T00:00:00-03:00,2026-03-15T03:00:00-03:00,6.85,delivered,B2B-V1-BASE,BLD-9102B6E8BF1ABFFC5F32,True
DEL-SYN-003160,ORD-SYN-002528,VEH-SYN-03,SOR-01,LOC-SYN-CUS-077,2,2026-03-15T10:00:00-03:00,2026-03-15T13:00:00-03:00,6.85,delivered,B2B-V1-BASE,BLD-9102B6E8BF1ABFFC5F32,True
DEL-SYN-003161,ORD-SYN-002529,VEH-SYN-03,SOR-01,LOC-SYN-CUS-042,1,2026-03-19T02:09:00-03:00,2026-03-19T05:09:00-03:00,96.283,delivered,B2B-V1-BASE,BLD-9102B6E8BF1ABFFC5F32,True
DEL-SYN-003162,ORD-SYN-002530,VEH-SYN-04,SOR-01,LOC-SYN-CUS-052,1,2026-03-15T03:25:00-03:00,2026-03-15T06:25:00-03:00,109.906,delivered,B2B-V1-BASE,BLD-9102B6E8BF1ABFFC5F32,True
DEL-SYN-003163,ORD-SYN-002531,VEH-SYN-05,SOR-01,LOC-SYN-CUS-030,1,2026-03-15T04:32:00-03:00,2026-03-15T07:32:00-03:00,95.926,delivered,B2B-V1-BASE,BLD-9102B6E8BF1ABFFC5F32,True
DEL-SYN-003164,ORD-SYN-002532,VEH-SYN-06,SOR-01,LOC-SYN-CUS-006,1,2026-03-15T18:34:00-03:00,2026-03-15T21:34:00-03:00,102.381,delivered_with_incident,B2B-V1-BASE,BLD-9102B6E8BF1ABFFC5F32,True
DEL-SYN-003165,ORD-SYN-002532,VEH-SYN-01,SOR-01,LOC-SYN-CUS-006,2,2026-03-16T04:34:00-03:00,2026-03-16T07:34:00-03:00,102.381,delivered,B2B-V1-BASE,BLD-9102B6E8BF1ABFFC5F32,True
DEL-SYN-003166,ORD-SYN-002533,VEH-SYN-01,SOR-01,LOC-SYN-CUS-132,1,2026-03-17T04:58:00-03:00,2026-03-17T07:58:00-03:00,97.514,delivered,B2B-V1-BASE,BLD-9102B6E8BF1ABFFC5F32,True
DEL-SYN-003167,ORD-SYN-002534,VEH-SYN-02,SOR-01,LOC-SYN-CUS-038,1,2026-03-17T05:02:00-03:00,2026-03-17T08:02:00-03:00,91.614,delivered,B2B-V1-BASE,BLD-9102B6E8BF1ABFFC5F32,True
DEL-SYN-003168,ORD-SYN-002535,VEH-SYN-03,SOR-01,LOC-SYN-CUS-002,1,2026-03-16T05:09:00-03:00,2026-03-16T08:09:00-03:00,87.443,delivered,B2B-V1-BASE,BLD-9102B6E8BF1ABFFC5F32,True
DEL-SYN-003169,ORD-SYN-002536,VEH-SYN-04,SOR-01,LOC-SYN-CUS-054,1,2026-03-19T14:37:00-03:00,2026-03-19T17:37:00-03:00,92.335,delivered,B2B-V1-BASE,BLD-9102B6E8BF1ABFFC5F32,True
DEL-SYN-003170,ORD-SYN-002536,VEH-SYN-05,SOR-01,LOC-SYN-CUS-054,2,2026-03-20T04:37:00-03:00,2026-03-20T07:37:00-03:00,92.335,delivered,B2B-V1-BASE,BLD-9102B6E8BF1ABFFC5F32,True
DEL-SYN-003171,ORD-SYN-002537,VEH-SYN-05,SOR-01,LOC-SYN-CUS-041,1,2026-03-19T08:52:00-03:00,2026-03-19T11:52:00-03:00,16.45,delivered,B2B-V1-BASE,BLD-9102B6E8BF1ABFFC5F32,True
DEL-SYN-003172,ORD-SYN-002538,VEH-SYN-06,SOR-01,LOC-SYN-CUS-131,1,2026-03-15T09:33:00-03:00,2026-03-15T12:33:00-03:00,9.096,delivered,B2B-V1-BASE,BLD-9102B6E8BF1ABFFC5F32,True
DEL-SYN-003173,ORD-SYN-002539,VEH-SYN-01,SOR-01,LOC-SYN-CUS-130,1,2026-03-15T10:02:00-03:00,2026-03-15T13:02:00-03:00,92.017,delivered,B2B-V1-BASE,BLD-9102B6E8BF1ABFFC5F32,True
DEL-SYN-003174,ORD-SYN-002540,VEH-SYN-02,SOR-01,LOC-SYN-CUS-041,1,2026-03-15T00:26:00-03:00,2026-03-15T03:26:00-03:00,16.45,delivered,B2B-V1-BASE,BLD-9102B6E8BF1ABFFC5F32,True
DEL-SYN-003175,ORD-SYN-002540,VEH-SYN-03,SOR-01,LOC-SYN-CUS-041,2,2026-03-15T10:26:00-03:00,2026-03-15T13:26:00-03:00,16.45,delivered,B2B-V1-BASE,BLD-9102B6E8BF1ABFFC5F32,True
DEL-SYN-003176,ORD-SYN-002541,VEH-SYN-03,SOR-01,LOC-SYN-CUS-030,1,2026-03-19T10:43:00-03:00,2026-03-19T13:43:00-03:00,95.926,delivered,B2B-V1-BASE,BLD-9102B6E8BF1ABFFC5F32,True
DEL-SYN-003177,ORD-SYN-002542,VEH-SYN-04,SOR-01,LOC-SYN-CUS-117,1,2026-03-18T12:31:00-03:00,2026-03-18T15:31:00-03:00,14.483,delivered,B2B-V1-BASE,BLD-9102B6E8BF1ABFFC5F32,True
DEL-SYN-003178,ORD-SYN-002543,VEH-SYN-05,SOR-01,LOC-SYN-CUS-003,1,2026-03-19T12:43:00-03:00,2026-03-19T15:43:00-03:00,7.59,delivered,B2B-V1-BASE,BLD-9102B6E8BF1ABFFC5F32,True
DEL-SYN-003179,ORD-SYN-002544,VEH-SYN-06,SOR-01,LOC-SYN-CUS-149,1,2026-03-20T10:47:00-03:00,2026-03-20T13:47:00-03:00,9.994,delivered,B2B-V1-BASE,BLD-9102B6E8BF1ABFFC5F32,True
DEL-SYN-003180,ORD-SYN-002544,VEH-SYN-01,SOR-01,LOC-SYN-CUS-149,2,2026-03-21T00:47:00-03:00,2026-03-21T03:47:00-03:00,9.994,delivered,B2B-V1-BASE,BLD-9102B6E8BF1ABFFC5F32,True
DEL-SYN-003181,ORD-SYN-002545,VEH-SYN-01,SOR-01,LOC-SYN-CUS-137,1,2026-03-18T05:38:00-03:00,2026-03-18T08:38:00-03:00,11.323,delivered,B2B-V1-BASE,BLD-9102B6E8BF1ABFFC5F32,True
DEL-SYN-003182,ORD-SYN-002546,VEH-SYN-02,SOR-01,LOC-SYN-CUS-069,1,2026-03-18T06:35:00-03:00,2026-03-18T09:35:00-03:00,13.67,delivered,B2B-V1-BASE,BLD-9102B6E8BF1ABFFC5F32,True
DEL-SYN-003183,ORD-SYN-002547,VEH-SYN-03,SOR-01,LOC-SYN-CUS-051,1,2026-03-17T22:00:00-03:00,2026-03-18T01:00:00-03:00,8.518,delivered,B2B-V1-BASE,BLD-9102B6E8BF1ABFFC5F32,True
DEL-SYN-003184,ORD-SYN-002548,VEH-SYN-04,SOR-01,LOC-SYN-CUS-020,1,2026-03-17T22:55:00-03:00,2026-03-18T01:55:00-03:00,98.993,delivered,B2B-V1-BASE,BLD-9102B6E8BF1ABFFC5F32,True
DEL-SYN-003185,ORD-SYN-002548,VEH-SYN-05,SOR-01,LOC-SYN-CUS-020,2,2026-03-18T08:55:00-03:00,2026-03-18T11:55:00-03:00,98.993,delivered_with_incident,B2B-V1-BASE,BLD-9102B6E8BF1ABFFC5F32,True
DEL-SYN-003186,ORD-SYN-002549,VEH-SYN-05,SOR-01,LOC-SYN-CUS-090,1,2026-03-19T09:05:00-03:00,2026-03-19T12:05:00-03:00,114.028,delivered_with_incident,B2B-V1-BASE,BLD-9102B6E8BF1ABFFC5F32,True
DEL-SYN-003187,ORD-SYN-002550,VEH-SYN-06,SOR-01,LOC-SYN-CUS-025,1,2026-03-16T09:10:00-03:00,2026-03-16T12:10:00-03:00,12.656,delivered,B2B-V1-BASE,BLD-9102B6E8BF1ABFFC5F32,True
DEL-SYN-003188,ORD-SYN-002551,VEH-SYN-01,SOR-01,LOC-SYN-CUS-148,1,2026-03-19T09:51:00-03:00,2026-03-19T12:51:00-03:00,94.333,delivered,B2B-V1-BASE,BLD-9102B6E8BF1ABFFC5F32,True
DEL-SYN-003189,ORD-SYN-002552,VEH-SYN-02,SOR-01,LOC-SYN-CUS-120,1,2026-03-17T16:41:00-03:00,2026-03-17T19:41:00-03:00,87.645,delivered,B2B-V1-BASE,BLD-9102B6E8BF1ABFFC5F32,True
DEL-SYN-003190,ORD-SYN-002552,VEH-SYN-03,SOR-01,LOC-SYN-CUS-120,2,2026-03-18T06:41:00-03:00,2026-03-18T09:41:00-03:00,87.645,delivered,B2B-V1-BASE,BLD-9102B6E8BF1ABFFC5F32,True
DEL-SYN-003191,ORD-SYN-002553,VEH-SYN-03,SOR-01,LOC-SYN-CUS-005,1,2026-03-18T11:19:00-03:00,2026-03-18T14:19:00-03:00,9.779,delivered,B2B-V1-BASE,BLD-9102B6E8BF1ABFFC5F32,True
DEL-SYN-003192,ORD-SYN-002554,VEH-SYN-04,SOR-01,LOC-SYN-CUS-093,1,2026-03-18T11:25:00-03:00,2026-03-18T14:25:00-03:00,14.157,delivered,B2B-V1-BASE,BLD-9102B6E8BF1ABFFC5F32,True
DEL-SYN-003193,ORD-SYN-002555,VEH-SYN-05,SOR-01,LOC-SYN-CUS-100,1,2026-03-17T11:53:00-03:00,2026-03-17T14:53:00-03:00,104.241,delivered,B2B-V1-BASE,BLD-9102B6E8BF1ABFFC5F32,True
DEL-SYN-003194,ORD-SYN-002556,VEH-SYN-06,SOR-01,LOC-SYN-CUS-030,1,2026-03-20T02:19:00-03:00,2026-03-20T05:19:00-03:00,95.926,delivered,B2B-V1-BASE,BLD-9102B6E8BF1ABFFC5F32,True
DEL-SYN-003195,ORD-SYN-002556,VEH-SYN-01,SOR-01,LOC-SYN-CUS-030,2,2026-03-20T12:19:00-03:00,2026-03-20T15:19:00-03:00,95.926,delivered,B2B-V1-BASE,BLD-9102B6E8BF1ABFFC5F32,True
DEL-SYN-003196,ORD-SYN-002557,VEH-SYN-01,SOR-01,LOC-SYN-CUS-033,1,2026-03-17T06:21:00-03:00,2026-03-17T09:21:00-03:00,13.637,delivered,B2B-V1-BASE,BLD-9102B6E8BF1ABFFC5F32,True
DEL-SYN-003197,ORD-SYN-002558,VEH-SYN-02,SOR-01,LOC-SYN-CUS-009,1,2026-03-20T06:43:00-03:00,2026-03-20T09:43:00-03:00,14.093,delivered,B2B-V1-BASE,BLD-9102B6E8BF1ABFFC5F32,True
DEL-SYN-003198,ORD-SYN-002559,VEH-SYN-03,SOR-01,LOC-SYN-CUS-010,1,2026-03-21T06:47:00-03:00,2026-03-21T09:47:00-03:00,98.174,delivered,B2B-V1-BASE,BLD-9102B6E8BF1ABFFC5F32,True
DEL-SYN-003199,ORD-SYN-002560,VEH-SYN-04,SOR-01,LOC-SYN-CUS-002,1,2026-03-16T21:06:00-03:00,2026-03-17T00:06:00-03:00,87.443,delivered,B2B-V1-BASE,BLD-9102B6E8BF1ABFFC5F32,True
DEL-SYN-003200,ORD-SYN-002560,VEH-SYN-05,SOR-01,LOC-SYN-CUS-002,2,2026-03-17T07:06:00-03:00,2026-03-17T10:06:00-03:00,87.443,delivered,B2B-V1-BASE,BLD-9102B6E8BF1ABFFC5F32,True
DEL-SYN-003201,ORD-SYN-002561,VEH-SYN-05,SOR-01,LOC-SYN-CUS-019,1,2026-03-19T08:35:00-03:00,2026-03-19T11:35:00-03:00,11.18,delivered,B2B-V1-BASE,BLD-9102B6E8BF1ABFFC5F32,True
DEL-SYN-003202,ORD-SYN-002562,VEH-SYN-06,SOR-01,LOC-SYN-CUS-018,1,2026-03-18T08:51:00-03:00,2026-03-18T11:51:00-03:00,97.884,delivered,B2B-V1-BASE,BLD-9102B6E8BF1ABFFC5F32,True
DEL-SYN-003203,ORD-SYN-002563,VEH-SYN-01,SOR-01,LOC-SYN-CUS-133,1,2026-03-18T08:55:00-03:00,2026-03-18T11:55:00-03:00,15.316,delivered,B2B-V1-BASE,BLD-9102B6E8BF1ABFFC5F32,True
DEL-SYN-003204,ORD-SYN-002564,VEH-SYN-02,SOR-01,LOC-SYN-CUS-094,1,2026-03-16T23:07:00-03:00,2026-03-17T02:07:00-03:00,81.241,delivered,B2B-V1-BASE,BLD-9102B6E8BF1ABFFC5F32,True
DEL-SYN-003205,ORD-SYN-002564,VEH-SYN-03,SOR-01,LOC-SYN-CUS-094,2,2026-03-17T09:07:00-03:00,2026-03-17T12:07:00-03:00,81.241,delivered,B2B-V1-BASE,BLD-9102B6E8BF1ABFFC5F32,True
DEL-SYN-003206,ORD-SYN-002565,VEH-SYN-03,SOR-01,LOC-SYN-CUS-003,1,2026-03-20T10:43:00-03:00,2026-03-20T13:43:00-03:00,7.59,delivered,B2B-V1-BASE,BLD-9102B6E8BF1ABFFC5F32,True
DEL-SYN-003207,ORD-SYN-002566,VEH-SYN-04,SOR-01,LOC-SYN-CUS-074,1,2026-03-19T11:12:00-03:00,2026-03-19T14:12:00-03:00,106.713,delivered_with_incident,B2B-V1-BASE,BLD-9102B6E8BF1ABFFC5F32,True
DEL-SYN-003208,ORD-SYN-002567,VEH-SYN-05,SOR-01,LOC-SYN-CUS-077,1,2026-03-20T11:42:00-03:00,2026-03-20T14:42:00-03:00,6.85,delivered,B2B-V1-BASE,BLD-9102B6E8BF1ABFFC5F32,True
DEL-SYN-003209,ORD-SYN-002568,VEH-SYN-06,SOR-01,LOC-SYN-CUS-034,1,2026-03-20T18:14:00-03:00,2026-03-20T21:14:00-03:00,92.375,delivered,B2B-V1-BASE,BLD-9102B6E8BF1ABFFC5F32,True
DEL-SYN-003210,ORD-SYN-002568,VEH-SYN-01,SOR-01,LOC-SYN-CUS-034,2,2026-03-21T08:14:00-03:00,2026-03-21T11:14:00-03:00,92.375,delivered,B2B-V1-BASE,BLD-9102B6E8BF1ABFFC5F32,True
DEL-SYN-003211,ORD-SYN-002569,VEH-SYN-01,SOR-01,LOC-SYN-CUS-110,1,2026-03-21T12:34:00-03:00,2026-03-21T15:34:00-03:00,101.983,delivered,B2B-V1-BASE,BLD-9102B6E8BF1ABFFC5F32,True
DEL-SYN-003212,ORD-SYN-002570,VEH-SYN-02,SOR-01,LOC-SYN-CUS-130,1,2026-03-22T17:22:00-03:00,2026-03-22T20:22:00-03:00,92.017,delivered,B2B-V1-BASE,BLD-9102B6E8BF1ABFFC5F32,True
DEL-SYN-003213,ORD-SYN-002571,VEH-SYN-03,SOR-01,LOC-SYN-CUS-134,1,2026-03-21T03:34:00-03:00,2026-03-21T06:34:00-03:00,101.573,delivered,B2B-V1-BASE,BLD-9102B6E8BF1ABFFC5F32,True
DEL-SYN-003214,ORD-SYN-002572,VEH-SYN-04,SOR-01,LOC-SYN-CUS-026,1,2026-03-17T18:11:00-03:00,2026-03-17T21:11:00-03:00,93.542,delivered,B2B-V1-BASE,BLD-9102B6E8BF1ABFFC5F32,True
DEL-SYN-003215,ORD-SYN-002572,VEH-SYN-05,SOR-01,LOC-SYN-CUS-026,2,2026-03-18T04:11:00-03:00,2026-03-18T07:11:00-03:00,93.542,delivered,B2B-V1-BASE,BLD-9102B6E8BF1ABFFC5F32,True
DEL-SYN-003216,ORD-SYN-002573,VEH-SYN-05,SOR-01,LOC-SYN-CUS-018,1,2026-03-21T04:12:00-03:00,2026-03-21T07:12:00-03:00,97.884,delivered,B2B-V1-BASE,BLD-9102B6E8BF1ABFFC5F32,True
DEL-SYN-003217,ORD-SYN-002574,VEH-SYN-06,SOR-01,LOC-SYN-CUS-085,1,2026-03-20T04:42:00-03:00,2026-03-20T07:42:00-03:00,11.234,delivered,B2B-V1-BASE,BLD-9102B6E8BF1ABFFC5F32,True
DEL-SYN-003218,ORD-SYN-002575,VEH-SYN-01,SOR-01,LOC-SYN-CUS-058,1,2026-03-18T05:13:00-03:00,2026-03-18T08:13:00-03:00,98.394,delivered,B2B-V1-BASE,BLD-9102B6E8BF1ABFFC5F32,True
DEL-SYN-003219,ORD-SYN-002576,VEH-SYN-02,SOR-01,LOC-SYN-CUS-017,1,2026-03-18T19:38:00-03:00,2026-03-18T22:38:00-03:00,7.536,delivered,B2B-V1-BASE,BLD-9102B6E8BF1ABFFC5F32,True
DEL-SYN-003220,ORD-SYN-002576,VEH-SYN-03,SOR-01,LOC-SYN-CUS-017,2,2026-03-19T05:38:00-03:00,2026-03-19T08:38:00-03:00,7.536,delivered,B2B-V1-BASE,BLD-9102B6E8BF1ABFFC5F32,True
DEL-SYN-003221,ORD-SYN-002577,VEH-SYN-03,SOR-01,LOC-SYN-CUS-011,1,2026-03-19T08:00:00-03:00,2026-03-19T11:00:00-03:00,11.323,delivered,B2B-V1-BASE,BLD-9102B6E8BF1ABFFC5F32,True
DEL-SYN-003222,ORD-SYN-002578,VEH-SYN-04,SOR-01,LOC-SYN-CUS-073,1,2026-03-20T08:18:00-03:00,2026-03-20T11:18:00-03:00,17.971,delivered,B2B-V1-BASE,BLD-9102B6E8BF1ABFFC5F32,True
DEL-SYN-003223,ORD-SYN-002579,VEH-SYN-05,SOR-01,LOC-SYN-CUS-129,1,2026-03-22T22:45:00-03:00,2026-03-23T01:45:00-03:00,10.44,delivered,B2B-V1-BASE,BLD-9102B6E8BF1ABFFC5F32,True
DEL-SYN-003224,ORD-SYN-002580,VEH-SYN-06,SOR-01,LOC-SYN-CUS-082,1,2026-03-17T22:54:00-03:00,2026-03-18T01:54:00-03:00,95.328,delivered,B2B-V1-BASE,BLD-9102B6E8BF1ABFFC5F32,True
DEL-SYN-003225,ORD-SYN-002580,VEH-SYN-01,SOR-01,LOC-SYN-CUS-082,2,2026-03-18T08:54:00-03:00,2026-03-18T11:54:00-03:00,95.328,delivered,B2B-V1-BASE,BLD-9102B6E8BF1ABFFC5F32,True
DEL-SYN-003226,ORD-SYN-002581,VEH-SYN-01,SOR-01,LOC-SYN-CUS-139,1,2026-03-21T09:22:00-03:00,2026-03-21T12:22:00-03:00,20.414,delivered,B2B-V1-BASE,BLD-9102B6E8BF1ABFFC5F32,True
DEL-SYN-003227,ORD-SYN-002582,VEH-SYN-02,SOR-01,LOC-SYN-CUS-093,1,2026-03-21T09:28:00-03:00,2026-03-21T12:28:00-03:00,14.157,delivered,B2B-V1-BASE,BLD-9102B6E8BF1ABFFC5F32,True
DEL-SYN-003228,ORD-SYN-002583,VEH-SYN-03,SOR-01,LOC-SYN-CUS-025,1,2026-03-22T09:35:00-03:00,2026-03-22T12:35:00-03:00,12.656,delivered,B2B-V1-BASE,BLD-9102B6E8BF1ABFFC5F32,True
DEL-SYN-003229,ORD-SYN-002584,VEH-SYN-04,SOR-01,LOC-SYN-CUS-065,1,2026-03-20T02:36:00-03:00,2026-03-20T05:36:00-03:00,13.49,delivered,B2B-V1-BASE,BLD-9102B6E8BF1ABFFC5F32,True
DEL-SYN-003230,ORD-SYN-002584,VEH-SYN-05,SOR-01,LOC-SYN-CUS-065,2,2026-03-20T12:36:00-03:00,2026-03-20T15:36:00-03:00,13.49,delivered,B2B-V1-BASE,BLD-9102B6E8BF1ABFFC5F32,True
DEL-SYN-003231,ORD-SYN-002585,VEH-SYN-05,SOR-01,LOC-SYN-CUS-011,1,2026-03-19T03:54:00-03:00,2026-03-19T06:54:00-03:00,11.323,delivered,B2B-V1-BASE,BLD-9102B6E8BF1ABFFC5F32,True
DEL-SYN-003232,ORD-SYN-002586,VEH-SYN-06,SOR-01,LOC-SYN-CUS-150,1,2026-03-22T04:15:00-03:00,2026-03-22T07:15:00-03:00,93.487,delivered,B2B-V1-BASE,BLD-9102B6E8BF1ABFFC5F32,True
DEL-SYN-003233,ORD-SYN-002587,VEH-SYN-01,SOR-01,LOC-SYN-CUS-067,1,2026-03-22T04:27:00-03:00,2026-03-22T07:27:00-03:00,13.624,delivered,B2B-V1-BASE,BLD-9102B6E8BF1ABFFC5F32,True
DEL-SYN-003234,ORD-SYN-002588,VEH-SYN-02,SOR-01,LOC-SYN-CUS-122,1,2026-03-21T19:11:00-03:00,2026-03-21T22:11:00-03:00,107.646,delivered,B2B-V1-BASE,BLD-9102B6E8BF1ABFFC5F32,True
DEL-SYN-003235,ORD-SYN-002588,VEH-SYN-03,SOR-01,LOC-SYN-CUS-122,2,2026-03-22T05:11:00-03:00,2026-03-22T08:11:00-03:00,107.646,delivered,B2B-V1-BASE,BLD-9102B6E8BF1ABFFC5F32,True
DEL-SYN-003236,ORD-SYN-002589,VEH-SYN-03,SOR-01,LOC-SYN-CUS-021,1,2026-03-19T05:14:00-03:00,2026-03-19T08:14:00-03:00,21.891,delivered,B2B-V1-BASE,BLD-9102B6E8BF1ABFFC5F32,True
DEL-SYN-003237,ORD-SYN-002590,VEH-SYN-04,SOR-01,LOC-SYN-CUS-073,1,2026-03-19T05:33:00-03:00,2026-03-19T08:33:00-03:00,17.971,delivered,B2B-V1-BASE,BLD-9102B6E8BF1ABFFC5F32,True
DEL-SYN-003238,ORD-SYN-002591,VEH-SYN-05,SOR-01,LOC-SYN-CUS-149,1,2026-03-20T06:26:00-03:00,2026-03-20T09:26:00-03:00,9.994,delivered,B2B-V1-BASE,BLD-9102B6E8BF1ABFFC5F32,True
DEL-SYN-003239,ORD-SYN-002592,VEH-SYN-06,SOR-01,LOC-SYN-CUS-048,1,2026-03-23T14:57:00-03:00,2026-03-23T17:57:00-03:00,94.78,delivered,B2B-V1-BASE,BLD-9102B6E8BF1ABFFC5F32,True
DEL-SYN-003240,ORD-SYN-002592,VEH-SYN-01,SOR-01,LOC-SYN-CUS-048,2,2026-03-24T04:57:00-03:00,2026-03-24T07:57:00-03:00,94.78,delivered,B2B-V1-BASE,BLD-9102B6E8BF1ABFFC5F32,True
DEL-SYN-003241,ORD-SYN-002593,VEH-SYN-01,SOR-01,LOC-SYN-CUS-132,1,2026-03-20T23:07:00-03:00,2026-03-21T02:07:00-03:00,97.514,delivered,B2B-V1-BASE,BLD-9102B6E8BF1ABFFC5F32,True
DEL-SYN-003242,ORD-SYN-002594,VEH-SYN-02,SOR-01,LOC-SYN-CUS-129,1,2026-03-21T09:52:00-03:00,2026-03-21T12:52:00-03:00,10.44,delivered,B2B-V1-BASE,BLD-9102B6E8BF1ABFFC5F32,True
DEL-SYN-003243,ORD-SYN-002595,VEH-SYN-03,SOR-01,LOC-SYN-CUS-077,1,2026-03-22T10:22:00-03:00,2026-03-22T13:22:00-03:00,6.85,delivered,B2B-V1-BASE,BLD-9102B6E8BF1ABFFC5F32,True
DEL-SYN-003244,ORD-SYN-002596,VEH-SYN-04,SOR-01,LOC-SYN-CUS-025,1,2026-03-22T02:13:00-03:00,2026-03-22T05:13:00-03:00,12.656,delivered,B2B-V1-BASE,BLD-9102B6E8BF1ABFFC5F32,True
DEL-SYN-003245,ORD-SYN-002596,VEH-SYN-05,SOR-01,LOC-SYN-CUS-025,2,2026-03-22T12:13:00-03:00,2026-03-22T15:13:00-03:00,12.656,delivered,B2B-V1-BASE,BLD-9102B6E8BF1ABFFC5F32,True
DEL-SYN-003246,ORD-SYN-002597,VEH-SYN-05,SOR-01,LOC-SYN-CUS-102,1,2026-03-20T04:09:00-03:00,2026-03-20T07:09:00-03:00,92.902,delivered,B2B-V1-BASE,BLD-9102B6E8BF1ABFFC5F32,True
DEL-SYN-003247,ORD-SYN-002598,VEH-SYN-06,SOR-01,LOC-SYN-CUS-017,1,2026-03-21T04:44:00-03:00,2026-03-21T07:44:00-03:00,7.536,delivered,B2B-V1-BASE,BLD-9102B6E8BF1ABFFC5F32,True
DEL-SYN-003248,ORD-SYN-002599,VEH-SYN-01,SOR-01,LOC-SYN-CUS-008,1,2026-03-21T04:54:00-03:00,2026-03-21T07:54:00-03:00,89.436,delivered,B2B-V1-BASE,BLD-9102B6E8BF1ABFFC5F32,True
DEL-SYN-003249,ORD-SYN-002600,VEH-SYN-02,SOR-01,LOC-SYN-CUS-005,1,2026-03-20T11:10:00-03:00,2026-03-20T14:10:00-03:00,9.779,delivered,B2B-V1-BASE,BLD-9102B6E8BF1ABFFC5F32,True
DEL-SYN-003250,ORD-SYN-002600,VEH-SYN-03,SOR-01,LOC-SYN-CUS-005,2,2026-03-21T01:10:00-03:00,2026-03-21T04:10:00-03:00,9.779,delivered,B2B-V1-BASE,BLD-9102B6E8BF1ABFFC5F32,True
DEL-SYN-003251,ORD-SYN-002601,VEH-SYN-03,SOR-01,LOC-SYN-CUS-093,1,2026-03-20T08:11:00-03:00,2026-03-20T11:11:00-03:00,14.157,delivered,B2B-V1-BASE,BLD-9102B6E8BF1ABFFC5F32,True
DEL-SYN-003252,ORD-SYN-002602,VEH-SYN-04,SOR-01,LOC-SYN-CUS-018,1,2026-03-23T08:32:00-03:00,2026-03-23T11:32:00-03:00,97.884,delivered,B2B-V1-BASE,BLD-9102B6E8BF1ABFFC5F32,True
DEL-SYN-003253,ORD-SYN-002603,VEH-SYN-05,SOR-01,LOC-SYN-CUS-125,1,2026-03-22T09:37:00-03:00,2026-03-22T12:37:00-03:00,11.651,delivered,B2B-V1-BASE,BLD-9102B6E8BF1ABFFC5F32,True
DEL-SYN-003254,ORD-SYN-002604,VEH-SYN-06,SOR-01,LOC-SYN-CUS-037,1,2026-03-23T16:32:00-03:00,2026-03-23T19:32:00-03:00,1.869,delivered,B2B-V1-BASE,BLD-9102B6E8BF1ABFFC5F32,True
DEL-SYN-003255,ORD-SYN-002604,VEH-SYN-01,SOR-01,LOC-SYN-CUS-037,2,2026-03-24T06:32:00-03:00,2026-03-24T09:32:00-03:00,1.869,delivered,B2B-V1-BASE,BLD-9102B6E8BF1ABFFC5F32,True
DEL-SYN-003256,ORD-SYN-002605,VEH-SYN-01,SOR-01,LOC-SYN-CUS-091,1,2026-03-22T10:33:00-03:00,2026-03-22T13:33:00-03:00,11.908,delivered,B2B-V1-BASE,BLD-9102B6E8BF1ABFFC5F32,True
DEL-SYN-003257,ORD-SYN-002606,VEH-SYN-02,SOR-01,LOC-SYN-CUS-118,1,2026-03-24T12:47:00-03:00,2026-03-24T15:47:00-03:00,89.411,delivered,B2B-V1-BASE,BLD-9102B6E8BF1ABFFC5F32,True
DEL-SYN-003258,ORD-SYN-002607,VEH-SYN-03,SOR-01,LOC-SYN-CUS-100,1,2026-03-22T03:02:00-03:00,2026-03-22T06:02:00-03:00,104.241,delivered,B2B-V1-BASE,BLD-9102B6E8BF1ABFFC5F32,True
DEL-SYN-003259,ORD-SYN-002608,VEH-SYN-04,SOR-01,LOC-SYN-CUS-118,1,2026-03-22T17:53:00-03:00,2026-03-22T20:53:00-03:00,89.411,delivered,B2B-V1-BASE,BLD-9102B6E8BF1ABFFC5F32,True
DEL-SYN-003260,ORD-SYN-002608,VEH-SYN-05,SOR-01,LOC-SYN-CUS-118,2,2026-03-23T03:53:00-03:00,2026-03-23T06:53:00-03:00,89.411,delivered,B2B-V1-BASE,BLD-9102B6E8BF1ABFFC5F32,True
DEL-SYN-003261,ORD-SYN-002609,VEH-SYN-05,SOR-01,LOC-SYN-CUS-078,1,2026-03-23T06:35:00-03:00,2026-03-23T09:35:00-03:00,97.926,delivered,B2B-V1-BASE,BLD-9102B6E8BF1ABFFC5F32,True
DEL-SYN-003262,ORD-SYN-002610,VEH-SYN-06,SOR-01,LOC-SYN-CUS-045,1,2026-03-24T21:18:00-03:00,2026-03-25T00:18:00-03:00,12.037,delivered,B2B-V1-BASE,BLD-9102B6E8BF1ABFFC5F32,True
DEL-SYN-003263,ORD-SYN-002611,VEH-SYN-01,SOR-01,LOC-SYN-CUS-106,1,2026-03-21T07:38:00-03:00,2026-03-21T10:38:00-03:00,97.3,delivered,B2B-V1-BASE,BLD-9102B6E8BF1ABFFC5F32,True
DEL-SYN-003264,ORD-SYN-002612,VEH-SYN-02,SOR-01,LOC-SYN-CUS-022,1,2026-03-24T22:29:00-03:00,2026-03-25T01:29:00-03:00,97.576,delivered,B2B-V1-BASE,BLD-9102B6E8BF1ABFFC5F32,True
DEL-SYN-003265,ORD-SYN-002612,VEH-SYN-03,SOR-01,LOC-SYN-CUS-022,2,2026-03-25T08:29:00-03:00,2026-03-25T11:29:00-03:00,97.576,delivered,B2B-V1-BASE,BLD-9102B6E8BF1ABFFC5F32,True
DEL-SYN-003266,ORD-SYN-002613,VEH-SYN-03,SOR-01,LOC-SYN-CUS-096,1,2026-03-22T08:54:00-03:00,2026-03-22T11:54:00-03:00,108.662,delivered,B2B-V1-BASE,BLD-9102B6E8BF1ABFFC5F32,True
DEL-SYN-003267,ORD-SYN-002614,VEH-SYN-04,SOR-01,LOC-SYN-CUS-003,1,2026-03-22T01:31:00-03:00,2026-03-22T04:31:00-03:00,7.59,delivered,B2B-V1-BASE,BLD-9102B6E8BF1ABFFC5F32,True
DEL-SYN-003268,ORD-SYN-002615,VEH-SYN-05,SOR-01,LOC-SYN-CUS-097,1,2026-03-22T02:38:00-03:00,2026-03-22T05:38:00-03:00,10.67,delivered,B2B-V1-BASE,BLD-9102B6E8BF1ABFFC5F32,True
DEL-SYN-003269,ORD-SYN-002616,VEH-SYN-06,SOR-01,LOC-SYN-CUS-134,1,2026-03-25T02:43:00-03:00,2026-03-25T05:43:00-03:00,101.573,delivered,B2B-V1-BASE,BLD-9102B6E8BF1ABFFC5F32,True
DEL-SYN-003270,ORD-SYN-002616,VEH-SYN-01,SOR-01,LOC-SYN-CUS-134,2,2026-03-25T12:43:00-03:00,2026-03-25T15:43:00-03:00,101.573,delivered_with_incident,B2B-V1-BASE,BLD-9102B6E8BF1ABFFC5F32,True
DEL-SYN-003271,ORD-SYN-002617,VEH-SYN-01,SOR-01,LOC-SYN-CUS-110,1,2026-03-25T02:44:00-03:00,2026-03-25T05:44:00-03:00,101.983,delivered_with_incident,B2B-V1-BASE,BLD-9102B6E8BF1ABFFC5F32,True
DEL-SYN-003272,ORD-SYN-002618,VEH-SYN-02,SOR-01,LOC-SYN-CUS-150,1,2026-03-23T03:43:00-03:00,2026-03-23T06:43:00-03:00,93.487,delivered,B2B-V1-BASE,BLD-9102B6E8BF1ABFFC5F32,True
DEL-SYN-003273,ORD-SYN-002619,VEH-SYN-03,SOR-01,LOC-SYN-CUS-101,1,2026-03-26T17:55:00-03:00,2026-03-26T20:55:00-03:00,8.729,delivered,B2B-V1-BASE,BLD-9102B6E8BF1ABFFC5F32,True
DEL-SYN-003274,ORD-SYN-002620,VEH-SYN-04,SOR-01,LOC-SYN-CUS-010,1,2026-03-22T18:39:00-03:00,2026-03-22T21:39:00-03:00,98.174,delivered,B2B-V1-BASE,BLD-9102B6E8BF1ABFFC5F32,True
DEL-SYN-003275,ORD-SYN-002620,VEH-SYN-05,SOR-01,LOC-SYN-CUS-010,2,2026-03-23T04:39:00-03:00,2026-03-23T07:39:00-03:00,98.174,delivered,B2B-V1-BASE,BLD-9102B6E8BF1ABFFC5F32,True
DEL-SYN-003276,ORD-SYN-002621,VEH-SYN-05,SOR-01,LOC-SYN-CUS-093,1,2026-03-22T05:35:00-03:00,2026-03-22T08:35:00-03:00,14.157,delivered,B2B-V1-BASE,BLD-9102B6E8BF1ABFFC5F32,True
DEL-SYN-003277,ORD-SYN-002622,VEH-SYN-06,SOR-01,LOC-SYN-CUS-018,1,2026-03-24T05:46:00-03:00,2026-03-24T08:46:00-03:00,97.884,delivered,B2B-V1-BASE,BLD-9102B6E8BF1ABFFC5F32,True
DEL-SYN-003278,ORD-SYN-002623,VEH-SYN-01,SOR-01,LOC-SYN-CUS-146,1,2026-03-24T05:49:00-03:00,2026-03-24T08:49:00-03:00,99.257,delivered,B2B-V1-BASE,BLD-9102B6E8BF1ABFFC5F32,True
DEL-SYN-003279,ORD-SYN-002624,VEH-SYN-02,SOR-01,LOC-SYN-CUS-142,1,2026-03-24T21:50:00-03:00,2026-03-25T00:50:00-03:00,96.727,delivered,B2B-V1-BASE,BLD-9102B6E8BF1ABFFC5F32,True
DEL-SYN-003280,ORD-SYN-002624,VEH-SYN-03,SOR-01,LOC-SYN-CUS-142,2,2026-03-25T07:50:00-03:00,2026-03-25T10:50:00-03:00,96.727,delivered,B2B-V1-BASE,BLD-9102B6E8BF1ABFFC5F32,True
DEL-SYN-003281,ORD-SYN-002625,VEH-SYN-03,SOR-01,LOC-SYN-CUS-101,1,2026-03-23T08:03:00-03:00,2026-03-23T11:03:00-03:00,8.729,delivered,B2B-V1-BASE,BLD-9102B6E8BF1ABFFC5F32,True
DEL-SYN-003282,ORD-SYN-002626,VEH-SYN-04,SOR-01,LOC-SYN-CUS-146,1,2026-03-26T22:56:00-03:00,2026-03-27T01:56:00-03:00,99.257,delivered,B2B-V1-BASE,BLD-9102B6E8BF1ABFFC5F32,True
DEL-SYN-003283,ORD-SYN-002627,VEH-SYN-05,SOR-01,LOC-SYN-CUS-069,1,2026-03-26T09:33:00-03:00,2026-03-26T12:33:00-03:00,13.67,delivered,B2B-V1-BASE,BLD-9102B6E8BF1ABFFC5F32,True
DEL-SYN-003284,ORD-SYN-002628,VEH-SYN-06,SOR-01,LOC-SYN-CUS-078,1,2026-03-24T00:21:00-03:00,2026-03-24T03:21:00-03:00,97.926,delivered,B2B-V1-BASE,BLD-9102B6E8BF1ABFFC5F32,True
DEL-SYN-003285,ORD-SYN-002628,VEH-SYN-01,SOR-01,LOC-SYN-CUS-078,2,2026-03-24T10:21:00-03:00,2026-03-24T13:21:00-03:00,97.926,delivered,B2B-V1-BASE,BLD-9102B6E8BF1ABFFC5F32,True
DEL-SYN-003286,ORD-SYN-002629,VEH-SYN-01,SOR-01,LOC-SYN-CUS-015,1,2026-03-26T00:53:00-03:00,2026-03-26T03:53:00-03:00,20.193,delivered,B2B-V1-BASE,BLD-9102B6E8BF1ABFFC5F32,True
DEL-SYN-003287,ORD-SYN-002630,VEH-SYN-02,SOR-01,LOC-SYN-CUS-079,1,2026-03-26T12:25:00-03:00,2026-03-26T15:25:00-03:00,9.76,delivered,B2B-V1-BASE,BLD-9102B6E8BF1ABFFC5F32,True
DEL-SYN-003288,ORD-SYN-002631,VEH-SYN-03,SOR-01,LOC-SYN-CUS-128,1,2026-03-23T12:31:00-03:00,2026-03-23T15:31:00-03:00,84.538,delivered,B2B-V1-BASE,BLD-9102B6E8BF1ABFFC5F32,True
DEL-SYN-003289,ORD-SYN-002632,VEH-SYN-04,SOR-01,LOC-SYN-CUS-080,1,2026-03-23T18:02:00-03:00,2026-03-23T21:02:00-03:00,82.096,delivered,B2B-V1-BASE,BLD-9102B6E8BF1ABFFC5F32,True
DEL-SYN-003290,ORD-SYN-002632,VEH-SYN-05,SOR-01,LOC-SYN-CUS-080,2,2026-03-24T04:02:00-03:00,2026-03-24T07:02:00-03:00,82.096,delivered,B2B-V1-BASE,BLD-9102B6E8BF1ABFFC5F32,True
DEL-SYN-003291,ORD-SYN-002633,VEH-SYN-05,SOR-01,LOC-SYN-CUS-009,1,2026-03-23T18:42:00-03:00,2026-03-23T21:42:00-03:00,14.093,delivered,B2B-V1-BASE,BLD-9102B6E8BF1ABFFC5F32,True
DEL-SYN-003292,ORD-SYN-002634,VEH-SYN-06,SOR-01,LOC-SYN-CUS-071,1,2026-03-24T05:35:00-03:00,2026-03-24T08:35:00-03:00,15.735,delivered,B2B-V1-BASE,BLD-9102B6E8BF1ABFFC5F32,True
DEL-SYN-003293,ORD-SYN-002635,VEH-SYN-01,SOR-01,LOC-SYN-CUS-097,1,2026-03-24T07:52:00-03:00,2026-03-24T10:52:00-03:00,10.67,delivered,B2B-V1-BASE,BLD-9102B6E8BF1ABFFC5F32,True
DEL-SYN-003294,ORD-SYN-002636,VEH-SYN-02,SOR-01,LOC-SYN-CUS-054,1,2026-03-23T22:11:00-03:00,2026-03-24T01:11:00-03:00,92.335,delivered,B2B-V1-BASE,BLD-9102B6E8BF1ABFFC5F32,True
DEL-SYN-003295,ORD-SYN-002636,VEH-SYN-03,SOR-01,LOC-SYN-CUS-054,2,2026-03-24T08:11:00-03:00,2026-03-24T11:11:00-03:00,92.335,delivered,B2B-V1-BASE,BLD-9102B6E8BF1ABFFC5F32,True
DEL-SYN-003296,ORD-SYN-002637,VEH-SYN-03,SOR-01,LOC-SYN-CUS-134,1,2026-03-24T08:17:00-03:00,2026-03-24T11:17:00-03:00,101.573,delivered,B2B-V1-BASE,BLD-9102B6E8BF1ABFFC5F32,True
DEL-SYN-003297,ORD-SYN-002638,VEH-SYN-04,SOR-01,LOC-SYN-CUS-144,1,2026-03-25T09:01:00-03:00,2026-03-25T12:01:00-03:00,84.976,delivered,B2B-V1-BASE,BLD-9102B6E8BF1ABFFC5F32,True
DEL-SYN-003298,ORD-SYN-002639,VEH-SYN-05,SOR-01,LOC-SYN-CUS-038,1,2026-03-24T09:36:00-03:00,2026-03-24T12:36:00-03:00,91.614,delivered,B2B-V1-BASE,BLD-9102B6E8BF1ABFFC5F32,True
DEL-SYN-003299,ORD-SYN-002640,VEH-SYN-06,SOR-01,LOC-SYN-CUS-149,1,2026-03-25T15:45:00-03:00,2026-03-25T18:45:00-03:00,9.994,delivered,B2B-V1-BASE,BLD-9102B6E8BF1ABFFC5F32,True
DEL-SYN-003300,ORD-SYN-002640,VEH-SYN-01,SOR-01,LOC-SYN-CUS-149,2,2026-03-26T05:45:00-03:00,2026-03-26T08:45:00-03:00,9.994,delivered,B2B-V1-BASE,BLD-9102B6E8BF1ABFFC5F32,True
DEL-SYN-003301,ORD-SYN-002641,VEH-SYN-01,SOR-01,LOC-SYN-CUS-025,1,2026-03-25T10:43:00-03:00,2026-03-25T13:43:00-03:00,12.656,delivered,B2B-V1-BASE,BLD-9102B6E8BF1ABFFC5F32,True
DEL-SYN-003302,ORD-SYN-002642,VEH-SYN-02,SOR-01,LOC-SYN-CUS-062,1,2026-03-25T11:16:00-03:00,2026-03-25T14:16:00-03:00,84.711,delivered,B2B-V1-BASE,BLD-9102B6E8BF1ABFFC5F32,True
DEL-SYN-003303,ORD-SYN-002643,VEH-SYN-03,SOR-01,LOC-SYN-CUS-119,1,2026-03-23T11:21:00-03:00,2026-03-23T14:21:00-03:00,15.599,delivered,B2B-V1-BASE,BLD-9102B6E8BF1ABFFC5F32,True
DEL-SYN-003304,ORD-SYN-002644,VEH-SYN-04,SOR-01,LOC-SYN-CUS-034,1,2026-03-23T01:45:00-03:00,2026-03-23T04:45:00-03:00,92.375,delivered,B2B-V1-BASE,BLD-9102B6E8BF1ABFFC5F32,True
DEL-SYN-003305,ORD-SYN-002644,VEH-SYN-05,SOR-01,LOC-SYN-CUS-034,2,2026-03-23T11:45:00-03:00,2026-03-23T14:45:00-03:00,92.375,delivered,B2B-V1-BASE,BLD-9102B6E8BF1ABFFC5F32,True
DEL-SYN-003306,ORD-SYN-002645,VEH-SYN-05,SOR-01,LOC-SYN-CUS-006,1,2026-03-26T02:26:00-03:00,2026-03-26T05:26:00-03:00,102.381,delivered,B2B-V1-BASE,BLD-9102B6E8BF1ABFFC5F32,True
DEL-SYN-003307,ORD-SYN-002646,VEH-SYN-06,SOR-01,LOC-SYN-CUS-115,1,2026-03-28T17:36:00-03:00,2026-03-28T20:36:00-03:00,8.481,delivered,B2B-V1-BASE,BLD-9102B6E8BF1ABFFC5F32,True
DEL-SYN-003308,ORD-SYN-002647,VEH-SYN-01,SOR-01,LOC-SYN-CUS-066,1,2026-03-28T17:43:00-03:00,2026-03-28T20:43:00-03:00,96.649,delivered,B2B-V1-BASE,BLD-9102B6E8BF1ABFFC5F32,True
DEL-SYN-003309,ORD-SYN-002648,VEH-SYN-02,SOR-01,LOC-SYN-CUS-047,1,2026-03-26T19:14:00-03:00,2026-03-26T22:14:00-03:00,14.65,delivered,B2B-V1-BASE,BLD-9102B6E8BF1ABFFC5F32,True
DEL-SYN-003310,ORD-SYN-002648,VEH-SYN-03,SOR-01,LOC-SYN-CUS-047,2,2026-03-27T05:14:00-03:00,2026-03-27T08:14:00-03:00,14.65,delivered,B2B-V1-BASE,BLD-9102B6E8BF1ABFFC5F32,True
DEL-SYN-003311,ORD-SYN-002649,VEH-SYN-03,SOR-01,LOC-SYN-CUS-116,1,2026-03-25T05:32:00-03:00,2026-03-25T08:32:00-03:00,97.555,delivered,B2B-V1-BASE,BLD-9102B6E8BF1ABFFC5F32,True
DEL-SYN-003312,ORD-SYN-002650,VEH-SYN-04,SOR-01,LOC-SYN-CUS-074,1,2026-03-28T19:56:00-03:00,2026-03-28T22:56:00-03:00,106.713,delivered,B2B-V1-BASE,BLD-9102B6E8BF1ABFFC5F32,True
DEL-SYN-003313,ORD-SYN-002651,VEH-SYN-05,SOR-01,LOC-SYN-CUS-136,1,2026-03-26T20:09:00-03:00,2026-03-26T23:09:00-03:00,98.302,delivered_with_incident,B2B-V1-BASE,BLD-9102B6E8BF1ABFFC5F32,True
DEL-SYN-003314,ORD-SYN-002652,VEH-SYN-06,SOR-01,LOC-SYN-CUS-119,1,2026-03-23T22:20:00-03:00,2026-03-24T01:20:00-03:00,15.599,delivered,B2B-V1-BASE,BLD-9102B6E8BF1ABFFC5F32,True
DEL-SYN-003315,ORD-SYN-002652,VEH-SYN-01,SOR-01,LOC-SYN-CUS-119,2,2026-03-24T08:20:00-03:00,2026-03-24T11:20:00-03:00,15.599,delivered,B2B-V1-BASE,BLD-9102B6E8BF1ABFFC5F32,True
DEL-SYN-003316,ORD-SYN-002653,VEH-SYN-01,SOR-01,LOC-SYN-CUS-089,1,2026-03-24T09:30:00-03:00,2026-03-24T12:30:00-03:00,10.706,delivered,B2B-V1-BASE,BLD-9102B6E8BF1ABFFC5F32,True
DEL-SYN-003317,ORD-SYN-002654,VEH-SYN-02,SOR-01,LOC-SYN-CUS-003,1,2026-03-27T09:38:00-03:00,2026-03-27T12:38:00-03:00,7.59,delivered,B2B-V1-BASE,BLD-9102B6E8BF1ABFFC5F32,True
DEL-SYN-003318,ORD-SYN-002655,VEH-SYN-03,SOR-01,LOC-SYN-CUS-093,1,2026-03-25T10:21:00-03:00,2026-03-25T13:21:00-03:00,14.157,delivered,B2B-V1-BASE,BLD-9102B6E8BF1ABFFC5F32,True
DEL-SYN-003319,ORD-SYN-002656,VEH-SYN-04,SOR-01,LOC-SYN-CUS-141,1,2026-03-26T18:41:00-03:00,2026-03-26T21:41:00-03:00,3.791,delivered,B2B-V1-BASE,BLD-9102B6E8BF1ABFFC5F32,True
DEL-SYN-003320,ORD-SYN-002656,VEH-SYN-05,SOR-01,LOC-SYN-CUS-141,2,2026-03-27T04:41:00-03:00,2026-03-27T07:41:00-03:00,3.791,delivered,B2B-V1-BASE,BLD-9102B6E8BF1ABFFC5F32,True
DEL-SYN-003321,ORD-SYN-002657,VEH-SYN-05,SOR-01,LOC-SYN-CUS-031,1,2026-03-27T05:41:00-03:00,2026-03-27T08:41:00-03:00,2.694,delivered,B2B-V1-BASE,BLD-9102B6E8BF1ABFFC5F32,True
DEL-SYN-003322,ORD-SYN-002658,VEH-SYN-06,SOR-01,LOC-SYN-CUS-075,1,2026-03-29T06:27:00-03:00,2026-03-29T09:27:00-03:00,11.238,delivered,B2B-V1-BASE,BLD-9102B6E8BF1ABFFC5F32,True
DEL-SYN-003323,ORD-SYN-002659,VEH-SYN-01,SOR-01,LOC-SYN-CUS-129,1,2026-03-25T07:35:00-03:00,2026-03-25T10:35:00-03:00,10.44,delivered,B2B-V1-BASE,BLD-9102B6E8BF1ABFFC5F32,True
DEL-SYN-003324,ORD-SYN-002660,VEH-SYN-02,SOR-01,LOC-SYN-CUS-057,1,2026-03-24T21:37:00-03:00,2026-03-25T00:37:00-03:00,11.041,delivered,B2B-V1-BASE,BLD-9102B6E8BF1ABFFC5F32,True
DEL-SYN-003325,ORD-SYN-002660,VEH-SYN-03,SOR-01,LOC-SYN-CUS-057,2,2026-03-25T07:37:00-03:00,2026-03-25T10:37:00-03:00,11.041,delivered,B2B-V1-BASE,BLD-9102B6E8BF1ABFFC5F32,True
DEL-SYN-003326,ORD-SYN-002661,VEH-SYN-03,SOR-01,LOC-SYN-CUS-053,1,2026-03-25T07:49:00-03:00,2026-03-25T10:49:00-03:00,11.138,delivered,B2B-V1-BASE,BLD-9102B6E8BF1ABFFC5F32,True
DEL-SYN-003327,ORD-SYN-002662,VEH-SYN-04,SOR-01,LOC-SYN-CUS-119,1,2026-03-29T07:51:00-03:00,2026-03-29T10:51:00-03:00,15.599,delivered,B2B-V1-BASE,BLD-9102B6E8BF1ABFFC5F32,True
DEL-SYN-003328,ORD-SYN-002663,VEH-SYN-05,SOR-01,LOC-SYN-CUS-110,1,2026-03-27T08:13:00-03:00,2026-03-27T11:13:00-03:00,101.983,delivered,B2B-V1-BASE,BLD-9102B6E8BF1ABFFC5F32,True
DEL-SYN-003329,ORD-SYN-002664,VEH-SYN-06,SOR-01,LOC-SYN-CUS-141,1,2026-03-26T23:54:00-03:00,2026-03-27T02:54:00-03:00,3.791,delivered,B2B-V1-BASE,BLD-9102B6E8BF1ABFFC5F32,True
DEL-SYN-003330,ORD-SYN-002664,VEH-SYN-01,SOR-01,LOC-SYN-CUS-141,2,2026-03-27T09:54:00-03:00,2026-03-27T12:54:00-03:00,3.791,delivered,B2B-V1-BASE,BLD-9102B6E8BF1ABFFC5F32,True
DEL-SYN-003331,ORD-SYN-002665,VEH-SYN-01,SOR-01,LOC-SYN-CUS-134,1,2026-03-26T10:07:00-03:00,2026-03-26T13:07:00-03:00,101.573,delivered,B2B-V1-BASE,BLD-9102B6E8BF1ABFFC5F32,True
DEL-SYN-003332,ORD-SYN-002666,VEH-SYN-02,SOR-01,LOC-SYN-CUS-123,1,2026-03-25T10:27:00-03:00,2026-03-25T13:27:00-03:00,18.057,delivered,B2B-V1-BASE,BLD-9102B6E8BF1ABFFC5F32,True
DEL-SYN-003333,ORD-SYN-002667,VEH-SYN-03,SOR-01,LOC-SYN-CUS-049,1,2026-03-26T11:25:00-03:00,2026-03-26T14:25:00-03:00,13.054,delivered,B2B-V1-BASE,BLD-9102B6E8BF1ABFFC5F32,True
DEL-SYN-003334,ORD-SYN-002668,VEH-SYN-04,SOR-01,LOC-SYN-CUS-059,1,2026-03-27T02:54:00-03:00,2026-03-27T05:54:00-03:00,13.382,delivered,B2B-V1-BASE,BLD-9102B6E8BF1ABFFC5F32,True
DEL-SYN-003335,ORD-SYN-002668,VEH-SYN-05,SOR-01,LOC-SYN-CUS-059,2,2026-03-27T12:54:00-03:00,2026-03-27T15:54:00-03:00,13.382,delivered,B2B-V1-BASE,BLD-9102B6E8BF1ABFFC5F32,True
DEL-SYN-003336,ORD-SYN-002669,VEH-SYN-05,SOR-01,LOC-SYN-CUS-077,1,2026-03-29T04:15:00-03:00,2026-03-29T07:15:00-03:00,6.85,delivered,B2B-V1-BASE,BLD-9102B6E8BF1ABFFC5F32,True
DEL-SYN-003337,ORD-SYN-002670,VEH-SYN-06,SOR-01,LOC-SYN-CUS-127,1,2026-03-26T04:52:00-03:00,2026-03-26T07:52:00-03:00,11.422,delivered,B2B-V1-BASE,BLD-9102B6E8BF1ABFFC5F32,True
DEL-SYN-003338,ORD-SYN-002671,VEH-SYN-01,SOR-01,LOC-SYN-CUS-009,1,2026-03-30T06:47:00-03:00,2026-03-30T09:47:00-03:00,14.093,delivered,B2B-V1-BASE,BLD-9102B6E8BF1ABFFC5F32,True
DEL-SYN-003339,ORD-SYN-002672,VEH-SYN-02,SOR-01,LOC-SYN-CUS-125,1,2026-03-26T21:51:00-03:00,2026-03-27T00:51:00-03:00,11.651,delivered,B2B-V1-BASE,BLD-9102B6E8BF1ABFFC5F32,True
DEL-SYN-003340,ORD-SYN-002672,VEH-SYN-03,SOR-01,LOC-SYN-CUS-125,2,2026-03-27T07:51:00-03:00,2026-03-27T10:51:00-03:00,11.651,delivered,B2B-V1-BASE,BLD-9102B6E8BF1ABFFC5F32,True
DEL-SYN-003341,ORD-SYN-002673,VEH-SYN-03,SOR-01,LOC-SYN-CUS-063,1,2026-03-27T08:28:00-03:00,2026-03-27T11:28:00-03:00,10.053,delivered,B2B-V1-BASE,BLD-9102B6E8BF1ABFFC5F32,True
DEL-SYN-003342,ORD-SYN-002674,VEH-SYN-04,SOR-01,LOC-SYN-CUS-064,1,2026-03-29T10:15:00-03:00,2026-03-29T13:15:00-03:00,102.777,delivered,B2B-V1-BASE,BLD-9102B6E8BF1ABFFC5F32,True
DEL-SYN-003343,ORD-SYN-002675,VEH-SYN-05,SOR-01,LOC-SYN-CUS-142,1,2026-03-28T01:05:00-03:00,2026-03-28T04:05:00-03:00,96.727,delivered,B2B-V1-BASE,BLD-9102B6E8BF1ABFFC5F32,True
DEL-SYN-003344,ORD-SYN-002676,VEH-SYN-06,SOR-01,LOC-SYN-CUS-075,1,2026-03-26T02:08:00-03:00,2026-03-26T05:08:00-03:00,11.238,delivered,B2B-V1-BASE,BLD-9102B6E8BF1ABFFC5F32,True
DEL-SYN-003345,ORD-SYN-002676,VEH-SYN-01,SOR-01,LOC-SYN-CUS-075,2,2026-03-26T12:08:00-03:00,2026-03-26T15:08:00-03:00,11.238,delivered,B2B-V1-BASE,BLD-9102B6E8BF1ABFFC5F32,True
DEL-SYN-003346,ORD-SYN-002677,VEH-SYN-01,SOR-01,LOC-SYN-CUS-103,1,2026-03-30T12:12:00-03:00,2026-03-30T15:12:00-03:00,8.326,delivered,B2B-V1-BASE,BLD-9102B6E8BF1ABFFC5F32,True
DEL-SYN-003347,ORD-SYN-002678,VEH-SYN-02,SOR-01,LOC-SYN-CUS-015,1,2026-03-29T02:45:00-03:00,2026-03-29T05:45:00-03:00,20.193,delivered,B2B-V1-BASE,BLD-9102B6E8BF1ABFFC5F32,True
DEL-SYN-003348,ORD-SYN-002679,VEH-SYN-03,SOR-01,LOC-SYN-CUS-045,1,2026-03-29T03:16:00-03:00,2026-03-29T06:16:00-03:00,12.037,delivered,B2B-V1-BASE,BLD-9102B6E8BF1ABFFC5F32,True
DEL-SYN-003349,ORD-SYN-002680,VEH-SYN-04,SOR-01,LOC-SYN-CUS-066,1,2026-03-30T19:55:00-03:00,2026-03-30T22:55:00-03:00,96.649,delivered,B2B-V1-BASE,BLD-9102B6E8BF1ABFFC5F32,True
DEL-SYN-003350,ORD-SYN-002680,VEH-SYN-05,SOR-01,LOC-SYN-CUS-066,2,2026-03-31T05:55:00-03:00,2026-03-31T08:55:00-03:00,96.649,delivered,B2B-V1-BASE,BLD-9102B6E8BF1ABFFC5F32,True
DEL-SYN-003351,ORD-SYN-002681,VEH-SYN-05,SOR-01,LOC-SYN-CUS-096,1,2026-03-28T06:06:00-03:00,2026-03-28T09:06:00-03:00,108.662,delivered,B2B-V1-BASE,BLD-9102B6E8BF1ABFFC5F32,True
DEL-SYN-003352,ORD-SYN-002682,VEH-SYN-06,SOR-01,LOC-SYN-CUS-061,1,2026-03-29T10:30:00-03:00,2026-03-29T13:30:00-03:00,12.904,delivered,B2B-V1-BASE,BLD-9102B6E8BF1ABFFC5F32,True
DEL-SYN-003353,ORD-SYN-002683,VEH-SYN-01,SOR-01,LOC-SYN-CUS-033,1,2026-04-01T01:32:00-03:00,2026-04-01T04:32:00-03:00,13.637,delivered,B2B-V1-BASE,BLD-9102B6E8BF1ABFFC5F32,True
DEL-SYN-003354,ORD-SYN-002684,VEH-SYN-02,SOR-01,LOC-SYN-CUS-009,1,2026-03-27T02:26:00-03:00,2026-03-27T05:26:00-03:00,14.093,delivered,B2B-V1-BASE,BLD-9102B6E8BF1ABFFC5F32,True
DEL-SYN-003355,ORD-SYN-002684,VEH-SYN-03,SOR-01,LOC-SYN-CUS-009,2,2026-03-27T12:26:00-03:00,2026-03-27T15:26:00-03:00,14.093,delivered,B2B-V1-BASE,BLD-9102B6E8BF1ABFFC5F32,True
DEL-SYN-003356,ORD-SYN-002685,VEH-SYN-03,SOR-01,LOC-SYN-CUS-149,1,2026-03-30T03:51:00-03:00,2026-03-30T06:51:00-03:00,9.994,delivered,B2B-V1-BASE,BLD-9102B6E8BF1ABFFC5F32,True
DEL-SYN-003357,ORD-SYN-002686,VEH-SYN-04,SOR-01,LOC-SYN-CUS-133,1,2026-03-30T03:52:00-03:00,2026-03-30T06:52:00-03:00,15.316,delivered,B2B-V1-BASE,BLD-9102B6E8BF1ABFFC5F32,True
DEL-SYN-003358,ORD-SYN-002687,VEH-SYN-05,SOR-01,LOC-SYN-CUS-025,1,2026-03-31T04:16:00-03:00,2026-03-31T07:16:00-03:00,12.656,delivered,B2B-V1-BASE,BLD-9102B6E8BF1ABFFC5F32,True
DEL-SYN-003359,ORD-SYN-002688,VEH-SYN-06,SOR-01,LOC-SYN-CUS-087,1,2026-03-27T18:24:00-03:00,2026-03-27T21:24:00-03:00,7.154,delivered,B2B-V1-BASE,BLD-9102B6E8BF1ABFFC5F32,True
DEL-SYN-003360,ORD-SYN-002688,VEH-SYN-01,SOR-01,LOC-SYN-CUS-087,2,2026-03-28T04:24:00-03:00,2026-03-28T07:24:00-03:00,7.154,delivered,B2B-V1-BASE,BLD-9102B6E8BF1ABFFC5F32,True
DEL-SYN-003361,ORD-SYN-002689,VEH-SYN-01,SOR-01,LOC-SYN-CUS-135,1,2026-03-29T05:53:00-03:00,2026-03-29T08:53:00-03:00,15.798,delivered,B2B-V1-BASE,BLD-9102B6E8BF1ABFFC5F32,True
DEL-SYN-003362,ORD-SYN-002690,VEH-SYN-02,SOR-01,LOC-SYN-CUS-111,1,2026-03-31T06:14:00-03:00,2026-03-31T09:14:00-03:00,11.121,delivered,B2B-V1-BASE,BLD-9102B6E8BF1ABFFC5F32,True
DEL-SYN-003363,ORD-SYN-002691,VEH-SYN-03,SOR-01,LOC-SYN-CUS-077,1,2026-03-29T20:53:00-03:00,2026-03-29T23:53:00-03:00,6.85,delivered,B2B-V1-BASE,BLD-9102B6E8BF1ABFFC5F32,True
DEL-SYN-003364,ORD-SYN-002692,VEH-SYN-04,SOR-01,LOC-SYN-CUS-106,1,2026-03-29T23:02:00-03:00,2026-03-30T02:02:00-03:00,97.3,delivered,B2B-V1-BASE,BLD-9102B6E8BF1ABFFC5F32,True
DEL-SYN-003365,ORD-SYN-002692,VEH-SYN-05,SOR-01,LOC-SYN-CUS-106,2,2026-03-30T09:02:00-03:00,2026-03-30T12:02:00-03:00,97.3,delivered,B2B-V1-BASE,BLD-9102B6E8BF1ABFFC5F32,True
DEL-SYN-003366,ORD-SYN-002693,VEH-SYN-05,SOR-01,LOC-SYN-CUS-006,1,2026-03-31T09:21:00-03:00,2026-03-31T12:21:00-03:00,102.381,delivered,B2B-V1-BASE,BLD-9102B6E8BF1ABFFC5F32,True
DEL-SYN-003367,ORD-SYN-002694,VEH-SYN-06,SOR-01,LOC-SYN-CUS-015,1,2026-04-01T09:27:00-03:00,2026-04-01T12:27:00-03:00,20.193,delivered,B2B-V1-BASE,BLD-9102B6E8BF1ABFFC5F32,True
DEL-SYN-003368,ORD-SYN-002695,VEH-SYN-01,SOR-01,LOC-SYN-CUS-145,1,2026-03-30T10:47:00-03:00,2026-03-30T13:47:00-03:00,9.581,delivered,B2B-V1-BASE,BLD-9102B6E8BF1ABFFC5F32,True
DEL-SYN-003369,ORD-SYN-002696,VEH-SYN-02,SOR-01,LOC-SYN-CUS-111,1,2026-03-28T01:51:00-03:00,2026-03-28T04:51:00-03:00,11.121,delivered,B2B-V1-BASE,BLD-9102B6E8BF1ABFFC5F32,True
DEL-SYN-003370,ORD-SYN-002696,VEH-SYN-03,SOR-01,LOC-SYN-CUS-111,2,2026-03-28T11:51:00-03:00,2026-03-28T14:51:00-03:00,11.121,delivered,B2B-V1-BASE,BLD-9102B6E8BF1ABFFC5F32,True
DEL-SYN-003371,ORD-SYN-002697,VEH-SYN-03,SOR-01,LOC-SYN-CUS-130,1,2026-03-29T12:15:00-03:00,2026-03-29T15:15:00-03:00,92.017,delivered,B2B-V1-BASE,BLD-9102B6E8BF1ABFFC5F32,True
DEL-SYN-003372,ORD-SYN-002698,VEH-SYN-04,SOR-01,LOC-SYN-CUS-081,1,2026-03-29T03:37:00-03:00,2026-03-29T06:37:00-03:00,6.44,delivered,B2B-V1-BASE,BLD-9102B6E8BF1ABFFC5F32,True
DEL-SYN-003373,ORD-SYN-002699,VEH-SYN-05,SOR-01,LOC-SYN-CUS-042,1,2026-03-29T04:31:00-03:00,2026-03-29T07:31:00-03:00,96.283,delivered,B2B-V1-BASE,BLD-9102B6E8BF1ABFFC5F32,True
DEL-SYN-003374,ORD-SYN-002700,VEH-SYN-06,SOR-01,LOC-SYN-CUS-106,1,2026-03-30T22:47:00-03:00,2026-03-31T01:47:00-03:00,97.3,delivered,B2B-V1-BASE,BLD-9102B6E8BF1ABFFC5F32,True
DEL-SYN-003375,ORD-SYN-002700,VEH-SYN-01,SOR-01,LOC-SYN-CUS-106,2,2026-03-31T08:47:00-03:00,2026-03-31T11:47:00-03:00,97.3,delivered,B2B-V1-BASE,BLD-9102B6E8BF1ABFFC5F32,True
DEL-SYN-003376,ORD-SYN-002701,VEH-SYN-01,SOR-01,LOC-SYN-CUS-019,1,2026-03-31T09:00:00-03:00,2026-03-31T12:00:00-03:00,11.18,delivered,B2B-V1-BASE,BLD-9102B6E8BF1ABFFC5F32,True
DEL-SYN-003377,ORD-SYN-002702,VEH-SYN-02,SOR-01,LOC-SYN-CUS-019,1,2026-03-29T09:01:00-03:00,2026-03-29T12:01:00-03:00,11.18,delivered,B2B-V1-BASE,BLD-9102B6E8BF1ABFFC5F32,True
DEL-SYN-003378,ORD-SYN-002703,VEH-SYN-03,SOR-01,LOC-SYN-CUS-045,1,2026-04-02T09:43:00-03:00,2026-04-02T12:43:00-03:00,12.037,delivered,B2B-V1-BASE,BLD-9102B6E8BF1ABFFC5F32,True
DEL-SYN-003379,ORD-SYN-002704,VEH-SYN-04,SOR-01,LOC-SYN-CUS-054,1,2026-03-31T00:12:00-03:00,2026-03-31T03:12:00-03:00,92.335,delivered,B2B-V1-BASE,BLD-9102B6E8BF1ABFFC5F32,True
DEL-SYN-003380,ORD-SYN-002704,VEH-SYN-05,SOR-01,LOC-SYN-CUS-054,2,2026-03-31T10:12:00-03:00,2026-03-31T13:12:00-03:00,92.335,delivered,B2B-V1-BASE,BLD-9102B6E8BF1ABFFC5F32,True
DEL-SYN-003381,ORD-SYN-002705,VEH-SYN-05,SOR-01,LOC-SYN-CUS-046,1,2026-04-01T12:15:00-03:00,2026-04-01T15:15:00-03:00,97.72,delivered,B2B-V1-BASE,BLD-9102B6E8BF1ABFFC5F32,True
DEL-SYN-003382,ORD-SYN-002706,VEH-SYN-06,SOR-01,LOC-SYN-CUS-045,1,2026-03-30T03:33:00-03:00,2026-03-30T06:33:00-03:00,12.037,delivered,B2B-V1-BASE,BLD-9102B6E8BF1ABFFC5F32,True
DEL-SYN-003383,ORD-SYN-002707,VEH-SYN-01,SOR-01,LOC-SYN-CUS-139,1,2026-03-31T18:13:00-03:00,2026-03-31T21:13:00-03:00,20.414,delivered,B2B-V1-BASE,BLD-9102B6E8BF1ABFFC5F32,True
DEL-SYN-003384,ORD-SYN-002708,VEH-SYN-02,SOR-01,LOC-SYN-CUS-061,1,2026-04-02T18:48:00-03:00,2026-04-02T21:48:00-03:00,12.904,delivered,B2B-V1-BASE,BLD-9102B6E8BF1ABFFC5F32,True
DEL-SYN-003385,ORD-SYN-002708,VEH-SYN-03,SOR-01,LOC-SYN-CUS-061,2,2026-04-03T04:48:00-03:00,2026-04-03T07:48:00-03:00,12.904,delivered,B2B-V1-BASE,BLD-9102B6E8BF1ABFFC5F32,True
DEL-SYN-003386,ORD-SYN-002709,VEH-SYN-03,SOR-01,LOC-SYN-CUS-043,1,2026-03-30T19:09:00-03:00,2026-03-30T22:09:00-03:00,10.148,delivered,B2B-V1-BASE,BLD-9102B6E8BF1ABFFC5F32,True
DEL-SYN-003387,ORD-SYN-002710,VEH-SYN-04,SOR-01,LOC-SYN-CUS-081,1,2026-03-31T07:29:00-03:00,2026-03-31T10:29:00-03:00,6.44,delivered,B2B-V1-BASE,BLD-9102B6E8BF1ABFFC5F32,True
DEL-SYN-003388,ORD-SYN-002711,VEH-SYN-05,SOR-01,LOC-SYN-CUS-130,1,2026-04-01T21:52:00-03:00,2026-04-02T00:52:00-03:00,92.017,delivered,B2B-V1-BASE,BLD-9102B6E8BF1ABFFC5F32,True
DEL-SYN-003389,ORD-SYN-002712,VEH-SYN-06,SOR-01,LOC-SYN-CUS-030,1,2026-03-30T21:59:00-03:00,2026-03-31T00:59:00-03:00,95.926,delivered,B2B-V1-BASE,BLD-9102B6E8BF1ABFFC5F32,True
DEL-SYN-003390,ORD-SYN-002712,VEH-SYN-01,SOR-01,LOC-SYN-CUS-030,2,2026-03-31T07:59:00-03:00,2026-03-31T10:59:00-03:00,95.926,delivered,B2B-V1-BASE,BLD-9102B6E8BF1ABFFC5F32,True
DEL-SYN-003391,ORD-SYN-002713,VEH-SYN-01,SOR-01,LOC-SYN-CUS-134,1,2026-04-03T22:45:00-03:00,2026-04-04T01:45:00-03:00,101.573,delivered,B2B-V1-BASE,BLD-9102B6E8BF1ABFFC5F32,True
DEL-SYN-003392,ORD-SYN-002714,VEH-SYN-02,SOR-01,LOC-SYN-CUS-050,1,2026-04-01T09:50:00-03:00,2026-04-01T12:50:00-03:00,95.323,delivered,B2B-V1-BASE,BLD-9102B6E8BF1ABFFC5F32,True
DEL-SYN-003393,ORD-SYN-002715,VEH-SYN-03,SOR-01,LOC-SYN-CUS-018,1,2026-03-30T10:57:00-03:00,2026-03-30T13:57:00-03:00,97.884,delivered,B2B-V1-BASE,BLD-9102B6E8BF1ABFFC5F32,True
DEL-SYN-003394,ORD-SYN-002716,VEH-SYN-04,SOR-01,LOC-SYN-CUS-094,1,2026-04-01T10:27:00-03:00,2026-04-01T13:27:00-03:00,81.241,delivered,B2B-V1-BASE,BLD-9102B6E8BF1ABFFC5F32,True
DEL-SYN-003395,ORD-SYN-002716,VEH-SYN-05,SOR-01,LOC-SYN-CUS-094,2,2026-04-02T00:27:00-03:00,2026-04-02T03:27:00-03:00,81.241,delivered,B2B-V1-BASE,BLD-9102B6E8BF1ABFFC5F32,True
DEL-SYN-003396,ORD-SYN-002717,VEH-SYN-05,SOR-01,LOC-SYN-CUS-149,1,2026-04-04T04:46:00-03:00,2026-04-04T07:46:00-03:00,9.994,delivered,B2B-V1-BASE,BLD-9102B6E8BF1ABFFC5F32,True
DEL-SYN-003397,ORD-SYN-002718,VEH-SYN-06,SOR-01,LOC-SYN-CUS-033,1,2026-04-03T18:47:00-03:00,2026-04-03T21:47:00-03:00,13.637,delivered,B2B-V1-BASE,BLD-9102B6E8BF1ABFFC5F32,True
DEL-SYN-003398,ORD-SYN-002719,VEH-SYN-01,SOR-01,LOC-SYN-CUS-053,1,2026-04-04T05:37:00-03:00,2026-04-04T08:37:00-03:00,11.138,delivered,B2B-V1-BASE,BLD-9102B6E8BF1ABFFC5F32,True
DEL-SYN-003399,ORD-SYN-002720,VEH-SYN-02,SOR-01,LOC-SYN-CUS-061,1,2026-04-02T21:14:00-03:00,2026-04-03T00:14:00-03:00,12.904,delivered,B2B-V1-BASE,BLD-9102B6E8BF1ABFFC5F32,True
DEL-SYN-003400,ORD-SYN-002720,VEH-SYN-03,SOR-01,LOC-SYN-CUS-061,2,2026-04-03T07:14:00-03:00,2026-04-03T10:14:00-03:00,12.904,delivered,B2B-V1-BASE,BLD-9102B6E8BF1ABFFC5F32,True
DEL-SYN-003401,ORD-SYN-002721,VEH-SYN-03,SOR-01,LOC-SYN-CUS-060,1,2026-04-04T07:20:00-03:00,2026-04-04T10:20:00-03:00,99.346,delivered,B2B-V1-BASE,BLD-9102B6E8BF1ABFFC5F32,True
DEL-SYN-003402,ORD-SYN-002722,VEH-SYN-04,SOR-01,LOC-SYN-CUS-022,1,2026-04-03T07:27:00-03:00,2026-04-03T10:27:00-03:00,97.576,delivered,B2B-V1-BASE,BLD-9102B6E8BF1ABFFC5F32,True
DEL-SYN-003403,ORD-SYN-002723,VEH-SYN-05,SOR-01,LOC-SYN-CUS-017,1,2026-04-03T09:03:00-03:00,2026-04-03T12:03:00-03:00,7.536,delivered,B2B-V1-BASE,BLD-9102B6E8BF1ABFFC5F32,True
DEL-SYN-003404,ORD-SYN-002724,VEH-SYN-06,SOR-01,LOC-SYN-CUS-108,1,2026-04-03T16:49:00-03:00,2026-04-03T19:49:00-03:00,104.477,delivered,B2B-V1-BASE,BLD-9102B6E8BF1ABFFC5F32,True
DEL-SYN-003405,ORD-SYN-002724,VEH-SYN-01,SOR-01,LOC-SYN-CUS-108,2,2026-04-04T06:49:00-03:00,2026-04-04T09:49:00-03:00,104.477,delivered,B2B-V1-BASE,BLD-9102B6E8BF1ABFFC5F32,True
DEL-SYN-003406,ORD-SYN-002725,VEH-SYN-01,SOR-01,LOC-SYN-CUS-107,1,2026-04-03T03:55:00-03:00,2026-04-03T06:55:00-03:00,15.357,delivered,B2B-V1-BASE,BLD-9102B6E8BF1ABFFC5F32,True
DEL-SYN-003407,ORD-SYN-002726,VEH-SYN-02,SOR-01,LOC-SYN-CUS-127,1,2026-04-04T05:50:00-03:00,2026-04-04T08:50:00-03:00,11.422,delivered,B2B-V1-BASE,BLD-9102B6E8BF1ABFFC5F32,True
DEL-SYN-003408,ORD-SYN-002727,VEH-SYN-03,SOR-01,LOC-SYN-CUS-104,1,2026-04-01T06:44:00-03:00,2026-04-01T09:44:00-03:00,101.385,delivered,B2B-V1-BASE,BLD-9102B6E8BF1ABFFC5F32,True
DEL-SYN-003409,ORD-SYN-002728,VEH-SYN-04,SOR-01,LOC-SYN-CUS-017,1,2026-04-01T23:42:00-03:00,2026-04-02T02:42:00-03:00,7.536,delivered,B2B-V1-BASE,BLD-9102B6E8BF1ABFFC5F32,True
DEL-SYN-003410,ORD-SYN-002728,VEH-SYN-05,SOR-01,LOC-SYN-CUS-017,2,2026-04-02T09:42:00-03:00,2026-04-02T12:42:00-03:00,7.536,delivered,B2B-V1-BASE,BLD-9102B6E8BF1ABFFC5F32,True
DEL-SYN-003411,ORD-SYN-002729,VEH-SYN-05,SOR-01,LOC-SYN-CUS-051,1,2026-04-02T09:59:00-03:00,2026-04-02T12:59:00-03:00,8.518,delivered,B2B-V1-BASE,BLD-9102B6E8BF1ABFFC5F32,True
DEL-SYN-003412,ORD-SYN-002730,VEH-SYN-06,SOR-01,LOC-SYN-CUS-046,1,2026-04-02T12:28:00-03:00,2026-04-02T15:28:00-03:00,97.72,delivered,B2B-V1-BASE,BLD-9102B6E8BF1ABFFC5F32,True
DEL-SYN-003413,ORD-SYN-002731,VEH-SYN-01,SOR-01,LOC-SYN-CUS-141,1,2026-04-06T04:20:00-04:00,2026-04-06T07:20:00-04:00,3.791,delivered,B2B-V1-BASE,BLD-9102B6E8BF1ABFFC5F32,True
DEL-SYN-003414,ORD-SYN-002732,VEH-SYN-02,SOR-01,LOC-SYN-CUS-140,1,2026-04-04T22:27:00-03:00,2026-04-05T01:27:00-04:00,93.15,delivered,B2B-V1-BASE,BLD-9102B6E8BF1ABFFC5F32,True
DEL-SYN-003415,ORD-SYN-002732,VEH-SYN-03,SOR-01,LOC-SYN-CUS-140,2,2026-04-05T08:27:00-04:00,2026-04-05T11:27:00-04:00,93.15,delivered,B2B-V1-BASE,BLD-9102B6E8BF1ABFFC5F32,True
DEL-SYN-003416,ORD-SYN-002733,VEH-SYN-03,SOR-01,LOC-SYN-CUS-121,1,2026-04-03T10:02:00-03:00,2026-04-03T13:02:00-03:00,1.523,delivered,B2B-V1-BASE,BLD-9102B6E8BF1ABFFC5F32,True
DEL-SYN-003417,ORD-SYN-002734,VEH-SYN-04,SOR-01,LOC-SYN-CUS-093,1,2026-04-04T11:42:00-03:00,2026-04-04T14:42:00-03:00,14.157,delivered,B2B-V1-BASE,BLD-9102B6E8BF1ABFFC5F32,True
DEL-SYN-003418,ORD-SYN-002735,VEH-SYN-05,SOR-01,LOC-SYN-CUS-117,1,2026-04-06T12:02:00-04:00,2026-04-06T15:02:00-04:00,14.483,delivered,B2B-V1-BASE,BLD-9102B6E8BF1ABFFC5F32,True
DEL-SYN-003419,ORD-SYN-002736,VEH-SYN-06,SOR-01,LOC-SYN-CUS-004,1,2026-04-04T17:40:00-03:00,2026-04-04T20:40:00-03:00,101.893,delivered_with_incident,B2B-V1-BASE,BLD-9102B6E8BF1ABFFC5F32,True
DEL-SYN-003420,ORD-SYN-002736,VEH-SYN-01,SOR-01,LOC-SYN-CUS-004,2,2026-04-05T03:40:00-04:00,2026-04-05T06:40:00-04:00,101.893,delivered,B2B-V1-BASE,BLD-9102B6E8BF1ABFFC5F32,True
DEL-SYN-003421,ORD-SYN-002737,VEH-SYN-01,SOR-01,LOC-SYN-CUS-114,1,2026-04-03T04:10:00-03:00,2026-04-03T07:10:00-03:00,98.868,delivered,B2B-V1-BASE,BLD-9102B6E8BF1ABFFC5F32,True
DEL-SYN-003422,ORD-SYN-002738,VEH-SYN-02,SOR-01,LOC-SYN-CUS-119,1,2026-04-04T05:59:00-03:00,2026-04-04T08:59:00-03:00,15.599,delivered,B2B-V1-BASE,BLD-9102B6E8BF1ABFFC5F32,True
DEL-SYN-003423,ORD-SYN-002739,VEH-SYN-03,SOR-01,LOC-SYN-CUS-149,1,2026-04-07T06:20:00-04:00,2026-04-07T09:20:00-04:00,9.994,delivered,B2B-V1-BASE,BLD-9102B6E8BF1ABFFC5F32,True
DEL-SYN-003424,ORD-SYN-002740,VEH-SYN-04,SOR-01,LOC-SYN-CUS-076,1,2026-04-02T20:43:00-03:00,2026-04-02T23:43:00-03:00,105.217,delivered,B2B-V1-BASE,BLD-9102B6E8BF1ABFFC5F32,True
DEL-SYN-003425,ORD-SYN-002740,VEH-SYN-05,SOR-01,LOC-SYN-CUS-076,2,2026-04-03T06:43:00-03:00,2026-04-03T09:43:00-03:00,105.217,delivered,B2B-V1-BASE,BLD-9102B6E8BF1ABFFC5F32,True
DEL-SYN-003426,ORD-SYN-002741,VEH-SYN-05,SOR-01,LOC-SYN-CUS-098,1,2026-04-05T07:40:00-04:00,2026-04-05T10:40:00-04:00,100.419,delivered,B2B-V1-BASE,BLD-9102B6E8BF1ABFFC5F32,True
DEL-SYN-003427,ORD-SYN-002742,VEH-SYN-06,SOR-01,LOC-SYN-CUS-138,1,2026-04-03T08:28:00-03:00,2026-04-03T11:28:00-03:00,93.584,delivered,B2B-V1-BASE,BLD-9102B6E8BF1ABFFC5F32,True
DEL-SYN-003428,ORD-SYN-002743,VEH-SYN-01,SOR-01,LOC-SYN-CUS-038,1,2026-04-05T09:45:00-04:00,2026-04-05T12:45:00-04:00,91.614,delivered,B2B-V1-BASE,BLD-9102B6E8BF1ABFFC5F32,True
DEL-SYN-003429,ORD-SYN-002744,VEH-SYN-02,SOR-01,LOC-SYN-CUS-150,1,2026-04-07T01:49:00-04:00,2026-04-07T04:49:00-04:00,93.487,delivered,B2B-V1-BASE,BLD-9102B6E8BF1ABFFC5F32,True
DEL-SYN-003430,ORD-SYN-002744,VEH-SYN-03,SOR-01,LOC-SYN-CUS-150,2,2026-04-07T11:49:00-04:00,2026-04-07T14:49:00-04:00,93.487,delivered,B2B-V1-BASE,BLD-9102B6E8BF1ABFFC5F32,True
DEL-SYN-003431,ORD-SYN-002745,VEH-SYN-03,SOR-01,LOC-SYN-CUS-082,1,2026-04-05T12:13:00-04:00,2026-04-05T15:13:00-04:00,95.328,delivered,B2B-V1-BASE,BLD-9102B6E8BF1ABFFC5F32,True
DEL-SYN-003432,ORD-SYN-002746,VEH-SYN-04,SOR-01,LOC-SYN-CUS-062,1,2026-04-04T03:05:00-03:00,2026-04-04T06:05:00-03:00,84.711,delivered,B2B-V1-BASE,BLD-9102B6E8BF1ABFFC5F32,True
DEL-SYN-003433,ORD-SYN-002747,VEH-SYN-05,SOR-01,LOC-SYN-CUS-059,1,2026-04-04T03:53:00-03:00,2026-04-04T06:53:00-03:00,13.382,delivered,B2B-V1-BASE,BLD-9102B6E8BF1ABFFC5F32,True
DEL-SYN-003434,ORD-SYN-002748,VEH-SYN-06,SOR-01,LOC-SYN-CUS-046,1,2026-04-05T20:34:00-04:00,2026-04-05T23:34:00-04:00,97.72,delivered,B2B-V1-BASE,BLD-9102B6E8BF1ABFFC5F32,True
DEL-SYN-003435,ORD-SYN-002748,VEH-SYN-01,SOR-01,LOC-SYN-CUS-046,2,2026-04-06T06:34:00-04:00,2026-04-06T09:34:00-04:00,97.72,delivered,B2B-V1-BASE,BLD-9102B6E8BF1ABFFC5F32,True
DEL-SYN-003436,ORD-SYN-002749,VEH-SYN-01,SOR-01,LOC-SYN-CUS-125,1,2026-04-05T07:39:00-04:00,2026-04-05T10:39:00-04:00,11.651,delivered,B2B-V1-BASE,BLD-9102B6E8BF1ABFFC5F32,True
DEL-SYN-003437,ORD-SYN-002750,VEH-SYN-02,SOR-01,LOC-SYN-CUS-101,1,2026-04-04T12:21:00-03:00,2026-04-04T15:21:00-03:00,8.729,delivered,B2B-V1-BASE,BLD-9102B6E8BF1ABFFC5F32,True
DEL-SYN-003438,ORD-SYN-002751,VEH-SYN-03,SOR-01,LOC-SYN-CUS-016,1,2026-04-07T05:07:00-04:00,2026-04-07T08:07:00-04:00,89.626,delivered,B2B-V1-BASE,BLD-9102B6E8BF1ABFFC5F32,True
DEL-SYN-003439,ORD-SYN-002752,VEH-SYN-04,SOR-01,LOC-SYN-CUS-082,1,2026-04-07T19:08:00-04:00,2026-04-07T22:08:00-04:00,95.328,delivered,B2B-V1-BASE,BLD-9102B6E8BF1ABFFC5F32,True
DEL-SYN-003440,ORD-SYN-002752,VEH-SYN-05,SOR-01,LOC-SYN-CUS-082,2,2026-04-08T05:08:00-04:00,2026-04-08T08:08:00-04:00,95.328,delivered_with_incident,B2B-V1-BASE,BLD-9102B6E8BF1ABFFC5F32,True
DEL-SYN-003441,ORD-SYN-002753,VEH-SYN-05,SOR-01,LOC-SYN-CUS-098,1,2026-04-08T06:32:00-04:00,2026-04-08T09:32:00-04:00,100.419,delivered_with_incident,B2B-V1-BASE,BLD-9102B6E8BF1ABFFC5F32,True
DEL-SYN-003442,ORD-SYN-002754,VEH-SYN-06,SOR-01,LOC-SYN-CUS-006,1,2026-04-05T07:12:00-04:00,2026-04-05T10:12:00-04:00,102.381,delivered,B2B-V1-BASE,BLD-9102B6E8BF1ABFFC5F32,True
DEL-SYN-003443,ORD-SYN-002755,VEH-SYN-01,SOR-01,LOC-SYN-CUS-110,1,2026-04-08T07:21:00-04:00,2026-04-08T10:21:00-04:00,101.983,delivered,B2B-V1-BASE,BLD-9102B6E8BF1ABFFC5F32,True
DEL-SYN-003444,ORD-SYN-002756,VEH-SYN-02,SOR-01,LOC-SYN-CUS-108,1,2026-04-04T21:26:00-03:00,2026-04-05T00:26:00-04:00,104.477,delivered,B2B-V1-BASE,BLD-9102B6E8BF1ABFFC5F32,True
DEL-SYN-003445,ORD-SYN-002756,VEH-SYN-03,SOR-01,LOC-SYN-CUS-108,2,2026-04-05T07:26:00-04:00,2026-04-05T10:26:00-04:00,104.477,delivered,B2B-V1-BASE,BLD-9102B6E8BF1ABFFC5F32,True
DEL-SYN-003446,ORD-SYN-002757,VEH-SYN-03,SOR-01,LOC-SYN-CUS-125,1,2026-04-09T22:52:00-04:00,2026-04-10T01:52:00-04:00,11.651,delivered,B2B-V1-BASE,BLD-9102B6E8BF1ABFFC5F32,True
DEL-SYN-003447,ORD-SYN-002758,VEH-SYN-04,SOR-01,LOC-SYN-CUS-024,1,2026-04-06T10:01:00-04:00,2026-04-06T13:01:00-04:00,107.095,delivered,B2B-V1-BASE,BLD-9102B6E8BF1ABFFC5F32,True
DEL-SYN-003448,ORD-SYN-002759,VEH-SYN-05,SOR-01,LOC-SYN-CUS-149,1,2026-04-06T12:01:00-04:00,2026-04-06T15:01:00-04:00,9.994,delivered,B2B-V1-BASE,BLD-9102B6E8BF1ABFFC5F32,True
DEL-SYN-003449,ORD-SYN-002760,VEH-SYN-06,SOR-01,LOC-SYN-CUS-102,1,2026-04-07T19:31:00-04:00,2026-04-07T22:31:00-04:00,92.902,delivered,B2B-V1-BASE,BLD-9102B6E8BF1ABFFC5F32,True
DEL-SYN-003450,ORD-SYN-002760,VEH-SYN-01,SOR-01,LOC-SYN-CUS-102,2,2026-04-08T05:31:00-04:00,2026-04-08T08:31:00-04:00,92.902,delivered,B2B-V1-BASE,BLD-9102B6E8BF1ABFFC5F32,True
DEL-SYN-003451,ORD-SYN-002761,VEH-SYN-01,SOR-01,LOC-SYN-CUS-106,1,2026-04-06T06:34:00-04:00,2026-04-06T09:34:00-04:00,97.3,delivered,B2B-V1-BASE,BLD-9102B6E8BF1ABFFC5F32,True
DEL-SYN-003452,ORD-SYN-002762,VEH-SYN-02,SOR-01,LOC-SYN-CUS-033,1,2026-04-10T07:33:00-04:00,2026-04-10T10:33:00-04:00,13.637,delivered,B2B-V1-BASE,BLD-9102B6E8BF1ABFFC5F32,True
DEL-SYN-003453,ORD-SYN-002763,VEH-SYN-03,SOR-01,LOC-SYN-CUS-089,1,2026-04-10T09:25:00-04:00,2026-04-10T12:25:00-04:00,10.706,delivered,B2B-V1-BASE,BLD-9102B6E8BF1ABFFC5F32,True
DEL-SYN-003454,ORD-SYN-002764,VEH-SYN-04,SOR-01,LOC-SYN-CUS-125,1,2026-04-06T23:29:00-04:00,2026-04-07T02:29:00-04:00,11.651,delivered,B2B-V1-BASE,BLD-9102B6E8BF1ABFFC5F32,True
DEL-SYN-003455,ORD-SYN-002764,VEH-SYN-05,SOR-01,LOC-SYN-CUS-125,2,2026-04-07T09:29:00-04:00,2026-04-07T12:29:00-04:00,11.651,delivered,B2B-V1-BASE,BLD-9102B6E8BF1ABFFC5F32,True
DEL-SYN-003456,ORD-SYN-002765,VEH-SYN-05,SOR-01,LOC-SYN-CUS-032,1,2026-04-08T09:39:00-04:00,2026-04-08T12:39:00-04:00,100.378,delivered,B2B-V1-BASE,BLD-9102B6E8BF1ABFFC5F32,True
DEL-SYN-003457,ORD-SYN-002766,VEH-SYN-06,SOR-01,LOC-SYN-CUS-085,1,2026-04-10T10:03:00-04:00,2026-04-10T13:03:00-04:00,11.234,delivered,B2B-V1-BASE,BLD-9102B6E8BF1ABFFC5F32,True
DEL-SYN-003458,ORD-SYN-002767,VEH-SYN-01,SOR-01,LOC-SYN-CUS-077,1,2026-04-10T11:10:00-04:00,2026-04-10T14:10:00-04:00,6.85,delivered,B2B-V1-BASE,BLD-9102B6E8BF1ABFFC5F32,True
DEL-SYN-003459,ORD-SYN-002768,VEH-SYN-02,SOR-01,LOC-SYN-CUS-088,1,2026-04-08T01:33:00-04:00,2026-04-08T04:33:00-04:00,103.178,delivered,B2B-V1-BASE,BLD-9102B6E8BF1ABFFC5F32,True
DEL-SYN-003460,ORD-SYN-002768,VEH-SYN-03,SOR-01,LOC-SYN-CUS-088,2,2026-04-08T11:33:00-04:00,2026-04-08T14:33:00-04:00,103.178,delivered,B2B-V1-BASE,BLD-9102B6E8BF1ABFFC5F32,True
DEL-SYN-003461,ORD-SYN-002769,VEH-SYN-03,SOR-01,LOC-SYN-CUS-071,1,2026-04-07T02:44:00-04:00,2026-04-07T05:44:00-04:00,15.735,delivered,B2B-V1-BASE,BLD-9102B6E8BF1ABFFC5F32,True
DEL-SYN-003462,ORD-SYN-002770,VEH-SYN-04,SOR-01,LOC-SYN-CUS-041,1,2026-04-10T12:46:00-04:00,2026-04-10T15:46:00-04:00,16.45,delivered,B2B-V1-BASE,BLD-9102B6E8BF1ABFFC5F32,True
DEL-SYN-003463,ORD-SYN-002771,VEH-SYN-05,SOR-01,LOC-SYN-CUS-048,1,2026-04-09T04:18:00-04:00,2026-04-09T07:18:00-04:00,94.78,delivered,B2B-V1-BASE,BLD-9102B6E8BF1ABFFC5F32,True
DEL-SYN-003464,ORD-SYN-002772,VEH-SYN-06,SOR-01,LOC-SYN-CUS-066,1,2026-04-07T18:35:00-04:00,2026-04-07T21:35:00-04:00,96.649,delivered,B2B-V1-BASE,BLD-9102B6E8BF1ABFFC5F32,True
DEL-SYN-003465,ORD-SYN-002772,VEH-SYN-01,SOR-01,LOC-SYN-CUS-066,2,2026-04-08T04:35:00-04:00,2026-04-08T07:35:00-04:00,96.649,delivered,B2B-V1-BASE,BLD-9102B6E8BF1ABFFC5F32,True
DEL-SYN-003466,ORD-SYN-002773,VEH-SYN-01,SOR-01,LOC-SYN-CUS-126,1,2026-04-11T20:28:00-04:00,2026-04-11T23:28:00-04:00,96.582,delivered,B2B-V1-BASE,BLD-9102B6E8BF1ABFFC5F32,True
DEL-SYN-003467,ORD-SYN-002774,VEH-SYN-02,SOR-01,LOC-SYN-CUS-121,1,2026-04-11T07:36:00-04:00,2026-04-11T10:36:00-04:00,1.523,delivered,B2B-V1-BASE,BLD-9102B6E8BF1ABFFC5F32,True
DEL-SYN-003468,ORD-SYN-002775,VEH-SYN-03,SOR-01,LOC-SYN-CUS-037,1,2026-04-11T08:09:00-04:00,2026-04-11T11:09:00-04:00,1.869,delivered,B2B-V1-BASE,BLD-9102B6E8BF1ABFFC5F32,True
DEL-SYN-003469,ORD-SYN-002776,VEH-SYN-04,SOR-01,LOC-SYN-CUS-137,1,2026-04-10T23:26:00-04:00,2026-04-11T02:26:00-04:00,11.323,delivered,B2B-V1-BASE,BLD-9102B6E8BF1ABFFC5F32,True
DEL-SYN-003470,ORD-SYN-002776,VEH-SYN-05,SOR-01,LOC-SYN-CUS-137,2,2026-04-11T09:26:00-04:00,2026-04-11T12:26:00-04:00,11.323,delivered,B2B-V1-BASE,BLD-9102B6E8BF1ABFFC5F32,True
DEL-SYN-003471,ORD-SYN-002777,VEH-SYN-05,SOR-01,LOC-SYN-CUS-057,1,2026-04-07T23:54:00-04:00,2026-04-08T02:54:00-04:00,11.041,delivered,B2B-V1-BASE,BLD-9102B6E8BF1ABFFC5F32,True
DEL-SYN-003472,ORD-SYN-002778,VEH-SYN-06,SOR-01,LOC-SYN-CUS-120,1,2026-04-07T10:30:00-04:00,2026-04-07T13:30:00-04:00,87.645,delivered,B2B-V1-BASE,BLD-9102B6E8BF1ABFFC5F32,True
DEL-SYN-003473,ORD-SYN-002779,VEH-SYN-01,SOR-01,LOC-SYN-CUS-082,1,2026-04-09T00:58:00-04:00,2026-04-09T03:58:00-04:00,95.328,delivered,B2B-V1-BASE,BLD-9102B6E8BF1ABFFC5F32,True
DEL-SYN-003474,ORD-SYN-002780,VEH-SYN-02,SOR-01,LOC-SYN-CUS-069,1,2026-04-08T02:23:00-04:00,2026-04-08T05:23:00-04:00,13.67,delivered,B2B-V1-BASE,BLD-9102B6E8BF1ABFFC5F32,True
DEL-SYN-003475,ORD-SYN-002780,VEH-SYN-03,SOR-01,LOC-SYN-CUS-069,2,2026-04-08T12:23:00-04:00,2026-04-08T15:23:00-04:00,13.67,delivered,B2B-V1-BASE,BLD-9102B6E8BF1ABFFC5F32,True
DEL-SYN-003476,ORD-SYN-002781,VEH-SYN-03,SOR-01,LOC-SYN-CUS-102,1,2026-04-11T02:41:00-04:00,2026-04-11T05:41:00-04:00,92.902,delivered,B2B-V1-BASE,BLD-9102B6E8BF1ABFFC5F32,True
DEL-SYN-003477,ORD-SYN-002782,VEH-SYN-04,SOR-01,LOC-SYN-CUS-024,1,2026-04-08T17:04:00-04:00,2026-04-08T20:04:00-04:00,107.095,delivered,B2B-V1-BASE,BLD-9102B6E8BF1ABFFC5F32,True
DEL-SYN-003478,ORD-SYN-002783,VEH-SYN-05,SOR-01,LOC-SYN-CUS-086,1,2026-04-10T04:40:00-04:00,2026-04-10T07:40:00-04:00,100.855,delivered,B2B-V1-BASE,BLD-9102B6E8BF1ABFFC5F32,True
DEL-SYN-003479,ORD-SYN-002784,VEH-SYN-06,SOR-01,LOC-SYN-CUS-137,1,2026-04-09T19:47:00-04:00,2026-04-09T22:47:00-04:00,11.323,delivered,B2B-V1-BASE,BLD-9102B6E8BF1ABFFC5F32,True
DEL-SYN-003480,ORD-SYN-002784,VEH-SYN-01,SOR-01,LOC-SYN-CUS-137,2,2026-04-10T05:47:00-04:00,2026-04-10T08:47:00-04:00,11.323,delivered,B2B-V1-BASE,BLD-9102B6E8BF1ABFFC5F32,True
DEL-SYN-003481,ORD-SYN-002785,VEH-SYN-01,SOR-01,LOC-SYN-CUS-049,1,2026-04-11T06:04:00-04:00,2026-04-11T09:04:00-04:00,13.054,delivered,B2B-V1-BASE,BLD-9102B6E8BF1ABFFC5F32,True
DEL-SYN-003482,ORD-SYN-002786,VEH-SYN-02,SOR-01,LOC-SYN-CUS-002,1,2026-04-09T09:01:00-04:00,2026-04-09T12:01:00-04:00,87.443,delivered,B2B-V1-BASE,BLD-9102B6E8BF1ABFFC5F32,True
DEL-SYN-003483,ORD-SYN-002787,VEH-SYN-03,SOR-01,LOC-SYN-CUS-008,1,2026-04-11T11:19:00-04:00,2026-04-11T14:19:00-04:00,89.436,delivered_with_incident,B2B-V1-BASE,BLD-9102B6E8BF1ABFFC5F32,True
DEL-SYN-003484,ORD-SYN-002788,VEH-SYN-04,SOR-01,LOC-SYN-CUS-098,1,2026-04-10T01:51:00-04:00,2026-04-10T04:51:00-04:00,100.419,delivered,B2B-V1-BASE,BLD-9102B6E8BF1ABFFC5F32,True
DEL-SYN-003485,ORD-SYN-002788,VEH-SYN-05,SOR-01,LOC-SYN-CUS-098,2,2026-04-10T11:51:00-04:00,2026-04-10T14:51:00-04:00,100.419,delivered,B2B-V1-BASE,BLD-9102B6E8BF1ABFFC5F32,True
DEL-SYN-003486,ORD-SYN-002789,VEH-SYN-05,SOR-01,LOC-SYN-CUS-037,1,2026-04-09T03:35:00-04:00,2026-04-09T06:35:00-04:00,1.869,delivered,B2B-V1-BASE,BLD-9102B6E8BF1ABFFC5F32,True
DEL-SYN-003487,ORD-SYN-002790,VEH-SYN-06,SOR-01,LOC-SYN-CUS-045,1,2026-04-09T05:50:00-04:00,2026-04-09T08:50:00-04:00,12.037,delivered,B2B-V1-BASE,BLD-9102B6E8BF1ABFFC5F32,True
DEL-SYN-003488,ORD-SYN-002791,VEH-SYN-01,SOR-01,LOC-SYN-CUS-105,1,2026-04-12T06:33:00-04:00,2026-04-12T09:33:00-04:00,13.533,delivered,B2B-V1-BASE,BLD-9102B6E8BF1ABFFC5F32,True
DEL-SYN-003489,ORD-SYN-002792,VEH-SYN-02,SOR-01,LOC-SYN-CUS-050,1,2026-04-12T20:41:00-04:00,2026-04-12T23:41:00-04:00,95.323,delivered,B2B-V1-BASE,BLD-9102B6E8BF1ABFFC5F32,True
DEL-SYN-003490,ORD-SYN-002792,VEH-SYN-03,SOR-01,LOC-SYN-CUS-050,2,2026-04-13T06:41:00-04:00,2026-04-13T09:41:00-04:00,95.323,delivered,B2B-V1-BASE,BLD-9102B6E8BF1ABFFC5F32,True
DEL-SYN-003491,ORD-SYN-002793,VEH-SYN-03,SOR-01,LOC-SYN-CUS-045,1,2026-04-10T07:58:00-04:00,2026-04-10T10:58:00-04:00,12.037,delivered,B2B-V1-BASE,BLD-9102B6E8BF1ABFFC5F32,True
DEL-SYN-003492,ORD-SYN-002794,VEH-SYN-04,SOR-01,LOC-SYN-CUS-021,1,2026-04-11T11:14:00-04:00,2026-04-11T14:14:00-04:00,21.891,delivered,B2B-V1-BASE,BLD-9102B6E8BF1ABFFC5F32,True
DEL-SYN-003493,ORD-SYN-002795,VEH-SYN-05,SOR-01,LOC-SYN-CUS-150,1,2026-04-10T11:15:00-04:00,2026-04-10T14:15:00-04:00,93.487,delivered,B2B-V1-BASE,BLD-9102B6E8BF1ABFFC5F32,True
DEL-SYN-003494,ORD-SYN-002796,VEH-SYN-06,SOR-01,LOC-SYN-CUS-029,1,2026-04-11T01:41:00-04:00,2026-04-11T04:41:00-04:00,8.682,delivered,B2B-V1-BASE,BLD-9102B6E8BF1ABFFC5F32,True
DEL-SYN-003495,ORD-SYN-002796,VEH-SYN-01,SOR-01,LOC-SYN-CUS-029,2,2026-04-11T11:41:00-04:00,2026-04-11T14:41:00-04:00,8.682,delivered,B2B-V1-BASE,BLD-9102B6E8BF1ABFFC5F32,True
DEL-SYN-003496,ORD-SYN-002797,VEH-SYN-01,SOR-01,LOC-SYN-CUS-103,1,2026-04-11T12:08:00-04:00,2026-04-11T15:08:00-04:00,8.326,delivered,B2B-V1-BASE,BLD-9102B6E8BF1ABFFC5F32,True
DEL-SYN-003497,ORD-SYN-002798,VEH-SYN-02,SOR-01,LOC-SYN-CUS-048,1,2026-04-10T02:31:00-04:00,2026-04-10T05:31:00-04:00,94.78,delivered,B2B-V1-BASE,BLD-9102B6E8BF1ABFFC5F32,True
DEL-SYN-003498,ORD-SYN-002799,VEH-SYN-03,SOR-01,LOC-SYN-CUS-001,1,2026-04-12T03:37:00-04:00,2026-04-12T06:37:00-04:00,6.513,delivered,B2B-V1-BASE,BLD-9102B6E8BF1ABFFC5F32,True
DEL-SYN-003499,ORD-SYN-002800,VEH-SYN-04,SOR-01,LOC-SYN-CUS-098,1,2026-04-11T17:58:00-04:00,2026-04-11T20:58:00-04:00,100.419,delivered,B2B-V1-BASE,BLD-9102B6E8BF1ABFFC5F32,True
DEL-SYN-003500,ORD-SYN-002800,VEH-SYN-05,SOR-01,LOC-SYN-CUS-098,2,2026-04-12T03:58:00-04:00,2026-04-12T06:58:00-04:00,100.419,delivered,B2B-V1-BASE,BLD-9102B6E8BF1ABFFC5F32,True
DEL-SYN-003501,ORD-SYN-002801,VEH-SYN-05,SOR-01,LOC-SYN-CUS-005,1,2026-04-13T06:03:00-04:00,2026-04-13T09:03:00-04:00,9.779,delivered,B2B-V1-BASE,BLD-9102B6E8BF1ABFFC5F32,True
DEL-SYN-003502,ORD-SYN-002802,VEH-SYN-06,SOR-01,LOC-SYN-CUS-120,1,2026-04-12T20:13:00-04:00,2026-04-12T23:13:00-04:00,87.645,delivered,B2B-V1-BASE,BLD-9102B6E8BF1ABFFC5F32,True
DEL-SYN-003503,ORD-SYN-002803,VEH-SYN-01,SOR-01,LOC-SYN-CUS-006,1,2026-04-14T06:35:00-04:00,2026-04-14T09:35:00-04:00,102.381,delivered,B2B-V1-BASE,BLD-9102B6E8BF1ABFFC5F32,True
DEL-SYN-003504,ORD-SYN-002804,VEH-SYN-02,SOR-01,LOC-SYN-CUS-038,1,2026-04-09T22:17:00-04:00,2026-04-10T01:17:00-04:00,91.614,delivered_with_incident,B2B-V1-BASE,BLD-9102B6E8BF1ABFFC5F32,True
DEL-SYN-003505,ORD-SYN-002804,VEH-SYN-03,SOR-01,LOC-SYN-CUS-038,2,2026-04-10T08:17:00-04:00,2026-04-10T11:17:00-04:00,91.614,delivered,B2B-V1-BASE,BLD-9102B6E8BF1ABFFC5F32,True
DEL-SYN-003506,ORD-SYN-002805,VEH-SYN-03,SOR-01,LOC-SYN-CUS-103,1,2026-04-10T10:15:00-04:00,2026-04-10T13:15:00-04:00,8.326,delivered,B2B-V1-BASE,BLD-9102B6E8BF1ABFFC5F32,True
DEL-SYN-003507,ORD-SYN-002806,VEH-SYN-04,SOR-01,LOC-SYN-CUS-017,1,2026-04-14T10:29:00-04:00,2026-04-14T13:29:00-04:00,7.536,delivered,B2B-V1-BASE,BLD-9102B6E8BF1ABFFC5F32,True
DEL-SYN-003508,ORD-SYN-002807,VEH-SYN-05,SOR-01,LOC-SYN-CUS-037,1,2026-04-14T10:51:00-04:00,2026-04-14T13:51:00-04:00,1.869,delivered,B2B-V1-BASE,BLD-9102B6E8BF1ABFFC5F32,True
DEL-SYN-003509,ORD-SYN-002808,VEH-SYN-06,SOR-01,LOC-SYN-CUS-145,1,2026-04-13T01:00:00-04:00,2026-04-13T04:00:00-04:00,9.581,delivered,B2B-V1-BASE,BLD-9102B6E8BF1ABFFC5F32,True
DEL-SYN-003510,ORD-SYN-002808,VEH-SYN-01,SOR-01,LOC-SYN-CUS-145,2,2026-04-13T11:00:00-04:00,2026-04-13T14:00:00-04:00,9.581,delivered,B2B-V1-BASE,BLD-9102B6E8BF1ABFFC5F32,True
DEL-SYN-003511,ORD-SYN-002809,VEH-SYN-01,SOR-01,LOC-SYN-CUS-143,1,2026-04-11T01:12:00-04:00,2026-04-11T04:12:00-04:00,10.494,delivered,B2B-V1-BASE,BLD-9102B6E8BF1ABFFC5F32,True
DEL-SYN-003512,ORD-SYN-002810,VEH-SYN-02,SOR-01,LOC-SYN-CUS-035,1,2026-04-12T01:59:00-04:00,2026-04-12T04:59:00-04:00,7.948,delivered,B2B-V1-BASE,BLD-9102B6E8BF1ABFFC5F32,True
DEL-SYN-003513,ORD-SYN-002811,VEH-SYN-03,SOR-01,LOC-SYN-CUS-092,1,2026-04-11T12:13:00-04:00,2026-04-11T15:13:00-04:00,97.21,delivered,B2B-V1-BASE,BLD-9102B6E8BF1ABFFC5F32,True
DEL-SYN-003514,ORD-SYN-002812,VEH-SYN-04,SOR-01,LOC-SYN-CUS-062,1,2026-04-12T18:18:00-04:00,2026-04-12T21:18:00-04:00,84.711,delivered,B2B-V1-BASE,BLD-9102B6E8BF1ABFFC5F32,True
DEL-SYN-003515,ORD-SYN-002812,VEH-SYN-05,SOR-01,LOC-SYN-CUS-062,2,2026-04-13T08:18:00-04:00,2026-04-13T11:18:00-04:00,84.711,delivered,B2B-V1-BASE,BLD-9102B6E8BF1ABFFC5F32,True
DEL-SYN-003516,ORD-SYN-002813,VEH-SYN-05,SOR-01,LOC-SYN-CUS-053,1,2026-04-10T12:28:00-04:00,2026-04-10T15:28:00-04:00,11.138,delivered,B2B-V1-BASE,BLD-9102B6E8BF1ABFFC5F32,True
DEL-SYN-003517,ORD-SYN-002814,VEH-SYN-06,SOR-01,LOC-SYN-CUS-122,1,2026-04-11T17:24:00-04:00,2026-04-11T20:24:00-04:00,107.646,delivered,B2B-V1-BASE,BLD-9102B6E8BF1ABFFC5F32,True
DEL-SYN-003518,ORD-SYN-002815,VEH-SYN-01,SOR-01,LOC-SYN-CUS-111,1,2026-04-12T17:53:00-04:00,2026-04-12T20:53:00-04:00,11.121,delivered,B2B-V1-BASE,BLD-9102B6E8BF1ABFFC5F32,True
DEL-SYN-003519,ORD-SYN-002816,VEH-SYN-02,SOR-01,LOC-SYN-CUS-079,1,2026-04-11T12:10:00-04:00,2026-04-11T15:10:00-04:00,9.76,delivered,B2B-V1-BASE,BLD-9102B6E8BF1ABFFC5F32,True
DEL-SYN-003520,ORD-SYN-002816,VEH-SYN-03,SOR-01,LOC-SYN-CUS-079,2,2026-04-12T02:10:00-04:00,2026-04-12T05:10:00-04:00,9.76,delivered,B2B-V1-BASE,BLD-9102B6E8BF1ABFFC5F32,True
DEL-SYN-003521,ORD-SYN-002817,VEH-SYN-03,SOR-01,LOC-SYN-CUS-030,1,2026-04-13T07:36:00-04:00,2026-04-13T10:36:00-04:00,95.926,delivered,B2B-V1-BASE,BLD-9102B6E8BF1ABFFC5F32,True
DEL-SYN-003522,ORD-SYN-002818,VEH-SYN-04,SOR-01,LOC-SYN-CUS-038,1,2026-04-12T07:49:00-04:00,2026-04-12T10:49:00-04:00,91.614,delivered,B2B-V1-BASE,BLD-9102B6E8BF1ABFFC5F32,True
DEL-SYN-003523,ORD-SYN-002819,VEH-SYN-05,SOR-01,LOC-SYN-CUS-055,1,2026-04-13T08:45:00-04:00,2026-04-13T11:45:00-04:00,7.169,delivered,B2B-V1-BASE,BLD-9102B6E8BF1ABFFC5F32,True
DEL-SYN-003524,ORD-SYN-002820,VEH-SYN-06,SOR-01,LOC-SYN-CUS-074,1,2026-04-10T23:25:00-04:00,2026-04-11T02:25:00-04:00,106.713,delivered,B2B-V1-BASE,BLD-9102B6E8BF1ABFFC5F32,True
DEL-SYN-003525,ORD-SYN-002820,VEH-SYN-01,SOR-01,LOC-SYN-CUS-074,2,2026-04-11T09:25:00-04:00,2026-04-11T12:25:00-04:00,106.713,delivered_with_incident,B2B-V1-BASE,BLD-9102B6E8BF1ABFFC5F32,True
DEL-SYN-003526,ORD-SYN-002821,VEH-SYN-01,SOR-01,LOC-SYN-CUS-029,1,2026-04-11T09:34:00-04:00,2026-04-11T12:34:00-04:00,8.682,delivered,B2B-V1-BASE,BLD-9102B6E8BF1ABFFC5F32,True
DEL-SYN-003527,ORD-SYN-002822,VEH-SYN-02,SOR-01,LOC-SYN-CUS-088,1,2026-04-15T11:29:00-04:00,2026-04-15T14:29:00-04:00,103.178,delivered,B2B-V1-BASE,BLD-9102B6E8BF1ABFFC5F32,True
DEL-SYN-003528,ORD-SYN-002823,VEH-SYN-03,SOR-01,LOC-SYN-CUS-013,1,2026-04-16T03:55:00-04:00,2026-04-16T06:55:00-04:00,12.582,delivered,B2B-V1-BASE,BLD-9102B6E8BF1ABFFC5F32,True
DEL-SYN-003529,ORD-SYN-002824,VEH-SYN-04,SOR-01,LOC-SYN-CUS-082,1,2026-04-15T09:55:00-04:00,2026-04-15T12:55:00-04:00,95.328,delivered,B2B-V1-BASE,BLD-9102B6E8BF1ABFFC5F32,True
DEL-SYN-003530,ORD-SYN-002824,VEH-SYN-05,SOR-01,LOC-SYN-CUS-082,2,2026-04-15T23:55:00-04:00,2026-04-16T02:55:00-04:00,95.328,delivered,B2B-V1-BASE,BLD-9102B6E8BF1ABFFC5F32,True
DEL-SYN-003531,ORD-SYN-002825,VEH-SYN-05,SOR-01,LOC-SYN-CUS-009,1,2026-04-16T04:38:00-04:00,2026-04-16T07:38:00-04:00,14.093,delivered,B2B-V1-BASE,BLD-9102B6E8BF1ABFFC5F32,True
DEL-SYN-003532,ORD-SYN-002826,VEH-SYN-06,SOR-01,LOC-SYN-CUS-130,1,2026-04-12T19:01:00-04:00,2026-04-12T22:01:00-04:00,92.017,delivered,B2B-V1-BASE,BLD-9102B6E8BF1ABFFC5F32,True
DEL-SYN-003533,ORD-SYN-002827,VEH-SYN-01,SOR-01,LOC-SYN-CUS-007,1,2026-04-15T05:55:00-04:00,2026-04-15T08:55:00-04:00,14.599,delivered,B2B-V1-BASE,BLD-9102B6E8BF1ABFFC5F32,True
DEL-SYN-003534,ORD-SYN-002828,VEH-SYN-02,SOR-01,LOC-SYN-CUS-056,1,2026-04-14T20:29:00-04:00,2026-04-14T23:29:00-04:00,107.19,delivered,B2B-V1-BASE,BLD-9102B6E8BF1ABFFC5F32,True
DEL-SYN-003535,ORD-SYN-002828,VEH-SYN-03,SOR-01,LOC-SYN-CUS-056,2,2026-04-15T06:29:00-04:00,2026-04-15T09:29:00-04:00,107.19,delivered,B2B-V1-BASE,BLD-9102B6E8BF1ABFFC5F32,True
DEL-SYN-003536,ORD-SYN-002829,VEH-SYN-03,SOR-01,LOC-SYN-CUS-038,1,2026-04-13T08:28:00-04:00,2026-04-13T11:28:00-04:00,91.614,delivered,B2B-V1-BASE,BLD-9102B6E8BF1ABFFC5F32,True
DEL-SYN-003537,ORD-SYN-002830,VEH-SYN-04,SOR-01,LOC-SYN-CUS-144,1,2026-04-14T11:02:00-04:00,2026-04-14T14:02:00-04:00,84.976,delivered,B2B-V1-BASE,BLD-9102B6E8BF1ABFFC5F32,True
DEL-SYN-003538,ORD-SYN-002831,VEH-SYN-05,SOR-01,LOC-SYN-CUS-073,1,2026-04-13T11:43:00-04:00,2026-04-13T14:43:00-04:00,17.971,delivered,B2B-V1-BASE,BLD-9102B6E8BF1ABFFC5F32,True
DEL-SYN-003539,ORD-SYN-002832,VEH-SYN-06,SOR-01,LOC-SYN-CUS-082,1,2026-04-14T17:03:00-04:00,2026-04-14T20:03:00-04:00,95.328,delivered,B2B-V1-BASE,BLD-9102B6E8BF1ABFFC5F32,True
DEL-SYN-003540,ORD-SYN-002832,VEH-SYN-01,SOR-01,LOC-SYN-CUS-082,2,2026-04-15T03:03:00-04:00,2026-04-15T06:03:00-04:00,95.328,delivered,B2B-V1-BASE,BLD-9102B6E8BF1ABFFC5F32,True
DEL-SYN-003541,ORD-SYN-002833,VEH-SYN-01,SOR-01,LOC-SYN-CUS-114,1,2026-04-17T17:33:00-04:00,2026-04-17T20:33:00-04:00,98.868,delivered,B2B-V1-BASE,BLD-9102B6E8BF1ABFFC5F32,True
DEL-SYN-003542,ORD-SYN-002834,VEH-SYN-02,SOR-01,LOC-SYN-CUS-126,1,2026-04-17T04:33:00-04:00,2026-04-17T07:33:00-04:00,96.582,delivered,B2B-V1-BASE,BLD-9102B6E8BF1ABFFC5F32,True
DEL-SYN-003543,ORD-SYN-002835,VEH-SYN-03,SOR-01,LOC-SYN-CUS-037,1,2026-04-13T04:48:00-04:00,2026-04-13T07:48:00-04:00,1.869,delivered,B2B-V1-BASE,BLD-9102B6E8BF1ABFFC5F32,True
DEL-SYN-003544,ORD-SYN-002836,VEH-SYN-04,SOR-01,LOC-SYN-CUS-065,1,2026-04-14T20:05:00-04:00,2026-04-14T23:05:00-04:00,13.49,delivered,B2B-V1-BASE,BLD-9102B6E8BF1ABFFC5F32,True
DEL-SYN-003545,ORD-SYN-002836,VEH-SYN-05,SOR-01,LOC-SYN-CUS-065,2,2026-04-15T06:05:00-04:00,2026-04-15T09:05:00-04:00,13.49,delivered,B2B-V1-BASE,BLD-9102B6E8BF1ABFFC5F32,True
DEL-SYN-003546,ORD-SYN-002837,VEH-SYN-05,SOR-01,LOC-SYN-CUS-060,1,2026-04-15T20:10:00-04:00,2026-04-15T23:10:00-04:00,99.346,delivered,B2B-V1-BASE,BLD-9102B6E8BF1ABFFC5F32,True
DEL-SYN-003547,ORD-SYN-002838,VEH-SYN-06,SOR-01,LOC-SYN-CUS-098,1,2026-04-13T06:25:00-04:00,2026-04-13T09:25:00-04:00,100.419,delivered_with_incident,B2B-V1-BASE,BLD-9102B6E8BF1ABFFC5F32,True
DEL-SYN-003548,ORD-SYN-002839,VEH-SYN-01,SOR-01,LOC-SYN-CUS-066,1,2026-04-17T06:45:00-04:00,2026-04-17T09:45:00-04:00,96.649,delivered,B2B-V1-BASE,BLD-9102B6E8BF1ABFFC5F32,True
DEL-SYN-003549,ORD-SYN-002840,VEH-SYN-02,SOR-01,LOC-SYN-CUS-065,1,2026-04-14T22:55:00-04:00,2026-04-15T01:55:00-04:00,13.49,delivered,B2B-V1-BASE,BLD-9102B6E8BF1ABFFC5F32,True
DEL-SYN-003550,ORD-SYN-002840,VEH-SYN-03,SOR-01,LOC-SYN-CUS-065,2,2026-04-15T08:55:00-04:00,2026-04-15T11:55:00-04:00,13.49,delivered,B2B-V1-BASE,BLD-9102B6E8BF1ABFFC5F32,True
DEL-SYN-003551,ORD-SYN-002841,VEH-SYN-03,SOR-01,LOC-SYN-CUS-072,1,2026-04-14T23:45:00-04:00,2026-04-15T02:45:00-04:00,106.388,delivered,B2B-V1-BASE,BLD-9102B6E8BF1ABFFC5F32,True
DEL-SYN-003552,ORD-SYN-002842,VEH-SYN-04,SOR-01,LOC-SYN-CUS-017,1,2026-04-15T11:13:00-04:00,2026-04-15T14:13:00-04:00,7.536,delivered,B2B-V1-BASE,BLD-9102B6E8BF1ABFFC5F32,True
DEL-SYN-003553,ORD-SYN-002843,VEH-SYN-05,SOR-01,LOC-SYN-CUS-109,1,2026-04-13T11:39:00-04:00,2026-04-13T14:39:00-04:00,15.631,delivered,B2B-V1-BASE,BLD-9102B6E8BF1ABFFC5F32,True
DEL-SYN-003554,ORD-SYN-002844,VEH-SYN-06,SOR-01,LOC-SYN-CUS-025,1,2026-04-14T09:26:00-04:00,2026-04-14T12:26:00-04:00,12.656,delivered,B2B-V1-BASE,BLD-9102B6E8BF1ABFFC5F32,True
DEL-SYN-003555,ORD-SYN-002844,VEH-SYN-01,SOR-01,LOC-SYN-CUS-025,2,2026-04-14T23:26:00-04:00,2026-04-15T02:26:00-04:00,12.656,delivered,B2B-V1-BASE,BLD-9102B6E8BF1ABFFC5F32,True
DEL-SYN-003556,ORD-SYN-002845,VEH-SYN-01,SOR-01,LOC-SYN-CUS-053,1,2026-04-17T03:30:00-04:00,2026-04-17T06:30:00-04:00,11.138,delivered,B2B-V1-BASE,BLD-9102B6E8BF1ABFFC5F32,True
DEL-SYN-003557,ORD-SYN-002846,VEH-SYN-02,SOR-01,LOC-SYN-CUS-056,1,2026-04-16T04:48:00-04:00,2026-04-16T07:48:00-04:00,107.19,delivered,B2B-V1-BASE,BLD-9102B6E8BF1ABFFC5F32,True
DEL-SYN-003558,ORD-SYN-002847,VEH-SYN-03,SOR-01,LOC-SYN-CUS-030,1,2026-04-16T19:08:00-04:00,2026-04-16T22:08:00-04:00,95.926,delivered,B2B-V1-BASE,BLD-9102B6E8BF1ABFFC5F32,True
DEL-SYN-003559,ORD-SYN-002848,VEH-SYN-04,SOR-01,LOC-SYN-CUS-014,1,2026-04-17T19:18:00-04:00,2026-04-17T22:18:00-04:00,98.171,delivered,B2B-V1-BASE,BLD-9102B6E8BF1ABFFC5F32,True
DEL-SYN-003560,ORD-SYN-002848,VEH-SYN-05,SOR-01,LOC-SYN-CUS-014,2,2026-04-18T05:18:00-04:00,2026-04-18T08:18:00-04:00,98.171,delivered,B2B-V1-BASE,BLD-9102B6E8BF1ABFFC5F32,True
DEL-SYN-003561,ORD-SYN-002849,VEH-SYN-05,SOR-01,LOC-SYN-CUS-120,1,2026-04-15T05:35:00-04:00,2026-04-15T08:35:00-04:00,87.645,delivered,B2B-V1-BASE,BLD-9102B6E8BF1ABFFC5F32,True
DEL-SYN-003562,ORD-SYN-002850,VEH-SYN-06,SOR-01,LOC-SYN-CUS-036,1,2026-04-17T19:58:00-04:00,2026-04-17T22:58:00-04:00,96.208,delivered,B2B-V1-BASE,BLD-9102B6E8BF1ABFFC5F32,True
DEL-SYN-003563,ORD-SYN-002851,VEH-SYN-01,SOR-01,LOC-SYN-CUS-092,1,2026-04-15T06:04:00-04:00,2026-04-15T09:04:00-04:00,97.21,delivered,B2B-V1-BASE,BLD-9102B6E8BF1ABFFC5F32,True
DEL-SYN-003564,ORD-SYN-002852,VEH-SYN-02,SOR-01,LOC-SYN-CUS-004,1,2026-04-14T20:14:00-04:00,2026-04-14T23:14:00-04:00,101.893,delivered,B2B-V1-BASE,BLD-9102B6E8BF1ABFFC5F32,True
DEL-SYN-003565,ORD-SYN-002852,VEH-SYN-03,SOR-01,LOC-SYN-CUS-004,2,2026-04-15T06:14:00-04:00,2026-04-15T09:14:00-04:00,101.893,delivered,B2B-V1-BASE,BLD-9102B6E8BF1ABFFC5F32,True
DEL-SYN-003566,ORD-SYN-002853,VEH-SYN-03,SOR-01,LOC-SYN-CUS-022,1,2026-04-14T08:51:00-04:00,2026-04-14T11:51:00-04:00,97.576,delivered,B2B-V1-BASE,BLD-9102B6E8BF1ABFFC5F32,True
DEL-SYN-003567,ORD-SYN-002854,VEH-SYN-04,SOR-01,LOC-SYN-CUS-044,1,2026-04-14T10:24:00-04:00,2026-04-14T13:24:00-04:00,96.701,delivered,B2B-V1-BASE,BLD-9102B6E8BF1ABFFC5F32,True
DEL-SYN-003568,ORD-SYN-002855,VEH-SYN-05,SOR-01,LOC-SYN-CUS-143,1,2026-04-14T10:43:00-04:00,2026-04-14T13:43:00-04:00,10.494,delivered,B2B-V1-BASE,BLD-9102B6E8BF1ABFFC5F32,True
DEL-SYN-003569,ORD-SYN-002856,VEH-SYN-06,SOR-01,LOC-SYN-CUS-127,1,2026-04-14T00:46:00-04:00,2026-04-14T03:46:00-04:00,11.422,delivered,B2B-V1-BASE,BLD-9102B6E8BF1ABFFC5F32,True
DEL-SYN-003570,ORD-SYN-002856,VEH-SYN-01,SOR-01,LOC-SYN-CUS-127,2,2026-04-14T10:46:00-04:00,2026-04-14T13:46:00-04:00,11.422,delivered,B2B-V1-BASE,BLD-9102B6E8BF1ABFFC5F32,True
DEL-SYN-003571,ORD-SYN-002857,VEH-SYN-01,SOR-01,LOC-SYN-CUS-005,1,2026-04-16T10:56:00-04:00,2026-04-16T13:56:00-04:00,9.779,delivered,B2B-V1-BASE,BLD-9102B6E8BF1ABFFC5F32,True
DEL-SYN-003572,ORD-SYN-002858,VEH-SYN-02,SOR-01,LOC-SYN-CUS-061,1,2026-04-16T11:08:00-04:00,2026-04-16T14:08:00-04:00,12.904,delivered,B2B-V1-BASE,BLD-9102B6E8BF1ABFFC5F32,True
DEL-SYN-003573,ORD-SYN-002859,VEH-SYN-03,SOR-01,LOC-SYN-CUS-121,1,2026-04-18T11:12:00-04:00,2026-04-18T14:12:00-04:00,1.523,delivered,B2B-V1-BASE,BLD-9102B6E8BF1ABFFC5F32,True
DEL-SYN-003574,ORD-SYN-002860,VEH-SYN-04,SOR-01,LOC-SYN-CUS-090,1,2026-04-15T01:57:00-04:00,2026-04-15T04:57:00-04:00,114.028,delivered,B2B-V1-BASE,BLD-9102B6E8BF1ABFFC5F32,True
DEL-SYN-003575,ORD-SYN-002860,VEH-SYN-05,SOR-01,LOC-SYN-CUS-090,2,2026-04-15T11:57:00-04:00,2026-04-15T14:57:00-04:00,114.028,delivered,B2B-V1-BASE,BLD-9102B6E8BF1ABFFC5F32,True
DEL-SYN-003576,ORD-SYN-002861,VEH-SYN-05,SOR-01,LOC-SYN-CUS-024,1,2026-04-18T12:07:00-04:00,2026-04-18T15:07:00-04:00,107.095,delivered,B2B-V1-BASE,BLD-9102B6E8BF1ABFFC5F32,True
DEL-SYN-003577,ORD-SYN-002862,VEH-SYN-06,SOR-01,LOC-SYN-CUS-106,1,2026-04-17T12:12:00-04:00,2026-04-17T15:12:00-04:00,97.3,delivered,B2B-V1-BASE,BLD-9102B6E8BF1ABFFC5F32,True
DEL-SYN-003578,ORD-SYN-002863,VEH-SYN-01,SOR-01,LOC-SYN-CUS-070,1,2026-04-15T04:14:00-04:00,2026-04-15T07:14:00-04:00,93.688,delivered,B2B-V1-BASE,BLD-9102B6E8BF1ABFFC5F32,True
DEL-SYN-003579,ORD-SYN-002864,VEH-SYN-02,SOR-01,LOC-SYN-CUS-085,1,2026-04-17T19:26:00-04:00,2026-04-17T22:26:00-04:00,11.234,delivered,B2B-V1-BASE,BLD-9102B6E8BF1ABFFC5F32,True
DEL-SYN-003580,ORD-SYN-002864,VEH-SYN-03,SOR-01,LOC-SYN-CUS-085,2,2026-04-18T05:26:00-04:00,2026-04-18T08:26:00-04:00,11.234,delivered,B2B-V1-BASE,BLD-9102B6E8BF1ABFFC5F32,True
DEL-SYN-003581,ORD-SYN-002865,VEH-SYN-03,SOR-01,LOC-SYN-CUS-062,1,2026-04-15T05:31:00-04:00,2026-04-15T08:31:00-04:00,84.711,delivered,B2B-V1-BASE,BLD-9102B6E8BF1ABFFC5F32,True
DEL-SYN-003582,ORD-SYN-002866,VEH-SYN-04,SOR-01,LOC-SYN-CUS-032,1,2026-04-17T06:16:00-04:00,2026-04-17T09:16:00-04:00,100.378,delivered,B2B-V1-BASE,BLD-9102B6E8BF1ABFFC5F32,True
DEL-SYN-003583,ORD-SYN-002867,VEH-SYN-05,SOR-01,LOC-SYN-CUS-077,1,2026-04-15T20:51:00-04:00,2026-04-15T23:51:00-04:00,6.85,delivered,B2B-V1-BASE,BLD-9102B6E8BF1ABFFC5F32,True
DEL-SYN-003584,ORD-SYN-002868,VEH-SYN-06,SOR-01,LOC-SYN-CUS-057,1,2026-04-15T21:12:00-04:00,2026-04-16T00:12:00-04:00,11.041,delivered,B2B-V1-BASE,BLD-9102B6E8BF1ABFFC5F32,True
DEL-SYN-003585,ORD-SYN-002868,VEH-SYN-01,SOR-01,LOC-SYN-CUS-057,2,2026-04-16T07:12:00-04:00,2026-04-16T10:12:00-04:00,11.041,delivered,B2B-V1-BASE,BLD-9102B6E8BF1ABFFC5F32,True
DEL-SYN-003586,ORD-SYN-002869,VEH-SYN-01,SOR-01,LOC-SYN-CUS-143,1,2026-04-18T07:16:00-04:00,2026-04-18T10:16:00-04:00,10.494,delivered,B2B-V1-BASE,BLD-9102B6E8BF1ABFFC5F32,True
DEL-SYN-003587,ORD-SYN-002870,VEH-SYN-02,SOR-01,LOC-SYN-CUS-104,1,2026-04-17T08:02:00-04:00,2026-04-17T11:02:00-04:00,101.385,delivered,B2B-V1-BASE,BLD-9102B6E8BF1ABFFC5F32,True
DEL-SYN-003588,ORD-SYN-002871,VEH-SYN-03,SOR-01,LOC-SYN-CUS-134,1,2026-04-19T08:43:00-04:00,2026-04-19T11:43:00-04:00,101.573,delivered,B2B-V1-BASE,BLD-9102B6E8BF1ABFFC5F32,True
DEL-SYN-003589,ORD-SYN-002872,VEH-SYN-04,SOR-01,LOC-SYN-CUS-105,1,2026-04-15T23:39:00-04:00,2026-04-16T02:39:00-04:00,13.533,delivered,B2B-V1-BASE,BLD-9102B6E8BF1ABFFC5F32,True
DEL-SYN-003590,ORD-SYN-002872,VEH-SYN-05,SOR-01,LOC-SYN-CUS-105,2,2026-04-16T09:39:00-04:00,2026-04-16T12:39:00-04:00,13.533,delivered,B2B-V1-BASE,BLD-9102B6E8BF1ABFFC5F32,True
DEL-SYN-003591,ORD-SYN-002873,VEH-SYN-05,SOR-01,LOC-SYN-CUS-033,1,2026-04-18T12:18:00-04:00,2026-04-18T15:18:00-04:00,13.637,delivered,B2B-V1-BASE,BLD-9102B6E8BF1ABFFC5F32,True
DEL-SYN-003592,ORD-SYN-002874,VEH-SYN-06,SOR-01,LOC-SYN-CUS-019,1,2026-04-19T03:03:00-04:00,2026-04-19T06:03:00-04:00,11.18,delivered,B2B-V1-BASE,BLD-9102B6E8BF1ABFFC5F32,True
DEL-SYN-003593,ORD-SYN-002875,VEH-SYN-01,SOR-01,LOC-SYN-CUS-090,1,2026-04-19T03:47:00-04:00,2026-04-19T06:47:00-04:00,114.028,delivered,B2B-V1-BASE,BLD-9102B6E8BF1ABFFC5F32,True
DEL-SYN-003594,ORD-SYN-002876,VEH-SYN-02,SOR-01,LOC-SYN-CUS-038,1,2026-04-18T18:05:00-04:00,2026-04-18T21:05:00-04:00,91.614,delivered,B2B-V1-BASE,BLD-9102B6E8BF1ABFFC5F32,True
DEL-SYN-003595,ORD-SYN-002876,VEH-SYN-03,SOR-01,LOC-SYN-CUS-038,2,2026-04-19T04:05:00-04:00,2026-04-19T07:05:00-04:00,91.614,delivered,B2B-V1-BASE,BLD-9102B6E8BF1ABFFC5F32,True
DEL-SYN-003596,ORD-SYN-002877,VEH-SYN-03,SOR-01,LOC-SYN-CUS-147,1,2026-04-18T05:35:00-04:00,2026-04-18T08:35:00-04:00,13.232,delivered,B2B-V1-BASE,BLD-9102B6E8BF1ABFFC5F32,True
DEL-SYN-003597,ORD-SYN-002878,VEH-SYN-04,SOR-01,LOC-SYN-CUS-142,1,2026-04-16T05:52:00-04:00,2026-04-16T08:52:00-04:00,96.727,delivered,B2B-V1-BASE,BLD-9102B6E8BF1ABFFC5F32,True
DEL-SYN-003598,ORD-SYN-002879,VEH-SYN-05,SOR-01,LOC-SYN-CUS-086,1,2026-04-17T06:12:00-04:00,2026-04-17T09:12:00-04:00,100.855,delivered,B2B-V1-BASE,BLD-9102B6E8BF1ABFFC5F32,True
DEL-SYN-003599,ORD-SYN-002880,VEH-SYN-06,SOR-01,LOC-SYN-CUS-121,1,2026-04-16T21:42:00-04:00,2026-04-17T00:42:00-04:00,1.523,delivered,B2B-V1-BASE,BLD-9102B6E8BF1ABFFC5F32,True
DEL-SYN-003600,ORD-SYN-002880,VEH-SYN-01,SOR-01,LOC-SYN-CUS-121,2,2026-04-17T07:42:00-04:00,2026-04-17T10:42:00-04:00,1.523,delivered,B2B-V1-BASE,BLD-9102B6E8BF1ABFFC5F32,True
DEL-SYN-003601,ORD-SYN-002881,VEH-SYN-01,SOR-01,LOC-SYN-CUS-098,1,2026-04-20T07:46:00-04:00,2026-04-20T10:46:00-04:00,100.419,delivered,B2B-V1-BASE,BLD-9102B6E8BF1ABFFC5F32,True
DEL-SYN-003602,ORD-SYN-002882,VEH-SYN-02,SOR-01,LOC-SYN-CUS-146,1,2026-04-18T08:02:00-04:00,2026-04-18T11:02:00-04:00,99.257,delivered,B2B-V1-BASE,BLD-9102B6E8BF1ABFFC5F32,True
DEL-SYN-003603,ORD-SYN-002883,VEH-SYN-03,SOR-01,LOC-SYN-CUS-049,1,2026-04-18T09:22:00-04:00,2026-04-18T12:22:00-04:00,13.054,delivered,B2B-V1-BASE,BLD-9102B6E8BF1ABFFC5F32,True
DEL-SYN-003604,ORD-SYN-002884,VEH-SYN-04,SOR-01,LOC-SYN-CUS-103,1,2026-04-19T23:31:00-04:00,2026-04-20T02:31:00-04:00,8.326,delivered,B2B-V1-BASE,BLD-9102B6E8BF1ABFFC5F32,True
DEL-SYN-003605,ORD-SYN-002884,VEH-SYN-05,SOR-01,LOC-SYN-CUS-103,2,2026-04-20T09:31:00-04:00,2026-04-20T12:31:00-04:00,8.326,delivered,B2B-V1-BASE,BLD-9102B6E8BF1ABFFC5F32,True
DEL-SYN-003606,ORD-SYN-002885,VEH-SYN-05,SOR-01,LOC-SYN-CUS-097,1,2026-04-20T00:01:00-04:00,2026-04-20T03:01:00-04:00,10.67,delivered,B2B-V1-BASE,BLD-9102B6E8BF1ABFFC5F32,True
DEL-SYN-003607,ORD-SYN-002886,VEH-SYN-06,SOR-01,LOC-SYN-CUS-039,1,2026-04-18T11:49:00-04:00,2026-04-18T14:49:00-04:00,12.9,delivered,B2B-V1-BASE,BLD-9102B6E8BF1ABFFC5F32,True
DEL-SYN-003608,ORD-SYN-002887,VEH-SYN-01,SOR-01,LOC-SYN-CUS-062,1,2026-04-17T12:43:00-04:00,2026-04-17T15:43:00-04:00,84.711,delivered,B2B-V1-BASE,BLD-9102B6E8BF1ABFFC5F32,True
DEL-SYN-003609,ORD-SYN-002888,VEH-SYN-02,SOR-01,LOC-SYN-CUS-067,1,2026-04-20T09:35:00-04:00,2026-04-20T12:35:00-04:00,13.624,delivered,B2B-V1-BASE,BLD-9102B6E8BF1ABFFC5F32,True
DEL-SYN-003610,ORD-SYN-002888,VEH-SYN-03,SOR-01,LOC-SYN-CUS-067,2,2026-04-20T23:35:00-04:00,2026-04-21T02:35:00-04:00,13.624,delivered,B2B-V1-BASE,BLD-9102B6E8BF1ABFFC5F32,True
DEL-SYN-003611,ORD-SYN-002889,VEH-SYN-03,SOR-01,LOC-SYN-CUS-084,1,2026-04-21T20:08:00-04:00,2026-04-21T23:08:00-04:00,94.071,delivered_with_incident,B2B-V1-BASE,BLD-9102B6E8BF1ABFFC5F32,True
DEL-SYN-003612,ORD-SYN-002890,VEH-SYN-04,SOR-01,LOC-SYN-CUS-045,1,2026-04-19T06:37:00-04:00,2026-04-19T09:37:00-04:00,12.037,delivered,B2B-V1-BASE,BLD-9102B6E8BF1ABFFC5F32,True
DEL-SYN-003613,ORD-SYN-002891,VEH-SYN-05,SOR-01,LOC-SYN-CUS-098,1,2026-04-18T07:30:00-04:00,2026-04-18T10:30:00-04:00,100.419,delivered,B2B-V1-BASE,BLD-9102B6E8BF1ABFFC5F32,True
DEL-SYN-003614,ORD-SYN-002892,VEH-SYN-06,SOR-01,LOC-SYN-CUS-038,1,2026-04-20T13:50:00-04:00,2026-04-20T16:50:00-04:00,91.614,delivered,B2B-V1-BASE,BLD-9102B6E8BF1ABFFC5F32,True
DEL-SYN-003615,ORD-SYN-002892,VEH-SYN-01,SOR-01,LOC-SYN-CUS-038,2,2026-04-21T03:50:00-04:00,2026-04-21T06:50:00-04:00,91.614,delivered,B2B-V1-BASE,BLD-9102B6E8BF1ABFFC5F32,True
DEL-SYN-003616,ORD-SYN-002893,VEH-SYN-01,SOR-01,LOC-SYN-CUS-035,1,2026-04-21T09:01:00-04:00,2026-04-21T12:01:00-04:00,7.948,delivered,B2B-V1-BASE,BLD-9102B6E8BF1ABFFC5F32,True
DEL-SYN-003617,ORD-SYN-002894,VEH-SYN-02,SOR-01,LOC-SYN-CUS-098,1,2026-04-20T23:55:00-04:00,2026-04-21T02:55:00-04:00,100.419,delivered,B2B-V1-BASE,BLD-9102B6E8BF1ABFFC5F32,True
DEL-SYN-003618,ORD-SYN-002895,VEH-SYN-03,SOR-01,LOC-SYN-CUS-065,1,2026-04-18T10:05:00-04:00,2026-04-18T13:05:00-04:00,13.49,delivered,B2B-V1-BASE,BLD-9102B6E8BF1ABFFC5F32,True
DEL-SYN-003619,ORD-SYN-002896,VEH-SYN-04,SOR-01,LOC-SYN-CUS-082,1,2026-04-21T00:20:00-04:00,2026-04-21T03:20:00-04:00,95.328,delivered,B2B-V1-BASE,BLD-9102B6E8BF1ABFFC5F32,True
DEL-SYN-003620,ORD-SYN-002896,VEH-SYN-05,SOR-01,LOC-SYN-CUS-082,2,2026-04-21T10:20:00-04:00,2026-04-21T13:20:00-04:00,95.328,delivered,B2B-V1-BASE,BLD-9102B6E8BF1ABFFC5F32,True
DEL-SYN-003621,ORD-SYN-002897,VEH-SYN-05,SOR-01,LOC-SYN-CUS-066,1,2026-04-21T10:35:00-04:00,2026-04-21T13:35:00-04:00,96.649,delivered,B2B-V1-BASE,BLD-9102B6E8BF1ABFFC5F32,True
DEL-SYN-003622,ORD-SYN-002898,VEH-SYN-06,SOR-01,LOC-SYN-CUS-027,1,2026-04-19T11:04:00-04:00,2026-04-19T14:04:00-04:00,12.025,delivered,B2B-V1-BASE,BLD-9102B6E8BF1ABFFC5F32,True
DEL-SYN-003623,ORD-SYN-002899,VEH-SYN-01,SOR-01,LOC-SYN-CUS-043,1,2026-04-19T01:28:00-04:00,2026-04-19T04:28:00-04:00,10.148,delivered,B2B-V1-BASE,BLD-9102B6E8BF1ABFFC5F32,True
DEL-SYN-003624,ORD-SYN-002900,VEH-SYN-02,SOR-01,LOC-SYN-CUS-064,1,2026-04-18T02:32:00-04:00,2026-04-18T05:32:00-04:00,102.777,delivered,B2B-V1-BASE,BLD-9102B6E8BF1ABFFC5F32,True
DEL-SYN-003625,ORD-SYN-002900,VEH-SYN-03,SOR-01,LOC-SYN-CUS-064,2,2026-04-18T12:32:00-04:00,2026-04-18T15:32:00-04:00,102.777,delivered,B2B-V1-BASE,BLD-9102B6E8BF1ABFFC5F32,True
DEL-SYN-003626,ORD-SYN-002901,VEH-SYN-03,SOR-01,LOC-SYN-CUS-049,1,2026-04-18T18:15:00-04:00,2026-04-18T21:15:00-04:00,13.054,delivered,B2B-V1-BASE,BLD-9102B6E8BF1ABFFC5F32,True
DEL-SYN-003627,ORD-SYN-002902,VEH-SYN-04,SOR-01,LOC-SYN-CUS-004,1,2026-04-20T06:05:00-04:00,2026-04-20T09:05:00-04:00,101.893,delivered,B2B-V1-BASE,BLD-9102B6E8BF1ABFFC5F32,True
DEL-SYN-003628,ORD-SYN-002903,VEH-SYN-05,SOR-01,LOC-SYN-CUS-042,1,2026-04-21T06:23:00-04:00,2026-04-21T09:23:00-04:00,96.283,delivered,B2B-V1-BASE,BLD-9102B6E8BF1ABFFC5F32,True
DEL-SYN-003629,ORD-SYN-002904,VEH-SYN-06,SOR-01,LOC-SYN-CUS-141,1,2026-04-18T20:46:00-04:00,2026-04-18T23:46:00-04:00,3.791,delivered,B2B-V1-BASE,BLD-9102B6E8BF1ABFFC5F32,True
DEL-SYN-003630,ORD-SYN-002904,VEH-SYN-01,SOR-01,LOC-SYN-CUS-141,2,2026-04-19T06:46:00-04:00,2026-04-19T09:46:00-04:00,3.791,delivered,B2B-V1-BASE,BLD-9102B6E8BF1ABFFC5F32,True
DEL-SYN-003631,ORD-SYN-002905,VEH-SYN-01,SOR-01,LOC-SYN-CUS-058,1,2026-04-18T20:58:00-04:00,2026-04-18T23:58:00-04:00,98.394,delivered,B2B-V1-BASE,BLD-9102B6E8BF1ABFFC5F32,True
DEL-SYN-003632,ORD-SYN-002906,VEH-SYN-02,SOR-01,LOC-SYN-CUS-092,1,2026-04-22T09:29:00-04:00,2026-04-22T12:29:00-04:00,97.21,delivered_with_incident,B2B-V1-BASE,BLD-9102B6E8BF1ABFFC5F32,True
DEL-SYN-003633,ORD-SYN-002907,VEH-SYN-03,SOR-01,LOC-SYN-CUS-022,1,2026-04-20T09:40:00-04:00,2026-04-20T12:40:00-04:00,97.576,delivered,B2B-V1-BASE,BLD-9102B6E8BF1ABFFC5F32,True
DEL-SYN-003634,ORD-SYN-002908,VEH-SYN-04,SOR-01,LOC-SYN-CUS-122,1,2026-04-21T00:54:00-04:00,2026-04-21T03:54:00-04:00,107.646,delivered,B2B-V1-BASE,BLD-9102B6E8BF1ABFFC5F32,True
DEL-SYN-003635,ORD-SYN-002908,VEH-SYN-05,SOR-01,LOC-SYN-CUS-122,2,2026-04-21T10:54:00-04:00,2026-04-21T13:54:00-04:00,107.646,delivered,B2B-V1-BASE,BLD-9102B6E8BF1ABFFC5F32,True
DEL-SYN-003636,ORD-SYN-002909,VEH-SYN-05,SOR-01,LOC-SYN-CUS-075,1,2026-04-21T04:45:00-04:00,2026-04-21T07:45:00-04:00,11.238,delivered_with_incident,B2B-V1-BASE,BLD-9102B6E8BF1ABFFC5F32,True
DEL-SYN-003637,ORD-SYN-002910,VEH-SYN-06,SOR-01,LOC-SYN-CUS-098,1,2026-04-22T06:01:00-04:00,2026-04-22T09:01:00-04:00,100.419,delivered,B2B-V1-BASE,BLD-9102B6E8BF1ABFFC5F32,True
DEL-SYN-003638,ORD-SYN-002911,VEH-SYN-01,SOR-01,LOC-SYN-CUS-082,1,2026-04-23T06:36:00-04:00,2026-04-23T09:36:00-04:00,95.328,delivered,B2B-V1-BASE,BLD-9102B6E8BF1ABFFC5F32,True
DEL-SYN-003639,ORD-SYN-002912,VEH-SYN-02,SOR-01,LOC-SYN-CUS-050,1,2026-04-18T22:39:00-04:00,2026-04-19T01:39:00-04:00,95.323,delivered,B2B-V1-BASE,BLD-9102B6E8BF1ABFFC5F32,True
DEL-SYN-003640,ORD-SYN-002912,VEH-SYN-03,SOR-01,LOC-SYN-CUS-050,2,2026-04-19T08:39:00-04:00,2026-04-19T11:39:00-04:00,95.323,delivered,B2B-V1-BASE,BLD-9102B6E8BF1ABFFC5F32,True
DEL-SYN-003641,ORD-SYN-002913,VEH-SYN-03,SOR-01,LOC-SYN-CUS-067,1,2026-04-19T09:49:00-04:00,2026-04-19T12:49:00-04:00,13.624,delivered,B2B-V1-BASE,BLD-9102B6E8BF1ABFFC5F32,True
DEL-SYN-003642,ORD-SYN-002914,VEH-SYN-04,SOR-01,LOC-SYN-CUS-113,1,2026-04-21T09:59:00-04:00,2026-04-21T12:59:00-04:00,18.69,delivered,B2B-V1-BASE,BLD-9102B6E8BF1ABFFC5F32,True
DEL-SYN-003643,ORD-SYN-002915,VEH-SYN-05,SOR-01,LOC-SYN-CUS-078,1,2026-04-23T10:00:00-04:00,2026-04-23T13:00:00-04:00,97.926,delivered,B2B-V1-BASE,BLD-9102B6E8BF1ABFFC5F32,True
DEL-SYN-003644,ORD-SYN-002916,VEH-SYN-06,SOR-01,LOC-SYN-CUS-042,1,2026-04-20T16:01:00-04:00,2026-04-20T19:01:00-04:00,96.283,delivered,B2B-V1-BASE,BLD-9102B6E8BF1ABFFC5F32,True
DEL-SYN-003645,ORD-SYN-002916,VEH-SYN-01,SOR-01,LOC-SYN-CUS-042,2,2026-04-21T06:01:00-04:00,2026-04-21T09:01:00-04:00,96.283,delivered,B2B-V1-BASE,BLD-9102B6E8BF1ABFFC5F32,True
DEL-SYN-003646,ORD-SYN-002917,VEH-SYN-01,SOR-01,LOC-SYN-CUS-117,1,2026-04-22T01:16:00-04:00,2026-04-22T04:16:00-04:00,14.483,delivered,B2B-V1-BASE,BLD-9102B6E8BF1ABFFC5F32,True
DEL-SYN-003647,ORD-SYN-002918,VEH-SYN-02,SOR-01,LOC-SYN-CUS-130,1,2026-04-23T02:15:00-04:00,2026-04-23T05:15:00-04:00,92.017,delivered,B2B-V1-BASE,BLD-9102B6E8BF1ABFFC5F32,True
DEL-SYN-003648,ORD-SYN-002919,VEH-SYN-03,SOR-01,LOC-SYN-CUS-130,1,2026-04-19T12:44:00-04:00,2026-04-19T15:44:00-04:00,92.017,delivered,B2B-V1-BASE,BLD-9102B6E8BF1ABFFC5F32,True
DEL-SYN-003649,ORD-SYN-002920,VEH-SYN-04,SOR-01,LOC-SYN-CUS-070,1,2026-04-22T17:09:00-04:00,2026-04-22T20:09:00-04:00,93.688,delivered,B2B-V1-BASE,BLD-9102B6E8BF1ABFFC5F32,True
DEL-SYN-003650,ORD-SYN-002920,VEH-SYN-05,SOR-01,LOC-SYN-CUS-070,2,2026-04-23T03:09:00-04:00,2026-04-23T06:09:00-04:00,93.688,delivered,B2B-V1-BASE,BLD-9102B6E8BF1ABFFC5F32,True
DEL-SYN-003651,ORD-SYN-002921,VEH-SYN-05,SOR-01,LOC-SYN-CUS-081,1,2026-04-23T03:46:00-04:00,2026-04-23T06:46:00-04:00,6.44,delivered,B2B-V1-BASE,BLD-9102B6E8BF1ABFFC5F32,True
DEL-SYN-003652,ORD-SYN-002922,VEH-SYN-06,SOR-01,LOC-SYN-CUS-001,1,2026-04-23T04:38:00-04:00,2026-04-23T07:38:00-04:00,6.513,delivered,B2B-V1-BASE,BLD-9102B6E8BF1ABFFC5F32,True
DEL-SYN-003653,ORD-SYN-002923,VEH-SYN-01,SOR-01,LOC-SYN-CUS-047,1,2026-04-24T06:28:00-04:00,2026-04-24T09:28:00-04:00,14.65,delivered,B2B-V1-BASE,BLD-9102B6E8BF1ABFFC5F32,True
DEL-SYN-003654,ORD-SYN-002924,VEH-SYN-02,SOR-01,LOC-SYN-CUS-017,1,2026-04-21T20:42:00-04:00,2026-04-21T23:42:00-04:00,7.536,delivered,B2B-V1-BASE,BLD-9102B6E8BF1ABFFC5F32,True
DEL-SYN-003655,ORD-SYN-002924,VEH-SYN-03,SOR-01,LOC-SYN-CUS-017,2,2026-04-22T06:42:00-04:00,2026-04-22T09:42:00-04:00,7.536,delivered,B2B-V1-BASE,BLD-9102B6E8BF1ABFFC5F32,True
DEL-SYN-003656,ORD-SYN-002925,VEH-SYN-03,SOR-01,LOC-SYN-CUS-085,1,2026-04-22T08:10:00-04:00,2026-04-22T11:10:00-04:00,11.234,delivered,B2B-V1-BASE,BLD-9102B6E8BF1ABFFC5F32,True
DEL-SYN-003657,ORD-SYN-002926,VEH-SYN-04,SOR-01,LOC-SYN-CUS-108,1,2026-04-21T22:21:00-04:00,2026-04-22T01:21:00-04:00,104.477,delivered,B2B-V1-BASE,BLD-9102B6E8BF1ABFFC5F32,True
DEL-SYN-003658,ORD-SYN-002927,VEH-SYN-05,SOR-01,LOC-SYN-CUS-045,1,2026-04-24T23:13:00-04:00,2026-04-25T02:13:00-04:00,12.037,delivered,B2B-V1-BASE,BLD-9102B6E8BF1ABFFC5F32,True
DEL-SYN-003659,ORD-SYN-002928,VEH-SYN-06,SOR-01,LOC-SYN-CUS-017,1,2026-04-21T00:06:00-04:00,2026-04-21T03:06:00-04:00,7.536,delivered,B2B-V1-BASE,BLD-9102B6E8BF1ABFFC5F32,True
DEL-SYN-003660,ORD-SYN-002928,VEH-SYN-01,SOR-01,LOC-SYN-CUS-017,2,2026-04-21T10:06:00-04:00,2026-04-21T13:06:00-04:00,7.536,delivered,B2B-V1-BASE,BLD-9102B6E8BF1ABFFC5F32,True
DEL-SYN-003661,ORD-SYN-002929,VEH-SYN-01,SOR-01,LOC-SYN-CUS-122,1,2026-04-24T00:44:00-04:00,2026-04-24T03:44:00-04:00,107.646,delivered,B2B-V1-BASE,BLD-9102B6E8BF1ABFFC5F32,True
DEL-SYN-003662,ORD-SYN-002930,VEH-SYN-02,SOR-01,LOC-SYN-CUS-077,1,2026-04-23T11:07:00-04:00,2026-04-23T14:07:00-04:00,6.85,delivered,B2B-V1-BASE,BLD-9102B6E8BF1ABFFC5F32,True
DEL-SYN-003663,ORD-SYN-002931,VEH-SYN-03,SOR-01,LOC-SYN-CUS-127,1,2026-04-22T01:27:00-04:00,2026-04-22T04:27:00-04:00,11.422,delivered,B2B-V1-BASE,BLD-9102B6E8BF1ABFFC5F32,True
DEL-SYN-003664,ORD-SYN-002932,VEH-SYN-04,SOR-01,LOC-SYN-CUS-129,1,2026-04-21T02:00:00-04:00,2026-04-21T05:00:00-04:00,10.44,delivered,B2B-V1-BASE,BLD-9102B6E8BF1ABFFC5F32,True
DEL-SYN-003665,ORD-SYN-002932,VEH-SYN-05,SOR-01,LOC-SYN-CUS-129,2,2026-04-21T12:00:00-04:00,2026-04-21T15:00:00-04:00,10.44,delivered,B2B-V1-BASE,BLD-9102B6E8BF1ABFFC5F32,True
DEL-SYN-003666,ORD-SYN-002933,VEH-SYN-05,SOR-01,LOC-SYN-CUS-017,1,2026-04-22T12:17:00-04:00,2026-04-22T15:17:00-04:00,7.536,delivered,B2B-V1-BASE,BLD-9102B6E8BF1ABFFC5F32,True
DEL-SYN-003667,ORD-SYN-002934,VEH-SYN-06,SOR-01,LOC-SYN-CUS-059,1,2026-04-21T03:57:00-04:00,2026-04-21T06:57:00-04:00,13.382,delivered,B2B-V1-BASE,BLD-9102B6E8BF1ABFFC5F32,True
DEL-SYN-003668,ORD-SYN-002935,VEH-SYN-01,SOR-01,LOC-SYN-CUS-009,1,2026-04-25T03:59:00-04:00,2026-04-25T06:59:00-04:00,14.093,delivered,B2B-V1-BASE,BLD-9102B6E8BF1ABFFC5F32,True
DEL-SYN-003669,ORD-SYN-002936,VEH-SYN-02,SOR-01,LOC-SYN-CUS-038,1,2026-04-24T18:47:00-04:00,2026-04-24T21:47:00-04:00,91.614,delivered,B2B-V1-BASE,BLD-9102B6E8BF1ABFFC5F32,True
DEL-SYN-003670,ORD-SYN-002936,VEH-SYN-03,SOR-01,LOC-SYN-CUS-038,2,2026-04-25T04:47:00-04:00,2026-04-25T07:47:00-04:00,91.614,delivered,B2B-V1-BASE,BLD-9102B6E8BF1ABFFC5F32,True
DEL-SYN-003671,ORD-SYN-002937,VEH-SYN-03,SOR-01,LOC-SYN-CUS-005,1,2026-04-21T04:53:00-04:00,2026-04-21T07:53:00-04:00,9.779,delivered,B2B-V1-BASE,BLD-9102B6E8BF1ABFFC5F32,True
DEL-SYN-003672,ORD-SYN-002938,VEH-SYN-04,SOR-01,LOC-SYN-CUS-078,1,2026-04-21T07:15:00-04:00,2026-04-21T10:15:00-04:00,97.926,delivered,B2B-V1-BASE,BLD-9102B6E8BF1ABFFC5F32,True
DEL-SYN-003673,ORD-SYN-002939,VEH-SYN-05,SOR-01,LOC-SYN-CUS-105,1,2026-04-21T07:38:00-04:00,2026-04-21T10:38:00-04:00,13.533,delivered,B2B-V1-BASE,BLD-9102B6E8BF1ABFFC5F32,True
DEL-SYN-003674,ORD-SYN-002940,VEH-SYN-06,SOR-01,LOC-SYN-CUS-086,1,2026-04-21T14:56:00-04:00,2026-04-21T17:56:00-04:00,100.855,delivered_with_incident,B2B-V1-BASE,BLD-9102B6E8BF1ABFFC5F32,True
DEL-SYN-003675,ORD-SYN-002940,VEH-SYN-01,SOR-01,LOC-SYN-CUS-086,2,2026-04-22T04:56:00-04:00,2026-04-22T07:56:00-04:00,100.855,delivered,B2B-V1-BASE,BLD-9102B6E8BF1ABFFC5F32,True
DEL-SYN-003676,ORD-SYN-002941,VEH-SYN-01,SOR-01,LOC-SYN-CUS-144,1,2026-04-24T23:31:00-04:00,2026-04-25T02:31:00-04:00,84.976,delivered,B2B-V1-BASE,BLD-9102B6E8BF1ABFFC5F32,True
DEL-SYN-003677,ORD-SYN-002942,VEH-SYN-02,SOR-01,LOC-SYN-CUS-085,1,2026-04-21T11:37:00-04:00,2026-04-21T14:37:00-04:00,11.234,delivered,B2B-V1-BASE,BLD-9102B6E8BF1ABFFC5F32,True
DEL-SYN-003678,ORD-SYN-002943,VEH-SYN-03,SOR-01,LOC-SYN-CUS-145,1,2026-04-23T11:52:00-04:00,2026-04-23T14:52:00-04:00,9.581,delivered,B2B-V1-BASE,BLD-9102B6E8BF1ABFFC5F32,True
DEL-SYN-003679,ORD-SYN-002944,VEH-SYN-04,SOR-01,LOC-SYN-CUS-147,1,2026-04-24T17:20:00-04:00,2026-04-24T20:20:00-04:00,13.232,delivered,B2B-V1-BASE,BLD-9102B6E8BF1ABFFC5F32,True
DEL-SYN-003680,ORD-SYN-002944,VEH-SYN-05,SOR-01,LOC-SYN-CUS-147,2,2026-04-25T03:20:00-04:00,2026-04-25T06:20:00-04:00,13.232,delivered,B2B-V1-BASE,BLD-9102B6E8BF1ABFFC5F32,True
DEL-SYN-003681,ORD-SYN-002945,VEH-SYN-05,SOR-01,LOC-SYN-CUS-141,1,2026-04-22T03:58:00-04:00,2026-04-22T06:58:00-04:00,3.791,delivered,B2B-V1-BASE,BLD-9102B6E8BF1ABFFC5F32,True
DEL-SYN-003682,ORD-SYN-002946,VEH-SYN-06,SOR-01,LOC-SYN-CUS-091,1,2026-04-23T21:25:00-04:00,2026-04-24T00:25:00-04:00,11.908,delivered,B2B-V1-BASE,BLD-9102B6E8BF1ABFFC5F32,True
DEL-SYN-003683,ORD-SYN-002947,VEH-SYN-01,SOR-01,LOC-SYN-CUS-053,1,2026-04-24T22:34:00-04:00,2026-04-25T01:34:00-04:00,11.138,delivered,B2B-V1-BASE,BLD-9102B6E8BF1ABFFC5F32,True
DEL-SYN-003684,ORD-SYN-002948,VEH-SYN-02,SOR-01,LOC-SYN-CUS-114,1,2026-04-25T16:18:00-04:00,2026-04-25T19:18:00-04:00,98.868,delivered,B2B-V1-BASE,BLD-9102B6E8BF1ABFFC5F32,True
DEL-SYN-003685,ORD-SYN-002948,VEH-SYN-03,SOR-01,LOC-SYN-CUS-114,2,2026-04-26T06:18:00-04:00,2026-04-26T09:18:00-04:00,98.868,delivered,B2B-V1-BASE,BLD-9102B6E8BF1ABFFC5F32,True
DEL-SYN-003686,ORD-SYN-002949,VEH-SYN-03,SOR-01,LOC-SYN-CUS-029,1,2026-04-25T10:53:00-04:00,2026-04-25T13:53:00-04:00,8.682,delivered,B2B-V1-BASE,BLD-9102B6E8BF1ABFFC5F32,True
DEL-SYN-003687,ORD-SYN-002950,VEH-SYN-04,SOR-01,LOC-SYN-CUS-027,1,2026-04-23T11:03:00-04:00,2026-04-23T14:03:00-04:00,12.025,delivered,B2B-V1-BASE,BLD-9102B6E8BF1ABFFC5F32,True
DEL-SYN-003688,ORD-SYN-002951,VEH-SYN-05,SOR-01,LOC-SYN-CUS-025,1,2026-04-25T11:20:00-04:00,2026-04-25T14:20:00-04:00,12.656,delivered,B2B-V1-BASE,BLD-9102B6E8BF1ABFFC5F32,True
DEL-SYN-003689,ORD-SYN-002952,VEH-SYN-06,SOR-01,LOC-SYN-CUS-134,1,2026-04-25T01:40:00-04:00,2026-04-25T04:40:00-04:00,101.573,delivered,B2B-V1-BASE,BLD-9102B6E8BF1ABFFC5F32,True
DEL-SYN-003690,ORD-SYN-002952,VEH-SYN-01,SOR-01,LOC-SYN-CUS-134,2,2026-04-25T11:40:00-04:00,2026-04-25T14:40:00-04:00,101.573,delivered,B2B-V1-BASE,BLD-9102B6E8BF1ABFFC5F32,True
DEL-SYN-003691,ORD-SYN-002953,VEH-SYN-01,SOR-01,LOC-SYN-CUS-124,1,2026-04-22T11:44:00-04:00,2026-04-22T14:44:00-04:00,90.769,delivered,B2B-V1-BASE,BLD-9102B6E8BF1ABFFC5F32,True
DEL-SYN-003692,ORD-SYN-002954,VEH-SYN-02,SOR-01,LOC-SYN-CUS-045,1,2026-04-23T11:53:00-04:00,2026-04-23T14:53:00-04:00,12.037,delivered,B2B-V1-BASE,BLD-9102B6E8BF1ABFFC5F32,True
DEL-SYN-003693,ORD-SYN-002955,VEH-SYN-03,SOR-01,LOC-SYN-CUS-010,1,2026-04-27T04:33:00-04:00,2026-04-27T07:33:00-04:00,98.174,delivered,B2B-V1-BASE,BLD-9102B6E8BF1ABFFC5F32,True
DEL-SYN-003694,ORD-SYN-002956,VEH-SYN-04,SOR-01,LOC-SYN-CUS-049,1,2026-04-25T13:35:00-04:00,2026-04-25T16:35:00-04:00,13.054,delivered,B2B-V1-BASE,BLD-9102B6E8BF1ABFFC5F32,True
DEL-SYN-003695,ORD-SYN-002956,VEH-SYN-05,SOR-01,LOC-SYN-CUS-049,2,2026-04-26T03:35:00-04:00,2026-04-26T06:35:00-04:00,13.054,delivered,B2B-V1-BASE,BLD-9102B6E8BF1ABFFC5F32,True
DEL-SYN-003696,ORD-SYN-002957,VEH-SYN-05,SOR-01,LOC-SYN-CUS-008,1,2026-04-26T07:58:00-04:00,2026-04-26T10:58:00-04:00,89.436,delivered_with_incident,B2B-V1-BASE,BLD-9102B6E8BF1ABFFC5F32,True
DEL-SYN-003697,ORD-SYN-002958,VEH-SYN-06,SOR-01,LOC-SYN-CUS-033,1,2026-04-25T22:32:00-04:00,2026-04-26T01:32:00-04:00,13.637,delivered,B2B-V1-BASE,BLD-9102B6E8BF1ABFFC5F32,True
DEL-SYN-003698,ORD-SYN-002959,VEH-SYN-01,SOR-01,LOC-SYN-CUS-121,1,2026-04-24T08:33:00-04:00,2026-04-24T11:33:00-04:00,1.523,delivered,B2B-V1-BASE,BLD-9102B6E8BF1ABFFC5F32,True
DEL-SYN-003699,ORD-SYN-002960,VEH-SYN-02,SOR-01,LOC-SYN-CUS-054,1,2026-04-26T16:02:00-04:00,2026-04-26T19:02:00-04:00,92.335,delivered,B2B-V1-BASE,BLD-9102B6E8BF1ABFFC5F32,True
DEL-SYN-003700,ORD-SYN-002960,VEH-SYN-03,SOR-01,LOC-SYN-CUS-054,2,2026-04-27T06:02:00-04:00,2026-04-27T09:02:00-04:00,92.335,delivered,B2B-V1-BASE,BLD-9102B6E8BF1ABFFC5F32,True
DEL-SYN-003701,ORD-SYN-002961,VEH-SYN-03,SOR-01,LOC-SYN-CUS-099,1,2026-04-25T00:26:00-04:00,2026-04-25T03:26:00-04:00,11.542,delivered,B2B-V1-BASE,BLD-9102B6E8BF1ABFFC5F32,True
DEL-SYN-003702,ORD-SYN-002962,VEH-SYN-04,SOR-01,LOC-SYN-CUS-047,1,2026-04-26T11:35:00-04:00,2026-04-26T14:35:00-04:00,14.65,delivered,B2B-V1-BASE,BLD-9102B6E8BF1ABFFC5F32,True
DEL-SYN-003703,ORD-SYN-002963,VEH-SYN-05,SOR-01,LOC-SYN-CUS-143,1,2026-04-24T12:07:00-04:00,2026-04-24T15:07:00-04:00,10.494,delivered,B2B-V1-BASE,BLD-9102B6E8BF1ABFFC5F32,True
DEL-SYN-003704,ORD-SYN-002964,VEH-SYN-06,SOR-01,LOC-SYN-CUS-089,1,2026-04-25T02:11:00-04:00,2026-04-25T05:11:00-04:00,10.706,delivered,B2B-V1-BASE,BLD-9102B6E8BF1ABFFC5F32,True
DEL-SYN-003705,ORD-SYN-002964,VEH-SYN-01,SOR-01,LOC-SYN-CUS-089,2,2026-04-25T12:11:00-04:00,2026-04-25T15:11:00-04:00,10.706,delivered,B2B-V1-BASE,BLD-9102B6E8BF1ABFFC5F32,True
DEL-SYN-003706,ORD-SYN-002965,VEH-SYN-01,SOR-01,LOC-SYN-CUS-088,1,2026-04-26T12:49:00-04:00,2026-04-26T15:49:00-04:00,103.178,delivered,B2B-V1-BASE,BLD-9102B6E8BF1ABFFC5F32,True
DEL-SYN-003707,ORD-SYN-002966,VEH-SYN-02,SOR-01,LOC-SYN-CUS-097,1,2026-04-25T17:09:00-04:00,2026-04-25T20:09:00-04:00,10.67,delivered,B2B-V1-BASE,BLD-9102B6E8BF1ABFFC5F32,True
DEL-SYN-003708,ORD-SYN-002967,VEH-SYN-03,SOR-01,LOC-SYN-CUS-014,1,2026-04-26T05:21:00-04:00,2026-04-26T08:21:00-04:00,98.171,delivered,B2B-V1-BASE,BLD-9102B6E8BF1ABFFC5F32,True
DEL-SYN-003709,ORD-SYN-002968,VEH-SYN-04,SOR-01,LOC-SYN-CUS-150,1,2026-04-25T20:27:00-04:00,2026-04-25T23:27:00-04:00,93.487,delivered,B2B-V1-BASE,BLD-9102B6E8BF1ABFFC5F32,True
DEL-SYN-003710,ORD-SYN-002968,VEH-SYN-05,SOR-01,LOC-SYN-CUS-150,2,2026-04-26T06:27:00-04:00,2026-04-26T09:27:00-04:00,93.487,delivered,B2B-V1-BASE,BLD-9102B6E8BF1ABFFC5F32,True
DEL-SYN-003711,ORD-SYN-002969,VEH-SYN-05,SOR-01,LOC-SYN-CUS-090,1,2026-04-26T06:27:00-04:00,2026-04-26T09:27:00-04:00,114.028,delivered,B2B-V1-BASE,BLD-9102B6E8BF1ABFFC5F32,True
DEL-SYN-003712,ORD-SYN-002970,VEH-SYN-06,SOR-01,LOC-SYN-CUS-014,1,2026-04-27T06:41:00-04:00,2026-04-27T09:41:00-04:00,98.171,delivered,B2B-V1-BASE,BLD-9102B6E8BF1ABFFC5F32,True
DEL-SYN-003713,ORD-SYN-002971,VEH-SYN-01,SOR-01,LOC-SYN-CUS-009,1,2026-04-26T06:47:00-04:00,2026-04-26T09:47:00-04:00,14.093,delivered,B2B-V1-BASE,BLD-9102B6E8BF1ABFFC5F32,True
DEL-SYN-003714,ORD-SYN-002972,VEH-SYN-02,SOR-01,LOC-SYN-CUS-105,1,2026-04-23T21:23:00-04:00,2026-04-24T00:23:00-04:00,13.533,delivered,B2B-V1-BASE,BLD-9102B6E8BF1ABFFC5F32,True
DEL-SYN-003715,ORD-SYN-002972,VEH-SYN-03,SOR-01,LOC-SYN-CUS-105,2,2026-04-24T07:23:00-04:00,2026-04-24T10:23:00-04:00,13.533,delivered,B2B-V1-BASE,BLD-9102B6E8BF1ABFFC5F32,True
DEL-SYN-003716,ORD-SYN-002973,VEH-SYN-03,SOR-01,LOC-SYN-CUS-034,1,2026-04-27T00:16:00-04:00,2026-04-27T03:16:00-04:00,92.375,delivered,B2B-V1-BASE,BLD-9102B6E8BF1ABFFC5F32,True
DEL-SYN-003717,ORD-SYN-002974,VEH-SYN-04,SOR-01,LOC-SYN-CUS-042,1,2026-04-27T01:37:00-04:00,2026-04-27T04:37:00-04:00,96.283,delivered_with_incident,B2B-V1-BASE,BLD-9102B6E8BF1ABFFC5F32,True
DEL-SYN-003718,ORD-SYN-002975,VEH-SYN-05,SOR-01,LOC-SYN-CUS-054,1,2026-04-26T12:48:00-04:00,2026-04-26T15:48:00-04:00,92.335,delivered,B2B-V1-BASE,BLD-9102B6E8BF1ABFFC5F32,True
DEL-SYN-003719,ORD-SYN-002976,VEH-SYN-06,SOR-01,LOC-SYN-CUS-120,1,2026-04-26T18:39:00-04:00,2026-04-26T21:39:00-04:00,87.645,delivered,B2B-V1-BASE,BLD-9102B6E8BF1ABFFC5F32,True
DEL-SYN-003720,ORD-SYN-002976,VEH-SYN-01,SOR-01,LOC-SYN-CUS-120,2,2026-04-27T04:39:00-04:00,2026-04-27T07:39:00-04:00,87.645,delivered,B2B-V1-BASE,BLD-9102B6E8BF1ABFFC5F32,True
DEL-SYN-003721,ORD-SYN-002977,VEH-SYN-01,SOR-01,LOC-SYN-CUS-049,1,2026-04-26T04:43:00-04:00,2026-04-26T07:43:00-04:00,13.054,delivered,B2B-V1-BASE,BLD-9102B6E8BF1ABFFC5F32,True
DEL-SYN-003722,ORD-SYN-002978,VEH-SYN-02,SOR-01,LOC-SYN-CUS-086,1,2026-04-28T05:38:00-04:00,2026-04-28T08:38:00-04:00,100.855,delivered,B2B-V1-BASE,BLD-9102B6E8BF1ABFFC5F32,True
DEL-SYN-003723,ORD-SYN-002979,VEH-SYN-03,SOR-01,LOC-SYN-CUS-124,1,2026-04-26T05:46:00-04:00,2026-04-26T08:46:00-04:00,90.769,delivered,B2B-V1-BASE,BLD-9102B6E8BF1ABFFC5F32,True
DEL-SYN-003724,ORD-SYN-002980,VEH-SYN-04,SOR-01,LOC-SYN-CUS-101,1,2026-04-25T20:15:00-04:00,2026-04-25T23:15:00-04:00,8.729,delivered,B2B-V1-BASE,BLD-9102B6E8BF1ABFFC5F32,True
DEL-SYN-003725,ORD-SYN-002980,VEH-SYN-05,SOR-01,LOC-SYN-CUS-101,2,2026-04-26T06:15:00-04:00,2026-04-26T09:15:00-04:00,8.729,delivered,B2B-V1-BASE,BLD-9102B6E8BF1ABFFC5F32,True
DEL-SYN-003726,ORD-SYN-002981,VEH-SYN-05,SOR-01,LOC-SYN-CUS-135,1,2026-04-28T06:23:00-04:00,2026-04-28T09:23:00-04:00,15.798,delivered,B2B-V1-BASE,BLD-9102B6E8BF1ABFFC5F32,True
DEL-SYN-003727,ORD-SYN-002982,VEH-SYN-06,SOR-01,LOC-SYN-CUS-053,1,2026-04-27T07:05:00-04:00,2026-04-27T10:05:00-04:00,11.138,delivered,B2B-V1-BASE,BLD-9102B6E8BF1ABFFC5F32,True
DEL-SYN-003728,ORD-SYN-002983,VEH-SYN-01,SOR-01,LOC-SYN-CUS-074,1,2026-04-26T07:59:00-04:00,2026-04-26T10:59:00-04:00,106.713,delivered,B2B-V1-BASE,BLD-9102B6E8BF1ABFFC5F32,True
DEL-SYN-003729,ORD-SYN-002984,VEH-SYN-02,SOR-01,LOC-SYN-CUS-030,1,2026-04-25T22:01:00-04:00,2026-04-26T01:01:00-04:00,95.926,delivered,B2B-V1-BASE,BLD-9102B6E8BF1ABFFC5F32,True
DEL-SYN-003730,ORD-SYN-002984,VEH-SYN-03,SOR-01,LOC-SYN-CUS-030,2,2026-04-26T08:01:00-04:00,2026-04-26T11:01:00-04:00,95.926,delivered,B2B-V1-BASE,BLD-9102B6E8BF1ABFFC5F32,True
DEL-SYN-003731,ORD-SYN-002985,VEH-SYN-03,SOR-01,LOC-SYN-CUS-045,1,2026-04-25T08:35:00-04:00,2026-04-25T11:35:00-04:00,12.037,delivered,B2B-V1-BASE,BLD-9102B6E8BF1ABFFC5F32,True
DEL-SYN-003732,ORD-SYN-002986,VEH-SYN-04,SOR-01,LOC-SYN-CUS-147,1,2026-04-29T11:00:00-04:00,2026-04-29T14:00:00-04:00,13.232,delivered,B2B-V1-BASE,BLD-9102B6E8BF1ABFFC5F32,True
DEL-SYN-003733,ORD-SYN-002987,VEH-SYN-05,SOR-01,LOC-SYN-CUS-025,1,2026-04-29T11:11:00-04:00,2026-04-29T14:11:00-04:00,12.656,delivered,B2B-V1-BASE,BLD-9102B6E8BF1ABFFC5F32,True
DEL-SYN-003734,ORD-SYN-002988,VEH-SYN-06,SOR-01,LOC-SYN-CUS-047,1,2026-04-29T01:31:00-04:00,2026-04-29T04:31:00-04:00,14.65,delivered,B2B-V1-BASE,BLD-9102B6E8BF1ABFFC5F32,True
DEL-SYN-003735,ORD-SYN-002988,VEH-SYN-01,SOR-01,LOC-SYN-CUS-047,2,2026-04-29T11:31:00-04:00,2026-04-29T14:31:00-04:00,14.65,delivered,B2B-V1-BASE,BLD-9102B6E8BF1ABFFC5F32,True
DEL-SYN-003736,ORD-SYN-002989,VEH-SYN-01,SOR-01,LOC-SYN-CUS-126,1,2026-04-30T03:55:00-04:00,2026-04-30T06:55:00-04:00,96.582,delivered,B2B-V1-BASE,BLD-9102B6E8BF1ABFFC5F32,True
DEL-SYN-003737,ORD-SYN-002990,VEH-SYN-02,SOR-01,LOC-SYN-CUS-032,1,2026-04-30T04:11:00-04:00,2026-04-30T07:11:00-04:00,100.378,delivered,B2B-V1-BASE,BLD-9102B6E8BF1ABFFC5F32,True
DEL-SYN-003738,ORD-SYN-002991,VEH-SYN-03,SOR-01,LOC-SYN-CUS-037,1,2026-04-28T04:57:00-04:00,2026-04-28T07:57:00-04:00,1.869,delivered,B2B-V1-BASE,BLD-9102B6E8BF1ABFFC5F32,True
DEL-SYN-003739,ORD-SYN-002992,VEH-SYN-04,SOR-01,LOC-SYN-CUS-005,1,2026-04-27T19:27:00-04:00,2026-04-27T22:27:00-04:00,9.779,delivered,B2B-V1-BASE,BLD-9102B6E8BF1ABFFC5F32,True
DEL-SYN-003740,ORD-SYN-002992,VEH-SYN-05,SOR-01,LOC-SYN-CUS-005,2,2026-04-28T05:27:00-04:00,2026-04-28T08:27:00-04:00,9.779,delivered,B2B-V1-BASE,BLD-9102B6E8BF1ABFFC5F32,True
DEL-SYN-003741,ORD-SYN-002993,VEH-SYN-05,SOR-01,LOC-SYN-CUS-064,1,2026-04-26T06:11:00-04:00,2026-04-26T09:11:00-04:00,102.777,delivered,B2B-V1-BASE,BLD-9102B6E8BF1ABFFC5F32,True
DEL-SYN-003742,ORD-SYN-002994,VEH-SYN-06,SOR-01,LOC-SYN-CUS-097,1,2026-04-28T06:32:00-04:00,2026-04-28T09:32:00-04:00,10.67,delivered,B2B-V1-BASE,BLD-9102B6E8BF1ABFFC5F32,True
DEL-SYN-003743,ORD-SYN-002995,VEH-SYN-01,SOR-01,LOC-SYN-CUS-033,1,2026-04-30T06:43:00-04:00,2026-04-30T09:43:00-04:00,13.637,delivered,B2B-V1-BASE,BLD-9102B6E8BF1ABFFC5F32,True
DEL-SYN-003744,ORD-SYN-002996,VEH-SYN-02,SOR-01,LOC-SYN-CUS-120,1,2026-04-29T21:50:00-04:00,2026-04-30T00:50:00-04:00,87.645,delivered,B2B-V1-BASE,BLD-9102B6E8BF1ABFFC5F32,True
DEL-SYN-003745,ORD-SYN-002996,VEH-SYN-03,SOR-01,LOC-SYN-CUS-120,2,2026-04-30T07:50:00-04:00,2026-04-30T10:50:00-04:00,87.645,delivered,B2B-V1-BASE,BLD-9102B6E8BF1ABFFC5F32,True
DEL-SYN-003746,ORD-SYN-002997,VEH-SYN-03,SOR-01,LOC-SYN-CUS-148,1,2026-04-27T22:21:00-04:00,2026-04-28T01:21:00-04:00,94.333,delivered,B2B-V1-BASE,BLD-9102B6E8BF1ABFFC5F32,True
DEL-SYN-003747,ORD-SYN-002998,VEH-SYN-04,SOR-01,LOC-SYN-CUS-005,1,2026-04-27T08:29:00-04:00,2026-04-27T11:29:00-04:00,9.779,delivered,B2B-V1-BASE,BLD-9102B6E8BF1ABFFC5F32,True
DEL-SYN-003748,ORD-SYN-002999,VEH-SYN-05,SOR-01,LOC-SYN-CUS-150,1,2026-04-26T10:00:00-04:00,2026-04-26T13:00:00-04:00,93.487,delivered,B2B-V1-BASE,BLD-9102B6E8BF1ABFFC5F32,True
DEL-SYN-003749,ORD-SYN-003000,VEH-SYN-06,SOR-01,LOC-SYN-CUS-037,1,2026-04-27T00:21:00-04:00,2026-04-27T03:21:00-04:00,1.869,delivered,B2B-V1-BASE,BLD-9102B6E8BF1ABFFC5F32,True
DEL-SYN-003750,ORD-SYN-003000,VEH-SYN-01,SOR-01,LOC-SYN-CUS-037,2,2026-04-27T10:21:00-04:00,2026-04-27T13:21:00-04:00,1.869,delivered,B2B-V1-BASE,BLD-9102B6E8BF1ABFFC5F32,True
DEL-SYN-003751,ORD-SYN-003001,VEH-SYN-01,SOR-01,LOC-SYN-CUS-110,1,2026-04-30T11:13:00-04:00,2026-04-30T14:13:00-04:00,101.983,delivered,B2B-V1-BASE,BLD-9102B6E8BF1ABFFC5F32,True
DEL-SYN-003752,ORD-SYN-003002,VEH-SYN-02,SOR-01,LOC-SYN-CUS-034,1,2026-04-27T02:56:00-04:00,2026-04-27T05:56:00-04:00,92.375,delivered,B2B-V1-BASE,BLD-9102B6E8BF1ABFFC5F32,True
DEL-SYN-003753,ORD-SYN-003003,VEH-SYN-03,SOR-01,LOC-SYN-CUS-147,1,2026-04-28T17:08:00-04:00,2026-04-28T20:08:00-04:00,13.232,delivered,B2B-V1-BASE,BLD-9102B6E8BF1ABFFC5F32,True
DEL-SYN-003754,ORD-SYN-003004,VEH-SYN-04,SOR-01,LOC-SYN-CUS-009,1,2026-04-27T17:27:00-04:00,2026-04-27T20:27:00-04:00,14.093,delivered,B2B-V1-BASE,BLD-9102B6E8BF1ABFFC5F32,True
DEL-SYN-003755,ORD-SYN-003004,VEH-SYN-05,SOR-01,LOC-SYN-CUS-009,2,2026-04-28T03:27:00-04:00,2026-04-28T06:27:00-04:00,14.093,delivered,B2B-V1-BASE,BLD-9102B6E8BF1ABFFC5F32,True
DEL-SYN-003756,ORD-SYN-003005,VEH-SYN-05,SOR-01,LOC-SYN-CUS-031,1,2026-04-28T04:47:00-04:00,2026-04-28T07:47:00-04:00,2.694,delivered,B2B-V1-BASE,BLD-9102B6E8BF1ABFFC5F32,True
DEL-SYN-003757,ORD-SYN-003006,VEH-SYN-06,SOR-01,LOC-SYN-CUS-129,1,2026-04-30T04:51:00-04:00,2026-04-30T07:51:00-04:00,10.44,delivered_with_incident,B2B-V1-BASE,BLD-9102B6E8BF1ABFFC5F32,True
DEL-SYN-003758,ORD-SYN-003007,VEH-SYN-01,SOR-01,LOC-SYN-CUS-002,1,2026-05-01T05:15:00-04:00,2026-05-01T08:15:00-04:00,87.443,delivered,B2B-V1-BASE,BLD-9102B6E8BF1ABFFC5F32,True
DEL-SYN-003759,ORD-SYN-003008,VEH-SYN-02,SOR-01,LOC-SYN-CUS-117,1,2026-04-29T11:32:00-04:00,2026-04-29T14:32:00-04:00,14.483,delivered,B2B-V1-BASE,BLD-9102B6E8BF1ABFFC5F32,True
DEL-SYN-003760,ORD-SYN-003008,VEH-SYN-03,SOR-01,LOC-SYN-CUS-117,2,2026-04-30T01:32:00-04:00,2026-04-30T04:32:00-04:00,14.483,delivered,B2B-V1-BASE,BLD-9102B6E8BF1ABFFC5F32,True
DEL-SYN-003761,ORD-SYN-003009,VEH-SYN-03,SOR-01,LOC-SYN-CUS-068,1,2026-05-01T06:00:00-04:00,2026-05-01T09:00:00-04:00,103.344,delivered,B2B-V1-BASE,BLD-9102B6E8BF1ABFFC5F32,True
DEL-SYN-003762,ORD-SYN-003010,VEH-SYN-04,SOR-01,LOC-SYN-CUS-113,1,2026-04-28T06:10:00-04:00,2026-04-28T09:10:00-04:00,18.69,delivered,B2B-V1-BASE,BLD-9102B6E8BF1ABFFC5F32,True
DEL-SYN-003763,ORD-SYN-003011,VEH-SYN-05,SOR-01,LOC-SYN-CUS-140,1,2026-04-29T06:52:00-04:00,2026-04-29T09:52:00-04:00,93.15,delivered,B2B-V1-BASE,BLD-9102B6E8BF1ABFFC5F32,True
DEL-SYN-003764,ORD-SYN-003012,VEH-SYN-06,SOR-01,LOC-SYN-CUS-109,1,2026-04-30T21:22:00-04:00,2026-05-01T00:22:00-04:00,15.631,delivered,B2B-V1-BASE,BLD-9102B6E8BF1ABFFC5F32,True
DEL-SYN-003765,ORD-SYN-003012,VEH-SYN-01,SOR-01,LOC-SYN-CUS-109,2,2026-05-01T07:22:00-04:00,2026-05-01T10:22:00-04:00,15.631,delivered,B2B-V1-BASE,BLD-9102B6E8BF1ABFFC5F32,True
DEL-SYN-003766,ORD-SYN-003013,VEH-SYN-01,SOR-01,LOC-SYN-CUS-054,1,2026-04-29T07:44:00-04:00,2026-04-29T10:44:00-04:00,92.335,delivered,B2B-V1-BASE,BLD-9102B6E8BF1ABFFC5F32,True
DEL-SYN-003767,ORD-SYN-003014,VEH-SYN-02,SOR-01,LOC-SYN-CUS-112,1,2026-04-30T08:40:00-04:00,2026-04-30T11:40:00-04:00,94.924,delivered,B2B-V1-BASE,BLD-9102B6E8BF1ABFFC5F32,True
DEL-SYN-003768,ORD-SYN-003015,VEH-SYN-03,SOR-01,LOC-SYN-CUS-089,1,2026-05-01T09:47:00-04:00,2026-05-01T12:47:00-04:00,10.706,delivered,B2B-V1-BASE,BLD-9102B6E8BF1ABFFC5F32,True
DEL-SYN-003769,ORD-SYN-003016,VEH-SYN-04,SOR-01,LOC-SYN-CUS-090,1,2026-04-29T01:26:00-04:00,2026-04-29T04:26:00-04:00,114.028,delivered,B2B-V1-BASE,BLD-9102B6E8BF1ABFFC5F32,True
DEL-SYN-003770,ORD-SYN-003016,VEH-SYN-05,SOR-01,LOC-SYN-CUS-090,2,2026-04-29T11:26:00-04:00,2026-04-29T14:26:00-04:00,114.028,delivered,B2B-V1-BASE,BLD-9102B6E8BF1ABFFC5F32,True
DEL-SYN-003771,ORD-SYN-003017,VEH-SYN-05,SOR-01,LOC-SYN-CUS-054,1,2026-04-28T12:38:00-04:00,2026-04-28T15:38:00-04:00,92.335,delivered,B2B-V1-BASE,BLD-9102B6E8BF1ABFFC5F32,True
DEL-SYN-003772,ORD-SYN-003018,VEH-SYN-06,SOR-01,LOC-SYN-CUS-061,1,2026-04-30T03:27:00-04:00,2026-04-30T06:27:00-04:00,12.904,delivered,B2B-V1-BASE,BLD-9102B6E8BF1ABFFC5F32,True
DEL-SYN-003773,ORD-SYN-003019,VEH-SYN-01,SOR-01,LOC-SYN-CUS-113,1,2026-04-29T17:40:00-04:00,2026-04-29T20:40:00-04:00,18.69,delivered,B2B-V1-BASE,BLD-9102B6E8BF1ABFFC5F32,True
DEL-SYN-003774,ORD-SYN-003020,VEH-SYN-02,SOR-01,LOC-SYN-CUS-111,1,2026-05-01T18:21:00-04:00,2026-05-01T21:21:00-04:00,11.121,delivered,B2B-V1-BASE,BLD-9102B6E8BF1ABFFC5F32,True
DEL-SYN-003775,ORD-SYN-003020,VEH-SYN-03,SOR-01,LOC-SYN-CUS-111,2,2026-05-02T04:21:00-04:00,2026-05-02T07:21:00-04:00,11.121,delivered,B2B-V1-BASE,BLD-9102B6E8BF1ABFFC5F32,True
DEL-SYN-003776,ORD-SYN-003021,VEH-SYN-03,SOR-01,LOC-SYN-CUS-147,1,2026-04-30T18:32:00-04:00,2026-04-30T21:32:00-04:00,13.232,delivered,B2B-V1-BASE,BLD-9102B6E8BF1ABFFC5F32,True
DEL-SYN-003777,ORD-SYN-003022,VEH-SYN-04,SOR-01,LOC-SYN-CUS-001,1,2026-04-28T04:38:00-04:00,2026-04-28T07:38:00-04:00,6.513,delivered,B2B-V1-BASE,BLD-9102B6E8BF1ABFFC5F32,True
DEL-SYN-003778,ORD-SYN-003023,VEH-SYN-05,SOR-01,LOC-SYN-CUS-029,1,2026-04-29T18:50:00-04:00,2026-04-29T21:50:00-04:00,8.682,delivered,B2B-V1-BASE,BLD-9102B6E8BF1ABFFC5F32,True
DEL-SYN-003779,ORD-SYN-003024,VEH-SYN-06,SOR-01,LOC-SYN-CUS-149,1,2026-04-29T11:05:00-04:00,2026-04-29T14:05:00-04:00,9.994,delivered,B2B-V1-BASE,BLD-9102B6E8BF1ABFFC5F32,True
DEL-SYN-003780,ORD-SYN-003024,VEH-SYN-01,SOR-01,LOC-SYN-CUS-149,2,2026-04-30T01:05:00-04:00,2026-04-30T04:05:00-04:00,9.994,delivered,B2B-V1-BASE,BLD-9102B6E8BF1ABFFC5F32,True
DEL-SYN-003781,ORD-SYN-003025,VEH-SYN-01,SOR-01,LOC-SYN-CUS-023,1,2026-04-28T05:24:00-04:00,2026-04-28T08:24:00-04:00,12.238,delivered,B2B-V1-BASE,BLD-9102B6E8BF1ABFFC5F32,True
DEL-SYN-003782,ORD-SYN-003026,VEH-SYN-02,SOR-01,LOC-SYN-CUS-144,1,2026-05-01T05:35:00-04:00,2026-05-01T08:35:00-04:00,84.976,delivered,B2B-V1-BASE,BLD-9102B6E8BF1ABFFC5F32,True
DEL-SYN-003783,ORD-SYN-003027,VEH-SYN-03,SOR-01,LOC-SYN-CUS-041,1,2026-04-30T07:17:00-04:00,2026-04-30T10:17:00-04:00,16.45,delivered,B2B-V1-BASE,BLD-9102B6E8BF1ABFFC5F32,True
DEL-SYN-003784,ORD-SYN-003028,VEH-SYN-04,SOR-01,LOC-SYN-CUS-141,1,2026-04-27T23:01:00-04:00,2026-04-28T02:01:00-04:00,3.791,delivered,B2B-V1-BASE,BLD-9102B6E8BF1ABFFC5F32,True
DEL-SYN-003785,ORD-SYN-003028,VEH-SYN-05,SOR-01,LOC-SYN-CUS-141,2,2026-04-28T09:01:00-04:00,2026-04-28T12:01:00-04:00,3.791,delivered,B2B-V1-BASE,BLD-9102B6E8BF1ABFFC5F32,True
DEL-SYN-003786,ORD-SYN-003029,VEH-SYN-05,SOR-01,LOC-SYN-CUS-010,1,2026-04-28T12:44:00-04:00,2026-04-28T15:44:00-04:00,98.174,delivered,B2B-V1-BASE,BLD-9102B6E8BF1ABFFC5F32,True
DEL-SYN-003787,ORD-SYN-003030,VEH-SYN-06,SOR-01,LOC-SYN-CUS-054,1,2026-04-29T04:42:00-04:00,2026-04-29T07:42:00-04:00,92.335,delivered,B2B-V1-BASE,BLD-9102B6E8BF1ABFFC5F32,True
DEL-SYN-003788,ORD-SYN-003031,VEH-SYN-01,SOR-01,LOC-SYN-CUS-010,1,2026-05-02T04:59:00-04:00,2026-05-02T07:59:00-04:00,98.174,delivered,B2B-V1-BASE,BLD-9102B6E8BF1ABFFC5F32,True
DEL-SYN-003789,ORD-SYN-003032,VEH-SYN-02,SOR-01,LOC-SYN-CUS-106,1,2026-04-29T19:08:00-04:00,2026-04-29T22:08:00-04:00,97.3,delivered,B2B-V1-BASE,BLD-9102B6E8BF1ABFFC5F32,True
DEL-SYN-003790,ORD-SYN-003032,VEH-SYN-03,SOR-01,LOC-SYN-CUS-106,2,2026-04-30T05:08:00-04:00,2026-04-30T08:08:00-04:00,97.3,delivered,B2B-V1-BASE,BLD-9102B6E8BF1ABFFC5F32,True
DEL-SYN-003791,ORD-SYN-003033,VEH-SYN-03,SOR-01,LOC-SYN-CUS-133,1,2026-05-03T05:42:00-04:00,2026-05-03T08:42:00-04:00,15.316,delivered,B2B-V1-BASE,BLD-9102B6E8BF1ABFFC5F32,True
DEL-SYN-003792,ORD-SYN-003034,VEH-SYN-04,SOR-01,LOC-SYN-CUS-041,1,2026-04-30T06:56:00-04:00,2026-04-30T09:56:00-04:00,16.45,delivered,B2B-V1-BASE,BLD-9102B6E8BF1ABFFC5F32,True
DEL-SYN-003793,ORD-SYN-003035,VEH-SYN-05,SOR-01,LOC-SYN-CUS-101,1,2026-05-02T08:26:00-04:00,2026-05-02T11:26:00-04:00,8.729,delivered,B2B-V1-BASE,BLD-9102B6E8BF1ABFFC5F32,True
DEL-SYN-003794,ORD-SYN-003036,VEH-SYN-06,SOR-01,LOC-SYN-CUS-090,1,2026-04-29T15:20:00-04:00,2026-04-29T18:20:00-04:00,114.028,delivered,B2B-V1-BASE,BLD-9102B6E8BF1ABFFC5F32,True
DEL-SYN-003795,ORD-SYN-003036,VEH-SYN-01,SOR-01,LOC-SYN-CUS-090,2,2026-04-30T05:20:00-04:00,2026-04-30T08:20:00-04:00,114.028,delivered,B2B-V1-BASE,BLD-9102B6E8BF1ABFFC5F32,True
DEL-SYN-003796,ORD-SYN-003037,VEH-SYN-01,SOR-01,LOC-SYN-CUS-094,1,2026-04-30T23:30:00-04:00,2026-05-01T02:30:00-04:00,81.241,delivered,B2B-V1-BASE,BLD-9102B6E8BF1ABFFC5F32,True
DEL-SYN-003797,ORD-SYN-003038,VEH-SYN-02,SOR-01,LOC-SYN-CUS-085,1,2026-05-02T09:47:00-04:00,2026-05-02T12:47:00-04:00,11.234,delivered,B2B-V1-BASE,BLD-9102B6E8BF1ABFFC5F32,True
DEL-SYN-003798,ORD-SYN-003039,VEH-SYN-03,SOR-01,LOC-SYN-CUS-095,1,2026-05-03T10:19:00-04:00,2026-05-03T13:19:00-04:00,11.423,delivered,B2B-V1-BASE,BLD-9102B6E8BF1ABFFC5F32,True
DEL-SYN-003799,ORD-SYN-003040,VEH-SYN-04,SOR-01,LOC-SYN-CUS-010,1,2026-04-29T00:25:00-04:00,2026-04-29T03:25:00-04:00,98.174,delivered,B2B-V1-BASE,BLD-9102B6E8BF1ABFFC5F32,True
DEL-SYN-003800,ORD-SYN-003040,VEH-SYN-05,SOR-01,LOC-SYN-CUS-010,2,2026-04-29T10:25:00-04:00,2026-04-29T13:25:00-04:00,98.174,delivered,B2B-V1-BASE,BLD-9102B6E8BF1ABFFC5F32,True
DEL-SYN-003801,ORD-SYN-003041,VEH-SYN-05,SOR-01,LOC-SYN-CUS-014,1,2026-05-01T11:08:00-04:00,2026-05-01T14:08:00-04:00,98.171,delivered,B2B-V1-BASE,BLD-9102B6E8BF1ABFFC5F32,True
DEL-SYN-003802,ORD-SYN-003042,VEH-SYN-06,SOR-01,LOC-SYN-CUS-125,1,2026-05-01T01:50:00-04:00,2026-05-01T04:50:00-04:00,11.651,delivered,B2B-V1-BASE,BLD-9102B6E8BF1ABFFC5F32,True
DEL-SYN-003803,ORD-SYN-003043,VEH-SYN-01,SOR-01,LOC-SYN-CUS-029,1,2026-05-01T12:22:00-04:00,2026-05-01T15:22:00-04:00,8.682,delivered,B2B-V1-BASE,BLD-9102B6E8BF1ABFFC5F32,True
DEL-SYN-003804,ORD-SYN-003044,VEH-SYN-02,SOR-01,LOC-SYN-CUS-057,1,2026-04-29T17:02:00-04:00,2026-04-29T20:02:00-04:00,11.041,delivered,B2B-V1-BASE,BLD-9102B6E8BF1ABFFC5F32,True
DEL-SYN-003805,ORD-SYN-003044,VEH-SYN-03,SOR-01,LOC-SYN-CUS-057,2,2026-04-30T03:02:00-04:00,2026-04-30T06:02:00-04:00,11.041,delivered,B2B-V1-BASE,BLD-9102B6E8BF1ABFFC5F32,True
DEL-SYN-003806,ORD-SYN-003045,VEH-SYN-03,SOR-01,LOC-SYN-CUS-090,1,2026-05-01T03:24:00-04:00,2026-05-01T06:24:00-04:00,114.028,delivered,B2B-V1-BASE,BLD-9102B6E8BF1ABFFC5F32,True
DEL-SYN-003807,ORD-SYN-003046,VEH-SYN-04,SOR-01,LOC-SYN-CUS-098,1,2026-05-03T05:20:00-04:00,2026-05-03T08:20:00-04:00,100.419,delivered,B2B-V1-BASE,BLD-9102B6E8BF1ABFFC5F32,True
DEL-SYN-003808,ORD-SYN-003047,VEH-SYN-05,SOR-01,LOC-SYN-CUS-097,1,2026-04-30T20:52:00-04:00,2026-04-30T23:52:00-04:00,10.67,delivered,B2B-V1-BASE,BLD-9102B6E8BF1ABFFC5F32,True
DEL-SYN-003809,ORD-SYN-003048,VEH-SYN-06,SOR-01,LOC-SYN-CUS-141,1,2026-05-03T20:53:00-04:00,2026-05-03T23:53:00-04:00,3.791,delivered,B2B-V1-BASE,BLD-9102B6E8BF1ABFFC5F32,True
DEL-SYN-003810,ORD-SYN-003048,VEH-SYN-01,SOR-01,LOC-SYN-CUS-141,2,2026-05-04T06:53:00-04:00,2026-05-04T09:53:00-04:00,3.791,delivered,B2B-V1-BASE,BLD-9102B6E8BF1ABFFC5F32,True
DEL-SYN-003811,ORD-SYN-003049,VEH-SYN-01,SOR-01,LOC-SYN-CUS-029,1,2026-04-30T08:09:00-04:00,2026-04-30T11:09:00-04:00,8.682,delivered,B2B-V1-BASE,BLD-9102B6E8BF1ABFFC5F32,True
DEL-SYN-003812,ORD-SYN-003050,VEH-SYN-02,SOR-01,LOC-SYN-CUS-116,1,2026-05-02T08:55:00-04:00,2026-05-02T11:55:00-04:00,97.555,delivered,B2B-V1-BASE,BLD-9102B6E8BF1ABFFC5F32,True
DEL-SYN-003813,ORD-SYN-003051,VEH-SYN-03,SOR-01,LOC-SYN-CUS-118,1,2026-05-02T10:44:00-04:00,2026-05-02T13:44:00-04:00,89.411,delivered,B2B-V1-BASE,BLD-9102B6E8BF1ABFFC5F32,True
DEL-SYN-003814,ORD-SYN-003052,VEH-SYN-04,SOR-01,LOC-SYN-CUS-086,1,2026-04-30T02:23:00-04:00,2026-04-30T05:23:00-04:00,100.855,delivered,B2B-V1-BASE,BLD-9102B6E8BF1ABFFC5F32,True
DEL-SYN-003815,ORD-SYN-003052,VEH-SYN-05,SOR-01,LOC-SYN-CUS-086,2,2026-04-30T12:23:00-04:00,2026-04-30T15:23:00-04:00,100.855,delivered,B2B-V1-BASE,BLD-9102B6E8BF1ABFFC5F32,True
DEL-SYN-003816,ORD-SYN-003053,VEH-SYN-05,SOR-01,LOC-SYN-CUS-094,1,2026-05-02T03:51:00-04:00,2026-05-02T06:51:00-04:00,81.241,delivered,B2B-V1-BASE,BLD-9102B6E8BF1ABFFC5F32,True
DEL-SYN-003817,ORD-SYN-003054,VEH-SYN-06,SOR-01,LOC-SYN-CUS-131,1,2026-05-03T04:02:00-04:00,2026-05-03T07:02:00-04:00,9.096,delivered,B2B-V1-BASE,BLD-9102B6E8BF1ABFFC5F32,True
DEL-SYN-003818,ORD-SYN-003055,VEH-SYN-01,SOR-01,LOC-SYN-CUS-098,1,2026-05-02T04:47:00-04:00,2026-05-02T07:47:00-04:00,100.419,delivered,B2B-V1-BASE,BLD-9102B6E8BF1ABFFC5F32,True
DEL-SYN-003819,ORD-SYN-003056,VEH-SYN-02,SOR-01,LOC-SYN-CUS-001,1,2026-05-02T20:27:00-04:00,2026-05-02T23:27:00-04:00,6.513,delivered,B2B-V1-BASE,BLD-9102B6E8BF1ABFFC5F32,True
DEL-SYN-003820,ORD-SYN-003056,VEH-SYN-03,SOR-01,LOC-SYN-CUS-001,2,2026-05-03T06:27:00-04:00,2026-05-03T09:27:00-04:00,6.513,delivered,B2B-V1-BASE,BLD-9102B6E8BF1ABFFC5F32,True
DEL-SYN-003821,ORD-SYN-003057,VEH-SYN-03,SOR-01,LOC-SYN-CUS-085,1,2026-05-02T08:26:00-04:00,2026-05-02T11:26:00-04:00,11.234,delivered,B2B-V1-BASE,BLD-9102B6E8BF1ABFFC5F32,True
DEL-SYN-003822,ORD-SYN-003058,VEH-SYN-04,SOR-01,LOC-SYN-CUS-024,1,2026-05-05T10:21:00-04:00,2026-05-05T13:21:00-04:00,107.095,delivered,B2B-V1-BASE,BLD-9102B6E8BF1ABFFC5F32,True
DEL-SYN-003823,ORD-SYN-003059,VEH-SYN-05,SOR-01,LOC-SYN-CUS-026,1,2026-05-01T12:05:00-04:00,2026-05-01T15:05:00-04:00,93.542,delivered_with_incident,B2B-V1-BASE,BLD-9102B6E8BF1ABFFC5F32,True
DEL-SYN-003824,ORD-SYN-003060,VEH-SYN-06,SOR-01,LOC-SYN-CUS-137,1,2026-05-04T18:55:00-04:00,2026-05-04T21:55:00-04:00,11.323,delivered,B2B-V1-BASE,BLD-9102B6E8BF1ABFFC5F32,True
DEL-SYN-003825,ORD-SYN-003060,VEH-SYN-01,SOR-01,LOC-SYN-CUS-137,2,2026-05-05T04:55:00-04:00,2026-05-05T07:55:00-04:00,11.323,delivered,B2B-V1-BASE,BLD-9102B6E8BF1ABFFC5F32,True
DEL-SYN-003826,ORD-SYN-003061,VEH-SYN-01,SOR-01,LOC-SYN-CUS-145,1,2026-05-02T05:11:00-04:00,2026-05-02T08:11:00-04:00,9.581,delivered,B2B-V1-BASE,BLD-9102B6E8BF1ABFFC5F32,True
DEL-SYN-003827,ORD-SYN-003062,VEH-SYN-02,SOR-01,LOC-SYN-CUS-042,1,2026-05-02T06:05:00-04:00,2026-05-02T09:05:00-04:00,96.283,delivered,B2B-V1-BASE,BLD-9102B6E8BF1ABFFC5F32,True
DEL-SYN-003828,ORD-SYN-003063,VEH-SYN-03,SOR-01,LOC-SYN-CUS-119,1,2026-05-05T07:00:00-04:00,2026-05-05T10:00:00-04:00,15.599,delivered,B2B-V1-BASE,BLD-9102B6E8BF1ABFFC5F32,True
DEL-SYN-003829,ORD-SYN-003064,VEH-SYN-04,SOR-01,LOC-SYN-CUS-130,1,2026-05-03T21:22:00-04:00,2026-05-04T00:22:00-04:00,92.017,delivered,B2B-V1-BASE,BLD-9102B6E8BF1ABFFC5F32,True
DEL-SYN-003830,ORD-SYN-003064,VEH-SYN-05,SOR-01,LOC-SYN-CUS-130,2,2026-05-04T07:22:00-04:00,2026-05-04T10:22:00-04:00,92.017,delivered,B2B-V1-BASE,BLD-9102B6E8BF1ABFFC5F32,True
DEL-SYN-003831,ORD-SYN-003065,VEH-SYN-05,SOR-01,LOC-SYN-CUS-062,1,2026-05-04T21:50:00-04:00,2026-05-05T00:50:00-04:00,84.711,delivered,B2B-V1-BASE,BLD-9102B6E8BF1ABFFC5F32,True
DEL-SYN-003832,ORD-SYN-003066,VEH-SYN-06,SOR-01,LOC-SYN-CUS-042,1,2026-05-06T09:31:00-04:00,2026-05-06T12:31:00-04:00,96.283,delivered,B2B-V1-BASE,BLD-9102B6E8BF1ABFFC5F32,True
DEL-SYN-003833,ORD-SYN-003067,VEH-SYN-01,SOR-01,LOC-SYN-CUS-132,1,2026-05-02T11:40:00-04:00,2026-05-02T14:40:00-04:00,97.514,delivered,B2B-V1-BASE,BLD-9102B6E8BF1ABFFC5F32,True
DEL-SYN-003834,ORD-SYN-003068,VEH-SYN-02,SOR-01,LOC-SYN-CUS-058,1,2026-05-02T17:49:00-04:00,2026-05-02T20:49:00-04:00,98.394,delivered,B2B-V1-BASE,BLD-9102B6E8BF1ABFFC5F32,True
DEL-SYN-003835,ORD-SYN-003068,VEH-SYN-03,SOR-01,LOC-SYN-CUS-058,2,2026-05-03T03:49:00-04:00,2026-05-03T06:49:00-04:00,98.394,delivered,B2B-V1-BASE,BLD-9102B6E8BF1ABFFC5F32,True
DEL-SYN-003836,ORD-SYN-003069,VEH-SYN-03,SOR-01,LOC-SYN-CUS-062,1,2026-05-05T06:11:00-04:00,2026-05-05T09:11:00-04:00,84.711,delivered,B2B-V1-BASE,BLD-9102B6E8BF1ABFFC5F32,True
DEL-SYN-003837,ORD-SYN-003070,VEH-SYN-04,SOR-01,LOC-SYN-CUS-037,1,2026-05-03T07:51:00-04:00,2026-05-03T10:51:00-04:00,1.869,delivered,B2B-V1-BASE,BLD-9102B6E8BF1ABFFC5F32,True
DEL-SYN-003838,ORD-SYN-003071,VEH-SYN-05,SOR-01,LOC-SYN-CUS-086,1,2026-05-07T07:55:00-04:00,2026-05-07T10:55:00-04:00,100.855,delivered,B2B-V1-BASE,BLD-9102B6E8BF1ABFFC5F32,True
DEL-SYN-003839,ORD-SYN-003072,VEH-SYN-06,SOR-01,LOC-SYN-CUS-039,1,2026-05-02T23:01:00-04:00,2026-05-03T02:01:00-04:00,12.9,delivered,B2B-V1-BASE,BLD-9102B6E8BF1ABFFC5F32,True
DEL-SYN-003840,ORD-SYN-003072,VEH-SYN-01,SOR-01,LOC-SYN-CUS-039,2,2026-05-03T09:01:00-04:00,2026-05-03T12:01:00-04:00,12.9,delivered,B2B-V1-BASE,BLD-9102B6E8BF1ABFFC5F32,True
DEL-SYN-003841,ORD-SYN-003073,VEH-SYN-01,SOR-01,LOC-SYN-CUS-117,1,2026-05-05T11:05:00-04:00,2026-05-05T14:05:00-04:00,14.483,delivered,B2B-V1-BASE,BLD-9102B6E8BF1ABFFC5F32,True
DEL-SYN-003842,ORD-SYN-003074,VEH-SYN-02,SOR-01,LOC-SYN-CUS-102,1,2026-05-07T12:34:00-04:00,2026-05-07T15:34:00-04:00,92.902,delivered,B2B-V1-BASE,BLD-9102B6E8BF1ABFFC5F32,True
DEL-SYN-003843,ORD-SYN-003075,VEH-SYN-03,SOR-01,LOC-SYN-CUS-123,1,2026-05-07T02:56:00-04:00,2026-05-07T05:56:00-04:00,18.057,delivered,B2B-V1-BASE,BLD-9102B6E8BF1ABFFC5F32,True
DEL-SYN-003844,ORD-SYN-003076,VEH-SYN-04,SOR-01,LOC-SYN-CUS-065,1,2026-05-03T17:45:00-04:00,2026-05-03T20:45:00-04:00,13.49,delivered,B2B-V1-BASE,BLD-9102B6E8BF1ABFFC5F32,True
DEL-SYN-003845,ORD-SYN-003076,VEH-SYN-05,SOR-01,LOC-SYN-CUS-065,2,2026-05-04T03:45:00-04:00,2026-05-04T06:45:00-04:00,13.49,delivered,B2B-V1-BASE,BLD-9102B6E8BF1ABFFC5F32,True
DEL-SYN-003846,ORD-SYN-003077,VEH-SYN-05,SOR-01,LOC-SYN-CUS-073,1,2026-05-07T04:04:00-04:00,2026-05-07T07:04:00-04:00,17.971,delivered,B2B-V1-BASE,BLD-9102B6E8BF1ABFFC5F32,True
DEL-SYN-003847,ORD-SYN-003078,VEH-SYN-06,SOR-01,LOC-SYN-CUS-017,1,2026-05-08T05:16:00-04:00,2026-05-08T08:16:00-04:00,7.536,delivered,B2B-V1-BASE,BLD-9102B6E8BF1ABFFC5F32,True
DEL-SYN-003848,ORD-SYN-003079,VEH-SYN-01,SOR-01,LOC-SYN-CUS-053,1,2026-05-04T05:32:00-04:00,2026-05-04T08:32:00-04:00,11.138,delivered,B2B-V1-BASE,BLD-9102B6E8BF1ABFFC5F32,True
DEL-SYN-003849,ORD-SYN-003080,VEH-SYN-02,SOR-01,LOC-SYN-CUS-102,1,2026-05-04T20:25:00-04:00,2026-05-04T23:25:00-04:00,92.902,delivered,B2B-V1-BASE,BLD-9102B6E8BF1ABFFC5F32,True
DEL-SYN-003850,ORD-SYN-003080,VEH-SYN-03,SOR-01,LOC-SYN-CUS-102,2,2026-05-05T06:25:00-04:00,2026-05-05T09:25:00-04:00,92.902,delivered,B2B-V1-BASE,BLD-9102B6E8BF1ABFFC5F32,True
DEL-SYN-003851,ORD-SYN-003081,VEH-SYN-03,SOR-01,LOC-SYN-CUS-108,1,2026-05-07T06:27:00-04:00,2026-05-07T09:27:00-04:00,104.477,delivered,B2B-V1-BASE,BLD-9102B6E8BF1ABFFC5F32,True
DEL-SYN-003852,ORD-SYN-003082,VEH-SYN-04,SOR-01,LOC-SYN-CUS-009,1,2026-05-07T06:52:00-04:00,2026-05-07T09:52:00-04:00,14.093,delivered,B2B-V1-BASE,BLD-9102B6E8BF1ABFFC5F32,True
DEL-SYN-003853,ORD-SYN-003083,VEH-SYN-05,SOR-01,LOC-SYN-CUS-010,1,2026-05-04T07:52:00-04:00,2026-05-04T10:52:00-04:00,98.174,delivered,B2B-V1-BASE,BLD-9102B6E8BF1ABFFC5F32,True
DEL-SYN-003854,ORD-SYN-003084,VEH-SYN-06,SOR-01,LOC-SYN-CUS-049,1,2026-05-06T01:26:00-04:00,2026-05-06T04:26:00-04:00,13.054,delivered,B2B-V1-BASE,BLD-9102B6E8BF1ABFFC5F32,True
DEL-SYN-003855,ORD-SYN-003084,VEH-SYN-01,SOR-01,LOC-SYN-CUS-049,2,2026-05-06T11:26:00-04:00,2026-05-06T14:26:00-04:00,13.054,delivered,B2B-V1-BASE,BLD-9102B6E8BF1ABFFC5F32,True
DEL-SYN-003856,ORD-SYN-003085,VEH-SYN-01,SOR-01,LOC-SYN-CUS-006,1,2026-05-07T17:45:00-04:00,2026-05-07T20:45:00-04:00,102.381,delivered,B2B-V1-BASE,BLD-9102B6E8BF1ABFFC5F32,True
DEL-SYN-003857,ORD-SYN-003086,VEH-SYN-02,SOR-01,LOC-SYN-CUS-001,1,2026-05-07T03:53:00-04:00,2026-05-07T06:53:00-04:00,6.513,delivered,B2B-V1-BASE,BLD-9102B6E8BF1ABFFC5F32,True
DEL-SYN-003858,ORD-SYN-003087,VEH-SYN-03,SOR-01,LOC-SYN-CUS-125,1,2026-05-06T04:34:00-04:00,2026-05-06T07:34:00-04:00,11.651,delivered,B2B-V1-BASE,BLD-9102B6E8BF1ABFFC5F32,True
DEL-SYN-003859,ORD-SYN-003088,VEH-SYN-04,SOR-01,LOC-SYN-CUS-103,1,2026-05-06T11:53:00-04:00,2026-05-06T14:53:00-04:00,8.326,delivered,B2B-V1-BASE,BLD-9102B6E8BF1ABFFC5F32,True
DEL-SYN-003860,ORD-SYN-003088,VEH-SYN-05,SOR-01,LOC-SYN-CUS-103,2,2026-05-07T01:53:00-04:00,2026-05-07T04:53:00-04:00,8.326,delivered,B2B-V1-BASE,BLD-9102B6E8BF1ABFFC5F32,True
DEL-SYN-003861,ORD-SYN-003089,VEH-SYN-05,SOR-01,LOC-SYN-CUS-109,1,2026-05-05T05:58:00-04:00,2026-05-05T08:58:00-04:00,15.631,delivered,B2B-V1-BASE,BLD-9102B6E8BF1ABFFC5F32,True
DEL-SYN-003862,ORD-SYN-003090,VEH-SYN-06,SOR-01,LOC-SYN-CUS-121,1,2026-05-09T08:47:00-04:00,2026-05-09T11:47:00-04:00,1.523,delivered,B2B-V1-BASE,BLD-9102B6E8BF1ABFFC5F32,True
DEL-SYN-003863,ORD-SYN-003091,VEH-SYN-01,SOR-01,LOC-SYN-CUS-114,1,2026-05-07T10:56:00-04:00,2026-05-07T13:56:00-04:00,98.868,delivered,B2B-V1-BASE,BLD-9102B6E8BF1ABFFC5F32,True
DEL-SYN-003864,ORD-SYN-003092,VEH-SYN-02,SOR-01,LOC-SYN-CUS-035,1,2026-05-05T02:03:00-04:00,2026-05-05T05:03:00-04:00,7.948,delivered,B2B-V1-BASE,BLD-9102B6E8BF1ABFFC5F32,True
DEL-SYN-003865,ORD-SYN-003092,VEH-SYN-03,SOR-01,LOC-SYN-CUS-035,2,2026-05-05T12:03:00-04:00,2026-05-05T15:03:00-04:00,7.948,delivered,B2B-V1-BASE,BLD-9102B6E8BF1ABFFC5F32,True
DEL-SYN-003866,ORD-SYN-003093,VEH-SYN-03,SOR-01,LOC-SYN-CUS-101,1,2026-05-08T04:42:00-04:00,2026-05-08T07:42:00-04:00,8.729,delivered,B2B-V1-BASE,BLD-9102B6E8BF1ABFFC5F32,True
DEL-SYN-003867,ORD-SYN-003094,VEH-SYN-04,SOR-01,LOC-SYN-CUS-075,1,2026-05-06T05:39:00-04:00,2026-05-06T08:39:00-04:00,11.238,delivered,B2B-V1-BASE,BLD-9102B6E8BF1ABFFC5F32,True
DEL-SYN-003868,ORD-SYN-003095,VEH-SYN-05,SOR-01,LOC-SYN-CUS-095,1,2026-05-07T05:48:00-04:00,2026-05-07T08:48:00-04:00,11.423,delivered,B2B-V1-BASE,BLD-9102B6E8BF1ABFFC5F32,True
DEL-SYN-003869,ORD-SYN-003096,VEH-SYN-06,SOR-01,LOC-SYN-CUS-074,1,2026-05-06T20:39:00-04:00,2026-05-06T23:39:00-04:00,106.713,delivered,B2B-V1-BASE,BLD-9102B6E8BF1ABFFC5F32,True
DEL-SYN-003870,ORD-SYN-003096,VEH-SYN-01,SOR-01,LOC-SYN-CUS-074,2,2026-05-07T06:39:00-04:00,2026-05-07T09:39:00-04:00,106.713,delivered,B2B-V1-BASE,BLD-9102B6E8BF1ABFFC5F32,True
DEL-SYN-003871,ORD-SYN-003097,VEH-SYN-01,SOR-01,LOC-SYN-CUS-106,1,2026-05-09T07:00:00-04:00,2026-05-09T10:00:00-04:00,97.3,delivered,B2B-V1-BASE,BLD-9102B6E8BF1ABFFC5F32,True
DEL-SYN-003872,ORD-SYN-003098,VEH-SYN-02,SOR-01,LOC-SYN-CUS-105,1,2026-05-09T07:40:00-04:00,2026-05-09T10:40:00-04:00,13.533,delivered,B2B-V1-BASE,BLD-9102B6E8BF1ABFFC5F32,True
DEL-SYN-003873,ORD-SYN-003099,VEH-SYN-03,SOR-01,LOC-SYN-CUS-142,1,2026-05-07T09:25:00-04:00,2026-05-07T12:25:00-04:00,96.727,delivered,B2B-V1-BASE,BLD-9102B6E8BF1ABFFC5F32,True
DEL-SYN-003874,ORD-SYN-003100,VEH-SYN-04,SOR-01,LOC-SYN-CUS-133,1,2026-05-10T02:07:00-04:00,2026-05-10T05:07:00-04:00,15.316,delivered,B2B-V1-BASE,BLD-9102B6E8BF1ABFFC5F32,True
DEL-SYN-003875,ORD-SYN-003100,VEH-SYN-05,SOR-01,LOC-SYN-CUS-133,2,2026-05-10T12:07:00-04:00,2026-05-10T15:07:00-04:00,15.316,delivered,B2B-V1-BASE,BLD-9102B6E8BF1ABFFC5F32,True
DEL-SYN-003876,ORD-SYN-003101,VEH-SYN-05,SOR-01,LOC-SYN-CUS-021,1,2026-05-08T12:08:00-04:00,2026-05-08T15:08:00-04:00,21.891,delivered,B2B-V1-BASE,BLD-9102B6E8BF1ABFFC5F32,True
DEL-SYN-003877,ORD-SYN-003102,VEH-SYN-06,SOR-01,LOC-SYN-CUS-150,1,2026-05-06T12:10:00-04:00,2026-05-06T15:10:00-04:00,93.487,delivered,B2B-V1-BASE,BLD-9102B6E8BF1ABFFC5F32,True
DEL-SYN-003878,ORD-SYN-003103,VEH-SYN-01,SOR-01,LOC-SYN-CUS-042,1,2026-05-11T02:35:00-04:00,2026-05-11T05:35:00-04:00,96.283,delivered,B2B-V1-BASE,BLD-9102B6E8BF1ABFFC5F32,True
DEL-SYN-003879,ORD-SYN-003104,VEH-SYN-02,SOR-01,LOC-SYN-CUS-126,1,2026-05-08T17:07:00-04:00,2026-05-08T20:07:00-04:00,96.582,delivered,B2B-V1-BASE,BLD-9102B6E8BF1ABFFC5F32,True
DEL-SYN-003880,ORD-SYN-003104,VEH-SYN-03,SOR-01,LOC-SYN-CUS-126,2,2026-05-09T03:07:00-04:00,2026-05-09T06:07:00-04:00,96.582,delivered,B2B-V1-BASE,BLD-9102B6E8BF1ABFFC5F32,True
DEL-SYN-003881,ORD-SYN-003105,VEH-SYN-03,SOR-01,LOC-SYN-CUS-114,1,2026-05-11T03:21:00-04:00,2026-05-11T06:21:00-04:00,98.868,delivered,B2B-V1-BASE,BLD-9102B6E8BF1ABFFC5F32,True
DEL-SYN-003882,ORD-SYN-003106,VEH-SYN-04,SOR-01,LOC-SYN-CUS-120,1,2026-05-11T03:37:00-04:00,2026-05-11T06:37:00-04:00,87.645,delivered,B2B-V1-BASE,BLD-9102B6E8BF1ABFFC5F32,True
DEL-SYN-003883,ORD-SYN-003107,VEH-SYN-05,SOR-01,LOC-SYN-CUS-092,1,2026-05-09T04:01:00-04:00,2026-05-09T07:01:00-04:00,97.21,delivered,B2B-V1-BASE,BLD-9102B6E8BF1ABFFC5F32,True
DEL-SYN-003884,ORD-SYN-003108,VEH-SYN-06,SOR-01,LOC-SYN-CUS-014,1,2026-05-09T11:31:00-04:00,2026-05-09T14:31:00-04:00,98.171,delivered,B2B-V1-BASE,BLD-9102B6E8BF1ABFFC5F32,True
DEL-SYN-003885,ORD-SYN-003108,VEH-SYN-01,SOR-01,LOC-SYN-CUS-014,2,2026-05-10T01:31:00-04:00,2026-05-10T04:31:00-04:00,98.171,delivered,B2B-V1-BASE,BLD-9102B6E8BF1ABFFC5F32,True
DEL-SYN-003886,ORD-SYN-003109,VEH-SYN-01,SOR-01,LOC-SYN-CUS-117,1,2026-05-08T06:02:00-04:00,2026-05-08T09:02:00-04:00,14.483,delivered,B2B-V1-BASE,BLD-9102B6E8BF1ABFFC5F32,True
DEL-SYN-003887,ORD-SYN-003110,VEH-SYN-02,SOR-01,LOC-SYN-CUS-043,1,2026-05-09T06:29:00-04:00,2026-05-09T09:29:00-04:00,10.148,delivered,B2B-V1-BASE,BLD-9102B6E8BF1ABFFC5F32,True
DEL-SYN-003888,ORD-SYN-003111,VEH-SYN-03,SOR-01,LOC-SYN-CUS-030,1,2026-05-07T07:24:00-04:00,2026-05-07T10:24:00-04:00,95.926,delivered,B2B-V1-BASE,BLD-9102B6E8BF1ABFFC5F32,True
DEL-SYN-003889,ORD-SYN-003112,VEH-SYN-04,SOR-01,LOC-SYN-CUS-105,1,2026-05-08T13:31:00-04:00,2026-05-08T16:31:00-04:00,13.533,delivered,B2B-V1-BASE,BLD-9102B6E8BF1ABFFC5F32,True
DEL-SYN-003890,ORD-SYN-003112,VEH-SYN-05,SOR-01,LOC-SYN-CUS-105,2,2026-05-09T03:31:00-04:00,2026-05-09T06:31:00-04:00,13.533,delivered,B2B-V1-BASE,BLD-9102B6E8BF1ABFFC5F32,True
DEL-SYN-003891,ORD-SYN-003113,VEH-SYN-05,SOR-01,LOC-SYN-CUS-009,1,2026-05-11T07:52:00-04:00,2026-05-11T10:52:00-04:00,14.093,delivered,B2B-V1-BASE,BLD-9102B6E8BF1ABFFC5F32,True
DEL-SYN-003892,ORD-SYN-003114,VEH-SYN-06,SOR-01,LOC-SYN-CUS-060,1,2026-05-09T08:02:00-04:00,2026-05-09T11:02:00-04:00,99.346,delivered,B2B-V1-BASE,BLD-9102B6E8BF1ABFFC5F32,True
DEL-SYN-003893,ORD-SYN-003115,VEH-SYN-01,SOR-01,LOC-SYN-CUS-062,1,2026-05-08T22:26:00-04:00,2026-05-09T01:26:00-04:00,84.711,delivered,B2B-V1-BASE,BLD-9102B6E8BF1ABFFC5F32,True
DEL-SYN-003894,ORD-SYN-003116,VEH-SYN-02,SOR-01,LOC-SYN-CUS-140,1,2026-05-10T23:12:00-04:00,2026-05-11T02:12:00-04:00,93.15,delivered,B2B-V1-BASE,BLD-9102B6E8BF1ABFFC5F32,True
DEL-SYN-003895,ORD-SYN-003116,VEH-SYN-03,SOR-01,LOC-SYN-CUS-140,2,2026-05-11T09:12:00-04:00,2026-05-11T12:12:00-04:00,93.15,delivered,B2B-V1-BASE,BLD-9102B6E8BF1ABFFC5F32,True
DEL-SYN-003896,ORD-SYN-003117,VEH-SYN-03,SOR-01,LOC-SYN-CUS-148,1,2026-05-11T00:20:00-04:00,2026-05-11T03:20:00-04:00,94.333,delivered,B2B-V1-BASE,BLD-9102B6E8BF1ABFFC5F32,True
DEL-SYN-003897,ORD-SYN-003118,VEH-SYN-04,SOR-01,LOC-SYN-CUS-137,1,2026-05-10T10:34:00-04:00,2026-05-10T13:34:00-04:00,11.323,delivered,B2B-V1-BASE,BLD-9102B6E8BF1ABFFC5F32,True
DEL-SYN-003898,ORD-SYN-003119,VEH-SYN-05,SOR-01,LOC-SYN-CUS-134,1,2026-05-07T10:59:00-04:00,2026-05-07T13:59:00-04:00,101.573,delivered,B2B-V1-BASE,BLD-9102B6E8BF1ABFFC5F32,True
DEL-SYN-003899,ORD-SYN-003120,VEH-SYN-06,SOR-01,LOC-SYN-CUS-133,1,2026-05-07T01:06:00-04:00,2026-05-07T04:06:00-04:00,15.316,delivered,B2B-V1-BASE,BLD-9102B6E8BF1ABFFC5F32,True
DEL-SYN-003900,ORD-SYN-003120,VEH-SYN-01,SOR-01,LOC-SYN-CUS-133,2,2026-05-07T11:06:00-04:00,2026-05-07T14:06:00-04:00,15.316,delivered,B2B-V1-BASE,BLD-9102B6E8BF1ABFFC5F32,True
DEL-SYN-003901,ORD-SYN-003121,VEH-SYN-01,SOR-01,LOC-SYN-CUS-062,1,2026-05-11T11:57:00-04:00,2026-05-11T14:57:00-04:00,84.711,delivered,B2B-V1-BASE,BLD-9102B6E8BF1ABFFC5F32,True
DEL-SYN-003902,ORD-SYN-003122,VEH-SYN-02,SOR-01,LOC-SYN-CUS-053,1,2026-05-10T12:53:00-04:00,2026-05-10T15:53:00-04:00,11.138,delivered,B2B-V1-BASE,BLD-9102B6E8BF1ABFFC5F32,True
DEL-SYN-003903,ORD-SYN-003123,VEH-SYN-03,SOR-01,LOC-SYN-CUS-090,1,2026-05-11T12:53:00-04:00,2026-05-11T15:53:00-04:00,114.028,delivered,B2B-V1-BASE,BLD-9102B6E8BF1ABFFC5F32,True
DEL-SYN-003904,ORD-SYN-003124,VEH-SYN-04,SOR-01,LOC-SYN-CUS-057,1,2026-05-10T17:23:00-04:00,2026-05-10T20:23:00-04:00,11.041,delivered,B2B-V1-BASE,BLD-9102B6E8BF1ABFFC5F32,True
DEL-SYN-003905,ORD-SYN-003124,VEH-SYN-05,SOR-01,LOC-SYN-CUS-057,2,2026-05-11T03:23:00-04:00,2026-05-11T06:23:00-04:00,11.041,delivered,B2B-V1-BASE,BLD-9102B6E8BF1ABFFC5F32,True
DEL-SYN-003906,ORD-SYN-003125,VEH-SYN-05,SOR-01,LOC-SYN-CUS-061,1,2026-05-12T03:27:00-04:00,2026-05-12T06:27:00-04:00,12.904,delivered,B2B-V1-BASE,BLD-9102B6E8BF1ABFFC5F32,True
DEL-SYN-003907,ORD-SYN-003126,VEH-SYN-06,SOR-01,LOC-SYN-CUS-042,1,2026-05-09T04:06:00-04:00,2026-05-09T07:06:00-04:00,96.283,delivered,B2B-V1-BASE,BLD-9102B6E8BF1ABFFC5F32,True
DEL-SYN-003908,ORD-SYN-003127,VEH-SYN-01,SOR-01,LOC-SYN-CUS-114,1,2026-05-12T05:36:00-04:00,2026-05-12T08:36:00-04:00,98.868,delivered_with_incident,B2B-V1-BASE,BLD-9102B6E8BF1ABFFC5F32,True
DEL-SYN-003909,ORD-SYN-003128,VEH-SYN-02,SOR-01,LOC-SYN-CUS-005,1,2026-05-11T11:55:00-04:00,2026-05-11T14:55:00-04:00,9.779,delivered,B2B-V1-BASE,BLD-9102B6E8BF1ABFFC5F32,True
DEL-SYN-003910,ORD-SYN-003128,VEH-SYN-03,SOR-01,LOC-SYN-CUS-005,2,2026-05-12T01:55:00-04:00,2026-05-12T04:55:00-04:00,9.779,delivered,B2B-V1-BASE,BLD-9102B6E8BF1ABFFC5F32,True
DEL-SYN-003911,ORD-SYN-003129,VEH-SYN-03,SOR-01,LOC-SYN-CUS-105,1,2026-05-11T06:36:00-04:00,2026-05-11T09:36:00-04:00,13.533,delivered,B2B-V1-BASE,BLD-9102B6E8BF1ABFFC5F32,True
DEL-SYN-003912,ORD-SYN-003130,VEH-SYN-04,SOR-01,LOC-SYN-CUS-106,1,2026-05-12T08:49:00-04:00,2026-05-12T11:49:00-04:00,97.3,delivered,B2B-V1-BASE,BLD-9102B6E8BF1ABFFC5F32,True
DEL-SYN-003913,ORD-SYN-003131,VEH-SYN-05,SOR-01,LOC-SYN-CUS-018,1,2026-05-12T10:02:00-04:00,2026-05-12T13:02:00-04:00,97.884,delivered,B2B-V1-BASE,BLD-9102B6E8BF1ABFFC5F32,True
DEL-SYN-003914,ORD-SYN-003132,VEH-SYN-06,SOR-01,LOC-SYN-CUS-130,1,2026-05-12T01:49:00-04:00,2026-05-12T04:49:00-04:00,92.017,delivered,B2B-V1-BASE,BLD-9102B6E8BF1ABFFC5F32,True
DEL-SYN-003915,ORD-SYN-003132,VEH-SYN-01,SOR-01,LOC-SYN-CUS-130,2,2026-05-12T11:49:00-04:00,2026-05-12T14:49:00-04:00,92.017,delivered,B2B-V1-BASE,BLD-9102B6E8BF1ABFFC5F32,True
DEL-SYN-003916,ORD-SYN-003133,VEH-SYN-01,SOR-01,LOC-SYN-CUS-146,1,2026-05-11T12:36:00-04:00,2026-05-11T15:36:00-04:00,99.257,delivered,B2B-V1-BASE,BLD-9102B6E8BF1ABFFC5F32,True
DEL-SYN-003917,ORD-SYN-003134,VEH-SYN-02,SOR-01,LOC-SYN-CUS-085,1,2026-05-09T17:53:00-04:00,2026-05-09T20:53:00-04:00,11.234,delivered,B2B-V1-BASE,BLD-9102B6E8BF1ABFFC5F32,True
DEL-SYN-003918,ORD-SYN-003135,VEH-SYN-03,SOR-01,LOC-SYN-CUS-025,1,2026-05-11T04:29:00-04:00,2026-05-11T07:29:00-04:00,12.656,delivered,B2B-V1-BASE,BLD-9102B6E8BF1ABFFC5F32,True
DEL-SYN-003919,ORD-SYN-003136,VEH-SYN-04,SOR-01,LOC-SYN-CUS-074,1,2026-05-12T19:37:00-04:00,2026-05-12T22:37:00-04:00,106.713,delivered,B2B-V1-BASE,BLD-9102B6E8BF1ABFFC5F32,True
DEL-SYN-003920,ORD-SYN-003136,VEH-SYN-05,SOR-01,LOC-SYN-CUS-074,2,2026-05-13T05:37:00-04:00,2026-05-13T08:37:00-04:00,106.713,delivered,B2B-V1-BASE,BLD-9102B6E8BF1ABFFC5F32,True
DEL-SYN-003921,ORD-SYN-003137,VEH-SYN-05,SOR-01,LOC-SYN-CUS-070,1,2026-05-09T06:21:00-04:00,2026-05-09T09:21:00-04:00,93.688,delivered,B2B-V1-BASE,BLD-9102B6E8BF1ABFFC5F32,True
DEL-SYN-003922,ORD-SYN-003138,VEH-SYN-06,SOR-01,LOC-SYN-CUS-034,1,2026-05-12T08:26:00-04:00,2026-05-12T11:26:00-04:00,92.375,delivered,B2B-V1-BASE,BLD-9102B6E8BF1ABFFC5F32,True
DEL-SYN-003923,ORD-SYN-003139,VEH-SYN-01,SOR-01,LOC-SYN-CUS-143,1,2026-05-10T09:11:00-04:00,2026-05-10T12:11:00-04:00,10.494,delivered,B2B-V1-BASE,BLD-9102B6E8BF1ABFFC5F32,True
DEL-SYN-003924,ORD-SYN-003140,VEH-SYN-02,SOR-01,LOC-SYN-CUS-041,1,2026-05-10T15:37:00-04:00,2026-05-10T18:37:00-04:00,16.45,delivered,B2B-V1-BASE,BLD-9102B6E8BF1ABFFC5F32,True
DEL-SYN-003925,ORD-SYN-003140,VEH-SYN-03,SOR-01,LOC-SYN-CUS-041,2,2026-05-11T05:37:00-04:00,2026-05-11T08:37:00-04:00,16.45,delivered,B2B-V1-BASE,BLD-9102B6E8BF1ABFFC5F32,True
DEL-SYN-003926,ORD-SYN-003141,VEH-SYN-03,SOR-01,LOC-SYN-CUS-086,1,2026-05-11T23:48:00-04:00,2026-05-12T02:48:00-04:00,100.855,delivered,B2B-V1-BASE,BLD-9102B6E8BF1ABFFC5F32,True
DEL-SYN-003927,ORD-SYN-003142,VEH-SYN-04,SOR-01,LOC-SYN-CUS-042,1,2026-05-09T10:33:00-04:00,2026-05-09T13:33:00-04:00,96.283,delivered,B2B-V1-BASE,BLD-9102B6E8BF1ABFFC5F32,True
DEL-SYN-003928,ORD-SYN-003143,VEH-SYN-05,SOR-01,LOC-SYN-CUS-074,1,2026-05-12T11:30:00-04:00,2026-05-12T14:30:00-04:00,106.713,delivered,B2B-V1-BASE,BLD-9102B6E8BF1ABFFC5F32,True
DEL-SYN-003929,ORD-SYN-003144,VEH-SYN-06,SOR-01,LOC-SYN-CUS-069,1,2026-05-11T01:48:00-04:00,2026-05-11T04:48:00-04:00,13.67,delivered,B2B-V1-BASE,BLD-9102B6E8BF1ABFFC5F32,True
DEL-SYN-003930,ORD-SYN-003144,VEH-SYN-01,SOR-01,LOC-SYN-CUS-069,2,2026-05-11T11:48:00-04:00,2026-05-11T14:48:00-04:00,13.67,delivered,B2B-V1-BASE,BLD-9102B6E8BF1ABFFC5F32,True
DEL-SYN-003931,ORD-SYN-003145,VEH-SYN-01,SOR-01,LOC-SYN-CUS-062,1,2026-05-12T03:39:00-04:00,2026-05-12T06:39:00-04:00,84.711,delivered,B2B-V1-BASE,BLD-9102B6E8BF1ABFFC5F32,True
DEL-SYN-003932,ORD-SYN-003146,VEH-SYN-02,SOR-01,LOC-SYN-CUS-042,1,2026-05-14T17:58:00-04:00,2026-05-14T20:58:00-04:00,96.283,delivered,B2B-V1-BASE,BLD-9102B6E8BF1ABFFC5F32,True
DEL-SYN-003933,ORD-SYN-003147,VEH-SYN-03,SOR-01,LOC-SYN-CUS-118,1,2026-05-14T05:11:00-04:00,2026-05-14T08:11:00-04:00,89.411,delivered,B2B-V1-BASE,BLD-9102B6E8BF1ABFFC5F32,True
DEL-SYN-003934,ORD-SYN-003148,VEH-SYN-04,SOR-01,LOC-SYN-CUS-071,1,2026-05-10T19:17:00-04:00,2026-05-10T22:17:00-04:00,15.735,delivered,B2B-V1-BASE,BLD-9102B6E8BF1ABFFC5F32,True
DEL-SYN-003935,ORD-SYN-003148,VEH-SYN-05,SOR-01,LOC-SYN-CUS-071,2,2026-05-11T05:17:00-04:00,2026-05-11T08:17:00-04:00,15.735,delivered,B2B-V1-BASE,BLD-9102B6E8BF1ABFFC5F32,True
DEL-SYN-003936,ORD-SYN-003149,VEH-SYN-05,SOR-01,LOC-SYN-CUS-148,1,2026-05-11T20:15:00-04:00,2026-05-11T23:15:00-04:00,94.333,delivered,B2B-V1-BASE,BLD-9102B6E8BF1ABFFC5F32,True
DEL-SYN-003937,ORD-SYN-003150,VEH-SYN-06,SOR-01,LOC-SYN-CUS-130,1,2026-05-13T08:13:00-04:00,2026-05-13T11:13:00-04:00,92.017,delivered,B2B-V1-BASE,BLD-9102B6E8BF1ABFFC5F32,True
DEL-SYN-003938,ORD-SYN-003151,VEH-SYN-01,SOR-01,LOC-SYN-CUS-064,1,2026-05-14T08:22:00-04:00,2026-05-14T11:22:00-04:00,102.777,delivered,B2B-V1-BASE,BLD-9102B6E8BF1ABFFC5F32,True
DEL-SYN-003939,ORD-SYN-003152,VEH-SYN-02,SOR-01,LOC-SYN-CUS-113,1,2026-05-13T14:50:00-04:00,2026-05-13T17:50:00-04:00,18.69,delivered,B2B-V1-BASE,BLD-9102B6E8BF1ABFFC5F32,True
DEL-SYN-003940,ORD-SYN-003152,VEH-SYN-03,SOR-01,LOC-SYN-CUS-113,2,2026-05-14T04:50:00-04:00,2026-05-14T07:50:00-04:00,18.69,delivered,B2B-V1-BASE,BLD-9102B6E8BF1ABFFC5F32,True
DEL-SYN-003941,ORD-SYN-003153,VEH-SYN-03,SOR-01,LOC-SYN-CUS-040,1,2026-05-12T08:53:00-04:00,2026-05-12T11:53:00-04:00,104.509,delivered,B2B-V1-BASE,BLD-9102B6E8BF1ABFFC5F32,True
DEL-SYN-003942,ORD-SYN-003154,VEH-SYN-04,SOR-01,LOC-SYN-CUS-052,1,2026-05-12T10:18:00-04:00,2026-05-12T13:18:00-04:00,109.906,delivered,B2B-V1-BASE,BLD-9102B6E8BF1ABFFC5F32,True
DEL-SYN-003943,ORD-SYN-003155,VEH-SYN-05,SOR-01,LOC-SYN-CUS-057,1,2026-05-13T10:23:00-04:00,2026-05-13T13:23:00-04:00,11.041,delivered,B2B-V1-BASE,BLD-9102B6E8BF1ABFFC5F32,True
DEL-SYN-003944,ORD-SYN-003156,VEH-SYN-06,SOR-01,LOC-SYN-CUS-102,1,2026-05-15T09:04:00-04:00,2026-05-15T12:04:00-04:00,92.902,delivered,B2B-V1-BASE,BLD-9102B6E8BF1ABFFC5F32,True
DEL-SYN-003945,ORD-SYN-003156,VEH-SYN-01,SOR-01,LOC-SYN-CUS-102,2,2026-05-15T23:04:00-04:00,2026-05-16T02:04:00-04:00,92.902,delivered,B2B-V1-BASE,BLD-9102B6E8BF1ABFFC5F32,True
DEL-SYN-003946,ORD-SYN-003157,VEH-SYN-01,SOR-01,LOC-SYN-CUS-005,1,2026-05-15T03:17:00-04:00,2026-05-15T06:17:00-04:00,9.779,delivered,B2B-V1-BASE,BLD-9102B6E8BF1ABFFC5F32,True
DEL-SYN-003947,ORD-SYN-003158,VEH-SYN-02,SOR-01,LOC-SYN-CUS-062,1,2026-05-11T03:21:00-04:00,2026-05-11T06:21:00-04:00,84.711,delivered,B2B-V1-BASE,BLD-9102B6E8BF1ABFFC5F32,True
DEL-SYN-003948,ORD-SYN-003159,VEH-SYN-03,SOR-01,LOC-SYN-CUS-033,1,2026-05-11T04:01:00-04:00,2026-05-11T07:01:00-04:00,13.637,delivered,B2B-V1-BASE,BLD-9102B6E8BF1ABFFC5F32,True
DEL-SYN-003949,ORD-SYN-003160,VEH-SYN-04,SOR-01,LOC-SYN-CUS-130,1,2026-05-10T19:58:00-04:00,2026-05-10T22:58:00-04:00,92.017,delivered,B2B-V1-BASE,BLD-9102B6E8BF1ABFFC5F32,True
DEL-SYN-003950,ORD-SYN-003160,VEH-SYN-05,SOR-01,LOC-SYN-CUS-130,2,2026-05-11T05:58:00-04:00,2026-05-11T08:58:00-04:00,92.017,delivered_with_incident,B2B-V1-BASE,BLD-9102B6E8BF1ABFFC5F32,True
DEL-SYN-003951,ORD-SYN-003161,VEH-SYN-05,SOR-01,LOC-SYN-CUS-094,1,2026-05-15T06:00:00-04:00,2026-05-15T09:00:00-04:00,81.241,delivered_with_incident,B2B-V1-BASE,BLD-9102B6E8BF1ABFFC5F32,True
DEL-SYN-003952,ORD-SYN-003162,VEH-SYN-06,SOR-01,LOC-SYN-CUS-016,1,2026-05-11T06:37:00-04:00,2026-05-11T09:37:00-04:00,89.626,delivered,B2B-V1-BASE,BLD-9102B6E8BF1ABFFC5F32,True
DEL-SYN-003953,ORD-SYN-003163,VEH-SYN-01,SOR-01,LOC-SYN-CUS-042,1,2026-05-13T07:04:00-04:00,2026-05-13T10:04:00-04:00,96.283,delivered,B2B-V1-BASE,BLD-9102B6E8BF1ABFFC5F32,True
DEL-SYN-003954,ORD-SYN-003164,VEH-SYN-02,SOR-01,LOC-SYN-CUS-085,1,2026-05-13T21:37:00-04:00,2026-05-14T00:37:00-04:00,11.234,delivered,B2B-V1-BASE,BLD-9102B6E8BF1ABFFC5F32,True
DEL-SYN-003955,ORD-SYN-003164,VEH-SYN-03,SOR-01,LOC-SYN-CUS-085,2,2026-05-14T07:37:00-04:00,2026-05-14T10:37:00-04:00,11.234,delivered,B2B-V1-BASE,BLD-9102B6E8BF1ABFFC5F32,True
DEL-SYN-003956,ORD-SYN-003165,VEH-SYN-03,SOR-01,LOC-SYN-CUS-038,1,2026-05-11T08:50:00-04:00,2026-05-11T11:50:00-04:00,91.614,delivered,B2B-V1-BASE,BLD-9102B6E8BF1ABFFC5F32,True
DEL-SYN-003957,ORD-SYN-003166,VEH-SYN-04,SOR-01,LOC-SYN-CUS-081,1,2026-05-11T09:52:00-04:00,2026-05-11T12:52:00-04:00,6.44,delivered,B2B-V1-BASE,BLD-9102B6E8BF1ABFFC5F32,True
DEL-SYN-003958,ORD-SYN-003167,VEH-SYN-05,SOR-01,LOC-SYN-CUS-108,1,2026-05-11T10:49:00-04:00,2026-05-11T13:49:00-04:00,104.477,delivered,B2B-V1-BASE,BLD-9102B6E8BF1ABFFC5F32,True
DEL-SYN-003959,ORD-SYN-003168,VEH-SYN-06,SOR-01,LOC-SYN-CUS-150,1,2026-05-14T17:48:00-04:00,2026-05-14T20:48:00-04:00,93.487,delivered,B2B-V1-BASE,BLD-9102B6E8BF1ABFFC5F32,True
DEL-SYN-003960,ORD-SYN-003168,VEH-SYN-01,SOR-01,LOC-SYN-CUS-150,2,2026-05-15T07:48:00-04:00,2026-05-15T10:48:00-04:00,93.487,delivered,B2B-V1-BASE,BLD-9102B6E8BF1ABFFC5F32,True
DEL-SYN-003961,ORD-SYN-003169,VEH-SYN-01,SOR-01,LOC-SYN-CUS-026,1,2026-05-15T03:20:00-04:00,2026-05-15T06:20:00-04:00,93.542,delivered,B2B-V1-BASE,BLD-9102B6E8BF1ABFFC5F32,True
DEL-SYN-003962,ORD-SYN-003170,VEH-SYN-02,SOR-01,LOC-SYN-CUS-041,1,2026-05-12T18:19:00-04:00,2026-05-12T21:19:00-04:00,16.45,delivered,B2B-V1-BASE,BLD-9102B6E8BF1ABFFC5F32,True
DEL-SYN-003963,ORD-SYN-003171,VEH-SYN-03,SOR-01,LOC-SYN-CUS-133,1,2026-05-15T05:30:00-04:00,2026-05-15T08:30:00-04:00,15.316,delivered,B2B-V1-BASE,BLD-9102B6E8BF1ABFFC5F32,True
DEL-SYN-003964,ORD-SYN-003172,VEH-SYN-04,SOR-01,LOC-SYN-CUS-102,1,2026-05-14T21:16:00-04:00,2026-05-15T00:16:00-04:00,92.902,delivered,B2B-V1-BASE,BLD-9102B6E8BF1ABFFC5F32,True
DEL-SYN-003965,ORD-SYN-003172,VEH-SYN-05,SOR-01,LOC-SYN-CUS-102,2,2026-05-15T07:16:00-04:00,2026-05-15T10:16:00-04:00,92.902,delivered,B2B-V1-BASE,BLD-9102B6E8BF1ABFFC5F32,True
DEL-SYN-003966,ORD-SYN-003173,VEH-SYN-05,SOR-01,LOC-SYN-CUS-071,1,2026-05-15T21:22:00-04:00,2026-05-16T00:22:00-04:00,15.735,delivered,B2B-V1-BASE,BLD-9102B6E8BF1ABFFC5F32,True
DEL-SYN-003967,ORD-SYN-003174,VEH-SYN-06,SOR-01,LOC-SYN-CUS-146,1,2026-05-12T22:01:00-04:00,2026-05-13T01:01:00-04:00,99.257,delivered,B2B-V1-BASE,BLD-9102B6E8BF1ABFFC5F32,True
DEL-SYN-003968,ORD-SYN-003175,VEH-SYN-01,SOR-01,LOC-SYN-CUS-083,1,2026-05-16T08:04:00-04:00,2026-05-16T11:04:00-04:00,15.586,delivered,B2B-V1-BASE,BLD-9102B6E8BF1ABFFC5F32,True
DEL-SYN-003969,ORD-SYN-003176,VEH-SYN-02,SOR-01,LOC-SYN-CUS-046,1,2026-05-15T23:56:00-04:00,2026-05-16T02:56:00-04:00,97.72,delivered,B2B-V1-BASE,BLD-9102B6E8BF1ABFFC5F32,True
DEL-SYN-003970,ORD-SYN-003176,VEH-SYN-03,SOR-01,LOC-SYN-CUS-046,2,2026-05-16T09:56:00-04:00,2026-05-16T12:56:00-04:00,97.72,delivered,B2B-V1-BASE,BLD-9102B6E8BF1ABFFC5F32,True
DEL-SYN-003971,ORD-SYN-003177,VEH-SYN-03,SOR-01,LOC-SYN-CUS-150,1,2026-05-15T10:47:00-04:00,2026-05-15T13:47:00-04:00,93.487,delivered,B2B-V1-BASE,BLD-9102B6E8BF1ABFFC5F32,True
DEL-SYN-003972,ORD-SYN-003178,VEH-SYN-04,SOR-01,LOC-SYN-CUS-050,1,2026-05-13T10:48:00-04:00,2026-05-13T13:48:00-04:00,95.323,delivered_with_incident,B2B-V1-BASE,BLD-9102B6E8BF1ABFFC5F32,True
DEL-SYN-003973,ORD-SYN-003179,VEH-SYN-05,SOR-01,LOC-SYN-CUS-067,1,2026-05-12T11:10:00-04:00,2026-05-12T14:10:00-04:00,13.624,delivered,B2B-V1-BASE,BLD-9102B6E8BF1ABFFC5F32,True
DEL-SYN-003974,ORD-SYN-003180,VEH-SYN-06,SOR-01,LOC-SYN-CUS-046,1,2026-05-16T18:00:00-04:00,2026-05-16T21:00:00-04:00,97.72,delivered,B2B-V1-BASE,BLD-9102B6E8BF1ABFFC5F32,True
DEL-SYN-003975,ORD-SYN-003180,VEH-SYN-01,SOR-01,LOC-SYN-CUS-046,2,2026-05-17T08:00:00-04:00,2026-05-17T11:00:00-04:00,97.72,delivered,B2B-V1-BASE,BLD-9102B6E8BF1ABFFC5F32,True
DEL-SYN-003976,ORD-SYN-003181,VEH-SYN-01,SOR-01,LOC-SYN-CUS-089,1,2026-05-16T12:55:00-04:00,2026-05-16T15:55:00-04:00,10.706,delivered,B2B-V1-BASE,BLD-9102B6E8BF1ABFFC5F32,True
DEL-SYN-003977,ORD-SYN-003182,VEH-SYN-02,SOR-01,LOC-SYN-CUS-121,1,2026-05-17T03:24:00-04:00,2026-05-17T06:24:00-04:00,1.523,delivered,B2B-V1-BASE,BLD-9102B6E8BF1ABFFC5F32,True
DEL-SYN-003978,ORD-SYN-003183,VEH-SYN-03,SOR-01,LOC-SYN-CUS-129,1,2026-05-14T04:38:00-04:00,2026-05-14T07:38:00-04:00,10.44,delivered,B2B-V1-BASE,BLD-9102B6E8BF1ABFFC5F32,True
DEL-SYN-003979,ORD-SYN-003184,VEH-SYN-04,SOR-01,LOC-SYN-CUS-132,1,2026-05-15T18:41:00-04:00,2026-05-15T21:41:00-04:00,97.514,delivered,B2B-V1-BASE,BLD-9102B6E8BF1ABFFC5F32,True
DEL-SYN-003980,ORD-SYN-003184,VEH-SYN-05,SOR-01,LOC-SYN-CUS-132,2,2026-05-16T04:41:00-04:00,2026-05-16T07:41:00-04:00,97.514,delivered,B2B-V1-BASE,BLD-9102B6E8BF1ABFFC5F32,True
DEL-SYN-003981,ORD-SYN-003185,VEH-SYN-05,SOR-01,LOC-SYN-CUS-134,1,2026-05-17T06:12:00-04:00,2026-05-17T09:12:00-04:00,101.573,delivered,B2B-V1-BASE,BLD-9102B6E8BF1ABFFC5F32,True
DEL-SYN-003982,ORD-SYN-003186,VEH-SYN-06,SOR-01,LOC-SYN-CUS-080,1,2026-05-13T20:44:00-04:00,2026-05-13T23:44:00-04:00,82.096,delivered,B2B-V1-BASE,BLD-9102B6E8BF1ABFFC5F32,True
DEL-SYN-003983,ORD-SYN-003187,VEH-SYN-01,SOR-01,LOC-SYN-CUS-086,1,2026-05-15T01:13:00-04:00,2026-05-15T04:13:00-04:00,100.855,delivered,B2B-V1-BASE,BLD-9102B6E8BF1ABFFC5F32,True
DEL-SYN-003984,ORD-SYN-003188,VEH-SYN-02,SOR-01,LOC-SYN-CUS-110,1,2026-05-17T17:23:00-04:00,2026-05-17T20:23:00-04:00,101.983,delivered,B2B-V1-BASE,BLD-9102B6E8BF1ABFFC5F32,True
DEL-SYN-003985,ORD-SYN-003188,VEH-SYN-03,SOR-01,LOC-SYN-CUS-110,2,2026-05-18T07:23:00-04:00,2026-05-18T10:23:00-04:00,101.983,delivered,B2B-V1-BASE,BLD-9102B6E8BF1ABFFC5F32,True
DEL-SYN-003986,ORD-SYN-003189,VEH-SYN-03,SOR-01,LOC-SYN-CUS-077,1,2026-05-18T02:02:00-04:00,2026-05-18T05:02:00-04:00,6.85,delivered,B2B-V1-BASE,BLD-9102B6E8BF1ABFFC5F32,True
DEL-SYN-003987,ORD-SYN-003190,VEH-SYN-04,SOR-01,LOC-SYN-CUS-142,1,2026-05-14T12:09:00-04:00,2026-05-14T15:09:00-04:00,96.727,delivered,B2B-V1-BASE,BLD-9102B6E8BF1ABFFC5F32,True
DEL-SYN-003988,ORD-SYN-003191,VEH-SYN-05,SOR-01,LOC-SYN-CUS-121,1,2026-05-16T04:13:00-04:00,2026-05-16T07:13:00-04:00,1.523,delivered,B2B-V1-BASE,BLD-9102B6E8BF1ABFFC5F32,True
DEL-SYN-003989,ORD-SYN-003192,VEH-SYN-06,SOR-01,LOC-SYN-CUS-001,1,2026-05-14T19:13:00-04:00,2026-05-14T22:13:00-04:00,6.513,delivered,B2B-V1-BASE,BLD-9102B6E8BF1ABFFC5F32,True
DEL-SYN-003990,ORD-SYN-003192,VEH-SYN-01,SOR-01,LOC-SYN-CUS-001,2,2026-05-15T05:13:00-04:00,2026-05-15T08:13:00-04:00,6.513,delivered,B2B-V1-BASE,BLD-9102B6E8BF1ABFFC5F32,True
DEL-SYN-003991,ORD-SYN-003193,VEH-SYN-01,SOR-01,LOC-SYN-CUS-039,1,2026-05-17T05:31:00-04:00,2026-05-17T08:31:00-04:00,12.9,delivered,B2B-V1-BASE,BLD-9102B6E8BF1ABFFC5F32,True
DEL-SYN-003992,ORD-SYN-003194,VEH-SYN-02,SOR-01,LOC-SYN-CUS-017,1,2026-05-14T20:09:00-04:00,2026-05-14T23:09:00-04:00,7.536,delivered,B2B-V1-BASE,BLD-9102B6E8BF1ABFFC5F32,True
DEL-SYN-003993,ORD-SYN-003195,VEH-SYN-03,SOR-01,LOC-SYN-CUS-042,1,2026-05-15T20:54:00-04:00,2026-05-15T23:54:00-04:00,96.283,delivered_with_incident,B2B-V1-BASE,BLD-9102B6E8BF1ABFFC5F32,True
DEL-SYN-003994,ORD-SYN-003196,VEH-SYN-04,SOR-01,LOC-SYN-CUS-133,1,2026-05-14T13:01:00-04:00,2026-05-14T16:01:00-04:00,15.316,delivered,B2B-V1-BASE,BLD-9102B6E8BF1ABFFC5F32,True
DEL-SYN-003995,ORD-SYN-003196,VEH-SYN-05,SOR-01,LOC-SYN-CUS-133,2,2026-05-15T03:01:00-04:00,2026-05-15T06:01:00-04:00,15.316,delivered,B2B-V1-BASE,BLD-9102B6E8BF1ABFFC5F32,True
DEL-SYN-003996,ORD-SYN-003197,VEH-SYN-05,SOR-01,LOC-SYN-CUS-144,1,2026-05-18T23:26:00-04:00,2026-05-19T02:26:00-04:00,84.976,delivered,B2B-V1-BASE,BLD-9102B6E8BF1ABFFC5F32,True
DEL-SYN-003997,ORD-SYN-003198,VEH-SYN-06,SOR-01,LOC-SYN-CUS-064,1,2026-05-16T09:54:00-04:00,2026-05-16T12:54:00-04:00,102.777,delivered,B2B-V1-BASE,BLD-9102B6E8BF1ABFFC5F32,True
DEL-SYN-003998,ORD-SYN-003199,VEH-SYN-01,SOR-01,LOC-SYN-CUS-008,1,2026-05-14T10:59:00-04:00,2026-05-14T13:59:00-04:00,89.436,delivered,B2B-V1-BASE,BLD-9102B6E8BF1ABFFC5F32,True
DEL-SYN-003999,ORD-SYN-003200,VEH-SYN-02,SOR-01,LOC-SYN-CUS-066,1,2026-05-14T01:34:00-04:00,2026-05-14T04:34:00-04:00,96.649,delivered,B2B-V1-BASE,BLD-9102B6E8BF1ABFFC5F32,True
DEL-SYN-004000,ORD-SYN-003200,VEH-SYN-03,SOR-01,LOC-SYN-CUS-066,2,2026-05-14T11:34:00-04:00,2026-05-14T14:34:00-04:00,96.649,delivered,B2B-V1-BASE,BLD-9102B6E8BF1ABFFC5F32,True
DEL-SYN-004001,ORD-SYN-003201,VEH-SYN-03,SOR-01,LOC-SYN-CUS-026,1,2026-05-19T03:32:00-04:00,2026-05-19T06:32:00-04:00,93.542,delivered,B2B-V1-BASE,BLD-9102B6E8BF1ABFFC5F32,True
DEL-SYN-004002,ORD-SYN-003202,VEH-SYN-04,SOR-01,LOC-SYN-CUS-130,1,2026-05-19T06:09:00-04:00,2026-05-19T09:09:00-04:00,92.017,delivered,B2B-V1-BASE,BLD-9102B6E8BF1ABFFC5F32,True
DEL-SYN-004003,ORD-SYN-003203,VEH-SYN-05,SOR-01,LOC-SYN-CUS-100,1,2026-05-18T21:58:00-04:00,2026-05-19T00:58:00-04:00,104.241,delivered,B2B-V1-BASE,BLD-9102B6E8BF1ABFFC5F32,True
DEL-SYN-004004,ORD-SYN-003204,VEH-SYN-06,SOR-01,LOC-SYN-CUS-049,1,2026-05-18T00:34:00-04:00,2026-05-18T03:34:00-04:00,13.054,delivered,B2B-V1-BASE,BLD-9102B6E8BF1ABFFC5F32,True
DEL-SYN-004005,ORD-SYN-003204,VEH-SYN-01,SOR-01,LOC-SYN-CUS-049,2,2026-05-18T10:34:00-04:00,2026-05-18T13:34:00-04:00,13.054,delivered,B2B-V1-BASE,BLD-9102B6E8BF1ABFFC5F32,True
DEL-SYN-004006,ORD-SYN-003205,VEH-SYN-01,SOR-01,LOC-SYN-CUS-082,1,2026-05-19T11:12:00-04:00,2026-05-19T14:12:00-04:00,95.328,delivered,B2B-V1-BASE,BLD-9102B6E8BF1ABFFC5F32,True
DEL-SYN-004007,ORD-SYN-003206,VEH-SYN-02,SOR-01,LOC-SYN-CUS-065,1,2026-05-16T11:30:00-04:00,2026-05-16T14:30:00-04:00,13.49,delivered,B2B-V1-BASE,BLD-9102B6E8BF1ABFFC5F32,True
DEL-SYN-004008,ORD-SYN-003207,VEH-SYN-03,SOR-01,LOC-SYN-CUS-081,1,2026-05-17T11:50:00-04:00,2026-05-17T14:50:00-04:00,6.44,delivered,B2B-V1-BASE,BLD-9102B6E8BF1ABFFC5F32,True
DEL-SYN-004009,ORD-SYN-003208,VEH-SYN-04,SOR-01,LOC-SYN-CUS-002,1,2026-05-17T01:59:00-04:00,2026-05-17T04:59:00-04:00,87.443,delivered,B2B-V1-BASE,BLD-9102B6E8BF1ABFFC5F32,True
DEL-SYN-004010,ORD-SYN-003208,VEH-SYN-05,SOR-01,LOC-SYN-CUS-002,2,2026-05-17T11:59:00-04:00,2026-05-17T14:59:00-04:00,87.443,delivered,B2B-V1-BASE,BLD-9102B6E8BF1ABFFC5F32,True
DEL-SYN-004011,ORD-SYN-003209,VEH-SYN-05,SOR-01,LOC-SYN-CUS-015,1,2026-05-16T12:34:00-04:00,2026-05-16T15:34:00-04:00,20.193,delivered,B2B-V1-BASE,BLD-9102B6E8BF1ABFFC5F32,True
DEL-SYN-004012,ORD-SYN-003210,VEH-SYN-06,SOR-01,LOC-SYN-CUS-061,1,2026-05-19T03:56:00-04:00,2026-05-19T06:56:00-04:00,12.904,delivered,B2B-V1-BASE,BLD-9102B6E8BF1ABFFC5F32,True
DEL-SYN-004013,ORD-SYN-003211,VEH-SYN-01,SOR-01,LOC-SYN-CUS-010,1,2026-05-19T08:56:00-04:00,2026-05-19T11:56:00-04:00,98.174,delivered,B2B-V1-BASE,BLD-9102B6E8BF1ABFFC5F32,True
DEL-SYN-004014,ORD-SYN-003212,VEH-SYN-02,SOR-01,LOC-SYN-CUS-074,1,2026-05-16T23:17:00-04:00,2026-05-17T02:17:00-04:00,106.713,delivered_with_incident,B2B-V1-BASE,BLD-9102B6E8BF1ABFFC5F32,True
DEL-SYN-004015,ORD-SYN-003212,VEH-SYN-03,SOR-01,LOC-SYN-CUS-074,2,2026-05-17T09:17:00-04:00,2026-05-17T12:17:00-04:00,106.713,delivered,B2B-V1-BASE,BLD-9102B6E8BF1ABFFC5F32,True
DEL-SYN-004016,ORD-SYN-003213,VEH-SYN-03,SOR-01,LOC-SYN-CUS-118,1,2026-05-17T09:33:00-04:00,2026-05-17T12:33:00-04:00,89.411,delivered,B2B-V1-BASE,BLD-9102B6E8BF1ABFFC5F32,True
DEL-SYN-004017,ORD-SYN-003214,VEH-SYN-04,SOR-01,LOC-SYN-CUS-082,1,2026-05-19T03:18:00-04:00,2026-05-19T06:18:00-04:00,95.328,delivered,B2B-V1-BASE,BLD-9102B6E8BF1ABFFC5F32,True
DEL-SYN-004018,ORD-SYN-003215,VEH-SYN-05,SOR-01,LOC-SYN-CUS-068,1,2026-05-17T04:42:00-04:00,2026-05-17T07:42:00-04:00,103.344,delivered,B2B-V1-BASE,BLD-9102B6E8BF1ABFFC5F32,True
DEL-SYN-004019,ORD-SYN-003216,VEH-SYN-06,SOR-01,LOC-SYN-CUS-037,1,2026-05-17T18:52:00-04:00,2026-05-17T21:52:00-04:00,1.869,delivered,B2B-V1-BASE,BLD-9102B6E8BF1ABFFC5F32,True
DEL-SYN-004020,ORD-SYN-003216,VEH-SYN-01,SOR-01,LOC-SYN-CUS-037,2,2026-05-18T04:52:00-04:00,2026-05-18T07:52:00-04:00,1.869,delivered,B2B-V1-BASE,BLD-9102B6E8BF1ABFFC5F32,True
DEL-SYN-004021,ORD-SYN-003217,VEH-SYN-01,SOR-01,LOC-SYN-CUS-053,1,2026-05-18T05:10:00-04:00,2026-05-18T08:10:00-04:00,11.138,delivered,B2B-V1-BASE,BLD-9102B6E8BF1ABFFC5F32,True
DEL-SYN-004022,ORD-SYN-003218,VEH-SYN-02,SOR-01,LOC-SYN-CUS-032,1,2026-05-21T07:50:00-04:00,2026-05-21T10:50:00-04:00,100.378,delivered,B2B-V1-BASE,BLD-9102B6E8BF1ABFFC5F32,True
DEL-SYN-004023,ORD-SYN-003219,VEH-SYN-03,SOR-01,LOC-SYN-CUS-061,1,2026-05-21T08:00:00-04:00,2026-05-21T11:00:00-04:00,12.904,delivered,B2B-V1-BASE,BLD-9102B6E8BF1ABFFC5F32,True
DEL-SYN-004024,ORD-SYN-003220,VEH-SYN-04,SOR-01,LOC-SYN-CUS-042,1,2026-05-16T23:42:00-04:00,2026-05-17T02:42:00-04:00,96.283,delivered,B2B-V1-BASE,BLD-9102B6E8BF1ABFFC5F32,True
DEL-SYN-004025,ORD-SYN-003220,VEH-SYN-05,SOR-01,LOC-SYN-CUS-042,2,2026-05-17T09:42:00-04:00,2026-05-17T12:42:00-04:00,96.283,delivered,B2B-V1-BASE,BLD-9102B6E8BF1ABFFC5F32,True
DEL-SYN-004026,ORD-SYN-003221,VEH-SYN-05,SOR-01,LOC-SYN-CUS-086,1,2026-05-20T23:58:00-04:00,2026-05-21T02:58:00-04:00,100.855,delivered,B2B-V1-BASE,BLD-9102B6E8BF1ABFFC5F32,True
DEL-SYN-004027,ORD-SYN-003222,VEH-SYN-06,SOR-01,LOC-SYN-CUS-069,1,2026-05-20T11:54:00-04:00,2026-05-20T14:54:00-04:00,13.67,delivered,B2B-V1-BASE,BLD-9102B6E8BF1ABFFC5F32,True
DEL-SYN-004028,ORD-SYN-003223,VEH-SYN-01,SOR-01,LOC-SYN-CUS-115,1,2026-05-21T12:49:00-04:00,2026-05-21T15:49:00-04:00,8.481,delivered,B2B-V1-BASE,BLD-9102B6E8BF1ABFFC5F32,True
DEL-SYN-004029,ORD-SYN-003224,VEH-SYN-02,SOR-01,LOC-SYN-CUS-141,1,2026-05-20T20:16:00-04:00,2026-05-20T23:16:00-04:00,3.791,delivered,B2B-V1-BASE,BLD-9102B6E8BF1ABFFC5F32,True
DEL-SYN-004030,ORD-SYN-003224,VEH-SYN-03,SOR-01,LOC-SYN-CUS-141,2,2026-05-21T06:16:00-04:00,2026-05-21T09:16:00-04:00,3.791,delivered,B2B-V1-BASE,BLD-9102B6E8BF1ABFFC5F32,True
DEL-SYN-004031,ORD-SYN-003225,VEH-SYN-03,SOR-01,LOC-SYN-CUS-130,1,2026-05-18T09:32:00-04:00,2026-05-18T12:32:00-04:00,92.017,delivered,B2B-V1-BASE,BLD-9102B6E8BF1ABFFC5F32,True
DEL-SYN-004032,ORD-SYN-003226,VEH-SYN-04,SOR-01,LOC-SYN-CUS-074,1,2026-05-23T01:51:00-04:00,2026-05-23T04:51:00-04:00,106.713,delivered,B2B-V1-BASE,BLD-9102B6E8BF1ABFFC5F32,True
DEL-SYN-004033,ORD-SYN-003227,VEH-SYN-05,SOR-01,LOC-SYN-CUS-085,1,2026-05-21T12:28:00-04:00,2026-05-21T15:28:00-04:00,11.234,delivered,B2B-V1-BASE,BLD-9102B6E8BF1ABFFC5F32,True
DEL-SYN-004034,ORD-SYN-003228,VEH-SYN-06,SOR-01,LOC-SYN-CUS-127,1,2026-05-18T02:46:00-04:00,2026-05-18T05:46:00-04:00,11.422,delivered,B2B-V1-BASE,BLD-9102B6E8BF1ABFFC5F32,True
DEL-SYN-004035,ORD-SYN-003228,VEH-SYN-01,SOR-01,LOC-SYN-CUS-127,2,2026-05-18T12:46:00-04:00,2026-05-18T15:46:00-04:00,11.422,delivered,B2B-V1-BASE,BLD-9102B6E8BF1ABFFC5F32,True
DEL-SYN-004036,ORD-SYN-003229,VEH-SYN-01,SOR-01,LOC-SYN-CUS-065,1,2026-05-23T04:47:00-04:00,2026-05-23T07:47:00-04:00,13.49,delivered,B2B-V1-BASE,BLD-9102B6E8BF1ABFFC5F32,True
DEL-SYN-004037,ORD-SYN-003230,VEH-SYN-02,SOR-01,LOC-SYN-CUS-080,1,2026-05-19T04:53:00-04:00,2026-05-19T07:53:00-04:00,82.096,delivered,B2B-V1-BASE,BLD-9102B6E8BF1ABFFC5F32,True
DEL-SYN-004038,ORD-SYN-003231,VEH-SYN-03,SOR-01,LOC-SYN-CUS-111,1,2026-05-23T19:41:00-04:00,2026-05-23T22:41:00-04:00,11.121,delivered,B2B-V1-BASE,BLD-9102B6E8BF1ABFFC5F32,True
DEL-SYN-004039,ORD-SYN-003232,VEH-SYN-04,SOR-01,LOC-SYN-CUS-146,1,2026-05-18T20:47:00-04:00,2026-05-18T23:47:00-04:00,99.257,delivered,B2B-V1-BASE,BLD-9102B6E8BF1ABFFC5F32,True
DEL-SYN-004040,ORD-SYN-003232,VEH-SYN-05,SOR-01,LOC-SYN-CUS-146,2,2026-05-19T06:47:00-04:00,2026-05-19T09:47:00-04:00,99.257,delivered,B2B-V1-BASE,BLD-9102B6E8BF1ABFFC5F32,True
DEL-SYN-004041,ORD-SYN-003233,VEH-SYN-05,SOR-01,LOC-SYN-CUS-025,1,2026-05-20T07:14:00-04:00,2026-05-20T10:14:00-04:00,12.656,delivered,B2B-V1-BASE,BLD-9102B6E8BF1ABFFC5F32,True
DEL-SYN-004042,ORD-SYN-003234,VEH-SYN-06,SOR-01,LOC-SYN-CUS-090,1,2026-05-20T08:30:00-04:00,2026-05-20T11:30:00-04:00,114.028,delivered,B2B-V1-BASE,BLD-9102B6E8BF1ABFFC5F32,True
DEL-SYN-004043,ORD-SYN-003235,VEH-SYN-01,SOR-01,LOC-SYN-CUS-033,1,2026-05-20T22:44:00-04:00,2026-05-21T01:44:00-04:00,13.637,delivered,B2B-V1-BASE,BLD-9102B6E8BF1ABFFC5F32,True
DEL-SYN-004044,ORD-SYN-003236,VEH-SYN-02,SOR-01,LOC-SYN-CUS-107,1,2026-05-18T23:00:00-04:00,2026-05-19T02:00:00-04:00,15.357,delivered,B2B-V1-BASE,BLD-9102B6E8BF1ABFFC5F32,True
DEL-SYN-004045,ORD-SYN-003236,VEH-SYN-03,SOR-01,LOC-SYN-CUS-107,2,2026-05-19T09:00:00-04:00,2026-05-19T12:00:00-04:00,15.357,delivered,B2B-V1-BASE,BLD-9102B6E8BF1ABFFC5F32,True
DEL-SYN-004046,ORD-SYN-003237,VEH-SYN-03,SOR-01,LOC-SYN-CUS-136,1,2026-05-22T23:17:00-04:00,2026-05-23T02:17:00-04:00,98.302,delivered,B2B-V1-BASE,BLD-9102B6E8BF1ABFFC5F32,True
DEL-SYN-004047,ORD-SYN-003238,VEH-SYN-04,SOR-01,LOC-SYN-CUS-127,1,2026-05-19T09:21:00-04:00,2026-05-19T12:21:00-04:00,11.422,delivered,B2B-V1-BASE,BLD-9102B6E8BF1ABFFC5F32,True
DEL-SYN-004048,ORD-SYN-003239,VEH-SYN-05,SOR-01,LOC-SYN-CUS-121,1,2026-05-23T10:33:00-04:00,2026-05-23T13:33:00-04:00,1.523,delivered,B2B-V1-BASE,BLD-9102B6E8BF1ABFFC5F32,True
DEL-SYN-004049,ORD-SYN-003240,VEH-SYN-06,SOR-01,LOC-SYN-CUS-121,1,2026-05-21T01:30:00-04:00,2026-05-21T04:30:00-04:00,1.523,delivered,B2B-V1-BASE,BLD-9102B6E8BF1ABFFC5F32,True
DEL-SYN-004050,ORD-SYN-003240,VEH-SYN-01,SOR-01,LOC-SYN-CUS-121,2,2026-05-21T11:30:00-04:00,2026-05-21T14:30:00-04:00,1.523,delivered,B2B-V1-BASE,BLD-9102B6E8BF1ABFFC5F32,True
DEL-SYN-004051,ORD-SYN-003241,VEH-SYN-01,SOR-01,LOC-SYN-CUS-070,1,2026-05-22T11:59:00-04:00,2026-05-22T14:59:00-04:00,93.688,delivered,B2B-V1-BASE,BLD-9102B6E8BF1ABFFC5F32,True
DEL-SYN-004052,ORD-SYN-003242,VEH-SYN-02,SOR-01,LOC-SYN-CUS-046,1,2026-05-23T12:06:00-04:00,2026-05-23T15:06:00-04:00,97.72,delivered,B2B-V1-BASE,BLD-9102B6E8BF1ABFFC5F32,True
DEL-SYN-004053,ORD-SYN-003243,VEH-SYN-03,SOR-01,LOC-SYN-CUS-070,1,2026-05-22T02:49:00-04:00,2026-05-22T05:49:00-04:00,93.688,delivered,B2B-V1-BASE,BLD-9102B6E8BF1ABFFC5F32,True
DEL-SYN-004054,ORD-SYN-003244,VEH-SYN-04,SOR-01,LOC-SYN-CUS-141,1,2026-05-24T09:12:00-04:00,2026-05-24T12:12:00-04:00,3.791,delivered,B2B-V1-BASE,BLD-9102B6E8BF1ABFFC5F32,True
DEL-SYN-004055,ORD-SYN-003244,VEH-SYN-05,SOR-01,LOC-SYN-CUS-141,2,2026-05-24T23:12:00-04:00,2026-05-25T02:12:00-04:00,3.791,delivered,B2B-V1-BASE,BLD-9102B6E8BF1ABFFC5F32,True
DEL-SYN-004056,ORD-SYN-003245,VEH-SYN-05,SOR-01,LOC-SYN-CUS-114,1,2026-05-24T17:21:00-04:00,2026-05-24T20:21:00-04:00,98.868,delivered,B2B-V1-BASE,BLD-9102B6E8BF1ABFFC5F32,True
DEL-SYN-004057,ORD-SYN-003246,VEH-SYN-06,SOR-01,LOC-SYN-CUS-121,1,2026-05-24T05:44:00-04:00,2026-05-24T08:44:00-04:00,1.523,delivered,B2B-V1-BASE,BLD-9102B6E8BF1ABFFC5F32,True
DEL-SYN-004058,ORD-SYN-003247,VEH-SYN-01,SOR-01,LOC-SYN-CUS-074,1,2026-05-24T06:14:00-04:00,2026-05-24T09:14:00-04:00,106.713,delivered,B2B-V1-BASE,BLD-9102B6E8BF1ABFFC5F32,True
DEL-SYN-004059,ORD-SYN-003248,VEH-SYN-02,SOR-01,LOC-SYN-CUS-098,1,2026-05-23T20:36:00-04:00,2026-05-23T23:36:00-04:00,100.419,delivered,B2B-V1-BASE,BLD-9102B6E8BF1ABFFC5F32,True
DEL-SYN-004060,ORD-SYN-003248,VEH-SYN-03,SOR-01,LOC-SYN-CUS-098,2,2026-05-24T06:36:00-04:00,2026-05-24T09:36:00-04:00,100.419,delivered,B2B-V1-BASE,BLD-9102B6E8BF1ABFFC5F32,True
DEL-SYN-004061,ORD-SYN-003249,VEH-SYN-03,SOR-01,LOC-SYN-CUS-136,1,2026-05-24T07:31:00-04:00,2026-05-24T10:31:00-04:00,98.302,delivered,B2B-V1-BASE,BLD-9102B6E8BF1ABFFC5F32,True
DEL-SYN-004062,ORD-SYN-003250,VEH-SYN-04,SOR-01,LOC-SYN-CUS-034,1,2026-05-20T08:21:00-04:00,2026-05-20T11:21:00-04:00,92.375,delivered,B2B-V1-BASE,BLD-9102B6E8BF1ABFFC5F32,True
DEL-SYN-004063,ORD-SYN-003251,VEH-SYN-05,SOR-01,LOC-SYN-CUS-107,1,2026-05-22T09:05:00-04:00,2026-05-22T12:05:00-04:00,15.357,delivered,B2B-V1-BASE,BLD-9102B6E8BF1ABFFC5F32,True
DEL-SYN-004064,ORD-SYN-003252,VEH-SYN-06,SOR-01,LOC-SYN-CUS-141,1,2026-05-20T23:36:00-04:00,2026-05-21T02:36:00-04:00,3.791,delivered,B2B-V1-BASE,BLD-9102B6E8BF1ABFFC5F32,True
DEL-SYN-004065,ORD-SYN-003252,VEH-SYN-01,SOR-01,LOC-SYN-CUS-141,2,2026-05-21T09:36:00-04:00,2026-05-21T12:36:00-04:00,3.791,delivered,B2B-V1-BASE,BLD-9102B6E8BF1ABFFC5F32,True
DEL-SYN-004066,ORD-SYN-003253,VEH-SYN-01,SOR-01,LOC-SYN-CUS-022,1,2026-05-23T00:05:00-04:00,2026-05-23T03:05:00-04:00,97.576,delivered,B2B-V1-BASE,BLD-9102B6E8BF1ABFFC5F32,True
DEL-SYN-004067,ORD-SYN-003254,VEH-SYN-02,SOR-01,LOC-SYN-CUS-124,1,2026-05-22T11:31:00-04:00,2026-05-22T14:31:00-04:00,90.769,delivered,B2B-V1-BASE,BLD-9102B6E8BF1ABFFC5F32,True
DEL-SYN-004068,ORD-SYN-003255,VEH-SYN-03,SOR-01,LOC-SYN-CUS-126,1,2026-05-22T12:19:00-04:00,2026-05-22T15:19:00-04:00,96.582,delivered,B2B-V1-BASE,BLD-9102B6E8BF1ABFFC5F32,True
DEL-SYN-004069,ORD-SYN-003256,VEH-SYN-04,SOR-01,LOC-SYN-CUS-063,1,2026-05-20T02:55:00-04:00,2026-05-20T05:55:00-04:00,10.053,delivered,B2B-V1-BASE,BLD-9102B6E8BF1ABFFC5F32,True
DEL-SYN-004070,ORD-SYN-003256,VEH-SYN-05,SOR-01,LOC-SYN-CUS-063,2,2026-05-20T12:55:00-04:00,2026-05-20T15:55:00-04:00,10.053,delivered,B2B-V1-BASE,BLD-9102B6E8BF1ABFFC5F32,True
DEL-SYN-004071,ORD-SYN-003257,VEH-SYN-05,SOR-01,LOC-SYN-CUS-087,1,2026-05-21T04:47:00-04:00,2026-05-21T07:47:00-04:00,7.154,delivered,B2B-V1-BASE,BLD-9102B6E8BF1ABFFC5F32,True
DEL-SYN-004072,ORD-SYN-003258,VEH-SYN-06,SOR-01,LOC-SYN-CUS-101,1,2026-05-22T18:57:00-04:00,2026-05-22T21:57:00-04:00,8.729,delivered,B2B-V1-BASE,BLD-9102B6E8BF1ABFFC5F32,True
DEL-SYN-004073,ORD-SYN-003259,VEH-SYN-01,SOR-01,LOC-SYN-CUS-118,1,2026-05-24T06:32:00-04:00,2026-05-24T09:32:00-04:00,89.411,delivered,B2B-V1-BASE,BLD-9102B6E8BF1ABFFC5F32,True
DEL-SYN-004074,ORD-SYN-003260,VEH-SYN-02,SOR-01,LOC-SYN-CUS-039,1,2026-05-21T20:33:00-04:00,2026-05-21T23:33:00-04:00,12.9,delivered,B2B-V1-BASE,BLD-9102B6E8BF1ABFFC5F32,True
DEL-SYN-004075,ORD-SYN-003260,VEH-SYN-03,SOR-01,LOC-SYN-CUS-039,2,2026-05-22T06:33:00-04:00,2026-05-22T09:33:00-04:00,12.9,delivered,B2B-V1-BASE,BLD-9102B6E8BF1ABFFC5F32,True
DEL-SYN-004076,ORD-SYN-003261,VEH-SYN-03,SOR-01,LOC-SYN-CUS-009,1,2026-05-25T07:26:00-04:00,2026-05-25T10:26:00-04:00,14.093,delivered,B2B-V1-BASE,BLD-9102B6E8BF1ABFFC5F32,True
DEL-SYN-004077,ORD-SYN-003262,VEH-SYN-04,SOR-01,LOC-SYN-CUS-122,1,2026-05-23T08:39:00-04:00,2026-05-23T11:39:00-04:00,107.646,delivered,B2B-V1-BASE,BLD-9102B6E8BF1ABFFC5F32,True
DEL-SYN-004078,ORD-SYN-003263,VEH-SYN-05,SOR-01,LOC-SYN-CUS-050,1,2026-05-23T22:51:00-04:00,2026-05-24T01:51:00-04:00,95.323,delivered_with_incident,B2B-V1-BASE,BLD-9102B6E8BF1ABFFC5F32,True
DEL-SYN-004079,ORD-SYN-003264,VEH-SYN-06,SOR-01,LOC-SYN-CUS-137,1,2026-05-23T23:02:00-04:00,2026-05-24T02:02:00-04:00,11.323,delivered,B2B-V1-BASE,BLD-9102B6E8BF1ABFFC5F32,True
DEL-SYN-004080,ORD-SYN-003264,VEH-SYN-01,SOR-01,LOC-SYN-CUS-137,2,2026-05-24T09:02:00-04:00,2026-05-24T12:02:00-04:00,11.323,delivered,B2B-V1-BASE,BLD-9102B6E8BF1ABFFC5F32,True
DEL-SYN-004081,ORD-SYN-003265,VEH-SYN-01,SOR-01,LOC-SYN-CUS-105,1,2026-05-21T11:06:00-04:00,2026-05-21T14:06:00-04:00,13.533,delivered,B2B-V1-BASE,BLD-9102B6E8BF1ABFFC5F32,True
DEL-SYN-004082,ORD-SYN-003266,VEH-SYN-02,SOR-01,LOC-SYN-CUS-134,1,2026-05-24T17:05:00-04:00,2026-05-24T20:05:00-04:00,101.573,delivered,B2B-V1-BASE,BLD-9102B6E8BF1ABFFC5F32,True
DEL-SYN-004083,ORD-SYN-003267,VEH-SYN-03,SOR-01,LOC-SYN-CUS-097,1,2026-05-23T03:09:00-04:00,2026-05-23T06:09:00-04:00,10.67,delivered,B2B-V1-BASE,BLD-9102B6E8BF1ABFFC5F32,True
DEL-SYN-004084,ORD-SYN-003268,VEH-SYN-04,SOR-01,LOC-SYN-CUS-041,1,2026-05-24T17:54:00-04:00,2026-05-24T20:54:00-04:00,16.45,delivered,B2B-V1-BASE,BLD-9102B6E8BF1ABFFC5F32,True
DEL-SYN-004085,ORD-SYN-003268,VEH-SYN-05,SOR-01,LOC-SYN-CUS-041,2,2026-05-25T03:54:00-04:00,2026-05-25T06:54:00-04:00,16.45,delivered,B2B-V1-BASE,BLD-9102B6E8BF1ABFFC5F32,True
DEL-SYN-004086,ORD-SYN-003269,VEH-SYN-05,SOR-01,LOC-SYN-CUS-089,1,2026-05-26T18:46:00-04:00,2026-05-26T21:46:00-04:00,10.706,delivered,B2B-V1-BASE,BLD-9102B6E8BF1ABFFC5F32,True
DEL-SYN-004087,ORD-SYN-003270,VEH-SYN-06,SOR-01,LOC-SYN-CUS-097,1,2026-05-23T07:42:00-04:00,2026-05-23T10:42:00-04:00,10.67,delivered,B2B-V1-BASE,BLD-9102B6E8BF1ABFFC5F32,True
DEL-SYN-004088,ORD-SYN-003271,VEH-SYN-01,SOR-01,LOC-SYN-CUS-019,1,2026-05-25T08:16:00-04:00,2026-05-25T11:16:00-04:00,11.18,delivered,B2B-V1-BASE,BLD-9102B6E8BF1ABFFC5F32,True
DEL-SYN-004089,ORD-SYN-003272,VEH-SYN-02,SOR-01,LOC-SYN-CUS-056,1,2026-05-22T22:32:00-04:00,2026-05-23T01:32:00-04:00,107.19,delivered,B2B-V1-BASE,BLD-9102B6E8BF1ABFFC5F32,True
DEL-SYN-004090,ORD-SYN-003272,VEH-SYN-03,SOR-01,LOC-SYN-CUS-056,2,2026-05-23T08:32:00-04:00,2026-05-23T11:32:00-04:00,107.19,delivered,B2B-V1-BASE,BLD-9102B6E8BF1ABFFC5F32,True
DEL-SYN-004091,ORD-SYN-003273,VEH-SYN-03,SOR-01,LOC-SYN-CUS-010,1,2026-05-25T09:01:00-04:00,2026-05-25T12:01:00-04:00,98.174,delivered,B2B-V1-BASE,BLD-9102B6E8BF1ABFFC5F32,True
DEL-SYN-004092,ORD-SYN-003274,VEH-SYN-04,SOR-01,LOC-SYN-CUS-050,1,2026-05-23T09:26:00-04:00,2026-05-23T12:26:00-04:00,95.323,delivered,B2B-V1-BASE,BLD-9102B6E8BF1ABFFC5F32,True
DEL-SYN-004093,ORD-SYN-003275,VEH-SYN-05,SOR-01,LOC-SYN-CUS-042,1,2026-05-26T09:35:00-04:00,2026-05-26T12:35:00-04:00,96.283,delivered,B2B-V1-BASE,BLD-9102B6E8BF1ABFFC5F32,True
DEL-SYN-004094,ORD-SYN-003276,VEH-SYN-06,SOR-01,LOC-SYN-CUS-069,1,2026-05-24T23:57:00-04:00,2026-05-25T02:57:00-04:00,13.67,delivered,B2B-V1-BASE,BLD-9102B6E8BF1ABFFC5F32,True
DEL-SYN-004095,ORD-SYN-003276,VEH-SYN-01,SOR-01,LOC-SYN-CUS-069,2,2026-05-25T09:57:00-04:00,2026-05-25T12:57:00-04:00,13.67,delivered,B2B-V1-BASE,BLD-9102B6E8BF1ABFFC5F32,True
DEL-SYN-004096,ORD-SYN-003277,VEH-SYN-01,SOR-01,LOC-SYN-CUS-141,1,2026-05-25T10:00:00-04:00,2026-05-25T13:00:00-04:00,3.791,delivered,B2B-V1-BASE,BLD-9102B6E8BF1ABFFC5F32,True
DEL-SYN-004097,ORD-SYN-003278,VEH-SYN-02,SOR-01,LOC-SYN-CUS-073,1,2026-05-24T10:13:00-04:00,2026-05-24T13:13:00-04:00,17.971,delivered,B2B-V1-BASE,BLD-9102B6E8BF1ABFFC5F32,True
DEL-SYN-004098,ORD-SYN-003279,VEH-SYN-03,SOR-01,LOC-SYN-CUS-146,1,2026-05-25T10:20:00-04:00,2026-05-25T13:20:00-04:00,99.257,delivered,B2B-V1-BASE,BLD-9102B6E8BF1ABFFC5F32,True
DEL-SYN-004099,ORD-SYN-003280,VEH-SYN-04,SOR-01,LOC-SYN-CUS-033,1,2026-05-26T01:10:00-04:00,2026-05-26T04:10:00-04:00,13.637,delivered,B2B-V1-BASE,BLD-9102B6E8BF1ABFFC5F32,True
DEL-SYN-004100,ORD-SYN-003280,VEH-SYN-05,SOR-01,LOC-SYN-CUS-033,2,2026-05-26T11:10:00-04:00,2026-05-26T14:10:00-04:00,13.637,delivered,B2B-V1-BASE,BLD-9102B6E8BF1ABFFC5F32,True
DEL-SYN-004101,ORD-SYN-003281,VEH-SYN-05,SOR-01,LOC-SYN-CUS-031,1,2026-05-25T11:29:00-04:00,2026-05-25T14:29:00-04:00,2.694,delivered,B2B-V1-BASE,BLD-9102B6E8BF1ABFFC5F32,True
DEL-SYN-004102,ORD-SYN-003282,VEH-SYN-06,SOR-01,LOC-SYN-CUS-089,1,2026-05-27T01:42:00-04:00,2026-05-27T04:42:00-04:00,10.706,delivered,B2B-V1-BASE,BLD-9102B6E8BF1ABFFC5F32,True
DEL-SYN-004103,ORD-SYN-003283,VEH-SYN-01,SOR-01,LOC-SYN-CUS-062,1,2026-05-26T04:49:00-04:00,2026-05-26T07:49:00-04:00,84.711,delivered,B2B-V1-BASE,BLD-9102B6E8BF1ABFFC5F32,True
DEL-SYN-004104,ORD-SYN-003284,VEH-SYN-02,SOR-01,LOC-SYN-CUS-046,1,2026-05-26T19:57:00-04:00,2026-05-26T22:57:00-04:00,97.72,delivered,B2B-V1-BASE,BLD-9102B6E8BF1ABFFC5F32,True
DEL-SYN-004105,ORD-SYN-003284,VEH-SYN-03,SOR-01,LOC-SYN-CUS-046,2,2026-05-27T05:57:00-04:00,2026-05-27T08:57:00-04:00,97.72,delivered,B2B-V1-BASE,BLD-9102B6E8BF1ABFFC5F32,True
DEL-SYN-004106,ORD-SYN-003285,VEH-SYN-03,SOR-01,LOC-SYN-CUS-064,1,2026-05-27T20:15:00-04:00,2026-05-27T23:15:00-04:00,102.777,delivered,B2B-V1-BASE,BLD-9102B6E8BF1ABFFC5F32,True
DEL-SYN-004107,ORD-SYN-003286,VEH-SYN-04,SOR-01,LOC-SYN-CUS-068,1,2026-05-26T08:07:00-04:00,2026-05-26T11:07:00-04:00,103.344,delivered,B2B-V1-BASE,BLD-9102B6E8BF1ABFFC5F32,True
DEL-SYN-004108,ORD-SYN-003287,VEH-SYN-05,SOR-01,LOC-SYN-CUS-102,1,2026-05-25T08:32:00-04:00,2026-05-25T11:32:00-04:00,92.902,delivered,B2B-V1-BASE,BLD-9102B6E8BF1ABFFC5F32,True
DEL-SYN-004109,ORD-SYN-003288,VEH-SYN-06,SOR-01,LOC-SYN-CUS-126,1,2026-05-26T23:13:00-04:00,2026-05-27T02:13:00-04:00,96.582,delivered,B2B-V1-BASE,BLD-9102B6E8BF1ABFFC5F32,True
DEL-SYN-004110,ORD-SYN-003288,VEH-SYN-01,SOR-01,LOC-SYN-CUS-126,2,2026-05-27T09:13:00-04:00,2026-05-27T12:13:00-04:00,96.582,delivered,B2B-V1-BASE,BLD-9102B6E8BF1ABFFC5F32,True
DEL-SYN-004111,ORD-SYN-003289,VEH-SYN-01,SOR-01,LOC-SYN-CUS-110,1,2026-05-27T09:59:00-04:00,2026-05-27T12:59:00-04:00,101.983,delivered,B2B-V1-BASE,BLD-9102B6E8BF1ABFFC5F32,True
DEL-SYN-004112,ORD-SYN-003290,VEH-SYN-02,SOR-01,LOC-SYN-CUS-148,1,2026-05-23T11:16:00-04:00,2026-05-23T14:16:00-04:00,94.333,delivered,B2B-V1-BASE,BLD-9102B6E8BF1ABFFC5F32,True
DEL-SYN-004113,ORD-SYN-003291,VEH-SYN-03,SOR-01,LOC-SYN-CUS-101,1,2026-05-24T11:18:00-04:00,2026-05-24T14:18:00-04:00,8.729,delivered,B2B-V1-BASE,BLD-9102B6E8BF1ABFFC5F32,True
DEL-SYN-004114,ORD-SYN-003292,VEH-SYN-04,SOR-01,LOC-SYN-CUS-046,1,2026-05-23T02:35:00-04:00,2026-05-23T05:35:00-04:00,97.72,delivered,B2B-V1-BASE,BLD-9102B6E8BF1ABFFC5F32,True
DEL-SYN-004115,ORD-SYN-003292,VEH-SYN-05,SOR-01,LOC-SYN-CUS-046,2,2026-05-23T12:35:00-04:00,2026-05-23T15:35:00-04:00,97.72,delivered,B2B-V1-BASE,BLD-9102B6E8BF1ABFFC5F32,True
DEL-SYN-004116,ORD-SYN-003293,VEH-SYN-05,SOR-01,LOC-SYN-CUS-041,1,2026-05-27T12:45:00-04:00,2026-05-27T15:45:00-04:00,16.45,delivered,B2B-V1-BASE,BLD-9102B6E8BF1ABFFC5F32,True
DEL-SYN-004117,ORD-SYN-003294,VEH-SYN-06,SOR-01,LOC-SYN-CUS-076,1,2026-05-24T03:12:00-04:00,2026-05-24T06:12:00-04:00,105.217,delivered,B2B-V1-BASE,BLD-9102B6E8BF1ABFFC5F32,True
DEL-SYN-004118,ORD-SYN-003295,VEH-SYN-01,SOR-01,LOC-SYN-CUS-045,1,2026-05-25T03:13:00-04:00,2026-05-25T06:13:00-04:00,12.037,delivered,B2B-V1-BASE,BLD-9102B6E8BF1ABFFC5F32,True
DEL-SYN-004119,ORD-SYN-003296,VEH-SYN-02,SOR-01,LOC-SYN-CUS-036,1,2026-05-24T17:22:00-04:00,2026-05-24T20:22:00-04:00,96.208,delivered,B2B-V1-BASE,BLD-9102B6E8BF1ABFFC5F32,True
DEL-SYN-004120,ORD-SYN-003296,VEH-SYN-03,SOR-01,LOC-SYN-CUS-036,2,2026-05-25T03:22:00-04:00,2026-05-25T06:22:00-04:00,96.208,delivered_with_incident,B2B-V1-BASE,BLD-9102B6E8BF1ABFFC5F32,True
DEL-SYN-004121,ORD-SYN-003297,VEH-SYN-03,SOR-01,LOC-SYN-CUS-005,1,2026-05-26T03:44:00-04:00,2026-05-26T06:44:00-04:00,9.779,delivered_with_incident,B2B-V1-BASE,BLD-9102B6E8BF1ABFFC5F32,True
DEL-SYN-004122,ORD-SYN-003298,VEH-SYN-04,SOR-01,LOC-SYN-CUS-013,1,2026-05-28T04:27:00-04:00,2026-05-28T07:27:00-04:00,12.582,delivered,B2B-V1-BASE,BLD-9102B6E8BF1ABFFC5F32,True
DEL-SYN-004123,ORD-SYN-003299,VEH-SYN-05,SOR-01,LOC-SYN-CUS-145,1,2026-05-28T04:28:00-04:00,2026-05-28T07:28:00-04:00,9.581,delivered,B2B-V1-BASE,BLD-9102B6E8BF1ABFFC5F32,True
DEL-SYN-004124,ORD-SYN-003300,VEH-SYN-06,SOR-01,LOC-SYN-CUS-034,1,2026-05-23T19:24:00-04:00,2026-05-23T22:24:00-04:00,92.375,delivered,B2B-V1-BASE,BLD-9102B6E8BF1ABFFC5F32,True
DEL-SYN-004125,ORD-SYN-003300,VEH-SYN-01,SOR-01,LOC-SYN-CUS-034,2,2026-05-24T05:24:00-04:00,2026-05-24T08:24:00-04:00,92.375,delivered,B2B-V1-BASE,BLD-9102B6E8BF1ABFFC5F32,True
DEL-SYN-004126,ORD-SYN-003301,VEH-SYN-01,SOR-01,LOC-SYN-CUS-140,1,2026-05-28T06:36:00-04:00,2026-05-28T09:36:00-04:00,93.15,delivered,B2B-V1-BASE,BLD-9102B6E8BF1ABFFC5F32,True
DEL-SYN-004127,ORD-SYN-003302,VEH-SYN-02,SOR-01,LOC-SYN-CUS-105,1,2026-05-24T08:29:00-04:00,2026-05-24T11:29:00-04:00,13.533,delivered,B2B-V1-BASE,BLD-9102B6E8BF1ABFFC5F32,True
DEL-SYN-004128,ORD-SYN-003303,VEH-SYN-03,SOR-01,LOC-SYN-CUS-074,1,2026-05-25T08:39:00-04:00,2026-05-25T11:39:00-04:00,106.713,delivered,B2B-V1-BASE,BLD-9102B6E8BF1ABFFC5F32,True
DEL-SYN-004129,ORD-SYN-003304,VEH-SYN-04,SOR-01,LOC-SYN-CUS-041,1,2026-05-26T00:27:00-04:00,2026-05-26T03:27:00-04:00,16.45,delivered,B2B-V1-BASE,BLD-9102B6E8BF1ABFFC5F32,True
DEL-SYN-004130,ORD-SYN-003304,VEH-SYN-05,SOR-01,LOC-SYN-CUS-041,2,2026-05-26T10:27:00-04:00,2026-05-26T13:27:00-04:00,16.45,delivered,B2B-V1-BASE,BLD-9102B6E8BF1ABFFC5F32,True
DEL-SYN-004131,ORD-SYN-003305,VEH-SYN-05,SOR-01,LOC-SYN-CUS-110,1,2026-05-27T11:14:00-04:00,2026-05-27T14:14:00-04:00,101.983,delivered,B2B-V1-BASE,BLD-9102B6E8BF1ABFFC5F32,True
DEL-SYN-004132,ORD-SYN-003306,VEH-SYN-06,SOR-01,LOC-SYN-CUS-130,1,2026-05-24T12:15:00-04:00,2026-05-24T15:15:00-04:00,92.017,delivered,B2B-V1-BASE,BLD-9102B6E8BF1ABFFC5F32,True
DEL-SYN-004133,ORD-SYN-003307,VEH-SYN-01,SOR-01,LOC-SYN-CUS-145,1,2026-05-25T03:08:00-04:00,2026-05-25T06:08:00-04:00,9.581,delivered,B2B-V1-BASE,BLD-9102B6E8BF1ABFFC5F32,True
DEL-SYN-004134,ORD-SYN-003308,VEH-SYN-02,SOR-01,LOC-SYN-CUS-048,1,2026-05-26T17:59:00-04:00,2026-05-26T20:59:00-04:00,94.78,delivered,B2B-V1-BASE,BLD-9102B6E8BF1ABFFC5F32,True
DEL-SYN-004135,ORD-SYN-003308,VEH-SYN-03,SOR-01,LOC-SYN-CUS-048,2,2026-05-27T03:59:00-04:00,2026-05-27T06:59:00-04:00,94.78,delivered,B2B-V1-BASE,BLD-9102B6E8BF1ABFFC5F32,True
DEL-SYN-004136,ORD-SYN-003309,VEH-SYN-03,SOR-01,LOC-SYN-CUS-017,1,2026-05-26T05:04:00-04:00,2026-05-26T08:04:00-04:00,7.536,delivered,B2B-V1-BASE,BLD-9102B6E8BF1ABFFC5F32,True
DEL-SYN-004137,ORD-SYN-003310,VEH-SYN-04,SOR-01,LOC-SYN-CUS-114,1,2026-05-27T05:18:00-04:00,2026-05-27T08:18:00-04:00,98.868,delivered,B2B-V1-BASE,BLD-9102B6E8BF1ABFFC5F32,True
DEL-SYN-004138,ORD-SYN-003311,VEH-SYN-05,SOR-01,LOC-SYN-CUS-119,1,2026-05-27T05:20:00-04:00,2026-05-27T08:20:00-04:00,15.599,delivered,B2B-V1-BASE,BLD-9102B6E8BF1ABFFC5F32,True
DEL-SYN-004139,ORD-SYN-003312,VEH-SYN-06,SOR-01,LOC-SYN-CUS-018,1,2026-05-25T12:17:00-04:00,2026-05-25T15:17:00-04:00,97.884,delivered,B2B-V1-BASE,BLD-9102B6E8BF1ABFFC5F32,True
DEL-SYN-004140,ORD-SYN-003312,VEH-SYN-01,SOR-01,LOC-SYN-CUS-018,2,2026-05-26T02:17:00-04:00,2026-05-26T05:17:00-04:00,97.884,delivered,B2B-V1-BASE,BLD-9102B6E8BF1ABFFC5F32,True
DEL-SYN-004141,ORD-SYN-003313,VEH-SYN-01,SOR-01,LOC-SYN-CUS-066,1,2026-05-27T06:29:00-04:00,2026-05-27T09:29:00-04:00,96.649,delivered,B2B-V1-BASE,BLD-9102B6E8BF1ABFFC5F32,True
DEL-SYN-004142,ORD-SYN-003314,VEH-SYN-02,SOR-01,LOC-SYN-CUS-061,1,2026-05-26T08:16:00-04:00,2026-05-26T11:16:00-04:00,12.904,delivered,B2B-V1-BASE,BLD-9102B6E8BF1ABFFC5F32,True
DEL-SYN-004143,ORD-SYN-003315,VEH-SYN-03,SOR-01,LOC-SYN-CUS-102,1,2026-05-28T22:17:00-04:00,2026-05-29T01:17:00-04:00,92.902,delivered,B2B-V1-BASE,BLD-9102B6E8BF1ABFFC5F32,True
DEL-SYN-004144,ORD-SYN-003316,VEH-SYN-04,SOR-01,LOC-SYN-CUS-134,1,2026-05-25T22:41:00-04:00,2026-05-26T01:41:00-04:00,101.573,delivered,B2B-V1-BASE,BLD-9102B6E8BF1ABFFC5F32,True
DEL-SYN-004145,ORD-SYN-003316,VEH-SYN-05,SOR-01,LOC-SYN-CUS-134,2,2026-05-26T08:41:00-04:00,2026-05-26T11:41:00-04:00,101.573,delivered,B2B-V1-BASE,BLD-9102B6E8BF1ABFFC5F32,True
DEL-SYN-004146,ORD-SYN-003317,VEH-SYN-05,SOR-01,LOC-SYN-CUS-141,1,2026-05-28T00:14:00-04:00,2026-05-28T03:14:00-04:00,3.791,delivered,B2B-V1-BASE,BLD-9102B6E8BF1ABFFC5F32,True
DEL-SYN-004147,ORD-SYN-003318,VEH-SYN-06,SOR-01,LOC-SYN-CUS-129,1,2026-05-26T11:16:00-04:00,2026-05-26T14:16:00-04:00,10.44,delivered,B2B-V1-BASE,BLD-9102B6E8BF1ABFFC5F32,True
DEL-SYN-004148,ORD-SYN-003319,VEH-SYN-01,SOR-01,LOC-SYN-CUS-101,1,2026-05-29T11:22:00-04:00,2026-05-29T14:22:00-04:00,8.729,delivered,B2B-V1-BASE,BLD-9102B6E8BF1ABFFC5F32,True
DEL-SYN-004149,ORD-SYN-003320,VEH-SYN-02,SOR-01,LOC-SYN-CUS-051,1,2026-05-29T02:31:00-04:00,2026-05-29T05:31:00-04:00,8.518,delivered,B2B-V1-BASE,BLD-9102B6E8BF1ABFFC5F32,True
DEL-SYN-004150,ORD-SYN-003320,VEH-SYN-03,SOR-01,LOC-SYN-CUS-051,2,2026-05-29T12:31:00-04:00,2026-05-29T15:31:00-04:00,8.518,delivered,B2B-V1-BASE,BLD-9102B6E8BF1ABFFC5F32,True
DEL-SYN-004151,ORD-SYN-003321,VEH-SYN-03,SOR-01,LOC-SYN-CUS-100,1,2026-05-30T03:53:00-04:00,2026-05-30T06:53:00-04:00,104.241,delivered,B2B-V1-BASE,BLD-9102B6E8BF1ABFFC5F32,True
DEL-SYN-004152,ORD-SYN-003322,VEH-SYN-04,SOR-01,LOC-SYN-CUS-044,1,2026-05-28T17:53:00-04:00,2026-05-28T20:53:00-04:00,96.701,delivered,B2B-V1-BASE,BLD-9102B6E8BF1ABFFC5F32,True
DEL-SYN-004153,ORD-SYN-003323,VEH-SYN-05,SOR-01,LOC-SYN-CUS-067,1,2026-05-29T05:27:00-04:00,2026-05-29T08:27:00-04:00,13.624,delivered,B2B-V1-BASE,BLD-9102B6E8BF1ABFFC5F32,True
DEL-SYN-004154,ORD-SYN-003324,VEH-SYN-06,SOR-01,LOC-SYN-CUS-073,1,2026-05-27T21:28:00-04:00,2026-05-28T00:28:00-04:00,17.971,delivered,B2B-V1-BASE,BLD-9102B6E8BF1ABFFC5F32,True
DEL-SYN-004155,ORD-SYN-003324,VEH-SYN-01,SOR-01,LOC-SYN-CUS-073,2,2026-05-28T07:28:00-04:00,2026-05-28T10:28:00-04:00,17.971,delivered,B2B-V1-BASE,BLD-9102B6E8BF1ABFFC5F32,True
DEL-SYN-004156,ORD-SYN-003325,VEH-SYN-01,SOR-01,LOC-SYN-CUS-065,1,2026-05-26T22:27:00-04:00,2026-05-27T01:27:00-04:00,13.49,delivered,B2B-V1-BASE,BLD-9102B6E8BF1ABFFC5F32,True
DEL-SYN-004157,ORD-SYN-003326,VEH-SYN-02,SOR-01,LOC-SYN-CUS-018,1,2026-05-30T09:32:00-04:00,2026-05-30T12:32:00-04:00,97.884,delivered,B2B-V1-BASE,BLD-9102B6E8BF1ABFFC5F32,True
DEL-SYN-004158,ORD-SYN-003327,VEH-SYN-03,SOR-01,LOC-SYN-CUS-014,1,2026-05-31T00:20:00-04:00,2026-05-31T03:20:00-04:00,98.171,delivered,B2B-V1-BASE,BLD-9102B6E8BF1ABFFC5F32,True
DEL-SYN-004159,ORD-SYN-003328,VEH-SYN-04,SOR-01,LOC-SYN-CUS-035,1,2026-05-26T16:22:00-04:00,2026-05-26T19:22:00-04:00,7.948,delivered,B2B-V1-BASE,BLD-9102B6E8BF1ABFFC5F32,True
DEL-SYN-004160,ORD-SYN-003328,VEH-SYN-05,SOR-01,LOC-SYN-CUS-035,2,2026-05-27T06:22:00-04:00,2026-05-27T09:22:00-04:00,7.948,delivered,B2B-V1-BASE,BLD-9102B6E8BF1ABFFC5F32,True
DEL-SYN-004161,ORD-SYN-003329,VEH-SYN-05,SOR-01,LOC-SYN-CUS-053,1,2026-05-30T10:51:00-04:00,2026-05-30T13:51:00-04:00,11.138,delivered,B2B-V1-BASE,BLD-9102B6E8BF1ABFFC5F32,True
DEL-SYN-004162,ORD-SYN-003330,VEH-SYN-06,SOR-01,LOC-SYN-CUS-127,1,2026-05-30T04:53:00-04:00,2026-05-30T07:53:00-04:00,11.422,delivered,B2B-V1-BASE,BLD-9102B6E8BF1ABFFC5F32,True
DEL-SYN-004163,ORD-SYN-003331,VEH-SYN-01,SOR-01,LOC-SYN-CUS-061,1,2026-05-30T05:10:00-04:00,2026-05-30T08:10:00-04:00,12.904,delivered,B2B-V1-BASE,BLD-9102B6E8BF1ABFFC5F32,True
DEL-SYN-004164,ORD-SYN-003332,VEH-SYN-02,SOR-01,LOC-SYN-CUS-150,1,2026-05-30T21:01:00-04:00,2026-05-31T00:01:00-04:00,93.487,delivered,B2B-V1-BASE,BLD-9102B6E8BF1ABFFC5F32,True
DEL-SYN-004165,ORD-SYN-003332,VEH-SYN-03,SOR-01,LOC-SYN-CUS-150,2,2026-05-31T07:01:00-04:00,2026-05-31T10:01:00-04:00,93.487,delivered,B2B-V1-BASE,BLD-9102B6E8BF1ABFFC5F32,True
DEL-SYN-004166,ORD-SYN-003333,VEH-SYN-03,SOR-01,LOC-SYN-CUS-078,1,2026-05-31T07:17:00-04:00,2026-05-31T10:17:00-04:00,97.926,delivered,B2B-V1-BASE,BLD-9102B6E8BF1ABFFC5F32,True
DEL-SYN-004167,ORD-SYN-003334,VEH-SYN-04,SOR-01,LOC-SYN-CUS-089,1,2026-05-30T07:33:00-04:00,2026-05-30T10:33:00-04:00,10.706,delivered,B2B-V1-BASE,BLD-9102B6E8BF1ABFFC5F32,True
DEL-SYN-004168,ORD-SYN-003335,VEH-SYN-05,SOR-01,LOC-SYN-CUS-110,1,2026-05-28T21:57:00-04:00,2026-05-29T00:57:00-04:00,101.983,delivered,B2B-V1-BASE,BLD-9102B6E8BF1ABFFC5F32,True
DEL-SYN-004169,ORD-SYN-003336,VEH-SYN-06,SOR-01,LOC-SYN-CUS-090,1,2026-05-29T22:10:00-04:00,2026-05-30T01:10:00-04:00,114.028,delivered,B2B-V1-BASE,BLD-9102B6E8BF1ABFFC5F32,True
DEL-SYN-004170,ORD-SYN-003336,VEH-SYN-01,SOR-01,LOC-SYN-CUS-090,2,2026-05-30T08:10:00-04:00,2026-05-30T11:10:00-04:00,114.028,delivered,B2B-V1-BASE,BLD-9102B6E8BF1ABFFC5F32,True
DEL-SYN-004171,ORD-SYN-003337,VEH-SYN-01,SOR-01,LOC-SYN-CUS-105,1,2026-05-27T08:19:00-04:00,2026-05-27T11:19:00-04:00,13.533,delivered,B2B-V1-BASE,BLD-9102B6E8BF1ABFFC5F32,True
DEL-SYN-004172,ORD-SYN-003338,VEH-SYN-02,SOR-01,LOC-SYN-CUS-065,1,2026-05-29T09:00:00-04:00,2026-05-29T12:00:00-04:00,13.49,delivered,B2B-V1-BASE,BLD-9102B6E8BF1ABFFC5F32,True
DEL-SYN-004173,ORD-SYN-003339,VEH-SYN-03,SOR-01,LOC-SYN-CUS-077,1,2026-05-29T09:26:00-04:00,2026-05-29T12:26:00-04:00,6.85,delivered,B2B-V1-BASE,BLD-9102B6E8BF1ABFFC5F32,True
DEL-SYN-004174,ORD-SYN-003340,VEH-SYN-04,SOR-01,LOC-SYN-CUS-112,1,2026-05-27T23:44:00-04:00,2026-05-28T02:44:00-04:00,94.924,delivered,B2B-V1-BASE,BLD-9102B6E8BF1ABFFC5F32,True
DEL-SYN-004175,ORD-SYN-003340,VEH-SYN-05,SOR-01,LOC-SYN-CUS-112,2,2026-05-28T09:44:00-04:00,2026-05-28T12:44:00-04:00,94.924,delivered,B2B-V1-BASE,BLD-9102B6E8BF1ABFFC5F32,True
DEL-SYN-004176,ORD-SYN-003341,VEH-SYN-05,SOR-01,LOC-SYN-CUS-125,1,2026-05-31T10:16:00-04:00,2026-05-31T13:16:00-04:00,11.651,delivered,B2B-V1-BASE,BLD-9102B6E8BF1ABFFC5F32,True
DEL-SYN-004177,ORD-SYN-003342,VEH-SYN-06,SOR-01,LOC-SYN-CUS-081,1,2026-05-27T10:27:00-04:00,2026-05-27T13:27:00-04:00,6.44,delivered,B2B-V1-BASE,BLD-9102B6E8BF1ABFFC5F32,True
DEL-SYN-004178,ORD-SYN-003343,VEH-SYN-01,SOR-01,LOC-SYN-CUS-142,1,2026-05-28T17:07:00-04:00,2026-05-28T20:07:00-04:00,96.727,delivered,B2B-V1-BASE,BLD-9102B6E8BF1ABFFC5F32,True
DEL-SYN-004179,ORD-SYN-003344,VEH-SYN-02,SOR-01,LOC-SYN-CUS-087,1,2026-05-31T10:04:00-04:00,2026-05-31T13:04:00-04:00,7.154,delivered,B2B-V1-BASE,BLD-9102B6E8BF1ABFFC5F32,True
DEL-SYN-004180,ORD-SYN-003344,VEH-SYN-03,SOR-01,LOC-SYN-CUS-087,2,2026-06-01T00:04:00-04:00,2026-06-01T03:04:00-04:00,7.154,delivered,B2B-V1-BASE,BLD-9102B6E8BF1ABFFC5F32,True
DEL-SYN-004181,ORD-SYN-003345,VEH-SYN-03,SOR-01,LOC-SYN-CUS-083,1,2026-05-31T04:21:00-04:00,2026-05-31T07:21:00-04:00,15.586,delivered,B2B-V1-BASE,BLD-9102B6E8BF1ABFFC5F32,True
DEL-SYN-004182,ORD-SYN-003346,VEH-SYN-04,SOR-01,LOC-SYN-CUS-042,1,2026-05-28T05:23:00-04:00,2026-05-28T08:23:00-04:00,96.283,delivered,B2B-V1-BASE,BLD-9102B6E8BF1ABFFC5F32,True
DEL-SYN-004183,ORD-SYN-003347,VEH-SYN-05,SOR-01,LOC-SYN-CUS-022,1,2026-05-31T05:35:00-04:00,2026-05-31T08:35:00-04:00,97.576,delivered,B2B-V1-BASE,BLD-9102B6E8BF1ABFFC5F32,True
DEL-SYN-004184,ORD-SYN-003348,VEH-SYN-06,SOR-01,LOC-SYN-CUS-021,1,2026-05-28T19:41:00-04:00,2026-05-28T22:41:00-04:00,21.891,delivered,B2B-V1-BASE,BLD-9102B6E8BF1ABFFC5F32,True
DEL-SYN-004185,ORD-SYN-003348,VEH-SYN-01,SOR-01,LOC-SYN-CUS-021,2,2026-05-29T05:41:00-04:00,2026-05-29T08:41:00-04:00,21.891,delivered,B2B-V1-BASE,BLD-9102B6E8BF1ABFFC5F32,True
DEL-SYN-004186,ORD-SYN-003349,VEH-SYN-01,SOR-01,LOC-SYN-CUS-064,1,2026-05-30T08:08:00-04:00,2026-05-30T11:08:00-04:00,102.777,delivered,B2B-V1-BASE,BLD-9102B6E8BF1ABFFC5F32,True
DEL-SYN-004187,ORD-SYN-003350,VEH-SYN-02,SOR-01,LOC-SYN-CUS-150,1,2026-05-30T08:41:00-04:00,2026-05-30T11:41:00-04:00,93.487,delivered,B2B-V1-BASE,BLD-9102B6E8BF1ABFFC5F32,True
DEL-SYN-004188,ORD-SYN-003351,VEH-SYN-03,SOR-01,LOC-SYN-CUS-144,1,2026-05-28T11:19:00-04:00,2026-05-28T14:19:00-04:00,84.976,delivered,B2B-V1-BASE,BLD-9102B6E8BF1ABFFC5F32,True
DEL-SYN-004189,ORD-SYN-003352,VEH-SYN-04,SOR-01,LOC-SYN-CUS-024,1,2026-05-28T02:21:00-04:00,2026-05-28T05:21:00-04:00,107.095,delivered,B2B-V1-BASE,BLD-9102B6E8BF1ABFFC5F32,True
DEL-SYN-004190,ORD-SYN-003352,VEH-SYN-05,SOR-01,LOC-SYN-CUS-024,2,2026-05-28T12:21:00-04:00,2026-05-28T15:21:00-04:00,107.095,delivered,B2B-V1-BASE,BLD-9102B6E8BF1ABFFC5F32,True
DEL-SYN-004191,ORD-SYN-003353,VEH-SYN-05,SOR-01,LOC-SYN-CUS-126,1,2026-06-01T12:25:00-04:00,2026-06-01T15:25:00-04:00,96.582,delivered,B2B-V1-BASE,BLD-9102B6E8BF1ABFFC5F32,True
DEL-SYN-004192,ORD-SYN-003354,VEH-SYN-06,SOR-01,LOC-SYN-CUS-080,1,2026-05-29T12:45:00-04:00,2026-05-29T15:45:00-04:00,82.096,delivered,B2B-V1-BASE,BLD-9102B6E8BF1ABFFC5F32,True
DEL-SYN-004193,ORD-SYN-003355,VEH-SYN-01,SOR-01,LOC-SYN-CUS-053,1,2026-06-02T05:44:00-04:00,2026-06-02T08:44:00-04:00,11.138,delivered,B2B-V1-BASE,BLD-9102B6E8BF1ABFFC5F32,True
DEL-SYN-004194,ORD-SYN-003356,VEH-SYN-02,SOR-01,LOC-SYN-CUS-117,1,2026-05-30T00:43:00-04:00,2026-05-30T03:43:00-04:00,14.483,delivered,B2B-V1-BASE,BLD-9102B6E8BF1ABFFC5F32,True
DEL-SYN-004195,ORD-SYN-003356,VEH-SYN-03,SOR-01,LOC-SYN-CUS-117,2,2026-05-30T10:43:00-04:00,2026-05-30T13:43:00-04:00,14.483,delivered,B2B-V1-BASE,BLD-9102B6E8BF1ABFFC5F32,True
DEL-SYN-004196,ORD-SYN-003357,VEH-SYN-03,SOR-01,LOC-SYN-CUS-064,1,2026-06-02T11:43:00-04:00,2026-06-02T14:43:00-04:00,102.777,delivered,B2B-V1-BASE,BLD-9102B6E8BF1ABFFC5F32,True
DEL-SYN-004197,ORD-SYN-003358,VEH-SYN-04,SOR-01,LOC-SYN-CUS-134,1,2026-06-02T11:44:00-04:00,2026-06-02T14:44:00-04:00,101.573,delivered,B2B-V1-BASE,BLD-9102B6E8BF1ABFFC5F32,True
DEL-SYN-004198,ORD-SYN-003359,VEH-SYN-05,SOR-01,LOC-SYN-CUS-067,1,2026-06-02T12:44:00-04:00,2026-06-02T15:44:00-04:00,13.624,delivered,B2B-V1-BASE,BLD-9102B6E8BF1ABFFC5F32,True
DEL-SYN-004199,ORD-SYN-003360,VEH-SYN-06,SOR-01,LOC-SYN-CUS-042,1,2026-05-29T18:11:00-04:00,2026-05-29T21:11:00-04:00,96.283,delivered,B2B-V1-BASE,BLD-9102B6E8BF1ABFFC5F32,True
DEL-SYN-004200,ORD-SYN-003360,VEH-SYN-01,SOR-01,LOC-SYN-CUS-042,2,2026-05-30T04:11:00-04:00,2026-05-30T07:11:00-04:00,96.283,delivered,B2B-V1-BASE,BLD-9102B6E8BF1ABFFC5F32,True
DEL-SYN-004201,ORD-SYN-003361,VEH-SYN-01,SOR-01,LOC-SYN-CUS-139,1,2026-06-03T04:16:00-04:00,2026-06-03T07:16:00-04:00,20.414,delivered,B2B-V1-BASE,BLD-9102B6E8BF1ABFFC5F32,True
DEL-SYN-004202,ORD-SYN-003362,VEH-SYN-02,SOR-01,LOC-SYN-CUS-058,1,2026-06-01T05:04:00-04:00,2026-06-01T08:04:00-04:00,98.394,delivered,B2B-V1-BASE,BLD-9102B6E8BF1ABFFC5F32,True
DEL-SYN-004203,ORD-SYN-003363,VEH-SYN-03,SOR-01,LOC-SYN-CUS-127,1,2026-06-03T06:01:00-04:00,2026-06-03T09:01:00-04:00,11.422,delivered,B2B-V1-BASE,BLD-9102B6E8BF1ABFFC5F32,True
DEL-SYN-004204,ORD-SYN-003364,VEH-SYN-04,SOR-01,LOC-SYN-CUS-073,1,2026-06-01T21:20:00-04:00,2026-06-02T00:20:00-04:00,17.971,delivered,B2B-V1-BASE,BLD-9102B6E8BF1ABFFC5F32,True
DEL-SYN-004205,ORD-SYN-003364,VEH-SYN-05,SOR-01,LOC-SYN-CUS-073,2,2026-06-02T07:20:00-04:00,2026-06-02T10:20:00-04:00,17.971,delivered,B2B-V1-BASE,BLD-9102B6E8BF1ABFFC5F32,True
DEL-SYN-004206,ORD-SYN-003365,VEH-SYN-05,SOR-01,LOC-SYN-CUS-008,1,2026-05-31T23:02:00-04:00,2026-06-01T02:02:00-04:00,89.436,delivered_with_incident,B2B-V1-BASE,BLD-9102B6E8BF1ABFFC5F32,True
DEL-SYN-004207,ORD-SYN-003366,VEH-SYN-06,SOR-01,LOC-SYN-CUS-003,1,2026-06-02T10:08:00-04:00,2026-06-02T13:08:00-04:00,7.59,delivered,B2B-V1-BASE,BLD-9102B6E8BF1ABFFC5F32,True
DEL-SYN-004208,ORD-SYN-003367,VEH-SYN-01,SOR-01,LOC-SYN-CUS-032,1,2026-05-31T00:24:00-04:00,2026-05-31T03:24:00-04:00,100.378,delivered,B2B-V1-BASE,BLD-9102B6E8BF1ABFFC5F32,True
DEL-SYN-004209,ORD-SYN-003368,VEH-SYN-02,SOR-01,LOC-SYN-CUS-118,1,2026-05-30T01:42:00-04:00,2026-05-30T04:42:00-04:00,89.411,delivered,B2B-V1-BASE,BLD-9102B6E8BF1ABFFC5F32,True
DEL-SYN-004210,ORD-SYN-003368,VEH-SYN-03,SOR-01,LOC-SYN-CUS-118,2,2026-05-30T11:42:00-04:00,2026-05-30T14:42:00-04:00,89.411,delivered,B2B-V1-BASE,BLD-9102B6E8BF1ABFFC5F32,True
DEL-SYN-004211,ORD-SYN-003369,VEH-SYN-03,SOR-01,LOC-SYN-CUS-101,1,2026-05-31T03:48:00-04:00,2026-05-31T06:48:00-04:00,8.729,delivered,B2B-V1-BASE,BLD-9102B6E8BF1ABFFC5F32,True
DEL-SYN-004212,ORD-SYN-003370,VEH-SYN-04,SOR-01,LOC-SYN-CUS-137,1,2026-06-01T04:15:00-04:00,2026-06-01T07:15:00-04:00,11.323,delivered,B2B-V1-BASE,BLD-9102B6E8BF1ABFFC5F32,True
DEL-SYN-004213,ORD-SYN-003371,VEH-SYN-05,SOR-01,LOC-SYN-CUS-075,1,2026-06-04T04:45:00-04:00,2026-06-04T07:45:00-04:00,11.238,delivered,B2B-V1-BASE,BLD-9102B6E8BF1ABFFC5F32,True
DEL-SYN-004214,ORD-SYN-003372,VEH-SYN-06,SOR-01,LOC-SYN-CUS-061,1,2026-06-02T18:46:00-04:00,2026-06-02T21:46:00-04:00,12.904,delivered,B2B-V1-BASE,BLD-9102B6E8BF1ABFFC5F32,True
DEL-SYN-004215,ORD-SYN-003372,VEH-SYN-01,SOR-01,LOC-SYN-CUS-061,2,2026-06-03T04:46:00-04:00,2026-06-03T07:46:00-04:00,12.904,delivered,B2B-V1-BASE,BLD-9102B6E8BF1ABFFC5F32,True
DEL-SYN-004216,ORD-SYN-003373,VEH-SYN-01,SOR-01,LOC-SYN-CUS-101,1,2026-06-04T05:15:00-04:00,2026-06-04T08:15:00-04:00,8.729,delivered,B2B-V1-BASE,BLD-9102B6E8BF1ABFFC5F32,True
DEL-SYN-004217,ORD-SYN-003374,VEH-SYN-02,SOR-01,LOC-SYN-CUS-142,1,2026-06-04T05:22:00-04:00,2026-06-04T08:22:00-04:00,96.727,delivered,B2B-V1-BASE,BLD-9102B6E8BF1ABFFC5F32,True
DEL-SYN-004218,ORD-SYN-003375,VEH-SYN-03,SOR-01,LOC-SYN-CUS-082,1,2026-06-04T05:31:00-04:00,2026-06-04T08:31:00-04:00,95.328,delivered,B2B-V1-BASE,BLD-9102B6E8BF1ABFFC5F32,True
DEL-SYN-004219,ORD-SYN-003376,VEH-SYN-04,SOR-01,LOC-SYN-CUS-077,1,2026-06-02T19:57:00-04:00,2026-06-02T22:57:00-04:00,6.85,delivered,B2B-V1-BASE,BLD-9102B6E8BF1ABFFC5F32,True
DEL-SYN-004220,ORD-SYN-003376,VEH-SYN-05,SOR-01,LOC-SYN-CUS-077,2,2026-06-03T05:57:00-04:00,2026-06-03T08:57:00-04:00,6.85,delivered,B2B-V1-BASE,BLD-9102B6E8BF1ABFFC5F32,True
DEL-SYN-004221,ORD-SYN-003377,VEH-SYN-05,SOR-01,LOC-SYN-CUS-101,1,2026-06-03T06:39:00-04:00,2026-06-03T09:39:00-04:00,8.729,delivered,B2B-V1-BASE,BLD-9102B6E8BF1ABFFC5F32,True
DEL-SYN-004222,ORD-SYN-003378,VEH-SYN-06,SOR-01,LOC-SYN-CUS-018,1,2026-06-03T06:56:00-04:00,2026-06-03T09:56:00-04:00,97.884,delivered,B2B-V1-BASE,BLD-9102B6E8BF1ABFFC5F32,True
DEL-SYN-004223,ORD-SYN-003379,VEH-SYN-01,SOR-01,LOC-SYN-CUS-080,1,2026-06-01T07:18:00-04:00,2026-06-01T10:18:00-04:00,82.096,delivered,B2B-V1-BASE,BLD-9102B6E8BF1ABFFC5F32,True
DEL-SYN-004224,ORD-SYN-003380,VEH-SYN-02,SOR-01,LOC-SYN-CUS-045,1,2026-05-30T22:11:00-04:00,2026-05-31T01:11:00-04:00,12.037,delivered,B2B-V1-BASE,BLD-9102B6E8BF1ABFFC5F32,True
DEL-SYN-004225,ORD-SYN-003380,VEH-SYN-03,SOR-01,LOC-SYN-CUS-045,2,2026-05-31T08:11:00-04:00,2026-05-31T11:11:00-04:00,12.037,delivered,B2B-V1-BASE,BLD-9102B6E8BF1ABFFC5F32,True
DEL-SYN-004226,ORD-SYN-003381,VEH-SYN-03,SOR-01,LOC-SYN-CUS-082,1,2026-06-03T09:37:00-04:00,2026-06-03T12:37:00-04:00,95.328,delivered,B2B-V1-BASE,BLD-9102B6E8BF1ABFFC5F32,True
DEL-SYN-004227,ORD-SYN-003382,VEH-SYN-04,SOR-01,LOC-SYN-CUS-002,1,2026-06-01T10:14:00-04:00,2026-06-01T13:14:00-04:00,87.443,delivered_with_incident,B2B-V1-BASE,BLD-9102B6E8BF1ABFFC5F32,True
DEL-SYN-004228,ORD-SYN-003383,VEH-SYN-05,SOR-01,LOC-SYN-CUS-070,1,2026-06-02T10:18:00-04:00,2026-06-02T13:18:00-04:00,93.688,delivered,B2B-V1-BASE,BLD-9102B6E8BF1ABFFC5F32,True
DEL-SYN-004229,ORD-SYN-003384,VEH-SYN-06,SOR-01,LOC-SYN-CUS-110,1,2026-06-02T00:28:00-04:00,2026-06-02T03:28:00-04:00,101.983,delivered,B2B-V1-BASE,BLD-9102B6E8BF1ABFFC5F32,True
DEL-SYN-004230,ORD-SYN-003384,VEH-SYN-01,SOR-01,LOC-SYN-CUS-110,2,2026-06-02T10:28:00-04:00,2026-06-02T13:28:00-04:00,101.983,delivered,B2B-V1-BASE,BLD-9102B6E8BF1ABFFC5F32,True
DEL-SYN-004231,ORD-SYN-003385,VEH-SYN-01,SOR-01,LOC-SYN-CUS-097,1,2026-05-31T10:54:00-04:00,2026-05-31T13:54:00-04:00,10.67,delivered,B2B-V1-BASE,BLD-9102B6E8BF1ABFFC5F32,True
DEL-SYN-004232,ORD-SYN-003386,VEH-SYN-02,SOR-01,LOC-SYN-CUS-116,1,2026-06-03T10:54:00-04:00,2026-06-03T13:54:00-04:00,97.555,delivered,B2B-V1-BASE,BLD-9102B6E8BF1ABFFC5F32,True
DEL-SYN-004233,ORD-SYN-003387,VEH-SYN-03,SOR-01,LOC-SYN-CUS-090,1,2026-06-01T10:57:00-04:00,2026-06-01T13:57:00-04:00,114.028,delivered,B2B-V1-BASE,BLD-9102B6E8BF1ABFFC5F32,True
DEL-SYN-004234,ORD-SYN-003388,VEH-SYN-04,SOR-01,LOC-SYN-CUS-103,1,2026-05-31T02:40:00-04:00,2026-05-31T05:40:00-04:00,8.326,delivered,B2B-V1-BASE,BLD-9102B6E8BF1ABFFC5F32,True
DEL-SYN-004235,ORD-SYN-003388,VEH-SYN-05,SOR-01,LOC-SYN-CUS-103,2,2026-05-31T12:40:00-04:00,2026-05-31T15:40:00-04:00,8.326,delivered,B2B-V1-BASE,BLD-9102B6E8BF1ABFFC5F32,True
DEL-SYN-004236,ORD-SYN-003389,VEH-SYN-05,SOR-01,LOC-SYN-CUS-004,1,2026-06-04T12:57:00-04:00,2026-06-04T15:57:00-04:00,101.893,delivered,B2B-V1-BASE,BLD-9102B6E8BF1ABFFC5F32,True
DEL-SYN-004237,ORD-SYN-003390,VEH-SYN-06,SOR-01,LOC-SYN-CUS-018,1,2026-06-03T18:16:00-04:00,2026-06-03T21:16:00-04:00,97.884,delivered,B2B-V1-BASE,BLD-9102B6E8BF1ABFFC5F32,True
DEL-SYN-004238,ORD-SYN-003391,VEH-SYN-01,SOR-01,LOC-SYN-CUS-069,1,2026-06-01T04:26:00-04:00,2026-06-01T07:26:00-04:00,13.67,delivered,B2B-V1-BASE,BLD-9102B6E8BF1ABFFC5F32,True
DEL-SYN-004239,ORD-SYN-003392,VEH-SYN-02,SOR-01,LOC-SYN-CUS-007,1,2026-05-31T18:47:00-04:00,2026-05-31T21:47:00-04:00,14.599,delivered,B2B-V1-BASE,BLD-9102B6E8BF1ABFFC5F32,True
DEL-SYN-004240,ORD-SYN-003392,VEH-SYN-03,SOR-01,LOC-SYN-CUS-007,2,2026-06-01T04:47:00-04:00,2026-06-01T07:47:00-04:00,14.599,delivered,B2B-V1-BASE,BLD-9102B6E8BF1ABFFC5F32,True
DEL-SYN-004241,ORD-SYN-003393,VEH-SYN-03,SOR-01,LOC-SYN-CUS-128,1,2026-06-03T05:06:00-04:00,2026-06-03T08:06:00-04:00,84.538,delivered,B2B-V1-BASE,BLD-9102B6E8BF1ABFFC5F32,True
DEL-SYN-004242,ORD-SYN-003394,VEH-SYN-04,SOR-01,LOC-SYN-CUS-106,1,2026-06-03T05:46:00-04:00,2026-06-03T08:46:00-04:00,97.3,delivered,B2B-V1-BASE,BLD-9102B6E8BF1ABFFC5F32,True
DEL-SYN-004243,ORD-SYN-003395,VEH-SYN-05,SOR-01,LOC-SYN-CUS-057,1,2026-06-05T06:27:00-04:00,2026-06-05T09:27:00-04:00,11.041,delivered,B2B-V1-BASE,BLD-9102B6E8BF1ABFFC5F32,True
DEL-SYN-004244,ORD-SYN-003396,VEH-SYN-06,SOR-01,LOC-SYN-CUS-014,1,2026-06-01T21:09:00-04:00,2026-06-02T00:09:00-04:00,98.171,delivered,B2B-V1-BASE,BLD-9102B6E8BF1ABFFC5F32,True
DEL-SYN-004245,ORD-SYN-003396,VEH-SYN-01,SOR-01,LOC-SYN-CUS-014,2,2026-06-02T07:09:00-04:00,2026-06-02T10:09:00-04:00,98.171,delivered,B2B-V1-BASE,BLD-9102B6E8BF1ABFFC5F32,True
DEL-SYN-004246,ORD-SYN-003397,VEH-SYN-01,SOR-01,LOC-SYN-CUS-073,1,2026-06-05T08:55:00-04:00,2026-06-05T11:55:00-04:00,17.971,delivered,B2B-V1-BASE,BLD-9102B6E8BF1ABFFC5F32,True
DEL-SYN-004247,ORD-SYN-003398,VEH-SYN-02,SOR-01,LOC-SYN-CUS-114,1,2026-06-02T11:10:00-04:00,2026-06-02T14:10:00-04:00,98.868,delivered,B2B-V1-BASE,BLD-9102B6E8BF1ABFFC5F32,True
DEL-SYN-004248,ORD-SYN-003399,VEH-SYN-03,SOR-01,LOC-SYN-CUS-042,1,2026-06-03T02:43:00-04:00,2026-06-03T05:43:00-04:00,96.283,delivered_with_incident,B2B-V1-BASE,BLD-9102B6E8BF1ABFFC5F32,True
DEL-SYN-004249,ORD-SYN-003400,VEH-SYN-04,SOR-01,LOC-SYN-CUS-065,1,2026-06-02T17:11:00-04:00,2026-06-02T20:11:00-04:00,13.49,delivered,B2B-V1-BASE,BLD-9102B6E8BF1ABFFC5F32,True
DEL-SYN-004250,ORD-SYN-003400,VEH-SYN-05,SOR-01,LOC-SYN-CUS-065,2,2026-06-03T03:11:00-04:00,2026-06-03T06:11:00-04:00,13.49,delivered,B2B-V1-BASE,BLD-9102B6E8BF1ABFFC5F32,True
DEL-SYN-004251,ORD-SYN-003401,VEH-SYN-05,SOR-01,LOC-SYN-CUS-109,1,2026-06-06T04:37:00-04:00,2026-06-06T07:37:00-04:00,15.631,delivered,B2B-V1-BASE,BLD-9102B6E8BF1ABFFC5F32,True
DEL-SYN-004252,ORD-SYN-003402,VEH-SYN-06,SOR-01,LOC-SYN-CUS-079,1,2026-06-05T05:44:00-04:00,2026-06-05T08:44:00-04:00,9.76,delivered,B2B-V1-BASE,BLD-9102B6E8BF1ABFFC5F32,True
DEL-SYN-004253,ORD-SYN-003403,VEH-SYN-01,SOR-01,LOC-SYN-CUS-045,1,2026-06-04T06:55:00-04:00,2026-06-04T09:55:00-04:00,12.037,delivered,B2B-V1-BASE,BLD-9102B6E8BF1ABFFC5F32,True
DEL-SYN-004254,ORD-SYN-003404,VEH-SYN-02,SOR-01,LOC-SYN-CUS-033,1,2026-06-03T21:35:00-04:00,2026-06-04T00:35:00-04:00,13.637,delivered,B2B-V1-BASE,BLD-9102B6E8BF1ABFFC5F32,True
DEL-SYN-004255,ORD-SYN-003404,VEH-SYN-03,SOR-01,LOC-SYN-CUS-033,2,2026-06-04T07:35:00-04:00,2026-06-04T10:35:00-04:00,13.637,delivered,B2B-V1-BASE,BLD-9102B6E8BF1ABFFC5F32,True
DEL-SYN-004256,ORD-SYN-003405,VEH-SYN-03,SOR-01,LOC-SYN-CUS-010,1,2026-06-04T09:10:00-04:00,2026-06-04T12:10:00-04:00,98.174,delivered,B2B-V1-BASE,BLD-9102B6E8BF1ABFFC5F32,True
DEL-SYN-004257,ORD-SYN-003406,VEH-SYN-04,SOR-01,LOC-SYN-CUS-150,1,2026-06-05T23:31:00-04:00,2026-06-06T02:31:00-04:00,93.487,delivered,B2B-V1-BASE,BLD-9102B6E8BF1ABFFC5F32,True
DEL-SYN-004258,ORD-SYN-003407,VEH-SYN-05,SOR-01,LOC-SYN-CUS-008,1,2026-06-04T23:46:00-04:00,2026-06-05T02:46:00-04:00,89.436,delivered,B2B-V1-BASE,BLD-9102B6E8BF1ABFFC5F32,True
DEL-SYN-004259,ORD-SYN-003408,VEH-SYN-06,SOR-01,LOC-SYN-CUS-144,1,2026-06-04T00:08:00-04:00,2026-06-04T03:08:00-04:00,84.976,delivered,B2B-V1-BASE,BLD-9102B6E8BF1ABFFC5F32,True
DEL-SYN-004260,ORD-SYN-003408,VEH-SYN-01,SOR-01,LOC-SYN-CUS-144,2,2026-06-04T10:08:00-04:00,2026-06-04T13:08:00-04:00,84.976,delivered,B2B-V1-BASE,BLD-9102B6E8BF1ABFFC5F32,True
DEL-SYN-004261,ORD-SYN-003409,VEH-SYN-01,SOR-01,LOC-SYN-CUS-075,1,2026-06-02T10:46:00-04:00,2026-06-02T13:46:00-04:00,11.238,delivered,B2B-V1-BASE,BLD-9102B6E8BF1ABFFC5F32,True
DEL-SYN-004262,ORD-SYN-003410,VEH-SYN-02,SOR-01,LOC-SYN-CUS-017,1,2026-06-02T11:06:00-04:00,2026-06-02T14:06:00-04:00,7.536,delivered,B2B-V1-BASE,BLD-9102B6E8BF1ABFFC5F32,True
DEL-SYN-004263,ORD-SYN-003411,VEH-SYN-03,SOR-01,LOC-SYN-CUS-105,1,2026-06-06T11:45:00-04:00,2026-06-06T14:45:00-04:00,13.533,delivered,B2B-V1-BASE,BLD-9102B6E8BF1ABFFC5F32,True
DEL-SYN-004264,ORD-SYN-003412,VEH-SYN-04,SOR-01,LOC-SYN-CUS-034,1,2026-06-05T02:14:00-04:00,2026-06-05T05:14:00-04:00,92.375,delivered,B2B-V1-BASE,BLD-9102B6E8BF1ABFFC5F32,True
DEL-SYN-004265,ORD-SYN-003412,VEH-SYN-05,SOR-01,LOC-SYN-CUS-034,2,2026-06-05T12:14:00-04:00,2026-06-05T15:14:00-04:00,92.375,delivered,B2B-V1-BASE,BLD-9102B6E8BF1ABFFC5F32,True
DEL-SYN-004266,ORD-SYN-003413,VEH-SYN-05,SOR-01,LOC-SYN-CUS-035,1,2026-06-05T17:30:00-04:00,2026-06-05T20:30:00-04:00,7.948,delivered,B2B-V1-BASE,BLD-9102B6E8BF1ABFFC5F32,True
DEL-SYN-004267,ORD-SYN-003414,VEH-SYN-06,SOR-01,LOC-SYN-CUS-089,1,2026-06-03T17:43:00-04:00,2026-06-03T20:43:00-04:00,10.706,delivered,B2B-V1-BASE,BLD-9102B6E8BF1ABFFC5F32,True
DEL-SYN-004268,ORD-SYN-003415,VEH-SYN-01,SOR-01,LOC-SYN-CUS-077,1,2026-06-07T20:21:00-04:00,2026-06-07T23:21:00-04:00,6.85,delivered,B2B-V1-BASE,BLD-9102B6E8BF1ABFFC5F32,True
DEL-SYN-004269,ORD-SYN-003416,VEH-SYN-02,SOR-01,LOC-SYN-CUS-089,1,2026-06-04T21:27:00-04:00,2026-06-05T00:27:00-04:00,10.706,delivered,B2B-V1-BASE,BLD-9102B6E8BF1ABFFC5F32,True
DEL-SYN-004270,ORD-SYN-003416,VEH-SYN-03,SOR-01,LOC-SYN-CUS-089,2,2026-06-05T07:27:00-04:00,2026-06-05T10:27:00-04:00,10.706,delivered,B2B-V1-BASE,BLD-9102B6E8BF1ABFFC5F32,True
DEL-SYN-004271,ORD-SYN-003417,VEH-SYN-03,SOR-01,LOC-SYN-CUS-020,1,2026-06-06T07:59:00-04:00,2026-06-06T10:59:00-04:00,98.993,delivered,B2B-V1-BASE,BLD-9102B6E8BF1ABFFC5F32,True
DEL-SYN-004272,ORD-SYN-003418,VEH-SYN-04,SOR-01,LOC-SYN-CUS-036,1,2026-06-04T08:51:00-04:00,2026-06-04T11:51:00-04:00,96.208,delivered,B2B-V1-BASE,BLD-9102B6E8BF1ABFFC5F32,True
DEL-SYN-004273,ORD-SYN-003419,VEH-SYN-05,SOR-01,LOC-SYN-CUS-044,1,2026-06-06T23:03:00-04:00,2026-06-07T02:03:00-04:00,96.701,delivered,B2B-V1-BASE,BLD-9102B6E8BF1ABFFC5F32,True
DEL-SYN-004274,ORD-SYN-003420,VEH-SYN-06,SOR-01,LOC-SYN-CUS-081,1,2026-06-05T23:59:00-04:00,2026-06-06T02:59:00-04:00,6.44,delivered,B2B-V1-BASE,BLD-9102B6E8BF1ABFFC5F32,True
DEL-SYN-004275,ORD-SYN-003420,VEH-SYN-01,SOR-01,LOC-SYN-CUS-081,2,2026-06-06T09:59:00-04:00,2026-06-06T12:59:00-04:00,6.44,delivered,B2B-V1-BASE,BLD-9102B6E8BF1ABFFC5F32,True
DEL-SYN-004276,ORD-SYN-003421,VEH-SYN-01,SOR-01,LOC-SYN-CUS-050,1,2026-06-04T10:46:00-04:00,2026-06-04T13:46:00-04:00,95.323,delivered,B2B-V1-BASE,BLD-9102B6E8BF1ABFFC5F32,True
DEL-SYN-004277,ORD-SYN-003422,VEH-SYN-02,SOR-01,LOC-SYN-CUS-089,1,2026-06-05T11:08:00-04:00,2026-06-05T14:08:00-04:00,10.706,delivered,B2B-V1-BASE,BLD-9102B6E8BF1ABFFC5F32,True
DEL-SYN-004278,ORD-SYN-003423,VEH-SYN-03,SOR-01,LOC-SYN-CUS-066,1,2026-06-06T11:50:00-04:00,2026-06-06T14:50:00-04:00,96.649,delivered,B2B-V1-BASE,BLD-9102B6E8BF1ABFFC5F32,True
DEL-SYN-004279,ORD-SYN-003424,VEH-SYN-04,SOR-01,LOC-SYN-CUS-041,1,2026-06-03T01:52:00-04:00,2026-06-03T04:52:00-04:00,16.45,delivered,B2B-V1-BASE,BLD-9102B6E8BF1ABFFC5F32,True
DEL-SYN-004280,ORD-SYN-003424,VEH-SYN-05,SOR-01,LOC-SYN-CUS-041,2,2026-06-03T11:52:00-04:00,2026-06-03T14:52:00-04:00,16.45,delivered,B2B-V1-BASE,BLD-9102B6E8BF1ABFFC5F32,True
DEL-SYN-004281,ORD-SYN-003425,VEH-SYN-05,SOR-01,LOC-SYN-CUS-035,1,2026-06-07T12:07:00-04:00,2026-06-07T15:07:00-04:00,7.948,delivered,B2B-V1-BASE,BLD-9102B6E8BF1ABFFC5F32,True
DEL-SYN-004282,ORD-SYN-003426,VEH-SYN-06,SOR-01,LOC-SYN-CUS-103,1,2026-06-05T03:51:00-04:00,2026-06-05T06:51:00-04:00,8.326,delivered,B2B-V1-BASE,BLD-9102B6E8BF1ABFFC5F32,True
DEL-SYN-004283,ORD-SYN-003427,VEH-SYN-01,SOR-01,LOC-SYN-CUS-102,1,2026-06-04T18:15:00-04:00,2026-06-04T21:15:00-04:00,92.902,delivered,B2B-V1-BASE,BLD-9102B6E8BF1ABFFC5F32,True
DEL-SYN-004284,ORD-SYN-003428,VEH-SYN-02,SOR-01,LOC-SYN-CUS-093,1,2026-06-07T19:13:00-04:00,2026-06-07T22:13:00-04:00,14.157,delivered,B2B-V1-BASE,BLD-9102B6E8BF1ABFFC5F32,True
DEL-SYN-004285,ORD-SYN-003428,VEH-SYN-03,SOR-01,LOC-SYN-CUS-093,2,2026-06-08T05:13:00-04:00,2026-06-08T08:13:00-04:00,14.157,delivered,B2B-V1-BASE,BLD-9102B6E8BF1ABFFC5F32,True
DEL-SYN-004286,ORD-SYN-003429,VEH-SYN-03,SOR-01,LOC-SYN-CUS-062,1,2026-06-06T06:29:00-04:00,2026-06-06T09:29:00-04:00,84.711,delivered,B2B-V1-BASE,BLD-9102B6E8BF1ABFFC5F32,True
DEL-SYN-004287,ORD-SYN-003430,VEH-SYN-04,SOR-01,LOC-SYN-CUS-046,1,2026-06-05T08:46:00-04:00,2026-06-05T11:46:00-04:00,97.72,delivered,B2B-V1-BASE,BLD-9102B6E8BF1ABFFC5F32,True
DEL-SYN-004288,ORD-SYN-003431,VEH-SYN-05,SOR-01,LOC-SYN-CUS-050,1,2026-06-06T23:11:00-04:00,2026-06-07T02:11:00-04:00,95.323,delivered,B2B-V1-BASE,BLD-9102B6E8BF1ABFFC5F32,True
DEL-SYN-004289,ORD-SYN-003432,VEH-SYN-06,SOR-01,LOC-SYN-CUS-114,1,2026-06-07T23:13:00-04:00,2026-06-08T02:13:00-04:00,98.868,delivered,B2B-V1-BASE,BLD-9102B6E8BF1ABFFC5F32,True
DEL-SYN-004290,ORD-SYN-003432,VEH-SYN-01,SOR-01,LOC-SYN-CUS-114,2,2026-06-08T09:13:00-04:00,2026-06-08T12:13:00-04:00,98.868,delivered_with_incident,B2B-V1-BASE,BLD-9102B6E8BF1ABFFC5F32,True
DEL-SYN-004291,ORD-SYN-003433,VEH-SYN-01,SOR-01,LOC-SYN-CUS-138,1,2026-06-05T09:50:00-04:00,2026-06-05T12:50:00-04:00,93.584,delivered_with_incident,B2B-V1-BASE,BLD-9102B6E8BF1ABFFC5F32,True
DEL-SYN-004292,ORD-SYN-003434,VEH-SYN-02,SOR-01,LOC-SYN-CUS-099,1,2026-06-06T03:08:00-04:00,2026-06-06T06:08:00-04:00,11.542,delivered,B2B-V1-BASE,BLD-9102B6E8BF1ABFFC5F32,True
DEL-SYN-004293,ORD-SYN-003435,VEH-SYN-03,SOR-01,LOC-SYN-CUS-064,1,2026-06-08T03:16:00-04:00,2026-06-08T06:16:00-04:00,102.777,delivered,B2B-V1-BASE,BLD-9102B6E8BF1ABFFC5F32,True
DEL-SYN-004294,ORD-SYN-003436,VEH-SYN-04,SOR-01,LOC-SYN-CUS-005,1,2026-06-07T17:26:00-04:00,2026-06-07T20:26:00-04:00,9.779,delivered,B2B-V1-BASE,BLD-9102B6E8BF1ABFFC5F32,True
DEL-SYN-004295,ORD-SYN-003436,VEH-SYN-05,SOR-01,LOC-SYN-CUS-005,2,2026-06-08T03:26:00-04:00,2026-06-08T06:26:00-04:00,9.779,delivered,B2B-V1-BASE,BLD-9102B6E8BF1ABFFC5F32,True
DEL-SYN-004296,ORD-SYN-003437,VEH-SYN-05,SOR-01,LOC-SYN-CUS-042,1,2026-06-09T04:32:00-04:00,2026-06-09T07:32:00-04:00,96.283,delivered,B2B-V1-BASE,BLD-9102B6E8BF1ABFFC5F32,True
DEL-SYN-004297,ORD-SYN-003438,VEH-SYN-06,SOR-01,LOC-SYN-CUS-114,1,2026-06-06T19:02:00-04:00,2026-06-06T22:02:00-04:00,98.868,delivered,B2B-V1-BASE,BLD-9102B6E8BF1ABFFC5F32,True
DEL-SYN-004298,ORD-SYN-003439,VEH-SYN-01,SOR-01,LOC-SYN-CUS-110,1,2026-06-06T06:31:00-04:00,2026-06-06T09:31:00-04:00,101.983,delivered,B2B-V1-BASE,BLD-9102B6E8BF1ABFFC5F32,True
DEL-SYN-004299,ORD-SYN-003440,VEH-SYN-02,SOR-01,LOC-SYN-CUS-121,1,2026-06-07T21:07:00-04:00,2026-06-08T00:07:00-04:00,1.523,delivered,B2B-V1-BASE,BLD-9102B6E8BF1ABFFC5F32,True
DEL-SYN-004300,ORD-SYN-003440,VEH-SYN-03,SOR-01,LOC-SYN-CUS-121,2,2026-06-08T07:07:00-04:00,2026-06-08T10:07:00-04:00,1.523,delivered,B2B-V1-BASE,BLD-9102B6E8BF1ABFFC5F32,True
DEL-SYN-004301,ORD-SYN-003441,VEH-SYN-03,SOR-01,LOC-SYN-CUS-061,1,2026-06-08T08:21:00-04:00,2026-06-08T11:21:00-04:00,12.904,delivered,B2B-V1-BASE,BLD-9102B6E8BF1ABFFC5F32,True
DEL-SYN-004302,ORD-SYN-003442,VEH-SYN-04,SOR-01,LOC-SYN-CUS-102,1,2026-06-06T09:19:00-04:00,2026-06-06T12:19:00-04:00,92.902,delivered,B2B-V1-BASE,BLD-9102B6E8BF1ABFFC5F32,True
DEL-SYN-004303,ORD-SYN-003443,VEH-SYN-05,SOR-01,LOC-SYN-CUS-019,1,2026-06-05T09:44:00-04:00,2026-06-05T12:44:00-04:00,11.18,delivered,B2B-V1-BASE,BLD-9102B6E8BF1ABFFC5F32,True
DEL-SYN-004304,ORD-SYN-003444,VEH-SYN-06,SOR-01,LOC-SYN-CUS-033,1,2026-06-07T01:15:00-04:00,2026-06-07T04:15:00-04:00,13.637,delivered,B2B-V1-BASE,BLD-9102B6E8BF1ABFFC5F32,True
DEL-SYN-004305,ORD-SYN-003444,VEH-SYN-01,SOR-01,LOC-SYN-CUS-033,2,2026-06-07T11:15:00-04:00,2026-06-07T14:15:00-04:00,13.637,delivered,B2B-V1-BASE,BLD-9102B6E8BF1ABFFC5F32,True
DEL-SYN-004306,ORD-SYN-003445,VEH-SYN-01,SOR-01,LOC-SYN-CUS-094,1,2026-06-08T18:05:00-04:00,2026-06-08T21:05:00-04:00,81.241,delivered,B2B-V1-BASE,BLD-9102B6E8BF1ABFFC5F32,True
DEL-SYN-004307,ORD-SYN-003446,VEH-SYN-02,SOR-01,LOC-SYN-CUS-058,1,2026-06-10T04:23:00-04:00,2026-06-10T07:23:00-04:00,98.394,delivered,B2B-V1-BASE,BLD-9102B6E8BF1ABFFC5F32,True
DEL-SYN-004308,ORD-SYN-003447,VEH-SYN-03,SOR-01,LOC-SYN-CUS-029,1,2026-06-08T19:07:00-04:00,2026-06-08T22:07:00-04:00,8.682,delivered,B2B-V1-BASE,BLD-9102B6E8BF1ABFFC5F32,True
DEL-SYN-004309,ORD-SYN-003448,VEH-SYN-04,SOR-01,LOC-SYN-CUS-061,1,2026-06-07T11:42:00-04:00,2026-06-07T14:42:00-04:00,12.904,delivered,B2B-V1-BASE,BLD-9102B6E8BF1ABFFC5F32,True
DEL-SYN-004310,ORD-SYN-003448,VEH-SYN-05,SOR-01,LOC-SYN-CUS-061,2,2026-06-08T01:42:00-04:00,2026-06-08T04:42:00-04:00,12.904,delivered,B2B-V1-BASE,BLD-9102B6E8BF1ABFFC5F32,True
DEL-SYN-004311,ORD-SYN-003449,VEH-SYN-05,SOR-01,LOC-SYN-CUS-113,1,2026-06-09T06:04:00-04:00,2026-06-09T09:04:00-04:00,18.69,delivered,B2B-V1-BASE,BLD-9102B6E8BF1ABFFC5F32,True
DEL-SYN-004312,ORD-SYN-003450,VEH-SYN-06,SOR-01,LOC-SYN-CUS-008,1,2026-06-06T06:42:00-04:00,2026-06-06T09:42:00-04:00,89.436,delivered_with_incident,B2B-V1-BASE,BLD-9102B6E8BF1ABFFC5F32,True
DEL-SYN-004313,ORD-SYN-003451,VEH-SYN-01,SOR-01,LOC-SYN-CUS-113,1,2026-06-06T20:49:00-04:00,2026-06-06T23:49:00-04:00,18.69,delivered,B2B-V1-BASE,BLD-9102B6E8BF1ABFFC5F32,True
DEL-SYN-004314,ORD-SYN-003452,VEH-SYN-02,SOR-01,LOC-SYN-CUS-003,1,2026-06-05T22:01:00-04:00,2026-06-06T01:01:00-04:00,7.59,delivered,B2B-V1-BASE,BLD-9102B6E8BF1ABFFC5F32,True
DEL-SYN-004315,ORD-SYN-003452,VEH-SYN-03,SOR-01,LOC-SYN-CUS-003,2,2026-06-06T08:01:00-04:00,2026-06-06T11:01:00-04:00,7.59,delivered,B2B-V1-BASE,BLD-9102B6E8BF1ABFFC5F32,True
DEL-SYN-004316,ORD-SYN-003453,VEH-SYN-03,SOR-01,LOC-SYN-CUS-010,1,2026-06-06T08:22:00-04:00,2026-06-06T11:22:00-04:00,98.174,delivered,B2B-V1-BASE,BLD-9102B6E8BF1ABFFC5F32,True
DEL-SYN-004317,ORD-SYN-003454,VEH-SYN-04,SOR-01,LOC-SYN-CUS-041,1,2026-06-07T08:43:00-04:00,2026-06-07T11:43:00-04:00,16.45,delivered,B2B-V1-BASE,BLD-9102B6E8BF1ABFFC5F32,True
DEL-SYN-004318,ORD-SYN-003455,VEH-SYN-05,SOR-01,LOC-SYN-CUS-017,1,2026-06-10T09:48:00-04:00,2026-06-10T12:48:00-04:00,7.536,delivered,B2B-V1-BASE,BLD-9102B6E8BF1ABFFC5F32,True
DEL-SYN-004319,ORD-SYN-003456,VEH-SYN-06,SOR-01,LOC-SYN-CUS-109,1,2026-06-08T01:00:00-04:00,2026-06-08T04:00:00-04:00,15.631,delivered,B2B-V1-BASE,BLD-9102B6E8BF1ABFFC5F32,True
DEL-SYN-004320,ORD-SYN-003456,VEH-SYN-01,SOR-01,LOC-SYN-CUS-109,2,2026-06-08T11:00:00-04:00,2026-06-08T14:00:00-04:00,15.631,delivered,B2B-V1-BASE,BLD-9102B6E8BF1ABFFC5F32,True
DEL-SYN-004321,ORD-SYN-003457,VEH-SYN-01,SOR-01,LOC-SYN-CUS-010,1,2026-06-09T11:10:00-04:00,2026-06-09T14:10:00-04:00,98.174,delivered,B2B-V1-BASE,BLD-9102B6E8BF1ABFFC5F32,True
DEL-SYN-004322,ORD-SYN-003458,VEH-SYN-02,SOR-01,LOC-SYN-CUS-150,1,2026-06-07T01:37:00-04:00,2026-06-07T04:37:00-04:00,93.487,delivered,B2B-V1-BASE,BLD-9102B6E8BF1ABFFC5F32,True
DEL-SYN-004323,ORD-SYN-003459,VEH-SYN-03,SOR-01,LOC-SYN-CUS-114,1,2026-06-08T01:43:00-04:00,2026-06-08T04:43:00-04:00,98.868,delivered,B2B-V1-BASE,BLD-9102B6E8BF1ABFFC5F32,True
DEL-SYN-004324,ORD-SYN-003460,VEH-SYN-04,SOR-01,LOC-SYN-CUS-046,1,2026-06-09T01:43:00-04:00,2026-06-09T04:43:00-04:00,97.72,delivered,B2B-V1-BASE,BLD-9102B6E8BF1ABFFC5F32,True
DEL-SYN-004325,ORD-SYN-003460,VEH-SYN-05,SOR-01,LOC-SYN-CUS-046,2,2026-06-09T11:43:00-04:00,2026-06-09T14:43:00-04:00,97.72,delivered,B2B-V1-BASE,BLD-9102B6E8BF1ABFFC5F32,True
DEL-SYN-004326,ORD-SYN-003461,VEH-SYN-05,SOR-01,LOC-SYN-CUS-118,1,2026-06-06T12:19:00-04:00,2026-06-06T15:19:00-04:00,89.411,delivered,B2B-V1-BASE,BLD-9102B6E8BF1ABFFC5F32,True
DEL-SYN-004327,ORD-SYN-003462,VEH-SYN-06,SOR-01,LOC-SYN-CUS-147,1,2026-06-06T12:44:00-04:00,2026-06-06T15:44:00-04:00,13.232,delivered,B2B-V1-BASE,BLD-9102B6E8BF1ABFFC5F32,True
DEL-SYN-004328,ORD-SYN-003463,VEH-SYN-01,SOR-01,LOC-SYN-CUS-119,1,2026-06-09T12:44:00-04:00,2026-06-09T15:44:00-04:00,15.599,delivered,B2B-V1-BASE,BLD-9102B6E8BF1ABFFC5F32,True
DEL-SYN-004329,ORD-SYN-003464,VEH-SYN-02,SOR-01,LOC-SYN-CUS-061,1,2026-06-09T17:30:00-04:00,2026-06-09T20:30:00-04:00,12.904,delivered,B2B-V1-BASE,BLD-9102B6E8BF1ABFFC5F32,True
DEL-SYN-004330,ORD-SYN-003464,VEH-SYN-03,SOR-01,LOC-SYN-CUS-061,2,2026-06-10T03:30:00-04:00,2026-06-10T06:30:00-04:00,12.904,delivered,B2B-V1-BASE,BLD-9102B6E8BF1ABFFC5F32,True
DEL-SYN-004331,ORD-SYN-003465,VEH-SYN-03,SOR-01,LOC-SYN-CUS-129,1,2026-06-09T18:53:00-04:00,2026-06-09T21:53:00-04:00,10.44,delivered,B2B-V1-BASE,BLD-9102B6E8BF1ABFFC5F32,True
DEL-SYN-004332,ORD-SYN-003466,VEH-SYN-04,SOR-01,LOC-SYN-CUS-001,1,2026-06-08T05:00:00-04:00,2026-06-08T08:00:00-04:00,6.513,delivered,B2B-V1-BASE,BLD-9102B6E8BF1ABFFC5F32,True
DEL-SYN-004333,ORD-SYN-003467,VEH-SYN-05,SOR-01,LOC-SYN-CUS-089,1,2026-06-11T05:01:00-04:00,2026-06-11T08:01:00-04:00,10.706,delivered,B2B-V1-BASE,BLD-9102B6E8BF1ABFFC5F32,True
DEL-SYN-004334,ORD-SYN-003468,VEH-SYN-06,SOR-01,LOC-SYN-CUS-062,1,2026-06-10T19:53:00-04:00,2026-06-10T22:53:00-04:00,84.711,delivered,B2B-V1-BASE,BLD-9102B6E8BF1ABFFC5F32,True
DEL-SYN-004335,ORD-SYN-003468,VEH-SYN-01,SOR-01,LOC-SYN-CUS-062,2,2026-06-11T05:53:00-04:00,2026-06-11T08:53:00-04:00,84.711,delivered,B2B-V1-BASE,BLD-9102B6E8BF1ABFFC5F32,True
DEL-SYN-004336,ORD-SYN-003469,VEH-SYN-01,SOR-01,LOC-SYN-CUS-023,1,2026-06-07T06:05:00-04:00,2026-06-07T09:05:00-04:00,12.238,delivered,B2B-V1-BASE,BLD-9102B6E8BF1ABFFC5F32,True
DEL-SYN-004337,ORD-SYN-003470,VEH-SYN-02,SOR-01,LOC-SYN-CUS-071,1,2026-06-10T20:21:00-04:00,2026-06-10T23:21:00-04:00,15.735,delivered,B2B-V1-BASE,BLD-9102B6E8BF1ABFFC5F32,True
DEL-SYN-004338,ORD-SYN-003471,VEH-SYN-03,SOR-01,LOC-SYN-CUS-114,1,2026-06-10T06:35:00-04:00,2026-06-10T09:35:00-04:00,98.868,delivered,B2B-V1-BASE,BLD-9102B6E8BF1ABFFC5F32,True
DEL-SYN-004339,ORD-SYN-003472,VEH-SYN-04,SOR-01,LOC-SYN-CUS-109,1,2026-06-10T23:08:00-04:00,2026-06-11T02:08:00-04:00,15.631,delivered,B2B-V1-BASE,BLD-9102B6E8BF1ABFFC5F32,True
DEL-SYN-004340,ORD-SYN-003472,VEH-SYN-05,SOR-01,LOC-SYN-CUS-109,2,2026-06-11T09:08:00-04:00,2026-06-11T12:08:00-04:00,15.631,delivered,B2B-V1-BASE,BLD-9102B6E8BF1ABFFC5F32,True
DEL-SYN-004341,ORD-SYN-003473,VEH-SYN-05,SOR-01,LOC-SYN-CUS-085,1,2026-06-12T18:16:00-04:00,2026-06-12T21:16:00-04:00,11.234,delivered,B2B-V1-BASE,BLD-9102B6E8BF1ABFFC5F32,True
DEL-SYN-004342,ORD-SYN-003474,VEH-SYN-06,SOR-01,LOC-SYN-CUS-051,1,2026-06-08T04:30:00-04:00,2026-06-08T07:30:00-04:00,8.518,delivered,B2B-V1-BASE,BLD-9102B6E8BF1ABFFC5F32,True
DEL-SYN-004343,ORD-SYN-003475,VEH-SYN-01,SOR-01,LOC-SYN-CUS-044,1,2026-06-10T07:11:00-04:00,2026-06-10T10:11:00-04:00,96.701,delivered,B2B-V1-BASE,BLD-9102B6E8BF1ABFFC5F32,True
DEL-SYN-004344,ORD-SYN-003476,VEH-SYN-02,SOR-01,LOC-SYN-CUS-033,1,2026-06-09T13:50:00-04:00,2026-06-09T16:50:00-04:00,13.637,delivered,B2B-V1-BASE,BLD-9102B6E8BF1ABFFC5F32,True
DEL-SYN-004345,ORD-SYN-003476,VEH-SYN-03,SOR-01,LOC-SYN-CUS-033,2,2026-06-10T03:50:00-04:00,2026-06-10T06:50:00-04:00,13.637,delivered,B2B-V1-BASE,BLD-9102B6E8BF1ABFFC5F32,True
DEL-SYN-004346,ORD-SYN-003477,VEH-SYN-03,SOR-01,LOC-SYN-CUS-113,1,2026-06-09T07:54:00-04:00,2026-06-09T10:54:00-04:00,18.69,delivered,B2B-V1-BASE,BLD-9102B6E8BF1ABFFC5F32,True
DEL-SYN-004347,ORD-SYN-003478,VEH-SYN-04,SOR-01,LOC-SYN-CUS-032,1,2026-06-11T10:42:00-04:00,2026-06-11T13:42:00-04:00,100.378,delivered,B2B-V1-BASE,BLD-9102B6E8BF1ABFFC5F32,True
DEL-SYN-004348,ORD-SYN-003479,VEH-SYN-05,SOR-01,LOC-SYN-CUS-113,1,2026-06-08T11:04:00-04:00,2026-06-08T14:04:00-04:00,18.69,delivered,B2B-V1-BASE,BLD-9102B6E8BF1ABFFC5F32,True
DEL-SYN-004349,ORD-SYN-003480,VEH-SYN-06,SOR-01,LOC-SYN-CUS-129,1,2026-06-12T01:36:00-04:00,2026-06-12T04:36:00-04:00,10.44,delivered,B2B-V1-BASE,BLD-9102B6E8BF1ABFFC5F32,True
DEL-SYN-004350,ORD-SYN-003480,VEH-SYN-01,SOR-01,LOC-SYN-CUS-129,2,2026-06-12T11:36:00-04:00,2026-06-12T14:36:00-04:00,10.44,delivered,B2B-V1-BASE,BLD-9102B6E8BF1ABFFC5F32,True
DEL-SYN-004351,ORD-SYN-003481,VEH-SYN-01,SOR-01,LOC-SYN-CUS-134,1,2026-06-12T01:46:00-04:00,2026-06-12T04:46:00-04:00,101.573,delivered,B2B-V1-BASE,BLD-9102B6E8BF1ABFFC5F32,True
DEL-SYN-004352,ORD-SYN-003482,VEH-SYN-02,SOR-01,LOC-SYN-CUS-019,1,2026-06-12T11:51:00-04:00,2026-06-12T14:51:00-04:00,11.18,delivered,B2B-V1-BASE,BLD-9102B6E8BF1ABFFC5F32,True
DEL-SYN-004353,ORD-SYN-003483,VEH-SYN-03,SOR-01,LOC-SYN-CUS-022,1,2026-06-10T02:24:00-04:00,2026-06-10T05:24:00-04:00,97.576,delivered,B2B-V1-BASE,BLD-9102B6E8BF1ABFFC5F32,True
DEL-SYN-004354,ORD-SYN-003484,VEH-SYN-04,SOR-01,LOC-SYN-CUS-120,1,2026-06-09T17:36:00-04:00,2026-06-09T20:36:00-04:00,87.645,delivered_with_incident,B2B-V1-BASE,BLD-9102B6E8BF1ABFFC5F32,True
DEL-SYN-004355,ORD-SYN-003484,VEH-SYN-05,SOR-01,LOC-SYN-CUS-120,2,2026-06-10T03:36:00-04:00,2026-06-10T06:36:00-04:00,87.645,delivered,B2B-V1-BASE,BLD-9102B6E8BF1ABFFC5F32,True
DEL-SYN-004356,ORD-SYN-003485,VEH-SYN-05,SOR-01,LOC-SYN-CUS-129,1,2026-06-12T04:12:00-04:00,2026-06-12T07:12:00-04:00,10.44,delivered,B2B-V1-BASE,BLD-9102B6E8BF1ABFFC5F32,True
DEL-SYN-004357,ORD-SYN-003486,VEH-SYN-06,SOR-01,LOC-SYN-CUS-146,1,2026-06-10T04:25:00-04:00,2026-06-10T07:25:00-04:00,99.257,delivered,B2B-V1-BASE,BLD-9102B6E8BF1ABFFC5F32,True
DEL-SYN-004358,ORD-SYN-003487,VEH-SYN-01,SOR-01,LOC-SYN-CUS-041,1,2026-06-11T04:47:00-04:00,2026-06-11T07:47:00-04:00,16.45,delivered,B2B-V1-BASE,BLD-9102B6E8BF1ABFFC5F32,True
DEL-SYN-004359,ORD-SYN-003488,VEH-SYN-02,SOR-01,LOC-SYN-CUS-115,1,2026-06-10T18:49:00-04:00,2026-06-10T21:49:00-04:00,8.481,delivered,B2B-V1-BASE,BLD-9102B6E8BF1ABFFC5F32,True
DEL-SYN-004360,ORD-SYN-003488,VEH-SYN-03,SOR-01,LOC-SYN-CUS-115,2,2026-06-11T04:49:00-04:00,2026-06-11T07:49:00-04:00,8.481,delivered,B2B-V1-BASE,BLD-9102B6E8BF1ABFFC5F32,True
DEL-SYN-004361,ORD-SYN-003489,VEH-SYN-03,SOR-01,LOC-SYN-CUS-148,1,2026-06-12T19:25:00-04:00,2026-06-12T22:25:00-04:00,94.333,delivered,B2B-V1-BASE,BLD-9102B6E8BF1ABFFC5F32,True
DEL-SYN-004362,ORD-SYN-003490,VEH-SYN-04,SOR-01,LOC-SYN-CUS-125,1,2026-06-11T06:15:00-04:00,2026-06-11T09:15:00-04:00,11.651,delivered,B2B-V1-BASE,BLD-9102B6E8BF1ABFFC5F32,True
DEL-SYN-004363,ORD-SYN-003491,VEH-SYN-05,SOR-01,LOC-SYN-CUS-085,1,2026-06-09T07:24:00-04:00,2026-06-09T10:24:00-04:00,11.234,delivered_with_incident,B2B-V1-BASE,BLD-9102B6E8BF1ABFFC5F32,True
DEL-SYN-004364,ORD-SYN-003492,VEH-SYN-06,SOR-01,LOC-SYN-CUS-104,1,2026-06-10T22:09:00-04:00,2026-06-11T01:09:00-04:00,101.385,delivered,B2B-V1-BASE,BLD-9102B6E8BF1ABFFC5F32,True
DEL-SYN-004365,ORD-SYN-003492,VEH-SYN-01,SOR-01,LOC-SYN-CUS-104,2,2026-06-11T08:09:00-04:00,2026-06-11T11:09:00-04:00,101.385,delivered,B2B-V1-BASE,BLD-9102B6E8BF1ABFFC5F32,True
DEL-SYN-004366,ORD-SYN-003493,VEH-SYN-01,SOR-01,LOC-SYN-CUS-033,1,2026-06-11T08:26:00-04:00,2026-06-11T11:26:00-04:00,13.637,delivered,B2B-V1-BASE,BLD-9102B6E8BF1ABFFC5F32,True
DEL-SYN-004367,ORD-SYN-003494,VEH-SYN-02,SOR-01,LOC-SYN-CUS-106,1,2026-06-10T09:05:00-04:00,2026-06-10T12:05:00-04:00,97.3,delivered,B2B-V1-BASE,BLD-9102B6E8BF1ABFFC5F32,True
DEL-SYN-004368,ORD-SYN-003495,VEH-SYN-03,SOR-01,LOC-SYN-CUS-037,1,2026-06-11T09:46:00-04:00,2026-06-11T12:46:00-04:00,1.869,delivered,B2B-V1-BASE,BLD-9102B6E8BF1ABFFC5F32,True
DEL-SYN-004369,ORD-SYN-003496,VEH-SYN-04,SOR-01,LOC-SYN-CUS-090,1,2026-06-08T23:51:00-04:00,2026-06-09T02:51:00-04:00,114.028,delivered,B2B-V1-BASE,BLD-9102B6E8BF1ABFFC5F32,True
DEL-SYN-004370,ORD-SYN-003496,VEH-SYN-05,SOR-01,LOC-SYN-CUS-090,2,2026-06-09T09:51:00-04:00,2026-06-09T12:51:00-04:00,114.028,delivered,B2B-V1-BASE,BLD-9102B6E8BF1ABFFC5F32,True
DEL-SYN-004371,ORD-SYN-003497,VEH-SYN-05,SOR-01,LOC-SYN-CUS-125,1,2026-06-12T01:48:00-04:00,2026-06-12T04:48:00-04:00,11.651,delivered,B2B-V1-BASE,BLD-9102B6E8BF1ABFFC5F32,True
DEL-SYN-004372,ORD-SYN-003498,VEH-SYN-06,SOR-01,LOC-SYN-CUS-077,1,2026-06-11T11:52:00-04:00,2026-06-11T14:52:00-04:00,6.85,delivered,B2B-V1-BASE,BLD-9102B6E8BF1ABFFC5F32,True
DEL-SYN-004373,ORD-SYN-003499,VEH-SYN-01,SOR-01,LOC-SYN-CUS-065,1,2026-06-13T17:42:00-04:00,2026-06-13T20:42:00-04:00,13.49,delivered,B2B-V1-BASE,BLD-9102B6E8BF1ABFFC5F32,True
DEL-SYN-004374,ORD-SYN-003500,VEH-SYN-02,SOR-01,LOC-SYN-CUS-090,1,2026-06-13T17:43:00-04:00,2026-06-13T20:43:00-04:00,114.028,delivered,B2B-V1-BASE,BLD-9102B6E8BF1ABFFC5F32,True
DEL-SYN-004375,ORD-SYN-003500,VEH-SYN-03,SOR-01,LOC-SYN-CUS-090,2,2026-06-14T03:43:00-04:00,2026-06-14T06:43:00-04:00,114.028,delivered_with_incident,B2B-V1-BASE,BLD-9102B6E8BF1ABFFC5F32,True
DEL-SYN-004376,ORD-SYN-003501,VEH-SYN-03,SOR-01,LOC-SYN-CUS-081,1,2026-06-10T04:26:00-04:00,2026-06-10T07:26:00-04:00,6.44,delivered,B2B-V1-BASE,BLD-9102B6E8BF1ABFFC5F32,True
DEL-SYN-004377,ORD-SYN-003502,VEH-SYN-04,SOR-01,LOC-SYN-CUS-111,1,2026-06-11T04:47:00-04:00,2026-06-11T07:47:00-04:00,11.121,delivered,B2B-V1-BASE,BLD-9102B6E8BF1ABFFC5F32,True
DEL-SYN-004378,ORD-SYN-003503,VEH-SYN-05,SOR-01,LOC-SYN-CUS-115,1,2026-06-13T05:01:00-04:00,2026-06-13T08:01:00-04:00,8.481,delivered,B2B-V1-BASE,BLD-9102B6E8BF1ABFFC5F32,True
DEL-SYN-004379,ORD-SYN-003504,VEH-SYN-06,SOR-01,LOC-SYN-CUS-141,1,2026-06-09T19:54:00-04:00,2026-06-09T22:54:00-04:00,3.791,delivered,B2B-V1-BASE,BLD-9102B6E8BF1ABFFC5F32,True
DEL-SYN-004380,ORD-SYN-003504,VEH-SYN-01,SOR-01,LOC-SYN-CUS-141,2,2026-06-10T05:54:00-04:00,2026-06-10T08:54:00-04:00,3.791,delivered,B2B-V1-BASE,BLD-9102B6E8BF1ABFFC5F32,True
DEL-SYN-004381,ORD-SYN-003505,VEH-SYN-01,SOR-01,LOC-SYN-CUS-075,1,2026-06-14T21:38:00-04:00,2026-06-15T00:38:00-04:00,11.238,delivered,B2B-V1-BASE,BLD-9102B6E8BF1ABFFC5F32,True
DEL-SYN-004382,ORD-SYN-003506,VEH-SYN-02,SOR-01,LOC-SYN-CUS-018,1,2026-06-10T23:52:00-04:00,2026-06-11T02:52:00-04:00,97.884,delivered,B2B-V1-BASE,BLD-9102B6E8BF1ABFFC5F32,True
DEL-SYN-004383,ORD-SYN-003507,VEH-SYN-03,SOR-01,LOC-SYN-CUS-105,1,2026-06-13T11:40:00-04:00,2026-06-13T14:40:00-04:00,13.533,delivered,B2B-V1-BASE,BLD-9102B6E8BF1ABFFC5F32,True
DEL-SYN-004384,ORD-SYN-003508,VEH-SYN-04,SOR-01,LOC-SYN-CUS-058,1,2026-06-11T17:45:00-04:00,2026-06-11T20:45:00-04:00,98.394,delivered,B2B-V1-BASE,BLD-9102B6E8BF1ABFFC5F32,True
DEL-SYN-004385,ORD-SYN-003508,VEH-SYN-05,SOR-01,LOC-SYN-CUS-058,2,2026-06-12T07:45:00-04:00,2026-06-12T10:45:00-04:00,98.394,delivered,B2B-V1-BASE,BLD-9102B6E8BF1ABFFC5F32,True
DEL-SYN-004386,ORD-SYN-003509,VEH-SYN-05,SOR-01,LOC-SYN-CUS-114,1,2026-06-11T12:24:00-04:00,2026-06-11T15:24:00-04:00,98.868,delivered,B2B-V1-BASE,BLD-9102B6E8BF1ABFFC5F32,True
DEL-SYN-004387,ORD-SYN-003510,VEH-SYN-06,SOR-01,LOC-SYN-CUS-125,1,2026-06-11T03:06:00-04:00,2026-06-11T06:06:00-04:00,11.651,delivered,B2B-V1-BASE,BLD-9102B6E8BF1ABFFC5F32,True
DEL-SYN-004388,ORD-SYN-003511,VEH-SYN-01,SOR-01,LOC-SYN-CUS-109,1,2026-06-14T03:10:00-04:00,2026-06-14T06:10:00-04:00,15.631,delivered,B2B-V1-BASE,BLD-9102B6E8BF1ABFFC5F32,True
DEL-SYN-004389,ORD-SYN-003512,VEH-SYN-02,SOR-01,LOC-SYN-CUS-149,1,2026-06-11T17:50:00-04:00,2026-06-11T20:50:00-04:00,9.994,delivered,B2B-V1-BASE,BLD-9102B6E8BF1ABFFC5F32,True
DEL-SYN-004390,ORD-SYN-003512,VEH-SYN-03,SOR-01,LOC-SYN-CUS-149,2,2026-06-12T03:50:00-04:00,2026-06-12T06:50:00-04:00,9.994,delivered,B2B-V1-BASE,BLD-9102B6E8BF1ABFFC5F32,True
DEL-SYN-004391,ORD-SYN-003513,VEH-SYN-03,SOR-01,LOC-SYN-CUS-058,1,2026-06-13T04:21:00-04:00,2026-06-13T07:21:00-04:00,98.394,delivered,B2B-V1-BASE,BLD-9102B6E8BF1ABFFC5F32,True
DEL-SYN-004392,ORD-SYN-003514,VEH-SYN-04,SOR-01,LOC-SYN-CUS-046,1,2026-06-12T05:26:00-04:00,2026-06-12T08:26:00-04:00,97.72,delivered,B2B-V1-BASE,BLD-9102B6E8BF1ABFFC5F32,True
DEL-SYN-004393,ORD-SYN-003515,VEH-SYN-05,SOR-01,LOC-SYN-CUS-042,1,2026-06-15T06:33:00-04:00,2026-06-15T09:33:00-04:00,96.283,delivered,B2B-V1-BASE,BLD-9102B6E8BF1ABFFC5F32,True
DEL-SYN-004394,ORD-SYN-003516,VEH-SYN-06,SOR-01,LOC-SYN-CUS-109,1,2026-06-12T21:38:00-04:00,2026-06-13T00:38:00-04:00,15.631,delivered,B2B-V1-BASE,BLD-9102B6E8BF1ABFFC5F32,True
DEL-SYN-004395,ORD-SYN-003516,VEH-SYN-01,SOR-01,LOC-SYN-CUS-109,2,2026-06-13T07:38:00-04:00,2026-06-13T10:38:00-04:00,15.631,delivered,B2B-V1-BASE,BLD-9102B6E8BF1ABFFC5F32,True
DEL-SYN-004396,ORD-SYN-003517,VEH-SYN-01,SOR-01,LOC-SYN-CUS-114,1,2026-06-12T22:05:00-04:00,2026-06-13T01:05:00-04:00,98.868,delivered,B2B-V1-BASE,BLD-9102B6E8BF1ABFFC5F32,True
DEL-SYN-004397,ORD-SYN-003518,VEH-SYN-02,SOR-01,LOC-SYN-CUS-030,1,2026-06-12T08:10:00-04:00,2026-06-12T11:10:00-04:00,95.926,delivered_with_incident,B2B-V1-BASE,BLD-9102B6E8BF1ABFFC5F32,True
DEL-SYN-004398,ORD-SYN-003519,VEH-SYN-03,SOR-01,LOC-SYN-CUS-128,1,2026-06-13T22:12:00-04:00,2026-06-14T01:12:00-04:00,84.538,delivered,B2B-V1-BASE,BLD-9102B6E8BF1ABFFC5F32,True
DEL-SYN-004399,ORD-SYN-003520,VEH-SYN-04,SOR-01,LOC-SYN-CUS-055,1,2026-06-14T23:13:00-04:00,2026-06-15T02:13:00-04:00,7.169,delivered,B2B-V1-BASE,BLD-9102B6E8BF1ABFFC5F32,True
DEL-SYN-004400,ORD-SYN-003520,VEH-SYN-05,SOR-01,LOC-SYN-CUS-055,2,2026-06-15T09:13:00-04:00,2026-06-15T12:13:00-04:00,7.169,delivered,B2B-V1-BASE,BLD-9102B6E8BF1ABFFC5F32,True
DEL-SYN-004401,ORD-SYN-003521,VEH-SYN-05,SOR-01,LOC-SYN-CUS-117,1,2026-06-16T00:23:00-04:00,2026-06-16T03:23:00-04:00,14.483,delivered,B2B-V1-BASE,BLD-9102B6E8BF1ABFFC5F32,True
DEL-SYN-004402,ORD-SYN-003522,VEH-SYN-06,SOR-01,LOC-SYN-CUS-073,1,2026-06-15T03:55:00-04:00,2026-06-15T06:55:00-04:00,17.971,delivered,B2B-V1-BASE,BLD-9102B6E8BF1ABFFC5F32,True
DEL-SYN-004403,ORD-SYN-003523,VEH-SYN-01,SOR-01,LOC-SYN-CUS-149,1,2026-06-15T04:09:00-04:00,2026-06-15T07:09:00-04:00,9.994,delivered,B2B-V1-BASE,BLD-9102B6E8BF1ABFFC5F32,True
DEL-SYN-004404,ORD-SYN-003524,VEH-SYN-02,SOR-01,LOC-SYN-CUS-074,1,2026-06-13T20:18:00-04:00,2026-06-13T23:18:00-04:00,106.713,delivered,B2B-V1-BASE,BLD-9102B6E8BF1ABFFC5F32,True
DEL-SYN-004405,ORD-SYN-003524,VEH-SYN-03,SOR-01,LOC-SYN-CUS-074,2,2026-06-14T06:18:00-04:00,2026-06-14T09:18:00-04:00,106.713,delivered,B2B-V1-BASE,BLD-9102B6E8BF1ABFFC5F32,True
DEL-SYN-004406,ORD-SYN-003525,VEH-SYN-03,SOR-01,LOC-SYN-CUS-093,1,2026-06-16T20:38:00-04:00,2026-06-16T23:38:00-04:00,14.157,delivered,B2B-V1-BASE,BLD-9102B6E8BF1ABFFC5F32,True
DEL-SYN-004407,ORD-SYN-003526,VEH-SYN-04,SOR-01,LOC-SYN-CUS-136,1,2026-06-12T06:40:00-04:00,2026-06-12T09:40:00-04:00,98.302,delivered,B2B-V1-BASE,BLD-9102B6E8BF1ABFFC5F32,True
DEL-SYN-004408,ORD-SYN-003527,VEH-SYN-05,SOR-01,LOC-SYN-CUS-137,1,2026-06-13T08:39:00-04:00,2026-06-13T11:39:00-04:00,11.323,delivered,B2B-V1-BASE,BLD-9102B6E8BF1ABFFC5F32,True
DEL-SYN-004409,ORD-SYN-003528,VEH-SYN-06,SOR-01,LOC-SYN-CUS-082,1,2026-06-12T14:46:00-04:00,2026-06-12T17:46:00-04:00,95.328,delivered,B2B-V1-BASE,BLD-9102B6E8BF1ABFFC5F32,True
DEL-SYN-004410,ORD-SYN-003528,VEH-SYN-01,SOR-01,LOC-SYN-CUS-082,2,2026-06-13T04:46:00-04:00,2026-06-13T07:46:00-04:00,95.328,delivered,B2B-V1-BASE,BLD-9102B6E8BF1ABFFC5F32,True
DEL-SYN-004411,ORD-SYN-003529,VEH-SYN-01,SOR-01,LOC-SYN-CUS-006,1,2026-06-13T08:51:00-04:00,2026-06-13T11:51:00-04:00,102.381,delivered,B2B-V1-BASE,BLD-9102B6E8BF1ABFFC5F32,True
DEL-SYN-004412,ORD-SYN-003530,VEH-SYN-02,SOR-01,LOC-SYN-CUS-134,1,2026-06-14T09:35:00-04:00,2026-06-14T12:35:00-04:00,101.573,delivered,B2B-V1-BASE,BLD-9102B6E8BF1ABFFC5F32,True
DEL-SYN-004413,ORD-SYN-003531,VEH-SYN-03,SOR-01,LOC-SYN-CUS-038,1,2026-06-14T10:38:00-04:00,2026-06-14T13:38:00-04:00,91.614,delivered,B2B-V1-BASE,BLD-9102B6E8BF1ABFFC5F32,True
DEL-SYN-004414,ORD-SYN-003532,VEH-SYN-04,SOR-01,LOC-SYN-CUS-113,1,2026-06-12T17:25:00-04:00,2026-06-12T20:25:00-04:00,18.69,delivered,B2B-V1-BASE,BLD-9102B6E8BF1ABFFC5F32,True
DEL-SYN-004415,ORD-SYN-003532,VEH-SYN-05,SOR-01,LOC-SYN-CUS-113,2,2026-06-13T07:25:00-04:00,2026-06-13T10:25:00-04:00,18.69,delivered,B2B-V1-BASE,BLD-9102B6E8BF1ABFFC5F32,True
DEL-SYN-004416,ORD-SYN-003533,VEH-SYN-05,SOR-01,LOC-SYN-CUS-017,1,2026-06-15T01:29:00-04:00,2026-06-15T04:29:00-04:00,7.536,delivered,B2B-V1-BASE,BLD-9102B6E8BF1ABFFC5F32,True
DEL-SYN-004417,ORD-SYN-003534,VEH-SYN-06,SOR-01,LOC-SYN-CUS-033,1,2026-06-16T11:37:00-04:00,2026-06-16T14:37:00-04:00,13.637,delivered,B2B-V1-BASE,BLD-9102B6E8BF1ABFFC5F32,True
DEL-SYN-004418,ORD-SYN-003535,VEH-SYN-01,SOR-01,LOC-SYN-CUS-098,1,2026-06-15T12:26:00-04:00,2026-06-15T15:26:00-04:00,100.419,delivered_with_incident,B2B-V1-BASE,BLD-9102B6E8BF1ABFFC5F32,True
DEL-SYN-004419,ORD-SYN-003536,VEH-SYN-02,SOR-01,LOC-SYN-CUS-013,1,2026-06-15T17:22:00-04:00,2026-06-15T20:22:00-04:00,12.582,delivered,B2B-V1-BASE,BLD-9102B6E8BF1ABFFC5F32,True
DEL-SYN-004420,ORD-SYN-003536,VEH-SYN-03,SOR-01,LOC-SYN-CUS-013,2,2026-06-16T03:22:00-04:00,2026-06-16T06:22:00-04:00,12.582,delivered,B2B-V1-BASE,BLD-9102B6E8BF1ABFFC5F32,True
DEL-SYN-004421,ORD-SYN-003537,VEH-SYN-03,SOR-01,LOC-SYN-CUS-133,1,2026-06-13T03:26:00-04:00,2026-06-13T06:26:00-04:00,15.316,delivered,B2B-V1-BASE,BLD-9102B6E8BF1ABFFC5F32,True
DEL-SYN-004422,ORD-SYN-003538,VEH-SYN-04,SOR-01,LOC-SYN-CUS-006,1,2026-06-15T03:57:00-04:00,2026-06-15T06:57:00-04:00,102.381,delivered,B2B-V1-BASE,BLD-9102B6E8BF1ABFFC5F32,True
DEL-SYN-004423,ORD-SYN-003539,VEH-SYN-05,SOR-01,LOC-SYN-CUS-142,1,2026-06-15T04:13:00-04:00,2026-06-15T07:13:00-04:00,96.727,delivered,B2B-V1-BASE,BLD-9102B6E8BF1ABFFC5F32,True
DEL-SYN-004424,ORD-SYN-003540,VEH-SYN-06,SOR-01,LOC-SYN-CUS-097,1,2026-06-14T10:15:00-04:00,2026-06-14T13:15:00-04:00,10.67,delivered,B2B-V1-BASE,BLD-9102B6E8BF1ABFFC5F32,True
DEL-SYN-004425,ORD-SYN-003540,VEH-SYN-01,SOR-01,LOC-SYN-CUS-097,2,2026-06-15T00:15:00-04:00,2026-06-15T03:15:00-04:00,10.67,delivered,B2B-V1-BASE,BLD-9102B6E8BF1ABFFC5F32,True
DEL-SYN-004426,ORD-SYN-003541,VEH-SYN-01,SOR-01,LOC-SYN-CUS-126,1,2026-06-14T19:11:00-04:00,2026-06-14T22:11:00-04:00,96.582,delivered,B2B-V1-BASE,BLD-9102B6E8BF1ABFFC5F32,True
DEL-SYN-004427,ORD-SYN-003542,VEH-SYN-02,SOR-01,LOC-SYN-CUS-126,1,2026-06-16T05:19:00-04:00,2026-06-16T08:19:00-04:00,96.582,delivered,B2B-V1-BASE,BLD-9102B6E8BF1ABFFC5F32,True
DEL-SYN-004428,ORD-SYN-003543,VEH-SYN-03,SOR-01,LOC-SYN-CUS-061,1,2026-06-15T05:29:00-04:00,2026-06-15T08:29:00-04:00,12.904,delivered,B2B-V1-BASE,BLD-9102B6E8BF1ABFFC5F32,True
DEL-SYN-004429,ORD-SYN-003544,VEH-SYN-04,SOR-01,LOC-SYN-CUS-018,1,2026-06-15T19:43:00-04:00,2026-06-15T22:43:00-04:00,97.884,delivered,B2B-V1-BASE,BLD-9102B6E8BF1ABFFC5F32,True
DEL-SYN-004430,ORD-SYN-003544,VEH-SYN-05,SOR-01,LOC-SYN-CUS-018,2,2026-06-16T05:43:00-04:00,2026-06-16T08:43:00-04:00,97.884,delivered,B2B-V1-BASE,BLD-9102B6E8BF1ABFFC5F32,True
DEL-SYN-004431,ORD-SYN-003545,VEH-SYN-05,SOR-01,LOC-SYN-CUS-089,1,2026-06-17T07:01:00-04:00,2026-06-17T10:01:00-04:00,10.706,delivered,B2B-V1-BASE,BLD-9102B6E8BF1ABFFC5F32,True
DEL-SYN-004432,ORD-SYN-003546,VEH-SYN-06,SOR-01,LOC-SYN-CUS-146,1,2026-06-13T21:04:00-04:00,2026-06-14T00:04:00-04:00,99.257,delivered,B2B-V1-BASE,BLD-9102B6E8BF1ABFFC5F32,True
DEL-SYN-004433,ORD-SYN-003547,VEH-SYN-01,SOR-01,LOC-SYN-CUS-067,1,2026-06-14T21:36:00-04:00,2026-06-15T00:36:00-04:00,13.624,delivered,B2B-V1-BASE,BLD-9102B6E8BF1ABFFC5F32,True
DEL-SYN-004434,ORD-SYN-003548,VEH-SYN-02,SOR-01,LOC-SYN-CUS-057,1,2026-06-13T21:38:00-04:00,2026-06-14T00:38:00-04:00,11.041,delivered,B2B-V1-BASE,BLD-9102B6E8BF1ABFFC5F32,True
DEL-SYN-004435,ORD-SYN-003548,VEH-SYN-03,SOR-01,LOC-SYN-CUS-057,2,2026-06-14T07:38:00-04:00,2026-06-14T10:38:00-04:00,11.041,delivered,B2B-V1-BASE,BLD-9102B6E8BF1ABFFC5F32,True
DEL-SYN-004436,ORD-SYN-003549,VEH-SYN-03,SOR-01,LOC-SYN-CUS-117,1,2026-06-13T21:57:00-04:00,2026-06-14T00:57:00-04:00,14.483,delivered,B2B-V1-BASE,BLD-9102B6E8BF1ABFFC5F32,True
DEL-SYN-004437,ORD-SYN-003550,VEH-SYN-04,SOR-01,LOC-SYN-CUS-090,1,2026-06-17T09:07:00-04:00,2026-06-17T12:07:00-04:00,114.028,delivered,B2B-V1-BASE,BLD-9102B6E8BF1ABFFC5F32,True
DEL-SYN-004438,ORD-SYN-003551,VEH-SYN-05,SOR-01,LOC-SYN-CUS-113,1,2026-06-17T12:24:00-04:00,2026-06-17T15:24:00-04:00,18.69,delivered,B2B-V1-BASE,BLD-9102B6E8BF1ABFFC5F32,True
DEL-SYN-004439,ORD-SYN-003552,VEH-SYN-06,SOR-01,LOC-SYN-CUS-077,1,2026-06-13T18:54:00-04:00,2026-06-13T21:54:00-04:00,6.85,delivered,B2B-V1-BASE,BLD-9102B6E8BF1ABFFC5F32,True
DEL-SYN-004440,ORD-SYN-003552,VEH-SYN-01,SOR-01,LOC-SYN-CUS-077,2,2026-06-14T08:54:00-04:00,2026-06-14T11:54:00-04:00,6.85,delivered,B2B-V1-BASE,BLD-9102B6E8BF1ABFFC5F32,True
DEL-SYN-004441,ORD-SYN-003553,VEH-SYN-01,SOR-01,LOC-SYN-CUS-071,1,2026-06-15T05:08:00-04:00,2026-06-15T08:08:00-04:00,15.735,delivered,B2B-V1-BASE,BLD-9102B6E8BF1ABFFC5F32,True
DEL-SYN-004442,ORD-SYN-003554,VEH-SYN-02,SOR-01,LOC-SYN-CUS-110,1,2026-06-18T06:22:00-04:00,2026-06-18T09:22:00-04:00,101.983,delivered,B2B-V1-BASE,BLD-9102B6E8BF1ABFFC5F32,True
DEL-SYN-004443,ORD-SYN-003555,VEH-SYN-03,SOR-01,LOC-SYN-CUS-030,1,2026-06-17T06:39:00-04:00,2026-06-17T09:39:00-04:00,95.926,delivered,B2B-V1-BASE,BLD-9102B6E8BF1ABFFC5F32,True
DEL-SYN-004444,ORD-SYN-003556,VEH-SYN-04,SOR-01,LOC-SYN-CUS-018,1,2026-06-14T20:39:00-04:00,2026-06-14T23:39:00-04:00,97.884,delivered,B2B-V1-BASE,BLD-9102B6E8BF1ABFFC5F32,True
DEL-SYN-004445,ORD-SYN-003556,VEH-SYN-05,SOR-01,LOC-SYN-CUS-018,2,2026-06-15T06:39:00-04:00,2026-06-15T09:39:00-04:00,97.884,delivered,B2B-V1-BASE,BLD-9102B6E8BF1ABFFC5F32,True
DEL-SYN-004446,ORD-SYN-003557,VEH-SYN-05,SOR-01,LOC-SYN-CUS-022,1,2026-06-15T06:51:00-04:00,2026-06-15T09:51:00-04:00,97.576,delivered,B2B-V1-BASE,BLD-9102B6E8BF1ABFFC5F32,True
DEL-SYN-004447,ORD-SYN-003558,VEH-SYN-06,SOR-01,LOC-SYN-CUS-071,1,2026-06-17T09:06:00-04:00,2026-06-17T12:06:00-04:00,15.735,delivered,B2B-V1-BASE,BLD-9102B6E8BF1ABFFC5F32,True
DEL-SYN-004448,ORD-SYN-003559,VEH-SYN-01,SOR-01,LOC-SYN-CUS-122,1,2026-06-14T09:34:00-04:00,2026-06-14T12:34:00-04:00,107.646,delivered,B2B-V1-BASE,BLD-9102B6E8BF1ABFFC5F32,True
DEL-SYN-004449,ORD-SYN-003560,VEH-SYN-02,SOR-01,LOC-SYN-CUS-021,1,2026-06-16T00:57:00-04:00,2026-06-16T03:57:00-04:00,21.891,delivered,B2B-V1-BASE,BLD-9102B6E8BF1ABFFC5F32,True
DEL-SYN-004450,ORD-SYN-003560,VEH-SYN-03,SOR-01,LOC-SYN-CUS-021,2,2026-06-16T10:57:00-04:00,2026-06-16T13:57:00-04:00,21.891,delivered,B2B-V1-BASE,BLD-9102B6E8BF1ABFFC5F32,True
DEL-SYN-004451,ORD-SYN-003561,VEH-SYN-03,SOR-01,LOC-SYN-CUS-125,1,2026-06-18T01:45:00-04:00,2026-06-18T04:45:00-04:00,11.651,delivered,B2B-V1-BASE,BLD-9102B6E8BF1ABFFC5F32,True
DEL-SYN-004452,ORD-SYN-003562,VEH-SYN-04,SOR-01,LOC-SYN-CUS-078,1,2026-06-17T12:51:00-04:00,2026-06-17T15:51:00-04:00,97.926,delivered,B2B-V1-BASE,BLD-9102B6E8BF1ABFFC5F32,True
DEL-SYN-004453,ORD-SYN-003563,VEH-SYN-05,SOR-01,LOC-SYN-CUS-116,1,2026-06-18T03:53:00-04:00,2026-06-18T06:53:00-04:00,97.555,delivered,B2B-V1-BASE,BLD-9102B6E8BF1ABFFC5F32,True
DEL-SYN-004454,ORD-SYN-003564,VEH-SYN-06,SOR-01,LOC-SYN-CUS-041,1,2026-06-17T19:38:00-04:00,2026-06-17T22:38:00-04:00,16.45,delivered,B2B-V1-BASE,BLD-9102B6E8BF1ABFFC5F32,True
DEL-SYN-004455,ORD-SYN-003564,VEH-SYN-01,SOR-01,LOC-SYN-CUS-041,2,2026-06-18T05:38:00-04:00,2026-06-18T08:38:00-04:00,16.45,delivered,B2B-V1-BASE,BLD-9102B6E8BF1ABFFC5F32,True
DEL-SYN-004456,ORD-SYN-003565,VEH-SYN-01,SOR-01,LOC-SYN-CUS-042,1,2026-06-18T07:40:00-04:00,2026-06-18T10:40:00-04:00,96.283,delivered,B2B-V1-BASE,BLD-9102B6E8BF1ABFFC5F32,True
DEL-SYN-004457,ORD-SYN-003566,VEH-SYN-02,SOR-01,LOC-SYN-CUS-061,1,2026-06-16T08:47:00-04:00,2026-06-16T11:47:00-04:00,12.904,delivered,B2B-V1-BASE,BLD-9102B6E8BF1ABFFC5F32,True
DEL-SYN-004458,ORD-SYN-003567,VEH-SYN-03,SOR-01,LOC-SYN-CUS-057,1,2026-06-17T09:22:00-04:00,2026-06-17T12:22:00-04:00,11.041,delivered,B2B-V1-BASE,BLD-9102B6E8BF1ABFFC5F32,True
DEL-SYN-004459,ORD-SYN-003568,VEH-SYN-04,SOR-01,LOC-SYN-CUS-105,1,2026-06-15T23:44:00-04:00,2026-06-16T02:44:00-04:00,13.533,delivered,B2B-V1-BASE,BLD-9102B6E8BF1ABFFC5F32,True
DEL-SYN-004460,ORD-SYN-003568,VEH-SYN-05,SOR-01,LOC-SYN-CUS-105,2,2026-06-16T09:44:00-04:00,2026-06-16T12:44:00-04:00,13.533,delivered,B2B-V1-BASE,BLD-9102B6E8BF1ABFFC5F32,True
DEL-SYN-004461,ORD-SYN-003569,VEH-SYN-05,SOR-01,LOC-SYN-CUS-132,1,2026-06-18T00:18:00-04:00,2026-06-18T03:18:00-04:00,97.514,delivered_with_incident,B2B-V1-BASE,BLD-9102B6E8BF1ABFFC5F32,True
DEL-SYN-004462,ORD-SYN-003570,VEH-SYN-06,SOR-01,LOC-SYN-CUS-046,1,2026-06-19T10:25:00-04:00,2026-06-19T13:25:00-04:00,97.72,delivered,B2B-V1-BASE,BLD-9102B6E8BF1ABFFC5F32,True
DEL-SYN-004463,ORD-SYN-003571,VEH-SYN-01,SOR-01,LOC-SYN-CUS-096,1,2026-06-18T12:52:00-04:00,2026-06-18T15:52:00-04:00,108.662,delivered,B2B-V1-BASE,BLD-9102B6E8BF1ABFFC5F32,True
DEL-SYN-004464,ORD-SYN-003572,VEH-SYN-02,SOR-01,LOC-SYN-CUS-124,1,2026-06-18T09:06:00-04:00,2026-06-18T12:06:00-04:00,90.769,delivered,B2B-V1-BASE,BLD-9102B6E8BF1ABFFC5F32,True
DEL-SYN-004465,ORD-SYN-003572,VEH-SYN-03,SOR-01,LOC-SYN-CUS-124,2,2026-06-18T23:06:00-04:00,2026-06-19T02:06:00-04:00,90.769,delivered,B2B-V1-BASE,BLD-9102B6E8BF1ABFFC5F32,True
DEL-SYN-004466,ORD-SYN-003573,VEH-SYN-03,SOR-01,LOC-SYN-CUS-141,1,2026-06-18T03:22:00-04:00,2026-06-18T06:22:00-04:00,3.791,delivered,B2B-V1-BASE,BLD-9102B6E8BF1ABFFC5F32,True
DEL-SYN-004467,ORD-SYN-003574,VEH-SYN-04,SOR-01,LOC-SYN-CUS-113,1,2026-06-18T03:25:00-04:00,2026-06-18T06:25:00-04:00,18.69,delivered,B2B-V1-BASE,BLD-9102B6E8BF1ABFFC5F32,True
DEL-SYN-004468,ORD-SYN-003575,VEH-SYN-05,SOR-01,LOC-SYN-CUS-066,1,2026-06-18T04:13:00-04:00,2026-06-18T07:13:00-04:00,96.649,delivered,B2B-V1-BASE,BLD-9102B6E8BF1ABFFC5F32,True
DEL-SYN-004469,ORD-SYN-003576,VEH-SYN-06,SOR-01,LOC-SYN-CUS-049,1,2026-06-19T10:27:00-04:00,2026-06-19T13:27:00-04:00,13.054,delivered,B2B-V1-BASE,BLD-9102B6E8BF1ABFFC5F32,True
DEL-SYN-004470,ORD-SYN-003576,VEH-SYN-01,SOR-01,LOC-SYN-CUS-049,2,2026-06-20T00:27:00-04:00,2026-06-20T03:27:00-04:00,13.054,delivered,B2B-V1-BASE,BLD-9102B6E8BF1ABFFC5F32,True
DEL-SYN-004471,ORD-SYN-003577,VEH-SYN-01,SOR-01,LOC-SYN-CUS-025,1,2026-06-17T05:14:00-04:00,2026-06-17T08:14:00-04:00,12.656,delivered,B2B-V1-BASE,BLD-9102B6E8BF1ABFFC5F32,True
DEL-SYN-004472,ORD-SYN-003578,VEH-SYN-02,SOR-01,LOC-SYN-CUS-077,1,2026-06-19T06:50:00-04:00,2026-06-19T09:50:00-04:00,6.85,delivered,B2B-V1-BASE,BLD-9102B6E8BF1ABFFC5F32,True
DEL-SYN-004473,ORD-SYN-003579,VEH-SYN-03,SOR-01,LOC-SYN-CUS-010,1,2026-06-16T12:46:00-04:00,2026-06-16T15:46:00-04:00,98.174,delivered,B2B-V1-BASE,BLD-9102B6E8BF1ABFFC5F32,True
DEL-SYN-004474,ORD-SYN-003580,VEH-SYN-04,SOR-01,LOC-SYN-CUS-104,1,2026-06-19T17:24:00-04:00,2026-06-19T20:24:00-04:00,101.385,delivered,B2B-V1-BASE,BLD-9102B6E8BF1ABFFC5F32,True
DEL-SYN-004475,ORD-SYN-003580,VEH-SYN-05,SOR-01,LOC-SYN-CUS-104,2,2026-06-20T03:24:00-04:00,2026-06-20T06:24:00-04:00,101.385,delivered,B2B-V1-BASE,BLD-9102B6E8BF1ABFFC5F32,True
DEL-SYN-004476,ORD-SYN-003581,VEH-SYN-05,SOR-01,LOC-SYN-CUS-130,1,2026-06-17T03:53:00-04:00,2026-06-17T06:53:00-04:00,92.017,delivered,B2B-V1-BASE,BLD-9102B6E8BF1ABFFC5F32,True
DEL-SYN-004477,ORD-SYN-003582,VEH-SYN-06,SOR-01,LOC-SYN-CUS-057,1,2026-06-19T04:14:00-04:00,2026-06-19T07:14:00-04:00,11.041,delivered,B2B-V1-BASE,BLD-9102B6E8BF1ABFFC5F32,True
DEL-SYN-004478,ORD-SYN-003583,VEH-SYN-01,SOR-01,LOC-SYN-CUS-011,1,2026-06-21T05:14:00-04:00,2026-06-21T08:14:00-04:00,11.323,delivered,B2B-V1-BASE,BLD-9102B6E8BF1ABFFC5F32,True
DEL-SYN-004479,ORD-SYN-003584,VEH-SYN-02,SOR-01,LOC-SYN-CUS-030,1,2026-06-17T20:01:00-04:00,2026-06-17T23:01:00-04:00,95.926,delivered,B2B-V1-BASE,BLD-9102B6E8BF1ABFFC5F32,True
DEL-SYN-004480,ORD-SYN-003584,VEH-SYN-03,SOR-01,LOC-SYN-CUS-030,2,2026-06-18T06:01:00-04:00,2026-06-18T09:01:00-04:00,95.926,delivered,B2B-V1-BASE,BLD-9102B6E8BF1ABFFC5F32,True
DEL-SYN-004481,ORD-SYN-003585,VEH-SYN-03,SOR-01,LOC-SYN-CUS-056,1,2026-06-20T07:01:00-04:00,2026-06-20T10:01:00-04:00,107.19,delivered,B2B-V1-BASE,BLD-9102B6E8BF1ABFFC5F32,True
DEL-SYN-004482,ORD-SYN-003586,VEH-SYN-04,SOR-01,LOC-SYN-CUS-109,1,2026-06-21T07:37:00-04:00,2026-06-21T10:37:00-04:00,15.631,delivered,B2B-V1-BASE,BLD-9102B6E8BF1ABFFC5F32,True
DEL-SYN-004483,ORD-SYN-003587,VEH-SYN-05,SOR-01,LOC-SYN-CUS-126,1,2026-06-19T11:44:00-04:00,2026-06-19T14:44:00-04:00,96.582,delivered,B2B-V1-BASE,BLD-9102B6E8BF1ABFFC5F32,True
DEL-SYN-004484,ORD-SYN-003588,VEH-SYN-06,SOR-01,LOC-SYN-CUS-077,1,2026-06-20T17:58:00-04:00,2026-06-20T20:58:00-04:00,6.85,delivered_with_incident,B2B-V1-BASE,BLD-9102B6E8BF1ABFFC5F32,True
DEL-SYN-004485,ORD-SYN-003588,VEH-SYN-01,SOR-01,LOC-SYN-CUS-077,2,2026-06-21T07:58:00-04:00,2026-06-21T10:58:00-04:00,6.85,delivered,B2B-V1-BASE,BLD-9102B6E8BF1ABFFC5F32,True
DEL-SYN-004486,ORD-SYN-003589,VEH-SYN-01,SOR-01,LOC-SYN-CUS-138,1,2026-06-20T12:36:00-04:00,2026-06-20T15:36:00-04:00,93.584,delivered,B2B-V1-BASE,BLD-9102B6E8BF1ABFFC5F32,True
DEL-SYN-004487,ORD-SYN-003590,VEH-SYN-02,SOR-01,LOC-SYN-CUS-120,1,2026-06-18T04:50:00-04:00,2026-06-18T07:50:00-04:00,87.645,delivered,B2B-V1-BASE,BLD-9102B6E8BF1ABFFC5F32,True
DEL-SYN-004488,ORD-SYN-003591,VEH-SYN-03,SOR-01,LOC-SYN-CUS-013,1,2026-06-20T05:16:00-04:00,2026-06-20T08:16:00-04:00,12.582,delivered,B2B-V1-BASE,BLD-9102B6E8BF1ABFFC5F32,True
DEL-SYN-004489,ORD-SYN-003592,VEH-SYN-04,SOR-01,LOC-SYN-CUS-018,1,2026-06-19T19:23:00-04:00,2026-06-19T22:23:00-04:00,97.884,delivered,B2B-V1-BASE,BLD-9102B6E8BF1ABFFC5F32,True
DEL-SYN-004490,ORD-SYN-003592,VEH-SYN-05,SOR-01,LOC-SYN-CUS-018,2,2026-06-20T05:23:00-04:00,2026-06-20T08:23:00-04:00,97.884,delivered,B2B-V1-BASE,BLD-9102B6E8BF1ABFFC5F32,True
DEL-SYN-004491,ORD-SYN-003593,VEH-SYN-05,SOR-01,LOC-SYN-CUS-093,1,2026-06-22T05:44:00-04:00,2026-06-22T08:44:00-04:00,14.157,delivered,B2B-V1-BASE,BLD-9102B6E8BF1ABFFC5F32,True
DEL-SYN-004492,ORD-SYN-003594,VEH-SYN-06,SOR-01,LOC-SYN-CUS-109,1,2026-06-21T07:26:00-04:00,2026-06-21T10:26:00-04:00,15.631,delivered,B2B-V1-BASE,BLD-9102B6E8BF1ABFFC5F32,True
DEL-SYN-004493,ORD-SYN-003595,VEH-SYN-01,SOR-01,LOC-SYN-CUS-050,1,2026-06-18T07:35:00-04:00,2026-06-18T10:35:00-04:00,95.323,delivered,B2B-V1-BASE,BLD-9102B6E8BF1ABFFC5F32,True
DEL-SYN-004494,ORD-SYN-003596,VEH-SYN-02,SOR-01,LOC-SYN-CUS-137,1,2026-06-19T21:51:00-04:00,2026-06-20T00:51:00-04:00,11.323,delivered,B2B-V1-BASE,BLD-9102B6E8BF1ABFFC5F32,True
DEL-SYN-004495,ORD-SYN-003596,VEH-SYN-03,SOR-01,LOC-SYN-CUS-137,2,2026-06-20T07:51:00-04:00,2026-06-20T10:51:00-04:00,11.323,delivered,B2B-V1-BASE,BLD-9102B6E8BF1ABFFC5F32,True
DEL-SYN-004496,ORD-SYN-003597,VEH-SYN-03,SOR-01,LOC-SYN-CUS-090,1,2026-06-21T07:57:00-04:00,2026-06-21T10:57:00-04:00,114.028,delivered,B2B-V1-BASE,BLD-9102B6E8BF1ABFFC5F32,True
DEL-SYN-004497,ORD-SYN-003598,VEH-SYN-04,SOR-01,LOC-SYN-CUS-038,1,2026-06-21T09:08:00-04:00,2026-06-21T12:08:00-04:00,91.614,delivered,B2B-V1-BASE,BLD-9102B6E8BF1ABFFC5F32,True
DEL-SYN-004498,ORD-SYN-003599,VEH-SYN-05,SOR-01,LOC-SYN-CUS-132,1,2026-06-18T09:36:00-04:00,2026-06-18T12:36:00-04:00,97.514,delivered,B2B-V1-BASE,BLD-9102B6E8BF1ABFFC5F32,True
DEL-SYN-004499,ORD-SYN-003600,VEH-SYN-06,SOR-01,LOC-SYN-CUS-134,1,2026-06-22T00:32:00-04:00,2026-06-22T03:32:00-04:00,101.573,delivered,B2B-V1-BASE,BLD-9102B6E8BF1ABFFC5F32,True
DEL-SYN-004500,ORD-SYN-003600,VEH-SYN-01,SOR-01,LOC-SYN-CUS-134,2,2026-06-22T10:32:00-04:00,2026-06-22T13:32:00-04:00,101.573,delivered,B2B-V1-BASE,BLD-9102B6E8BF1ABFFC5F32,True
DEL-SYN-004501,ORD-SYN-003601,VEH-SYN-01,SOR-01,LOC-SYN-CUS-137,1,2026-06-18T10:51:00-04:00,2026-06-18T13:51:00-04:00,11.323,delivered,B2B-V1-BASE,BLD-9102B6E8BF1ABFFC5F32,True
DEL-SYN-004502,ORD-SYN-003602,VEH-SYN-02,SOR-01,LOC-SYN-CUS-066,1,2026-06-20T12:01:00-04:00,2026-06-20T15:01:00-04:00,96.649,delivered,B2B-V1-BASE,BLD-9102B6E8BF1ABFFC5F32,True
DEL-SYN-004503,ORD-SYN-003603,VEH-SYN-03,SOR-01,LOC-SYN-CUS-102,1,2026-06-19T12:51:00-04:00,2026-06-19T15:51:00-04:00,92.902,delivered_with_incident,B2B-V1-BASE,BLD-9102B6E8BF1ABFFC5F32,True
DEL-SYN-004504,ORD-SYN-003604,VEH-SYN-04,SOR-01,LOC-SYN-CUS-123,1,2026-06-20T17:46:00-04:00,2026-06-20T20:46:00-04:00,18.057,delivered,B2B-V1-BASE,BLD-9102B6E8BF1ABFFC5F32,True
DEL-SYN-004505,ORD-SYN-003604,VEH-SYN-05,SOR-01,LOC-SYN-CUS-123,2,2026-06-21T03:46:00-04:00,2026-06-21T06:46:00-04:00,18.057,delivered,B2B-V1-BASE,BLD-9102B6E8BF1ABFFC5F32,True
DEL-SYN-004506,ORD-SYN-003605,VEH-SYN-05,SOR-01,LOC-SYN-CUS-009,1,2026-06-19T18:08:00-04:00,2026-06-19T21:08:00-04:00,14.093,delivered,B2B-V1-BASE,BLD-9102B6E8BF1ABFFC5F32,True
DEL-SYN-004507,ORD-SYN-003606,VEH-SYN-06,SOR-01,LOC-SYN-CUS-133,1,2026-06-19T04:19:00-04:00,2026-06-19T07:19:00-04:00,15.316,delivered,B2B-V1-BASE,BLD-9102B6E8BF1ABFFC5F32,True
DEL-SYN-004508,ORD-SYN-003607,VEH-SYN-01,SOR-01,LOC-SYN-CUS-137,1,2026-06-19T04:34:00-04:00,2026-06-19T07:34:00-04:00,11.323,delivered,B2B-V1-BASE,BLD-9102B6E8BF1ABFFC5F32,True
DEL-SYN-004509,ORD-SYN-003608,VEH-SYN-02,SOR-01,LOC-SYN-CUS-099,1,2026-06-18T18:54:00-04:00,2026-06-18T21:54:00-04:00,11.542,delivered,B2B-V1-BASE,BLD-9102B6E8BF1ABFFC5F32,True
DEL-SYN-004510,ORD-SYN-003608,VEH-SYN-03,SOR-01,LOC-SYN-CUS-099,2,2026-06-19T04:54:00-04:00,2026-06-19T07:54:00-04:00,11.542,delivered,B2B-V1-BASE,BLD-9102B6E8BF1ABFFC5F32,True
DEL-SYN-004511,ORD-SYN-003609,VEH-SYN-03,SOR-01,LOC-SYN-CUS-109,1,2026-06-21T05:33:00-04:00,2026-06-21T08:33:00-04:00,15.631,delivered,B2B-V1-BASE,BLD-9102B6E8BF1ABFFC5F32,True
DEL-SYN-004512,ORD-SYN-003610,VEH-SYN-04,SOR-01,LOC-SYN-CUS-118,1,2026-06-22T05:38:00-04:00,2026-06-22T08:38:00-04:00,89.411,delivered,B2B-V1-BASE,BLD-9102B6E8BF1ABFFC5F32,True
DEL-SYN-004513,ORD-SYN-003611,VEH-SYN-05,SOR-01,LOC-SYN-CUS-017,1,2026-06-23T06:23:00-04:00,2026-06-23T09:23:00-04:00,7.536,delivered,B2B-V1-BASE,BLD-9102B6E8BF1ABFFC5F32,True
DEL-SYN-004514,ORD-SYN-003612,VEH-SYN-06,SOR-01,LOC-SYN-CUS-129,1,2026-06-19T12:47:00-04:00,2026-06-19T15:47:00-04:00,10.44,delivered,B2B-V1-BASE,BLD-9102B6E8BF1ABFFC5F32,True
DEL-SYN-004515,ORD-SYN-003612,VEH-SYN-01,SOR-01,LOC-SYN-CUS-129,2,2026-06-20T02:47:00-04:00,2026-06-20T05:47:00-04:00,10.44,delivered,B2B-V1-BASE,BLD-9102B6E8BF1ABFFC5F32,True
DEL-SYN-004516,ORD-SYN-003613,VEH-SYN-01,SOR-01,LOC-SYN-CUS-128,1,2026-06-19T08:15:00-04:00,2026-06-19T11:15:00-04:00,84.538,delivered,B2B-V1-BASE,BLD-9102B6E8BF1ABFFC5F32,True
DEL-SYN-004517,ORD-SYN-003614,VEH-SYN-02,SOR-01,LOC-SYN-CUS-082,1,2026-06-23T08:25:00-04:00,2026-06-23T11:25:00-04:00,95.328,delivered,B2B-V1-BASE,BLD-9102B6E8BF1ABFFC5F32,True
DEL-SYN-004518,ORD-SYN-003615,VEH-SYN-03,SOR-01,LOC-SYN-CUS-036,1,2026-06-22T09:36:00-04:00,2026-06-22T12:36:00-04:00,96.208,delivered,B2B-V1-BASE,BLD-9102B6E8BF1ABFFC5F32,True
DEL-SYN-004519,ORD-SYN-003616,VEH-SYN-04,SOR-01,LOC-SYN-CUS-022,1,2026-06-19T23:38:00-04:00,2026-06-20T02:38:00-04:00,97.576,delivered,B2B-V1-BASE,BLD-9102B6E8BF1ABFFC5F32,True
DEL-SYN-004520,ORD-SYN-003616,VEH-SYN-05,SOR-01,LOC-SYN-CUS-022,2,2026-06-20T09:38:00-04:00,2026-06-20T12:38:00-04:00,97.576,delivered,B2B-V1-BASE,BLD-9102B6E8BF1ABFFC5F32,True
DEL-SYN-004521,ORD-SYN-003617,VEH-SYN-05,SOR-01,LOC-SYN-CUS-106,1,2026-06-21T03:30:00-04:00,2026-06-21T06:30:00-04:00,97.3,delivered,B2B-V1-BASE,BLD-9102B6E8BF1ABFFC5F32,True
DEL-SYN-004522,ORD-SYN-003618,VEH-SYN-06,SOR-01,LOC-SYN-CUS-133,1,2026-06-20T04:25:00-04:00,2026-06-20T07:25:00-04:00,15.316,delivered,B2B-V1-BASE,BLD-9102B6E8BF1ABFFC5F32,True
DEL-SYN-004523,ORD-SYN-003619,VEH-SYN-01,SOR-01,LOC-SYN-CUS-098,1,2026-06-22T06:06:00-04:00,2026-06-22T09:06:00-04:00,100.419,delivered,B2B-V1-BASE,BLD-9102B6E8BF1ABFFC5F32,True
DEL-SYN-004524,ORD-SYN-003620,VEH-SYN-02,SOR-01,LOC-SYN-CUS-044,1,2026-06-23T12:28:00-04:00,2026-06-23T15:28:00-04:00,96.701,delivered_with_incident,B2B-V1-BASE,BLD-9102B6E8BF1ABFFC5F32,True
DEL-SYN-004525,ORD-SYN-003620,VEH-SYN-03,SOR-01,LOC-SYN-CUS-044,2,2026-06-24T02:28:00-04:00,2026-06-24T05:28:00-04:00,96.701,delivered,B2B-V1-BASE,BLD-9102B6E8BF1ABFFC5F32,True
DEL-SYN-004526,ORD-SYN-003621,VEH-SYN-03,SOR-01,LOC-SYN-CUS-053,1,2026-06-21T20:41:00-04:00,2026-06-21T23:41:00-04:00,11.138,delivered,B2B-V1-BASE,BLD-9102B6E8BF1ABFFC5F32,True
DEL-SYN-004527,ORD-SYN-003622,VEH-SYN-04,SOR-01,LOC-SYN-CUS-051,1,2026-06-20T07:15:00-04:00,2026-06-20T10:15:00-04:00,8.518,delivered,B2B-V1-BASE,BLD-9102B6E8BF1ABFFC5F32,True
DEL-SYN-004528,ORD-SYN-003623,VEH-SYN-05,SOR-01,LOC-SYN-CUS-062,1,2026-06-22T07:37:00-04:00,2026-06-22T10:37:00-04:00,84.711,delivered,B2B-V1-BASE,BLD-9102B6E8BF1ABFFC5F32,True
DEL-SYN-004529,ORD-SYN-003624,VEH-SYN-06,SOR-01,LOC-SYN-CUS-027,1,2026-06-21T22:21:00-04:00,2026-06-22T01:21:00-04:00,12.025,delivered,B2B-V1-BASE,BLD-9102B6E8BF1ABFFC5F32,True
DEL-SYN-004530,ORD-SYN-003624,VEH-SYN-01,SOR-01,LOC-SYN-CUS-027,2,2026-06-22T08:21:00-04:00,2026-06-22T11:21:00-04:00,12.025,delivered,B2B-V1-BASE,BLD-9102B6E8BF1ABFFC5F32,True
DEL-SYN-004531,ORD-SYN-003625,VEH-SYN-01,SOR-01,LOC-SYN-CUS-114,1,2026-06-22T22:50:00-04:00,2026-06-23T01:50:00-04:00,98.868,delivered,B2B-V1-BASE,BLD-9102B6E8BF1ABFFC5F32,True
DEL-SYN-004532,ORD-SYN-003626,VEH-SYN-02,SOR-01,LOC-SYN-CUS-025,1,2026-06-23T23:18:00-04:00,2026-06-24T02:18:00-04:00,12.656,delivered,B2B-V1-BASE,BLD-9102B6E8BF1ABFFC5F32,True
DEL-SYN-004533,ORD-SYN-003627,VEH-SYN-03,SOR-01,LOC-SYN-CUS-002,1,2026-06-24T09:20:00-04:00,2026-06-24T12:20:00-04:00,87.443,delivered,B2B-V1-BASE,BLD-9102B6E8BF1ABFFC5F32,True
DEL-SYN-004534,ORD-SYN-003628,VEH-SYN-04,SOR-01,LOC-SYN-CUS-043,1,2026-06-19T23:22:00-04:00,2026-06-20T02:22:00-04:00,10.148,delivered,B2B-V1-BASE,BLD-9102B6E8BF1ABFFC5F32,True
DEL-SYN-004535,ORD-SYN-003628,VEH-SYN-05,SOR-01,LOC-SYN-CUS-043,2,2026-06-20T09:22:00-04:00,2026-06-20T12:22:00-04:00,10.148,delivered,B2B-V1-BASE,BLD-9102B6E8BF1ABFFC5F32,True
DEL-SYN-004536,ORD-SYN-003629,VEH-SYN-05,SOR-01,LOC-SYN-CUS-120,1,2026-06-20T09:26:00-04:00,2026-06-20T12:26:00-04:00,87.645,delivered,B2B-V1-BASE,BLD-9102B6E8BF1ABFFC5F32,True
DEL-SYN-004537,ORD-SYN-003630,VEH-SYN-06,SOR-01,LOC-SYN-CUS-074,1,2026-06-22T09:45:00-04:00,2026-06-22T12:45:00-04:00,106.713,delivered,B2B-V1-BASE,BLD-9102B6E8BF1ABFFC5F32,True
DEL-SYN-004538,ORD-SYN-003631,VEH-SYN-01,SOR-01,LOC-SYN-CUS-046,1,2026-06-22T11:30:00-04:00,2026-06-22T14:30:00-04:00,97.72,delivered,B2B-V1-BASE,BLD-9102B6E8BF1ABFFC5F32,True
DEL-SYN-004539,ORD-SYN-003632,VEH-SYN-02,SOR-01,LOC-SYN-CUS-023,1,2026-06-23T09:54:00-04:00,2026-06-23T12:54:00-04:00,12.238,delivered,B2B-V1-BASE,BLD-9102B6E8BF1ABFFC5F32,True
DEL-SYN-004540,ORD-SYN-003632,VEH-SYN-03,SOR-01,LOC-SYN-CUS-023,2,2026-06-23T23:54:00-04:00,2026-06-24T02:54:00-04:00,12.238,delivered,B2B-V1-BASE,BLD-9102B6E8BF1ABFFC5F32,True
DEL-SYN-004541,ORD-SYN-003633,VEH-SYN-03,SOR-01,LOC-SYN-CUS-117,1,2026-06-25T04:04:00-04:00,2026-06-25T07:04:00-04:00,14.483,delivered,B2B-V1-BASE,BLD-9102B6E8BF1ABFFC5F32,True
DEL-SYN-004542,ORD-SYN-003634,VEH-SYN-04,SOR-01,LOC-SYN-CUS-117,1,2026-06-22T05:33:00-04:00,2026-06-22T08:33:00-04:00,14.483,delivered,B2B-V1-BASE,BLD-9102B6E8BF1ABFFC5F32,True
DEL-SYN-004543,ORD-SYN-003635,VEH-SYN-05,SOR-01,LOC-SYN-CUS-086,1,2026-06-22T20:12:00-04:00,2026-06-22T23:12:00-04:00,100.855,delivered,B2B-V1-BASE,BLD-9102B6E8BF1ABFFC5F32,True
DEL-SYN-004544,ORD-SYN-003636,VEH-SYN-06,SOR-01,LOC-SYN-CUS-031,1,2026-06-24T20:20:00-04:00,2026-06-24T23:20:00-04:00,2.694,delivered,B2B-V1-BASE,BLD-9102B6E8BF1ABFFC5F32,True
DEL-SYN-004545,ORD-SYN-003636,VEH-SYN-01,SOR-01,LOC-SYN-CUS-031,2,2026-06-25T06:20:00-04:00,2026-06-25T09:20:00-04:00,2.694,delivered,B2B-V1-BASE,BLD-9102B6E8BF1ABFFC5F32,True
DEL-SYN-004546,ORD-SYN-003637,VEH-SYN-01,SOR-01,LOC-SYN-CUS-009,1,2026-06-23T20:25:00-04:00,2026-06-23T23:25:00-04:00,14.093,delivered,B2B-V1-BASE,BLD-9102B6E8BF1ABFFC5F32,True
DEL-SYN-004547,ORD-SYN-003638,VEH-SYN-02,SOR-01,LOC-SYN-CUS-106,1,2026-06-25T20:29:00-04:00,2026-06-25T23:29:00-04:00,97.3,delivered,B2B-V1-BASE,BLD-9102B6E8BF1ABFFC5F32,True
DEL-SYN-004548,ORD-SYN-003639,VEH-SYN-03,SOR-01,LOC-SYN-CUS-093,1,2026-06-22T20:30:00-04:00,2026-06-22T23:30:00-04:00,14.157,delivered,B2B-V1-BASE,BLD-9102B6E8BF1ABFFC5F32,True
DEL-SYN-004549,ORD-SYN-003640,VEH-SYN-04,SOR-01,LOC-SYN-CUS-149,1,2026-06-25T14:18:00-04:00,2026-06-25T17:18:00-04:00,9.994,delivered,B2B-V1-BASE,BLD-9102B6E8BF1ABFFC5F32,True
DEL-SYN-004550,ORD-SYN-003640,VEH-SYN-05,SOR-01,LOC-SYN-CUS-149,2,2026-06-26T04:18:00-04:00,2026-06-26T07:18:00-04:00,9.994,delivered,B2B-V1-BASE,BLD-9102B6E8BF1ABFFC5F32,True
DEL-SYN-004551,ORD-SYN-003641,VEH-SYN-05,SOR-01,LOC-SYN-CUS-079,1,2026-06-22T09:02:00-04:00,2026-06-22T12:02:00-04:00,9.76,delivered,B2B-V1-BASE,BLD-9102B6E8BF1ABFFC5F32,True
DEL-SYN-004552,ORD-SYN-003642,VEH-SYN-06,SOR-01,LOC-SYN-CUS-085,1,2026-06-21T10:46:00-04:00,2026-06-21T13:46:00-04:00,11.234,delivered,B2B-V1-BASE,BLD-9102B6E8BF1ABFFC5F32,True
DEL-SYN-004553,ORD-SYN-003643,VEH-SYN-01,SOR-01,LOC-SYN-CUS-062,1,2026-06-21T10:52:00-04:00,2026-06-21T13:52:00-04:00,84.711,delivered,B2B-V1-BASE,BLD-9102B6E8BF1ABFFC5F32,True
DEL-SYN-004554,ORD-SYN-003644,VEH-SYN-02,SOR-01,LOC-SYN-CUS-142,1,2026-06-23T01:07:00-04:00,2026-06-23T04:07:00-04:00,96.727,delivered,B2B-V1-BASE,BLD-9102B6E8BF1ABFFC5F32,True
DEL-SYN-004555,ORD-SYN-003644,VEH-SYN-03,SOR-01,LOC-SYN-CUS-142,2,2026-06-23T11:07:00-04:00,2026-06-23T14:07:00-04:00,96.727,delivered,B2B-V1-BASE,BLD-9102B6E8BF1ABFFC5F32,True
DEL-SYN-004556,ORD-SYN-003645,VEH-SYN-03,SOR-01,LOC-SYN-CUS-147,1,2026-06-24T01:27:00-04:00,2026-06-24T04:27:00-04:00,13.232,delivered,B2B-V1-BASE,BLD-9102B6E8BF1ABFFC5F32,True
DEL-SYN-004557,ORD-SYN-003646,VEH-SYN-04,SOR-01,LOC-SYN-CUS-016,1,2026-06-26T01:42:00-04:00,2026-06-26T04:42:00-04:00,89.626,delivered,B2B-V1-BASE,BLD-9102B6E8BF1ABFFC5F32,True
DEL-SYN-004558,ORD-SYN-003647,VEH-SYN-05,SOR-01,LOC-SYN-CUS-133,1,2026-06-24T01:46:00-04:00,2026-06-24T04:46:00-04:00,15.316,delivered,B2B-V1-BASE,BLD-9102B6E8BF1ABFFC5F32,True
DEL-SYN-004559,ORD-SYN-003648,VEH-SYN-06,SOR-01,LOC-SYN-CUS-037,1,2026-06-21T01:56:00-04:00,2026-06-21T04:56:00-04:00,1.869,delivered,B2B-V1-BASE,BLD-9102B6E8BF1ABFFC5F32,True
DEL-SYN-004560,ORD-SYN-003648,VEH-SYN-01,SOR-01,LOC-SYN-CUS-037,2,2026-06-21T11:56:00-04:00,2026-06-21T14:56:00-04:00,1.869,delivered,B2B-V1-BASE,BLD-9102B6E8BF1ABFFC5F32,True
DEL-SYN-004561,ORD-SYN-003649,VEH-SYN-01,SOR-01,LOC-SYN-CUS-112,1,2026-06-23T02:15:00-04:00,2026-06-23T05:15:00-04:00,94.924,delivered,B2B-V1-BASE,BLD-9102B6E8BF1ABFFC5F32,True
DEL-SYN-004562,ORD-SYN-003650,VEH-SYN-02,SOR-01,LOC-SYN-CUS-110,1,2026-06-22T03:03:00-04:00,2026-06-22T06:03:00-04:00,101.983,delivered,B2B-V1-BASE,BLD-9102B6E8BF1ABFFC5F32,True
DEL-SYN-004563,ORD-SYN-003651,VEH-SYN-03,SOR-01,LOC-SYN-CUS-003,1,2026-06-26T17:22:00-04:00,2026-06-26T20:22:00-04:00,7.59,delivered,B2B-V1-BASE,BLD-9102B6E8BF1ABFFC5F32,True
DEL-SYN-004564,ORD-SYN-003652,VEH-SYN-04,SOR-01,LOC-SYN-CUS-062,1,2026-06-21T17:23:00-04:00,2026-06-21T20:23:00-04:00,84.711,delivered,B2B-V1-BASE,BLD-9102B6E8BF1ABFFC5F32,True
DEL-SYN-004565,ORD-SYN-003652,VEH-SYN-05,SOR-01,LOC-SYN-CUS-062,2,2026-06-22T03:23:00-04:00,2026-06-22T06:23:00-04:00,84.711,delivered,B2B-V1-BASE,BLD-9102B6E8BF1ABFFC5F32,True
DEL-SYN-004566,ORD-SYN-003653,VEH-SYN-05,SOR-01,LOC-SYN-CUS-008,1,2026-06-23T05:10:00-04:00,2026-06-23T08:10:00-04:00,89.436,delivered,B2B-V1-BASE,BLD-9102B6E8BF1ABFFC5F32,True
DEL-SYN-004567,ORD-SYN-003654,VEH-SYN-06,SOR-01,LOC-SYN-CUS-122,1,2026-06-25T19:33:00-04:00,2026-06-25T22:33:00-04:00,107.646,delivered_with_incident,B2B-V1-BASE,BLD-9102B6E8BF1ABFFC5F32,True
DEL-SYN-004568,ORD-SYN-003655,VEH-SYN-01,SOR-01,LOC-SYN-CUS-069,1,2026-06-23T05:36:00-04:00,2026-06-23T08:36:00-04:00,13.67,delivered,B2B-V1-BASE,BLD-9102B6E8BF1ABFFC5F32,True
DEL-SYN-004569,ORD-SYN-003656,VEH-SYN-02,SOR-01,LOC-SYN-CUS-125,1,2026-06-24T19:42:00-04:00,2026-06-24T22:42:00-04:00,11.651,delivered,B2B-V1-BASE,BLD-9102B6E8BF1ABFFC5F32,True
DEL-SYN-004570,ORD-SYN-003656,VEH-SYN-03,SOR-01,LOC-SYN-CUS-125,2,2026-06-25T05:42:00-04:00,2026-06-25T08:42:00-04:00,11.651,delivered,B2B-V1-BASE,BLD-9102B6E8BF1ABFFC5F32,True
DEL-SYN-004571,ORD-SYN-003657,VEH-SYN-03,SOR-01,LOC-SYN-CUS-069,1,2026-06-23T05:46:00-04:00,2026-06-23T08:46:00-04:00,13.67,delivered,B2B-V1-BASE,BLD-9102B6E8BF1ABFFC5F32,True
DEL-SYN-004572,ORD-SYN-003658,VEH-SYN-04,SOR-01,LOC-SYN-CUS-041,1,2026-06-22T07:31:00-04:00,2026-06-22T10:31:00-04:00,16.45,delivered,B2B-V1-BASE,BLD-9102B6E8BF1ABFFC5F32,True
DEL-SYN-004573,ORD-SYN-003659,VEH-SYN-05,SOR-01,LOC-SYN-CUS-057,1,2026-06-23T07:57:00-04:00,2026-06-23T10:57:00-04:00,11.041,delivered,B2B-V1-BASE,BLD-9102B6E8BF1ABFFC5F32,True
DEL-SYN-004574,ORD-SYN-003660,VEH-SYN-06,SOR-01,LOC-SYN-CUS-092,1,2026-06-24T14:21:00-04:00,2026-06-24T17:21:00-04:00,97.21,delivered,B2B-V1-BASE,BLD-9102B6E8BF1ABFFC5F32,True
DEL-SYN-004575,ORD-SYN-003660,VEH-SYN-01,SOR-01,LOC-SYN-CUS-092,2,2026-06-25T04:21:00-04:00,2026-06-25T07:21:00-04:00,97.21,delivered,B2B-V1-BASE,BLD-9102B6E8BF1ABFFC5F32,True
DEL-SYN-004576,ORD-SYN-003661,VEH-SYN-01,SOR-01,LOC-SYN-CUS-066,1,2026-06-24T11:30:00-04:00,2026-06-24T14:30:00-04:00,96.649,delivered,B2B-V1-BASE,BLD-9102B6E8BF1ABFFC5F32,True
DEL-SYN-004577,ORD-SYN-003662,VEH-SYN-02,SOR-01,LOC-SYN-CUS-103,1,2026-06-26T02:05:00-04:00,2026-06-26T05:05:00-04:00,8.326,delivered,B2B-V1-BASE,BLD-9102B6E8BF1ABFFC5F32,True
DEL-SYN-004578,ORD-SYN-003663,VEH-SYN-03,SOR-01,LOC-SYN-CUS-010,1,2026-06-23T12:23:00-04:00,2026-06-23T15:23:00-04:00,98.174,delivered,B2B-V1-BASE,BLD-9102B6E8BF1ABFFC5F32,True
DEL-SYN-004579,ORD-SYN-003664,VEH-SYN-04,SOR-01,LOC-SYN-CUS-045,1,2026-06-23T02:28:00-04:00,2026-06-23T05:28:00-04:00,12.037,delivered,B2B-V1-BASE,BLD-9102B6E8BF1ABFFC5F32,True
DEL-SYN-004580,ORD-SYN-003664,VEH-SYN-05,SOR-01,LOC-SYN-CUS-045,2,2026-06-23T12:28:00-04:00,2026-06-23T15:28:00-04:00,12.037,delivered,B2B-V1-BASE,BLD-9102B6E8BF1ABFFC5F32,True
DEL-SYN-004581,ORD-SYN-003665,VEH-SYN-05,SOR-01,LOC-SYN-CUS-110,1,2026-06-26T17:27:00-04:00,2026-06-26T20:27:00-04:00,101.983,delivered,B2B-V1-BASE,BLD-9102B6E8BF1ABFFC5F32,True
DEL-SYN-004582,ORD-SYN-003666,VEH-SYN-06,SOR-01,LOC-SYN-CUS-056,1,2026-06-23T04:30:00-04:00,2026-06-23T07:30:00-04:00,107.19,delivered,B2B-V1-BASE,BLD-9102B6E8BF1ABFFC5F32,True
DEL-SYN-004583,ORD-SYN-003667,VEH-SYN-01,SOR-01,LOC-SYN-CUS-062,1,2026-06-24T08:10:00-04:00,2026-06-24T11:10:00-04:00,84.711,delivered,B2B-V1-BASE,BLD-9102B6E8BF1ABFFC5F32,True
DEL-SYN-004584,ORD-SYN-003668,VEH-SYN-02,SOR-01,LOC-SYN-CUS-094,1,2026-06-25T23:11:00-04:00,2026-06-26T02:11:00-04:00,81.241,delivered,B2B-V1-BASE,BLD-9102B6E8BF1ABFFC5F32,True
DEL-SYN-004585,ORD-SYN-003668,VEH-SYN-03,SOR-01,LOC-SYN-CUS-094,2,2026-06-26T09:11:00-04:00,2026-06-26T12:11:00-04:00,81.241,delivered,B2B-V1-BASE,BLD-9102B6E8BF1ABFFC5F32,True
DEL-SYN-004586,ORD-SYN-003669,VEH-SYN-03,SOR-01,LOC-SYN-CUS-020,1,2026-06-25T09:28:00-04:00,2026-06-25T12:28:00-04:00,98.993,delivered,B2B-V1-BASE,BLD-9102B6E8BF1ABFFC5F32,True
DEL-SYN-004587,ORD-SYN-003670,VEH-SYN-04,SOR-01,LOC-SYN-CUS-013,1,2026-06-24T23:50:00-04:00,2026-06-25T02:50:00-04:00,12.582,delivered,B2B-V1-BASE,BLD-9102B6E8BF1ABFFC5F32,True
DEL-SYN-004588,ORD-SYN-003671,VEH-SYN-05,SOR-01,LOC-SYN-CUS-146,1,2026-06-27T10:32:00-04:00,2026-06-27T13:32:00-04:00,99.257,delivered_with_incident,B2B-V1-BASE,BLD-9102B6E8BF1ABFFC5F32,True
DEL-SYN-004589,ORD-SYN-003672,VEH-SYN-06,SOR-01,LOC-SYN-CUS-104,1,2026-06-24T01:58:00-04:00,2026-06-24T04:58:00-04:00,101.385,delivered,B2B-V1-BASE,BLD-9102B6E8BF1ABFFC5F32,True
DEL-SYN-004590,ORD-SYN-003672,VEH-SYN-01,SOR-01,LOC-SYN-CUS-104,2,2026-06-24T11:58:00-04:00,2026-06-24T14:58:00-04:00,101.385,delivered,B2B-V1-BASE,BLD-9102B6E8BF1ABFFC5F32,True
DEL-SYN-004591,ORD-SYN-003673,VEH-SYN-01,SOR-01,LOC-SYN-CUS-138,1,2026-06-27T12:58:00-04:00,2026-06-27T15:58:00-04:00,93.584,delivered,B2B-V1-BASE,BLD-9102B6E8BF1ABFFC5F32,True
DEL-SYN-004592,ORD-SYN-003674,VEH-SYN-02,SOR-01,LOC-SYN-CUS-086,1,2026-06-27T03:19:00-04:00,2026-06-27T06:19:00-04:00,100.855,delivered,B2B-V1-BASE,BLD-9102B6E8BF1ABFFC5F32,True
DEL-SYN-004593,ORD-SYN-003675,VEH-SYN-03,SOR-01,LOC-SYN-CUS-120,1,2026-06-28T03:26:00-04:00,2026-06-28T06:26:00-04:00,87.645,delivered,B2B-V1-BASE,BLD-9102B6E8BF1ABFFC5F32,True
DEL-SYN-004594,ORD-SYN-003676,VEH-SYN-04,SOR-01,LOC-SYN-CUS-081,1,2026-06-27T18:19:00-04:00,2026-06-27T21:19:00-04:00,6.44,delivered,B2B-V1-BASE,BLD-9102B6E8BF1ABFFC5F32,True
DEL-SYN-004595,ORD-SYN-003676,VEH-SYN-05,SOR-01,LOC-SYN-CUS-081,2,2026-06-28T04:19:00-04:00,2026-06-28T07:19:00-04:00,6.44,delivered,B2B-V1-BASE,BLD-9102B6E8BF1ABFFC5F32,True
DEL-SYN-004596,ORD-SYN-003677,VEH-SYN-05,SOR-01,LOC-SYN-CUS-054,1,2026-06-25T05:14:00-04:00,2026-06-25T08:14:00-04:00,92.335,delivered,B2B-V1-BASE,BLD-9102B6E8BF1ABFFC5F32,True
DEL-SYN-004597,ORD-SYN-003678,VEH-SYN-06,SOR-01,LOC-SYN-CUS-101,1,2026-06-26T05:28:00-04:00,2026-06-26T08:28:00-04:00,8.729,delivered,B2B-V1-BASE,BLD-9102B6E8BF1ABFFC5F32,True
DEL-SYN-004598,ORD-SYN-003679,VEH-SYN-01,SOR-01,LOC-SYN-CUS-110,1,2026-06-25T05:49:00-04:00,2026-06-25T08:49:00-04:00,101.983,delivered,B2B-V1-BASE,BLD-9102B6E8BF1ABFFC5F32,True
DEL-SYN-004599,ORD-SYN-003680,VEH-SYN-02,SOR-01,LOC-SYN-CUS-093,1,2026-06-23T19:58:00-04:00,2026-06-23T22:58:00-04:00,14.157,delivered,B2B-V1-BASE,BLD-9102B6E8BF1ABFFC5F32,True
DEL-SYN-004600,ORD-SYN-003680,VEH-SYN-03,SOR-01,LOC-SYN-CUS-093,2,2026-06-24T05:58:00-04:00,2026-06-24T08:58:00-04:00,14.157,delivered,B2B-V1-BASE,BLD-9102B6E8BF1ABFFC5F32,True
DEL-SYN-004601,ORD-SYN-003681,VEH-SYN-03,SOR-01,LOC-SYN-CUS-130,1,2026-06-26T06:02:00-04:00,2026-06-26T09:02:00-04:00,92.017,delivered,B2B-V1-BASE,BLD-9102B6E8BF1ABFFC5F32,True
DEL-SYN-004602,ORD-SYN-003682,VEH-SYN-04,SOR-01,LOC-SYN-CUS-078,1,2026-06-28T06:24:00-04:00,2026-06-28T09:24:00-04:00,97.926,delivered,B2B-V1-BASE,BLD-9102B6E8BF1ABFFC5F32,True
DEL-SYN-004603,ORD-SYN-003683,VEH-SYN-05,SOR-01,LOC-SYN-CUS-049,1,2026-06-26T06:43:00-04:00,2026-06-26T09:43:00-04:00,13.054,delivered,B2B-V1-BASE,BLD-9102B6E8BF1ABFFC5F32,True
DEL-SYN-004604,ORD-SYN-003684,VEH-SYN-06,SOR-01,LOC-SYN-CUS-131,1,2026-06-26T00:38:00-04:00,2026-06-26T03:38:00-04:00,9.096,delivered,B2B-V1-BASE,BLD-9102B6E8BF1ABFFC5F32,True
DEL-SYN-004605,ORD-SYN-003684,VEH-SYN-01,SOR-01,LOC-SYN-CUS-131,2,2026-06-26T10:38:00-04:00,2026-06-26T13:38:00-04:00,9.096,delivered_with_incident,B2B-V1-BASE,BLD-9102B6E8BF1ABFFC5F32,True
DEL-SYN-004606,ORD-SYN-003685,VEH-SYN-01,SOR-01,LOC-SYN-CUS-091,1,2026-06-25T10:49:00-04:00,2026-06-25T13:49:00-04:00,11.908,delivered_with_incident,B2B-V1-BASE,BLD-9102B6E8BF1ABFFC5F32,True
DEL-SYN-004607,ORD-SYN-003686,VEH-SYN-02,SOR-01,LOC-SYN-CUS-058,1,2026-06-25T10:57:00-04:00,2026-06-25T13:57:00-04:00,98.394,delivered,B2B-V1-BASE,BLD-9102B6E8BF1ABFFC5F32,True
DEL-SYN-004608,ORD-SYN-003687,VEH-SYN-03,SOR-01,LOC-SYN-CUS-082,1,2026-06-24T11:30:00-04:00,2026-06-24T14:30:00-04:00,95.328,delivered,B2B-V1-BASE,BLD-9102B6E8BF1ABFFC5F32,True
DEL-SYN-004609,ORD-SYN-003688,VEH-SYN-04,SOR-01,LOC-SYN-CUS-141,1,2026-06-28T17:52:00-04:00,2026-06-28T20:52:00-04:00,3.791,delivered,B2B-V1-BASE,BLD-9102B6E8BF1ABFFC5F32,True
DEL-SYN-004610,ORD-SYN-003688,VEH-SYN-05,SOR-01,LOC-SYN-CUS-141,2,2026-06-29T07:52:00-04:00,2026-06-29T10:52:00-04:00,3.791,delivered,B2B-V1-BASE,BLD-9102B6E8BF1ABFFC5F32,True
DEL-SYN-004611,ORD-SYN-003689,VEH-SYN-05,SOR-01,LOC-SYN-CUS-087,1,2026-06-25T03:24:00-04:00,2026-06-25T06:24:00-04:00,7.154,delivered,B2B-V1-BASE,BLD-9102B6E8BF1ABFFC5F32,True
DEL-SYN-004612,ORD-SYN-003690,VEH-SYN-06,SOR-01,LOC-SYN-CUS-127,1,2026-06-29T05:09:00-04:00,2026-06-29T08:09:00-04:00,11.422,delivered,B2B-V1-BASE,BLD-9102B6E8BF1ABFFC5F32,True
DEL-SYN-004613,ORD-SYN-003691,VEH-SYN-01,SOR-01,LOC-SYN-CUS-045,1,2026-06-25T06:09:00-04:00,2026-06-25T09:09:00-04:00,12.037,delivered,B2B-V1-BASE,BLD-9102B6E8BF1ABFFC5F32,True
DEL-SYN-004614,ORD-SYN-003692,VEH-SYN-02,SOR-01,LOC-SYN-CUS-037,1,2026-06-26T21:47:00-04:00,2026-06-27T00:47:00-04:00,1.869,delivered,B2B-V1-BASE,BLD-9102B6E8BF1ABFFC5F32,True
DEL-SYN-004615,ORD-SYN-003692,VEH-SYN-03,SOR-01,LOC-SYN-CUS-037,2,2026-06-27T07:47:00-04:00,2026-06-27T10:47:00-04:00,1.869,delivered,B2B-V1-BASE,BLD-9102B6E8BF1ABFFC5F32,True
DEL-SYN-004616,ORD-SYN-003693,VEH-SYN-03,SOR-01,LOC-SYN-CUS-037,1,2026-06-27T08:13:00-04:00,2026-06-27T11:13:00-04:00,1.869,delivered,B2B-V1-BASE,BLD-9102B6E8BF1ABFFC5F32,True
DEL-SYN-004617,ORD-SYN-003694,VEH-SYN-04,SOR-01,LOC-SYN-CUS-048,1,2026-06-27T00:40:00-04:00,2026-06-27T03:40:00-04:00,94.78,delivered,B2B-V1-BASE,BLD-9102B6E8BF1ABFFC5F32,True
DEL-SYN-004618,ORD-SYN-003695,VEH-SYN-05,SOR-01,LOC-SYN-CUS-033,1,2026-06-29T10:43:00-04:00,2026-06-29T13:43:00-04:00,13.637,delivered,B2B-V1-BASE,BLD-9102B6E8BF1ABFFC5F32,True
DEL-SYN-004619,ORD-SYN-003696,VEH-SYN-06,SOR-01,LOC-SYN-CUS-132,1,2026-06-27T01:01:00-04:00,2026-06-27T04:01:00-04:00,97.514,delivered,B2B-V1-BASE,BLD-9102B6E8BF1ABFFC5F32,True
DEL-SYN-004620,ORD-SYN-003696,VEH-SYN-01,SOR-01,LOC-SYN-CUS-132,2,2026-06-27T11:01:00-04:00,2026-06-27T14:01:00-04:00,97.514,delivered,B2B-V1-BASE,BLD-9102B6E8BF1ABFFC5F32,True
DEL-SYN-004621,ORD-SYN-003697,VEH-SYN-01,SOR-01,LOC-SYN-CUS-092,1,2026-06-26T17:25:00-04:00,2026-06-26T20:25:00-04:00,97.21,delivered,B2B-V1-BASE,BLD-9102B6E8BF1ABFFC5F32,True
DEL-SYN-004622,ORD-SYN-003698,VEH-SYN-02,SOR-01,LOC-SYN-CUS-097,1,2026-06-27T04:08:00-04:00,2026-06-27T07:08:00-04:00,10.67,delivered,B2B-V1-BASE,BLD-9102B6E8BF1ABFFC5F32,True
DEL-SYN-004623,ORD-SYN-003699,VEH-SYN-03,SOR-01,LOC-SYN-CUS-018,1,2026-06-27T19:51:00-04:00,2026-06-27T22:51:00-04:00,97.884,delivered,B2B-V1-BASE,BLD-9102B6E8BF1ABFFC5F32,True
DEL-SYN-004624,ORD-SYN-003700,VEH-SYN-04,SOR-01,LOC-SYN-CUS-130,1,2026-06-29T20:55:00-04:00,2026-06-29T23:55:00-04:00,92.017,delivered,B2B-V1-BASE,BLD-9102B6E8BF1ABFFC5F32,True
DEL-SYN-004625,ORD-SYN-003700,VEH-SYN-05,SOR-01,LOC-SYN-CUS-130,2,2026-06-30T06:55:00-04:00,2026-06-30T09:55:00-04:00,92.017,delivered,B2B-V1-BASE,BLD-9102B6E8BF1ABFFC5F32,True
DEL-SYN-004626,ORD-SYN-003701,VEH-SYN-05,SOR-01,LOC-SYN-CUS-011,1,2026-06-30T07:09:00-04:00,2026-06-30T10:09:00-04:00,11.323,delivered,B2B-V1-BASE,BLD-9102B6E8BF1ABFFC5F32,True
DEL-SYN-004627,ORD-SYN-003702,VEH-SYN-06,SOR-01,LOC-SYN-CUS-023,1,2026-06-30T07:49:00-04:00,2026-06-30T10:49:00-04:00,12.238,delivered,B2B-V1-BASE,BLD-9102B6E8BF1ABFFC5F32,True
DEL-SYN-004628,ORD-SYN-003703,VEH-SYN-01,SOR-01,LOC-SYN-CUS-096,1,2026-06-30T22:35:00-04:00,2026-07-01T01:35:00-04:00,108.662,delivered,B2B-V1-BASE,BLD-9102B6E8BF1ABFFC5F32,True
DEL-SYN-004629,ORD-SYN-003704,VEH-SYN-02,SOR-01,LOC-SYN-CUS-118,1,2026-06-29T22:44:00-04:00,2026-06-30T01:44:00-04:00,89.411,delivered,B2B-V1-BASE,BLD-9102B6E8BF1ABFFC5F32,True
DEL-SYN-004630,ORD-SYN-003704,VEH-SYN-03,SOR-01,LOC-SYN-CUS-118,2,2026-06-30T08:44:00-04:00,2026-06-30T11:44:00-04:00,89.411,delivered_with_incident,B2B-V1-BASE,BLD-9102B6E8BF1ABFFC5F32,True
DEL-SYN-004631,ORD-SYN-003705,VEH-SYN-03,SOR-01,LOC-SYN-CUS-063,1,2026-06-27T22:54:00-04:00,2026-06-28T01:54:00-04:00,10.053,delivered,B2B-V1-BASE,BLD-9102B6E8BF1ABFFC5F32,True
DEL-SYN-004632,ORD-SYN-003706,VEH-SYN-04,SOR-01,LOC-SYN-CUS-146,1,2026-06-29T09:07:00-04:00,2026-06-29T12:07:00-04:00,99.257,delivered,B2B-V1-BASE,BLD-9102B6E8BF1ABFFC5F32,True
DEL-SYN-004633,ORD-SYN-003707,VEH-SYN-05,SOR-01,LOC-SYN-CUS-146,1,2026-06-29T23:28:00-04:00,2026-06-30T02:28:00-04:00,99.257,delivered,B2B-V1-BASE,BLD-9102B6E8BF1ABFFC5F32,True
DEL-SYN-004634,ORD-SYN-003708,VEH-SYN-06,SOR-01,LOC-SYN-CUS-040,1,2026-06-27T01:17:00-04:00,2026-06-27T04:17:00-04:00,104.509,delivered,B2B-V1-BASE,BLD-9102B6E8BF1ABFFC5F32,True
DEL-SYN-004635,ORD-SYN-003708,VEH-SYN-01,SOR-01,LOC-SYN-CUS-040,2,2026-06-27T11:17:00-04:00,2026-06-27T14:17:00-04:00,104.509,delivered,B2B-V1-BASE,BLD-9102B6E8BF1ABFFC5F32,True
DEL-SYN-004636,ORD-SYN-003709,VEH-SYN-01,SOR-01,LOC-SYN-CUS-112,1,2026-06-27T11:57:00-04:00,2026-06-27T14:57:00-04:00,94.924,delivered,B2B-V1-BASE,BLD-9102B6E8BF1ABFFC5F32,True
DEL-SYN-004637,ORD-SYN-003710,VEH-SYN-02,SOR-01,LOC-SYN-CUS-142,1,2026-06-30T03:29:00-04:00,2026-06-30T06:29:00-04:00,96.727,delivered,B2B-V1-BASE,BLD-9102B6E8BF1ABFFC5F32,True
DEL-SYN-004638,ORD-SYN-003711,VEH-SYN-03,SOR-01,LOC-SYN-CUS-033,1,2026-06-28T05:25:00-04:00,2026-06-28T08:25:00-04:00,13.637,delivered,B2B-V1-BASE,BLD-9102B6E8BF1ABFFC5F32,True
DEL-SYN-004639,ORD-SYN-003712,VEH-SYN-04,SOR-01,LOC-SYN-CUS-058,1,2026-06-26T20:03:00-04:00,2026-06-26T23:03:00-04:00,98.394,delivered,B2B-V1-BASE,BLD-9102B6E8BF1ABFFC5F32,True
DEL-SYN-004640,ORD-SYN-003712,VEH-SYN-05,SOR-01,LOC-SYN-CUS-058,2,2026-06-27T06:03:00-04:00,2026-06-27T09:03:00-04:00,98.394,delivered,B2B-V1-BASE,BLD-9102B6E8BF1ABFFC5F32,True
DEL-SYN-004641,ORD-SYN-003713,VEH-SYN-05,SOR-01,LOC-SYN-CUS-049,1,2026-06-30T07:30:00-04:00,2026-06-30T10:30:00-04:00,13.054,delivered,B2B-V1-BASE,BLD-9102B6E8BF1ABFFC5F32,True
DEL-SYN-004642,ORD-SYN-003714,VEH-SYN-06,SOR-01,LOC-SYN-CUS-113,1,2026-06-29T07:41:00-04:00,2026-06-29T10:41:00-04:00,18.69,delivered,B2B-V1-BASE,BLD-9102B6E8BF1ABFFC5F32,True
DEL-SYN-004643,ORD-SYN-003715,VEH-SYN-01,SOR-01,LOC-SYN-CUS-094,1,2026-06-28T09:54:00-04:00,2026-06-28T12:54:00-04:00,81.241,delivered,B2B-V1-BASE,BLD-9102B6E8BF1ABFFC5F32,True
DEL-SYN-004644,ORD-SYN-003716,VEH-SYN-02,SOR-01,LOC-SYN-CUS-030,1,2026-06-28T01:16:00-04:00,2026-06-28T04:16:00-04:00,95.926,delivered,B2B-V1-BASE,BLD-9102B6E8BF1ABFFC5F32,True
DEL-SYN-004645,ORD-SYN-003716,VEH-SYN-03,SOR-01,LOC-SYN-CUS-030,2,2026-06-28T11:16:00-04:00,2026-06-28T14:16:00-04:00,95.926,delivered,B2B-V1-BASE,BLD-9102B6E8BF1ABFFC5F32,True
DEL-SYN-004646,ORD-SYN-003717,VEH-SYN-03,SOR-01,LOC-SYN-CUS-107,1,2026-07-01T04:47:00-04:00,2026-07-01T07:47:00-04:00,15.357,delivered,B2B-V1-BASE,BLD-9102B6E8BF1ABFFC5F32,True
DEL-SYN-004647,ORD-SYN-003718,VEH-SYN-04,SOR-01,LOC-SYN-CUS-068,1,2026-07-01T06:43:00-04:00,2026-07-01T09:43:00-04:00,103.344,delivered,B2B-V1-BASE,BLD-9102B6E8BF1ABFFC5F32,True
DEL-SYN-004648,ORD-SYN-003719,VEH-SYN-05,SOR-01,LOC-SYN-CUS-084,1,2026-07-01T21:11:00-04:00,2026-07-02T00:11:00-04:00,94.071,delivered,B2B-V1-BASE,BLD-9102B6E8BF1ABFFC5F32,True
DEL-SYN-004649,ORD-SYN-003720,VEH-SYN-06,SOR-01,LOC-SYN-CUS-062,1,2026-06-30T21:15:00-04:00,2026-07-01T00:15:00-04:00,84.711,delivered,B2B-V1-BASE,BLD-9102B6E8BF1ABFFC5F32,True
DEL-SYN-004650,ORD-SYN-003720,VEH-SYN-01,SOR-01,LOC-SYN-CUS-062,2,2026-07-01T07:15:00-04:00,2026-07-01T10:15:00-04:00,84.711,delivered,B2B-V1-BASE,BLD-9102B6E8BF1ABFFC5F32,True
DEL-SYN-004651,ORD-SYN-003721,VEH-SYN-01,SOR-01,LOC-SYN-CUS-094,1,2026-07-01T08:11:00-04:00,2026-07-01T11:11:00-04:00,81.241,delivered,B2B-V1-BASE,BLD-9102B6E8BF1ABFFC5F32,True
DEL-SYN-004652,ORD-SYN-003722,VEH-SYN-02,SOR-01,LOC-SYN-CUS-024,1,2026-07-02T09:34:00-04:00,2026-07-02T12:34:00-04:00,107.095,delivered_with_incident,B2B-V1-BASE,BLD-9102B6E8BF1ABFFC5F32,True
DEL-SYN-004653,ORD-SYN-003723,VEH-SYN-03,SOR-01,LOC-SYN-CUS-118,1,2026-06-29T23:38:00-04:00,2026-06-30T02:38:00-04:00,89.411,delivered,B2B-V1-BASE,BLD-9102B6E8BF1ABFFC5F32,True
DEL-SYN-004654,ORD-SYN-003724,VEH-SYN-04,SOR-01,LOC-SYN-CUS-122,1,2026-06-29T01:12:00-04:00,2026-06-29T04:12:00-04:00,107.646,delivered,B2B-V1-BASE,BLD-9102B6E8BF1ABFFC5F32,True
DEL-SYN-004655,ORD-SYN-003724,VEH-SYN-05,SOR-01,LOC-SYN-CUS-122,2,2026-06-29T11:12:00-04:00,2026-06-29T14:12:00-04:00,107.646,delivered,B2B-V1-BASE,BLD-9102B6E8BF1ABFFC5F32,True
DEL-SYN-004656,ORD-SYN-003725,VEH-SYN-05,SOR-01,LOC-SYN-CUS-121,1,2026-07-02T03:21:00-04:00,2026-07-02T06:21:00-04:00,1.523,delivered,B2B-V1-BASE,BLD-9102B6E8BF1ABFFC5F32,True
DEL-SYN-004657,ORD-SYN-003726,VEH-SYN-06,SOR-01,LOC-SYN-CUS-089,1,2026-07-03T04:25:00-04:00,2026-07-03T07:25:00-04:00,10.706,delivered,B2B-V1-BASE,BLD-9102B6E8BF1ABFFC5F32,True
DEL-SYN-004658,ORD-SYN-003727,VEH-SYN-01,SOR-01,LOC-SYN-CUS-062,1,2026-07-02T06:03:00-04:00,2026-07-02T09:03:00-04:00,84.711,delivered,B2B-V1-BASE,BLD-9102B6E8BF1ABFFC5F32,True
DEL-SYN-004659,ORD-SYN-003728,VEH-SYN-02,SOR-01,LOC-SYN-CUS-002,1,2026-07-02T23:25:00-04:00,2026-07-03T02:25:00-04:00,87.443,delivered,B2B-V1-BASE,BLD-9102B6E8BF1ABFFC5F32,True
DEL-SYN-004660,ORD-SYN-003728,VEH-SYN-03,SOR-01,LOC-SYN-CUS-002,2,2026-07-03T09:25:00-04:00,2026-07-03T12:25:00-04:00,87.443,delivered,B2B-V1-BASE,BLD-9102B6E8BF1ABFFC5F32,True
DEL-SYN-004661,ORD-SYN-003729,VEH-SYN-03,SOR-01,LOC-SYN-CUS-137,1,2026-07-02T09:52:00-04:00,2026-07-02T12:52:00-04:00,11.323,delivered,B2B-V1-BASE,BLD-9102B6E8BF1ABFFC5F32,True
DEL-SYN-004662,ORD-SYN-003730,VEH-SYN-04,SOR-01,LOC-SYN-CUS-022,1,2026-06-29T11:52:00-04:00,2026-06-29T14:52:00-04:00,97.576,delivered,B2B-V1-BASE,BLD-9102B6E8BF1ABFFC5F32,True
DEL-SYN-004663,ORD-SYN-003731,VEH-SYN-05,SOR-01,LOC-SYN-CUS-049,1,2026-07-03T11:55:00-04:00,2026-07-03T14:55:00-04:00,13.054,delivered,B2B-V1-BASE,BLD-9102B6E8BF1ABFFC5F32,True
DEL-SYN-004664,ORD-SYN-003732,VEH-SYN-06,SOR-01,LOC-SYN-CUS-102,1,2026-07-01T18:02:00-04:00,2026-07-01T21:02:00-04:00,92.902,delivered,B2B-V1-BASE,BLD-9102B6E8BF1ABFFC5F32,True
DEL-SYN-004665,ORD-SYN-003732,VEH-SYN-01,SOR-01,LOC-SYN-CUS-102,2,2026-07-02T04:02:00-04:00,2026-07-02T07:02:00-04:00,92.902,delivered,B2B-V1-BASE,BLD-9102B6E8BF1ABFFC5F32,True
DEL-SYN-004666,ORD-SYN-003733,VEH-SYN-01,SOR-01,LOC-SYN-CUS-125,1,2026-07-02T18:15:00-04:00,2026-07-02T21:15:00-04:00,11.651,delivered,B2B-V1-BASE,BLD-9102B6E8BF1ABFFC5F32,True
DEL-SYN-004667,ORD-SYN-003734,VEH-SYN-02,SOR-01,LOC-SYN-CUS-079,1,2026-07-03T19:07:00-04:00,2026-07-03T22:07:00-04:00,9.76,delivered,B2B-V1-BASE,BLD-9102B6E8BF1ABFFC5F32,True
DEL-SYN-004668,ORD-SYN-003735,VEH-SYN-03,SOR-01,LOC-SYN-CUS-090,1,2026-07-03T19:07:00-04:00,2026-07-03T22:07:00-04:00,114.028,delivered,B2B-V1-BASE,BLD-9102B6E8BF1ABFFC5F32,True
DEL-SYN-004669,ORD-SYN-003736,VEH-SYN-04,SOR-01,LOC-SYN-CUS-142,1,2026-07-02T19:23:00-04:00,2026-07-02T22:23:00-04:00,96.727,delivered,B2B-V1-BASE,BLD-9102B6E8BF1ABFFC5F32,True
DEL-SYN-004670,ORD-SYN-003736,VEH-SYN-05,SOR-01,LOC-SYN-CUS-142,2,2026-07-03T05:23:00-04:00,2026-07-03T08:23:00-04:00,96.727,delivered,B2B-V1-BASE,BLD-9102B6E8BF1ABFFC5F32,True
DEL-SYN-004671,ORD-SYN-003737,VEH-SYN-05,SOR-01,LOC-SYN-CUS-055,1,2026-07-01T08:45:00-04:00,2026-07-01T11:45:00-04:00,7.169,delivered,B2B-V1-BASE,BLD-9102B6E8BF1ABFFC5F32,True
DEL-SYN-004672,ORD-SYN-003738,VEH-SYN-06,SOR-01,LOC-SYN-CUS-121,1,2026-07-02T08:50:00-04:00,2026-07-02T11:50:00-04:00,1.523,delivered,B2B-V1-BASE,BLD-9102B6E8BF1ABFFC5F32,True
DEL-SYN-004673,ORD-SYN-003739,VEH-SYN-01,SOR-01,LOC-SYN-CUS-138,1,2026-07-02T08:55:00-04:00,2026-07-02T11:55:00-04:00,93.584,delivered_with_incident,B2B-V1-BASE,BLD-9102B6E8BF1ABFFC5F32,True
DEL-SYN-004674,ORD-SYN-003740,VEH-SYN-02,SOR-01,LOC-SYN-CUS-028,1,2026-07-01T23:16:00-04:00,2026-07-02T02:16:00-04:00,103.781,delivered,B2B-V1-BASE,BLD-9102B6E8BF1ABFFC5F32,True
DEL-SYN-004675,ORD-SYN-003740,VEH-SYN-03,SOR-01,LOC-SYN-CUS-028,2,2026-07-02T09:16:00-04:00,2026-07-02T12:16:00-04:00,103.781,delivered,B2B-V1-BASE,BLD-9102B6E8BF1ABFFC5F32,True
DEL-SYN-004676,ORD-SYN-003741,VEH-SYN-03,SOR-01,LOC-SYN-CUS-030,1,2026-07-04T10:38:00-04:00,2026-07-04T13:38:00-04:00,95.926,delivered,B2B-V1-BASE,BLD-9102B6E8BF1ABFFC5F32,True
DEL-SYN-004677,ORD-SYN-003742,VEH-SYN-04,SOR-01,LOC-SYN-CUS-085,1,2026-07-02T11:08:00-04:00,2026-07-02T14:08:00-04:00,11.234,delivered,B2B-V1-BASE,BLD-9102B6E8BF1ABFFC5F32,True
DEL-SYN-004678,ORD-SYN-003743,VEH-SYN-05,SOR-01,LOC-SYN-CUS-129,1,2026-07-02T12:34:00-04:00,2026-07-02T15:34:00-04:00,10.44,delivered,B2B-V1-BASE,BLD-9102B6E8BF1ABFFC5F32,True
DEL-SYN-004679,ORD-SYN-003744,VEH-SYN-06,SOR-01,LOC-SYN-CUS-110,1,2026-07-03T02:36:00-04:00,2026-07-03T05:36:00-04:00,101.983,delivered,B2B-V1-BASE,BLD-9102B6E8BF1ABFFC5F32,True
DEL-SYN-004680,ORD-SYN-003744,VEH-SYN-01,SOR-01,LOC-SYN-CUS-110,2,2026-07-03T12:36:00-04:00,2026-07-03T15:36:00-04:00,101.983,delivered,B2B-V1-BASE,BLD-9102B6E8BF1ABFFC5F32,True
DEL-SYN-004681,ORD-SYN-003745,VEH-SYN-01,SOR-01,LOC-SYN-CUS-101,1,2026-07-04T18:09:00-04:00,2026-07-04T21:09:00-04:00,8.729,delivered,B2B-V1-BASE,BLD-9102B6E8BF1ABFFC5F32,True
DEL-SYN-004682,ORD-SYN-003746,VEH-SYN-02,SOR-01,LOC-SYN-CUS-141,1,2026-07-03T05:18:00-04:00,2026-07-03T08:18:00-04:00,3.791,delivered,B2B-V1-BASE,BLD-9102B6E8BF1ABFFC5F32,True
DEL-SYN-004683,ORD-SYN-003747,VEH-SYN-03,SOR-01,LOC-SYN-CUS-069,1,2026-07-01T19:28:00-04:00,2026-07-01T22:28:00-04:00,13.67,delivered,B2B-V1-BASE,BLD-9102B6E8BF1ABFFC5F32,True
DEL-SYN-004684,ORD-SYN-003748,VEH-SYN-04,SOR-01,LOC-SYN-CUS-070,1,2026-07-03T20:11:00-04:00,2026-07-03T23:11:00-04:00,93.688,delivered,B2B-V1-BASE,BLD-9102B6E8BF1ABFFC5F32,True
DEL-SYN-004685,ORD-SYN-003748,VEH-SYN-05,SOR-01,LOC-SYN-CUS-070,2,2026-07-04T06:11:00-04:00,2026-07-04T09:11:00-04:00,93.688,delivered,B2B-V1-BASE,BLD-9102B6E8BF1ABFFC5F32,True
DEL-SYN-004686,ORD-SYN-003749,VEH-SYN-05,SOR-01,LOC-SYN-CUS-006,1,2026-07-01T07:39:00-04:00,2026-07-01T10:39:00-04:00,102.381,delivered,B2B-V1-BASE,BLD-9102B6E8BF1ABFFC5F32,True
DEL-SYN-004687,ORD-SYN-003750,VEH-SYN-06,SOR-01,LOC-SYN-CUS-076,1,2026-07-01T12:13:00-04:00,2026-07-01T15:13:00-04:00,105.217,delivered,B2B-V1-BASE,BLD-9102B6E8BF1ABFFC5F32,True
DEL-SYN-004688,ORD-SYN-003751,VEH-SYN-01,SOR-01,LOC-SYN-CUS-061,1,2026-07-02T12:21:00-04:00,2026-07-02T15:21:00-04:00,12.904,delivered,B2B-V1-BASE,BLD-9102B6E8BF1ABFFC5F32,True
DEL-SYN-004689,ORD-SYN-003752,VEH-SYN-02,SOR-01,LOC-SYN-CUS-100,1,2026-07-03T18:40:00-04:00,2026-07-03T21:40:00-04:00,104.241,delivered,B2B-V1-BASE,BLD-9102B6E8BF1ABFFC5F32,True
DEL-SYN-004690,ORD-SYN-003752,VEH-SYN-03,SOR-01,LOC-SYN-CUS-100,2,2026-07-04T08:40:00-04:00,2026-07-04T11:40:00-04:00,104.241,delivered,B2B-V1-BASE,BLD-9102B6E8BF1ABFFC5F32,True
DEL-SYN-004691,ORD-SYN-003753,VEH-SYN-03,SOR-01,LOC-SYN-CUS-013,1,2026-07-04T12:42:00-04:00,2026-07-04T15:42:00-04:00,12.582,delivered,B2B-V1-BASE,BLD-9102B6E8BF1ABFFC5F32,True
DEL-SYN-004692,ORD-SYN-003754,VEH-SYN-04,SOR-01,LOC-SYN-CUS-020,1,2026-07-04T03:24:00-04:00,2026-07-04T06:24:00-04:00,98.993,delivered,B2B-V1-BASE,BLD-9102B6E8BF1ABFFC5F32,True
DEL-SYN-004693,ORD-SYN-003755,VEH-SYN-05,SOR-01,LOC-SYN-CUS-002,1,2026-07-03T04:40:00-04:00,2026-07-03T07:40:00-04:00,87.443,delivered,B2B-V1-BASE,BLD-9102B6E8BF1ABFFC5F32,True
DEL-SYN-004694,ORD-SYN-003756,VEH-SYN-06,SOR-01,LOC-SYN-CUS-097,1,2026-07-01T18:42:00-04:00,2026-07-01T21:42:00-04:00,10.67,delivered,B2B-V1-BASE,BLD-9102B6E8BF1ABFFC5F32,True
DEL-SYN-004695,ORD-SYN-003756,VEH-SYN-01,SOR-01,LOC-SYN-CUS-097,2,2026-07-02T04:42:00-04:00,2026-07-02T07:42:00-04:00,10.67,delivered,B2B-V1-BASE,BLD-9102B6E8BF1ABFFC5F32,True
DEL-SYN-004696,ORD-SYN-003757,VEH-SYN-01,SOR-01,LOC-SYN-CUS-085,1,2026-07-03T05:19:00-04:00,2026-07-03T08:19:00-04:00,11.234,delivered,B2B-V1-BASE,BLD-9102B6E8BF1ABFFC5F32,True
DEL-SYN-004697,ORD-SYN-003758,VEH-SYN-02,SOR-01,LOC-SYN-CUS-043,1,2026-07-06T06:06:00-04:00,2026-07-06T09:06:00-04:00,10.148,delivered,B2B-V1-BASE,BLD-9102B6E8BF1ABFFC5F32,True
DEL-SYN-004698,ORD-SYN-003759,VEH-SYN-03,SOR-01,LOC-SYN-CUS-005,1,2026-07-02T07:50:00-04:00,2026-07-02T10:50:00-04:00,9.779,delivered,B2B-V1-BASE,BLD-9102B6E8BF1ABFFC5F32,True
DEL-SYN-004699,ORD-SYN-003760,VEH-SYN-04,SOR-01,LOC-SYN-CUS-150,1,2026-07-02T23:12:00-04:00,2026-07-03T02:12:00-04:00,93.487,delivered,B2B-V1-BASE,BLD-9102B6E8BF1ABFFC5F32,True
DEL-SYN-004700,ORD-SYN-003760,VEH-SYN-05,SOR-01,LOC-SYN-CUS-150,2,2026-07-03T09:12:00-04:00,2026-07-03T12:12:00-04:00,93.487,delivered,B2B-V1-BASE,BLD-9102B6E8BF1ABFFC5F32,True
DEL-SYN-004701,ORD-SYN-003761,VEH-SYN-05,SOR-01,LOC-SYN-CUS-065,1,2026-07-05T09:39:00-04:00,2026-07-05T12:39:00-04:00,13.49,delivered,B2B-V1-BASE,BLD-9102B6E8BF1ABFFC5F32,True
DEL-SYN-004702,ORD-SYN-003762,VEH-SYN-06,SOR-01,LOC-SYN-CUS-034,1,2026-07-02T09:52:00-04:00,2026-07-02T12:52:00-04:00,92.375,delivered,B2B-V1-BASE,BLD-9102B6E8BF1ABFFC5F32,True
DEL-SYN-004703,ORD-SYN-003763,VEH-SYN-01,SOR-01,LOC-SYN-CUS-149,1,2026-07-04T10:14:00-04:00,2026-07-04T13:14:00-04:00,9.994,delivered,B2B-V1-BASE,BLD-9102B6E8BF1ABFFC5F32,True
DEL-SYN-004704,ORD-SYN-003764,VEH-SYN-02,SOR-01,LOC-SYN-CUS-091,1,2026-07-04T17:49:00-04:00,2026-07-04T20:49:00-04:00,11.908,delivered,B2B-V1-BASE,BLD-9102B6E8BF1ABFFC5F32,True
DEL-SYN-004705,ORD-SYN-003764,VEH-SYN-03,SOR-01,LOC-SYN-CUS-091,2,2026-07-05T07:49:00-04:00,2026-07-05T10:49:00-04:00,11.908,delivered,B2B-V1-BASE,BLD-9102B6E8BF1ABFFC5F32,True
DEL-SYN-004706,ORD-SYN-003765,VEH-SYN-03,SOR-01,LOC-SYN-CUS-016,1,2026-07-04T12:05:00-04:00,2026-07-04T15:05:00-04:00,89.626,delivered,B2B-V1-BASE,BLD-9102B6E8BF1ABFFC5F32,True
DEL-SYN-004707,ORD-SYN-003766,VEH-SYN-04,SOR-01,LOC-SYN-CUS-141,1,2026-07-04T12:14:00-04:00,2026-07-04T15:14:00-04:00,3.791,delivered,B2B-V1-BASE,BLD-9102B6E8BF1ABFFC5F32,True
DEL-SYN-004708,ORD-SYN-003767,VEH-SYN-05,SOR-01,LOC-SYN-CUS-138,1,2026-07-03T12:28:00-04:00,2026-07-03T15:28:00-04:00,93.584,delivered,B2B-V1-BASE,BLD-9102B6E8BF1ABFFC5F32,True
DEL-SYN-004709,ORD-SYN-003768,VEH-SYN-06,SOR-01,LOC-SYN-CUS-146,1,2026-07-05T17:33:00-04:00,2026-07-05T20:33:00-04:00,99.257,delivered,B2B-V1-BASE,BLD-9102B6E8BF1ABFFC5F32,True
DEL-SYN-004710,ORD-SYN-003768,VEH-SYN-01,SOR-01,LOC-SYN-CUS-146,2,2026-07-06T03:33:00-04:00,2026-07-06T06:33:00-04:00,99.257,delivered,B2B-V1-BASE,BLD-9102B6E8BF1ABFFC5F32,True
DEL-SYN-004711,ORD-SYN-003769,VEH-SYN-01,SOR-01,LOC-SYN-CUS-105,1,2026-07-07T03:57:00-04:00,2026-07-07T06:57:00-04:00,13.533,delivered,B2B-V1-BASE,BLD-9102B6E8BF1ABFFC5F32,True
DEL-SYN-004712,ORD-SYN-003770,VEH-SYN-02,SOR-01,LOC-SYN-CUS-086,1,2026-07-03T04:09:00-04:00,2026-07-03T07:09:00-04:00,100.855,delivered,B2B-V1-BASE,BLD-9102B6E8BF1ABFFC5F32,True
DEL-SYN-004713,ORD-SYN-003771,VEH-SYN-03,SOR-01,LOC-SYN-CUS-012,1,2026-07-07T04:26:00-04:00,2026-07-07T07:26:00-04:00,93.694,delivered,B2B-V1-BASE,BLD-9102B6E8BF1ABFFC5F32,True
DEL-SYN-004714,ORD-SYN-003772,VEH-SYN-04,SOR-01,LOC-SYN-CUS-057,1,2026-07-03T19:02:00-04:00,2026-07-03T22:02:00-04:00,11.041,delivered,B2B-V1-BASE,BLD-9102B6E8BF1ABFFC5F32,True
DEL-SYN-004715,ORD-SYN-003772,VEH-SYN-05,SOR-01,LOC-SYN-CUS-057,2,2026-07-04T05:02:00-04:00,2026-07-04T08:02:00-04:00,11.041,delivered,B2B-V1-BASE,BLD-9102B6E8BF1ABFFC5F32,True
DEL-SYN-004716,ORD-SYN-003773,VEH-SYN-05,SOR-01,LOC-SYN-CUS-098,1,2026-07-03T06:13:00-04:00,2026-07-03T09:13:00-04:00,100.419,delivered_with_incident,B2B-V1-BASE,BLD-9102B6E8BF1ABFFC5F32,True
DEL-SYN-004717,ORD-SYN-003774,VEH-SYN-06,SOR-01,LOC-SYN-CUS-149,1,2026-07-03T21:25:00-04:00,2026-07-04T00:25:00-04:00,9.994,delivered,B2B-V1-BASE,BLD-9102B6E8BF1ABFFC5F32,True
DEL-SYN-004718,ORD-SYN-003775,VEH-SYN-01,SOR-01,LOC-SYN-CUS-030,1,2026-07-03T21:50:00-04:00,2026-07-04T00:50:00-04:00,95.926,delivered,B2B-V1-BASE,BLD-9102B6E8BF1ABFFC5F32,True
DEL-SYN-004719,ORD-SYN-003776,VEH-SYN-02,SOR-01,LOC-SYN-CUS-139,1,2026-07-04T14:46:00-04:00,2026-07-04T17:46:00-04:00,20.414,delivered,B2B-V1-BASE,BLD-9102B6E8BF1ABFFC5F32,True
DEL-SYN-004720,ORD-SYN-003776,VEH-SYN-03,SOR-01,LOC-SYN-CUS-139,2,2026-07-05T04:46:00-04:00,2026-07-05T07:46:00-04:00,20.414,delivered,B2B-V1-BASE,BLD-9102B6E8BF1ABFFC5F32,True
DEL-SYN-004721,ORD-SYN-003777,VEH-SYN-03,SOR-01,LOC-SYN-CUS-025,1,2026-07-04T09:33:00-04:00,2026-07-04T12:33:00-04:00,12.656,delivered,B2B-V1-BASE,BLD-9102B6E8BF1ABFFC5F32,True
DEL-SYN-004722,ORD-SYN-003778,VEH-SYN-04,SOR-01,LOC-SYN-CUS-124,1,2026-07-03T09:47:00-04:00,2026-07-03T12:47:00-04:00,90.769,delivered,B2B-V1-BASE,BLD-9102B6E8BF1ABFFC5F32,True
DEL-SYN-004723,ORD-SYN-003779,VEH-SYN-05,SOR-01,LOC-SYN-CUS-018,1,2026-07-04T10:28:00-04:00,2026-07-04T13:28:00-04:00,97.884,delivered,B2B-V1-BASE,BLD-9102B6E8BF1ABFFC5F32,True
DEL-SYN-004724,ORD-SYN-003780,VEH-SYN-06,SOR-01,LOC-SYN-CUS-033,1,2026-07-07T02:11:00-04:00,2026-07-07T05:11:00-04:00,13.637,delivered,B2B-V1-BASE,BLD-9102B6E8BF1ABFFC5F32,True
DEL-SYN-004725,ORD-SYN-003780,VEH-SYN-01,SOR-01,LOC-SYN-CUS-033,2,2026-07-07T12:11:00-04:00,2026-07-07T15:11:00-04:00,13.637,delivered,B2B-V1-BASE,BLD-9102B6E8BF1ABFFC5F32,True
DEL-SYN-004726,ORD-SYN-003781,VEH-SYN-01,SOR-01,LOC-SYN-CUS-036,1,2026-07-04T20:37:00-04:00,2026-07-04T23:37:00-04:00,96.208,delivered,B2B-V1-BASE,BLD-9102B6E8BF1ABFFC5F32,True
DEL-SYN-004727,ORD-SYN-003782,VEH-SYN-02,SOR-01,LOC-SYN-CUS-002,1,2026-07-04T07:13:00-04:00,2026-07-04T10:13:00-04:00,87.443,delivered,B2B-V1-BASE,BLD-9102B6E8BF1ABFFC5F32,True
DEL-SYN-004728,ORD-SYN-003783,VEH-SYN-03,SOR-01,LOC-SYN-CUS-051,1,2026-07-05T09:06:00-04:00,2026-07-05T12:06:00-04:00,8.518,delivered,B2B-V1-BASE,BLD-9102B6E8BF1ABFFC5F32,True
DEL-SYN-004729,ORD-SYN-003784,VEH-SYN-04,SOR-01,LOC-SYN-CUS-011,1,2026-07-03T23:46:00-04:00,2026-07-04T02:46:00-04:00,11.323,delivered,B2B-V1-BASE,BLD-9102B6E8BF1ABFFC5F32,True
DEL-SYN-004730,ORD-SYN-003784,VEH-SYN-05,SOR-01,LOC-SYN-CUS-011,2,2026-07-04T09:46:00-04:00,2026-07-04T12:46:00-04:00,11.323,delivered,B2B-V1-BASE,BLD-9102B6E8BF1ABFFC5F32,True
DEL-SYN-004731,ORD-SYN-003785,VEH-SYN-05,SOR-01,LOC-SYN-CUS-022,1,2026-07-07T09:56:00-04:00,2026-07-07T12:56:00-04:00,97.576,delivered,B2B-V1-BASE,BLD-9102B6E8BF1ABFFC5F32,True
DEL-SYN-004732,ORD-SYN-003786,VEH-SYN-06,SOR-01,LOC-SYN-CUS-010,1,2026-07-08T01:42:00-04:00,2026-07-08T04:42:00-04:00,98.174,delivered,B2B-V1-BASE,BLD-9102B6E8BF1ABFFC5F32,True
DEL-SYN-004733,ORD-SYN-003787,VEH-SYN-01,SOR-01,LOC-SYN-CUS-133,1,2026-07-05T03:35:00-04:00,2026-07-05T06:35:00-04:00,15.316,delivered,B2B-V1-BASE,BLD-9102B6E8BF1ABFFC5F32,True
DEL-SYN-004734,ORD-SYN-003788,VEH-SYN-02,SOR-01,LOC-SYN-CUS-004,1,2026-07-06T17:46:00-04:00,2026-07-06T20:46:00-04:00,101.893,delivered,B2B-V1-BASE,BLD-9102B6E8BF1ABFFC5F32,True
DEL-SYN-004735,ORD-SYN-003788,VEH-SYN-03,SOR-01,LOC-SYN-CUS-004,2,2026-07-07T03:46:00-04:00,2026-07-07T06:46:00-04:00,101.893,delivered,B2B-V1-BASE,BLD-9102B6E8BF1ABFFC5F32,True
DEL-SYN-004736,ORD-SYN-003789,VEH-SYN-03,SOR-01,LOC-SYN-CUS-143,1,2026-07-09T19:50:00-04:00,2026-07-09T22:50:00-04:00,10.494,delivered,B2B-V1-BASE,BLD-9102B6E8BF1ABFFC5F32,True
DEL-SYN-004737,ORD-SYN-003790,VEH-SYN-04,SOR-01,LOC-SYN-CUS-026,1,2026-07-09T09:48:00-04:00,2026-07-09T12:48:00-04:00,93.542,delivered_with_incident,B2B-V1-BASE,BLD-9102B6E8BF1ABFFC5F32,True
DEL-SYN-004738,ORD-SYN-003791,VEH-SYN-05,SOR-01,LOC-SYN-CUS-098,1,2026-07-10T00:04:00-04:00,2026-07-10T03:04:00-04:00,100.419,delivered,B2B-V1-BASE,BLD-9102B6E8BF1ABFFC5F32,True
DEL-SYN-004739,ORD-SYN-003792,VEH-SYN-06,SOR-01,LOC-SYN-CUS-146,1,2026-07-09T02:13:00-04:00,2026-07-09T05:13:00-04:00,99.257,delivered,B2B-V1-BASE,BLD-9102B6E8BF1ABFFC5F32,True
DEL-SYN-004740,ORD-SYN-003792,VEH-SYN-01,SOR-01,LOC-SYN-CUS-146,2,2026-07-09T12:13:00-04:00,2026-07-09T15:13:00-04:00,99.257,delivered,B2B-V1-BASE,BLD-9102B6E8BF1ABFFC5F32,True
DEL-SYN-004741,ORD-SYN-003793,VEH-SYN-01,SOR-01,LOC-SYN-CUS-015,1,2026-07-09T12:20:00-04:00,2026-07-09T15:20:00-04:00,20.193,delivered,B2B-V1-BASE,BLD-9102B6E8BF1ABFFC5F32,True
DEL-SYN-004742,ORD-SYN-003794,VEH-SYN-02,SOR-01,LOC-SYN-CUS-097,1,2026-07-08T03:15:00-04:00,2026-07-08T06:15:00-04:00,10.67,delivered,B2B-V1-BASE,BLD-9102B6E8BF1ABFFC5F32,True
DEL-SYN-004743,ORD-SYN-003795,VEH-SYN-03,SOR-01,LOC-SYN-CUS-114,1,2026-07-06T20:02:00-04:00,2026-07-06T23:02:00-04:00,98.868,delivered,B2B-V1-BASE,BLD-9102B6E8BF1ABFFC5F32,True
DEL-SYN-004744,ORD-SYN-003796,VEH-SYN-04,SOR-01,LOC-SYN-CUS-090,1,2026-07-06T21:18:00-04:00,2026-07-07T00:18:00-04:00,114.028,delivered,B2B-V1-BASE,BLD-9102B6E8BF1ABFFC5F32,True
DEL-SYN-004745,ORD-SYN-003796,VEH-SYN-05,SOR-01,LOC-SYN-CUS-090,2,2026-07-07T07:18:00-04:00,2026-07-07T10:18:00-04:00,114.028,delivered,B2B-V1-BASE,BLD-9102B6E8BF1ABFFC5F32,True
DEL-SYN-004746,ORD-SYN-003797,VEH-SYN-05,SOR-01,LOC-SYN-CUS-085,1,2026-07-08T08:44:00-04:00,2026-07-08T11:44:00-04:00,11.234,delivered,B2B-V1-BASE,BLD-9102B6E8BF1ABFFC5F32,True
DEL-SYN-004747,ORD-SYN-003798,VEH-SYN-06,SOR-01,LOC-SYN-CUS-135,1,2026-07-08T10:33:00-04:00,2026-07-08T13:33:00-04:00,15.798,delivered,B2B-V1-BASE,BLD-9102B6E8BF1ABFFC5F32,True
DEL-SYN-004748,ORD-SYN-003799,VEH-SYN-01,SOR-01,LOC-SYN-CUS-034,1,2026-07-10T10:46:00-04:00,2026-07-10T13:46:00-04:00,92.375,delivered,B2B-V1-BASE,BLD-9102B6E8BF1ABFFC5F32,True
DEL-SYN-004749,ORD-SYN-003800,VEH-SYN-02,SOR-01,LOC-SYN-CUS-037,1,2026-07-10T02:01:00-04:00,2026-07-10T05:01:00-04:00,1.869,delivered,B2B-V1-BASE,BLD-9102B6E8BF1ABFFC5F32,True
DEL-SYN-004750,ORD-SYN-003800,VEH-SYN-03,SOR-01,LOC-SYN-CUS-037,2,2026-07-10T12:01:00-04:00,2026-07-10T15:01:00-04:00,1.869,delivered,B2B-V1-BASE,BLD-9102B6E8BF1ABFFC5F32,True
DEL-SYN-004751,ORD-SYN-003801,VEH-SYN-03,SOR-01,LOC-SYN-CUS-004,1,2026-07-10T12:34:00-04:00,2026-07-10T15:34:00-04:00,101.893,delivered,B2B-V1-BASE,BLD-9102B6E8BF1ABFFC5F32,True
DEL-SYN-004752,ORD-SYN-003802,VEH-SYN-04,SOR-01,LOC-SYN-CUS-101,1,2026-07-07T12:58:00-04:00,2026-07-07T15:58:00-04:00,8.729,delivered,B2B-V1-BASE,BLD-9102B6E8BF1ABFFC5F32,True
DEL-SYN-004753,ORD-SYN-003803,VEH-SYN-05,SOR-01,LOC-SYN-CUS-041,1,2026-07-07T05:43:00-04:00,2026-07-07T08:43:00-04:00,16.45,delivered,B2B-V1-BASE,BLD-9102B6E8BF1ABFFC5F32,True
DEL-SYN-004754,ORD-SYN-003804,VEH-SYN-06,SOR-01,LOC-SYN-CUS-089,1,2026-07-09T20:23:00-04:00,2026-07-09T23:23:00-04:00,10.706,delivered,B2B-V1-BASE,BLD-9102B6E8BF1ABFFC5F32,True
DEL-SYN-004755,ORD-SYN-003804,VEH-SYN-01,SOR-01,LOC-SYN-CUS-089,2,2026-07-10T06:23:00-04:00,2026-07-10T09:23:00-04:00,10.706,delivered,B2B-V1-BASE,BLD-9102B6E8BF1ABFFC5F32,True
DEL-SYN-004756,ORD-SYN-003805,VEH-SYN-01,SOR-01,LOC-SYN-CUS-134,1,2026-07-07T06:47:00-04:00,2026-07-07T09:47:00-04:00,101.573,delivered,B2B-V1-BASE,BLD-9102B6E8BF1ABFFC5F32,True
DEL-SYN-004757,ORD-SYN-003806,VEH-SYN-02,SOR-01,LOC-SYN-CUS-093,1,2026-07-08T23:33:00-04:00,2026-07-09T02:33:00-04:00,14.157,delivered,B2B-V1-BASE,BLD-9102B6E8BF1ABFFC5F32,True
DEL-SYN-004758,ORD-SYN-003807,VEH-SYN-03,SOR-01,LOC-SYN-CUS-102,1,2026-07-10T10:22:00-04:00,2026-07-10T13:22:00-04:00,92.902,delivered_with_incident,B2B-V1-BASE,BLD-9102B6E8BF1ABFFC5F32,True
DEL-SYN-004759,ORD-SYN-003808,VEH-SYN-04,SOR-01,LOC-SYN-CUS-016,1,2026-07-08T02:04:00-04:00,2026-07-08T05:04:00-04:00,89.626,delivered,B2B-V1-BASE,BLD-9102B6E8BF1ABFFC5F32,True
DEL-SYN-004760,ORD-SYN-003808,VEH-SYN-05,SOR-01,LOC-SYN-CUS-016,2,2026-07-08T12:04:00-04:00,2026-07-08T15:04:00-04:00,89.626,delivered,B2B-V1-BASE,BLD-9102B6E8BF1ABFFC5F32,True
DEL-SYN-004761,ORD-SYN-003809,VEH-SYN-05,SOR-01,LOC-SYN-CUS-093,1,2026-07-11T12:07:00-04:00,2026-07-11T15:07:00-04:00,14.157,delivered,B2B-V1-BASE,BLD-9102B6E8BF1ABFFC5F32,True
DEL-SYN-004762,ORD-SYN-003810,VEH-SYN-06,SOR-01,LOC-SYN-CUS-039,1,2026-07-11T03:14:00-04:00,2026-07-11T06:14:00-04:00,12.9,delivered,B2B-V1-BASE,BLD-9102B6E8BF1ABFFC5F32,True
DEL-SYN-004763,ORD-SYN-003811,VEH-SYN-01,SOR-01,LOC-SYN-CUS-138,1,2026-07-10T04:08:00-04:00,2026-07-10T07:08:00-04:00,93.584,delivered,B2B-V1-BASE,BLD-9102B6E8BF1ABFFC5F32,True
DEL-SYN-004764,ORD-SYN-003812,VEH-SYN-02,SOR-01,LOC-SYN-CUS-046,1,2026-07-11T19:19:00-04:00,2026-07-11T22:19:00-04:00,97.72,delivered,B2B-V1-BASE,BLD-9102B6E8BF1ABFFC5F32,True
DEL-SYN-004765,ORD-SYN-003812,VEH-SYN-03,SOR-01,LOC-SYN-CUS-046,2,2026-07-12T05:19:00-04:00,2026-07-12T08:19:00-04:00,97.72,delivered,B2B-V1-BASE,BLD-9102B6E8BF1ABFFC5F32,True
DEL-SYN-004766,ORD-SYN-003813,VEH-SYN-03,SOR-01,LOC-SYN-CUS-138,1,2026-07-10T09:54:00-04:00,2026-07-10T12:54:00-04:00,93.584,delivered,B2B-V1-BASE,BLD-9102B6E8BF1ABFFC5F32,True
DEL-SYN-004767,ORD-SYN-003814,VEH-SYN-04,SOR-01,LOC-SYN-CUS-094,1,2026-07-10T10:22:00-04:00,2026-07-10T13:22:00-04:00,81.241,delivered,B2B-V1-BASE,BLD-9102B6E8BF1ABFFC5F32,True
DEL-SYN-004768,ORD-SYN-003815,VEH-SYN-05,SOR-01,LOC-SYN-CUS-110,1,2026-07-08T10:43:00-04:00,2026-07-08T13:43:00-04:00,101.983,delivered,B2B-V1-BASE,BLD-9102B6E8BF1ABFFC5F32,True
DEL-SYN-004769,ORD-SYN-003816,VEH-SYN-06,SOR-01,LOC-SYN-CUS-007,1,2026-07-10T00:46:00-04:00,2026-07-10T03:46:00-04:00,14.599,delivered,B2B-V1-BASE,BLD-9102B6E8BF1ABFFC5F32,True
DEL-SYN-004770,ORD-SYN-003816,VEH-SYN-01,SOR-01,LOC-SYN-CUS-007,2,2026-07-10T10:46:00-04:00,2026-07-10T13:46:00-04:00,14.599,delivered,B2B-V1-BASE,BLD-9102B6E8BF1ABFFC5F32,True
DEL-SYN-004771,ORD-SYN-003817,VEH-SYN-01,SOR-01,LOC-SYN-CUS-074,1,2026-07-09T12:34:00-04:00,2026-07-09T15:34:00-04:00,106.713,delivered,B2B-V1-BASE,BLD-9102B6E8BF1ABFFC5F32,True
DEL-SYN-004772,ORD-SYN-003818,VEH-SYN-02,SOR-01,LOC-SYN-CUS-062,1,2026-07-12T12:38:00-04:00,2026-07-12T15:38:00-04:00,84.711,delivered,B2B-V1-BASE,BLD-9102B6E8BF1ABFFC5F32,True
DEL-SYN-004773,ORD-SYN-003819,VEH-SYN-03,SOR-01,LOC-SYN-CUS-117,1,2026-07-12T19:34:00-04:00,2026-07-12T22:34:00-04:00,14.483,delivered,B2B-V1-BASE,BLD-9102B6E8BF1ABFFC5F32,True
DEL-SYN-004774,ORD-SYN-003820,VEH-SYN-04,SOR-01,LOC-SYN-CUS-070,1,2026-07-13T11:35:00-04:00,2026-07-13T14:35:00-04:00,93.688,delivered,B2B-V1-BASE,BLD-9102B6E8BF1ABFFC5F32,True
DEL-SYN-004775,ORD-SYN-003820,VEH-SYN-05,SOR-01,LOC-SYN-CUS-070,2,2026-07-14T01:35:00-04:00,2026-07-14T04:35:00-04:00,93.688,delivered,B2B-V1-BASE,BLD-9102B6E8BF1ABFFC5F32,True
DEL-SYN-004776,ORD-SYN-003821,VEH-SYN-05,SOR-01,LOC-SYN-CUS-008,1,2026-07-11T06:09:00-04:00,2026-07-11T09:09:00-04:00,89.436,delivered,B2B-V1-BASE,BLD-9102B6E8BF1ABFFC5F32,True
DEL-SYN-004777,ORD-SYN-003822,VEH-SYN-06,SOR-01,LOC-SYN-CUS-013,1,2026-07-09T07:40:00-04:00,2026-07-09T10:40:00-04:00,12.582,delivered,B2B-V1-BASE,BLD-9102B6E8BF1ABFFC5F32,True
DEL-SYN-004778,ORD-SYN-003823,VEH-SYN-01,SOR-01,LOC-SYN-CUS-030,1,2026-07-13T09:14:00-04:00,2026-07-13T12:14:00-04:00,95.926,delivered,B2B-V1-BASE,BLD-9102B6E8BF1ABFFC5F32,True
DEL-SYN-004779,ORD-SYN-003824,VEH-SYN-02,SOR-01,LOC-SYN-CUS-133,1,2026-07-11T23:22:00-04:00,2026-07-12T02:22:00-04:00,15.316,delivered,B2B-V1-BASE,BLD-9102B6E8BF1ABFFC5F32,True
DEL-SYN-004780,ORD-SYN-003824,VEH-SYN-03,SOR-01,LOC-SYN-CUS-133,2,2026-07-12T09:22:00-04:00,2026-07-12T12:22:00-04:00,15.316,delivered,B2B-V1-BASE,BLD-9102B6E8BF1ABFFC5F32,True
DEL-SYN-004781,ORD-SYN-003825,VEH-SYN-03,SOR-01,LOC-SYN-CUS-056,1,2026-07-13T01:44:00-04:00,2026-07-13T04:44:00-04:00,107.19,delivered,B2B-V1-BASE,BLD-9102B6E8BF1ABFFC5F32,True
DEL-SYN-004782,ORD-SYN-003826,VEH-SYN-04,SOR-01,LOC-SYN-CUS-022,1,2026-07-13T12:17:00-04:00,2026-07-13T15:17:00-04:00,97.576,delivered,B2B-V1-BASE,BLD-9102B6E8BF1ABFFC5F32,True
DEL-SYN-004783,ORD-SYN-003827,VEH-SYN-05,SOR-01,LOC-SYN-CUS-004,1,2026-07-12T02:20:00-04:00,2026-07-12T05:20:00-04:00,101.893,delivered,B2B-V1-BASE,BLD-9102B6E8BF1ABFFC5F32,True
DEL-SYN-004784,ORD-SYN-003828,VEH-SYN-06,SOR-01,LOC-SYN-CUS-058,1,2026-07-09T17:34:00-04:00,2026-07-09T20:34:00-04:00,98.394,delivered,B2B-V1-BASE,BLD-9102B6E8BF1ABFFC5F32,True
DEL-SYN-004785,ORD-SYN-003828,VEH-SYN-01,SOR-01,LOC-SYN-CUS-058,2,2026-07-10T03:34:00-04:00,2026-07-10T06:34:00-04:00,98.394,delivered,B2B-V1-BASE,BLD-9102B6E8BF1ABFFC5F32,True
DEL-SYN-004786,ORD-SYN-003829,VEH-SYN-01,SOR-01,LOC-SYN-CUS-074,1,2026-07-11T19:29:00-04:00,2026-07-11T22:29:00-04:00,106.713,delivered,B2B-V1-BASE,BLD-9102B6E8BF1ABFFC5F32,True
DEL-SYN-004787,ORD-SYN-003830,VEH-SYN-02,SOR-01,LOC-SYN-CUS-090,1,2026-07-13T05:41:00-04:00,2026-07-13T08:41:00-04:00,114.028,delivered,B2B-V1-BASE,BLD-9102B6E8BF1ABFFC5F32,True
DEL-SYN-004788,ORD-SYN-003831,VEH-SYN-03,SOR-01,LOC-SYN-CUS-085,1,2026-07-13T06:26:00-04:00,2026-07-13T09:26:00-04:00,11.234,delivered,B2B-V1-BASE,BLD-9102B6E8BF1ABFFC5F32,True
DEL-SYN-004789,ORD-SYN-003832,VEH-SYN-04,SOR-01,LOC-SYN-CUS-057,1,2026-07-09T21:09:00-04:00,2026-07-10T00:09:00-04:00,11.041,delivered,B2B-V1-BASE,BLD-9102B6E8BF1ABFFC5F32,True
DEL-SYN-004790,ORD-SYN-003832,VEH-SYN-05,SOR-01,LOC-SYN-CUS-057,2,2026-07-10T07:09:00-04:00,2026-07-10T10:09:00-04:00,11.041,delivered,B2B-V1-BASE,BLD-9102B6E8BF1ABFFC5F32,True
DEL-SYN-004791,ORD-SYN-003833,VEH-SYN-05,SOR-01,LOC-SYN-CUS-045,1,2026-07-13T07:33:00-04:00,2026-07-13T10:33:00-04:00,12.037,delivered,B2B-V1-BASE,BLD-9102B6E8BF1ABFFC5F32,True
DEL-SYN-004792,ORD-SYN-003834,VEH-SYN-06,SOR-01,LOC-SYN-CUS-142,1,2026-07-14T07:36:00-04:00,2026-07-14T10:36:00-04:00,96.727,delivered,B2B-V1-BASE,BLD-9102B6E8BF1ABFFC5F32,True
DEL-SYN-004793,ORD-SYN-003835,VEH-SYN-01,SOR-01,LOC-SYN-CUS-004,1,2026-07-11T11:09:00-04:00,2026-07-11T14:09:00-04:00,101.893,delivered,B2B-V1-BASE,BLD-9102B6E8BF1ABFFC5F32,True
DEL-SYN-004794,ORD-SYN-003836,VEH-SYN-02,SOR-01,LOC-SYN-CUS-042,1,2026-07-12T01:32:00-04:00,2026-07-12T04:32:00-04:00,96.283,delivered,B2B-V1-BASE,BLD-9102B6E8BF1ABFFC5F32,True
DEL-SYN-004795,ORD-SYN-003836,VEH-SYN-03,SOR-01,LOC-SYN-CUS-042,2,2026-07-12T11:32:00-04:00,2026-07-12T14:32:00-04:00,96.283,delivered,B2B-V1-BASE,BLD-9102B6E8BF1ABFFC5F32,True
DEL-SYN-004796,ORD-SYN-003837,VEH-SYN-03,SOR-01,LOC-SYN-CUS-109,1,2026-07-13T11:33:00-04:00,2026-07-13T14:33:00-04:00,15.631,delivered,B2B-V1-BASE,BLD-9102B6E8BF1ABFFC5F32,True
DEL-SYN-004797,ORD-SYN-003838,VEH-SYN-04,SOR-01,LOC-SYN-CUS-094,1,2026-07-13T12:22:00-04:00,2026-07-13T15:22:00-04:00,81.241,delivered,B2B-V1-BASE,BLD-9102B6E8BF1ABFFC5F32,True
DEL-SYN-004798,ORD-SYN-003839,VEH-SYN-05,SOR-01,LOC-SYN-CUS-094,1,2026-07-13T04:30:00-04:00,2026-07-13T07:30:00-04:00,81.241,delivered,B2B-V1-BASE,BLD-9102B6E8BF1ABFFC5F32,True
DEL-SYN-004799,ORD-SYN-003840,VEH-SYN-06,SOR-01,LOC-SYN-CUS-085,1,2026-07-15T11:25:00-04:00,2026-07-15T14:25:00-04:00,11.234,delivered,B2B-V1-BASE,BLD-9102B6E8BF1ABFFC5F32,True
DEL-SYN-004800,ORD-SYN-003840,VEH-SYN-01,SOR-01,LOC-SYN-CUS-085,2,2026-07-16T01:25:00-04:00,2026-07-16T04:25:00-04:00,11.234,delivered,B2B-V1-BASE,BLD-9102B6E8BF1ABFFC5F32,True
DEL-SYN-004801,ORD-SYN-003841,VEH-SYN-01,SOR-01,LOC-SYN-CUS-111,1,2026-07-14T06:36:00-04:00,2026-07-14T09:36:00-04:00,11.121,delivered,B2B-V1-BASE,BLD-9102B6E8BF1ABFFC5F32,True
DEL-SYN-004802,ORD-SYN-003842,VEH-SYN-02,SOR-01,LOC-SYN-CUS-009,1,2026-07-13T09:33:00-04:00,2026-07-13T12:33:00-04:00,14.093,delivered,B2B-V1-BASE,BLD-9102B6E8BF1ABFFC5F32,True
DEL-SYN-004803,ORD-SYN-003843,VEH-SYN-03,SOR-01,LOC-SYN-CUS-041,1,2026-07-14T11:25:00-04:00,2026-07-14T14:25:00-04:00,16.45,delivered,B2B-V1-BASE,BLD-9102B6E8BF1ABFFC5F32,True
DEL-SYN-004804,ORD-SYN-003844,VEH-SYN-04,SOR-01,LOC-SYN-CUS-065,1,2026-07-14T17:56:00-04:00,2026-07-14T20:56:00-04:00,13.49,delivered,B2B-V1-BASE,BLD-9102B6E8BF1ABFFC5F32,True
DEL-SYN-004805,ORD-SYN-003844,VEH-SYN-05,SOR-01,LOC-SYN-CUS-065,2,2026-07-15T07:56:00-04:00,2026-07-15T10:56:00-04:00,13.49,delivered,B2B-V1-BASE,BLD-9102B6E8BF1ABFFC5F32,True
DEL-SYN-004806,ORD-SYN-003845,VEH-SYN-05,SOR-01,LOC-SYN-CUS-017,1,2026-07-14T12:29:00-04:00,2026-07-14T15:29:00-04:00,7.536,delivered,B2B-V1-BASE,BLD-9102B6E8BF1ABFFC5F32,True
DEL-SYN-004807,ORD-SYN-003846,VEH-SYN-06,SOR-01,LOC-SYN-CUS-013,1,2026-07-11T12:57:00-04:00,2026-07-11T15:57:00-04:00,12.582,delivered,B2B-V1-BASE,BLD-9102B6E8BF1ABFFC5F32,True
DEL-SYN-004808,ORD-SYN-003847,VEH-SYN-01,SOR-01,LOC-SYN-CUS-017,1,2026-07-13T03:08:00-04:00,2026-07-13T06:08:00-04:00,7.536,delivered,B2B-V1-BASE,BLD-9102B6E8BF1ABFFC5F32,True
DEL-SYN-004809,ORD-SYN-003848,VEH-SYN-02,SOR-01,LOC-SYN-CUS-124,1,2026-07-13T18:24:00-04:00,2026-07-13T21:24:00-04:00,90.769,delivered,B2B-V1-BASE,BLD-9102B6E8BF1ABFFC5F32,True
DEL-SYN-004810,ORD-SYN-003848,VEH-SYN-03,SOR-01,LOC-SYN-CUS-124,2,2026-07-14T04:24:00-04:00,2026-07-14T07:24:00-04:00,90.769,delivered,B2B-V1-BASE,BLD-9102B6E8BF1ABFFC5F32,True
DEL-SYN-004811,ORD-SYN-003849,VEH-SYN-03,SOR-01,LOC-SYN-CUS-057,1,2026-07-12T04:32:00-04:00,2026-07-12T07:32:00-04:00,11.041,delivered,B2B-V1-BASE,BLD-9102B6E8BF1ABFFC5F32,True
DEL-SYN-004812,ORD-SYN-003850,VEH-SYN-04,SOR-01,LOC-SYN-CUS-102,1,2026-07-16T04:34:00-04:00,2026-07-16T07:34:00-04:00,92.902,delivered,B2B-V1-BASE,BLD-9102B6E8BF1ABFFC5F32,True
DEL-SYN-004813,ORD-SYN-003851,VEH-SYN-05,SOR-01,LOC-SYN-CUS-098,1,2026-07-16T04:40:00-04:00,2026-07-16T07:40:00-04:00,100.419,delivered,B2B-V1-BASE,BLD-9102B6E8BF1ABFFC5F32,True
DEL-SYN-004814,ORD-SYN-003852,VEH-SYN-06,SOR-01,LOC-SYN-CUS-082,1,2026-07-16T11:19:00-04:00,2026-07-16T14:19:00-04:00,95.328,delivered,B2B-V1-BASE,BLD-9102B6E8BF1ABFFC5F32,True
DEL-SYN-004815,ORD-SYN-003852,VEH-SYN-01,SOR-01,LOC-SYN-CUS-082,2,2026-07-17T01:19:00-04:00,2026-07-17T04:19:00-04:00,95.328,delivered,B2B-V1-BASE,BLD-9102B6E8BF1ABFFC5F32,True
DEL-SYN-004816,ORD-SYN-003853,VEH-SYN-01,SOR-01,LOC-SYN-CUS-122,1,2026-07-16T08:13:00-04:00,2026-07-16T11:13:00-04:00,107.646,delivered,B2B-V1-BASE,BLD-9102B6E8BF1ABFFC5F32,True
DEL-SYN-004817,ORD-SYN-003854,VEH-SYN-02,SOR-01,LOC-SYN-CUS-032,1,2026-07-15T09:25:00-04:00,2026-07-15T12:25:00-04:00,100.378,delivered,B2B-V1-BASE,BLD-9102B6E8BF1ABFFC5F32,True
DEL-SYN-004818,ORD-SYN-003855,VEH-SYN-03,SOR-01,LOC-SYN-CUS-021,1,2026-07-16T09:42:00-04:00,2026-07-16T12:42:00-04:00,21.891,delivered,B2B-V1-BASE,BLD-9102B6E8BF1ABFFC5F32,True
DEL-SYN-004819,ORD-SYN-003856,VEH-SYN-04,SOR-01,LOC-SYN-CUS-025,1,2026-07-14T01:52:00-04:00,2026-07-14T04:52:00-04:00,12.656,delivered,B2B-V1-BASE,BLD-9102B6E8BF1ABFFC5F32,True
DEL-SYN-004820,ORD-SYN-003856,VEH-SYN-05,SOR-01,LOC-SYN-CUS-025,2,2026-07-14T11:52:00-04:00,2026-07-14T14:52:00-04:00,12.656,delivered,B2B-V1-BASE,BLD-9102B6E8BF1ABFFC5F32,True
DEL-SYN-004821,ORD-SYN-003857,VEH-SYN-05,SOR-01,LOC-SYN-CUS-098,1,2026-07-12T12:21:00-04:00,2026-07-12T15:21:00-04:00,100.419,delivered,B2B-V1-BASE,BLD-9102B6E8BF1ABFFC5F32,True
DEL-SYN-004822,ORD-SYN-003858,VEH-SYN-06,SOR-01,LOC-SYN-CUS-127,1,2026-07-12T12:28:00-04:00,2026-07-12T15:28:00-04:00,11.422,delivered,B2B-V1-BASE,BLD-9102B6E8BF1ABFFC5F32,True
DEL-SYN-004823,ORD-SYN-003859,VEH-SYN-01,SOR-01,LOC-SYN-CUS-033,1,2026-07-15T03:01:00-04:00,2026-07-15T06:01:00-04:00,13.637,delivered,B2B-V1-BASE,BLD-9102B6E8BF1ABFFC5F32,True
DEL-SYN-004824,ORD-SYN-003860,VEH-SYN-02,SOR-01,LOC-SYN-CUS-024,1,2026-07-12T20:20:00-04:00,2026-07-12T23:20:00-04:00,107.095,delivered,B2B-V1-BASE,BLD-9102B6E8BF1ABFFC5F32,True
DEL-SYN-004825,ORD-SYN-003860,VEH-SYN-03,SOR-01,LOC-SYN-CUS-024,2,2026-07-13T06:20:00-04:00,2026-07-13T09:20:00-04:00,107.095,delivered,B2B-V1-BASE,BLD-9102B6E8BF1ABFFC5F32,True
DEL-SYN-004826,ORD-SYN-003861,VEH-SYN-03,SOR-01,LOC-SYN-CUS-021,1,2026-07-13T07:31:00-04:00,2026-07-13T10:31:00-04:00,21.891,delivered,B2B-V1-BASE,BLD-9102B6E8BF1ABFFC5F32,True
DEL-SYN-004827,ORD-SYN-003862,VEH-SYN-04,SOR-01,LOC-SYN-CUS-082,1,2026-07-14T10:28:00-04:00,2026-07-14T13:28:00-04:00,95.328,delivered,B2B-V1-BASE,BLD-9102B6E8BF1ABFFC5F32,True
DEL-SYN-004828,ORD-SYN-003863,VEH-SYN-05,SOR-01,LOC-SYN-CUS-037,1,2026-07-16T10:59:00-04:00,2026-07-16T13:59:00-04:00,1.869,delivered,B2B-V1-BASE,BLD-9102B6E8BF1ABFFC5F32,True
DEL-SYN-004829,ORD-SYN-003864,VEH-SYN-06,SOR-01,LOC-SYN-CUS-025,1,2026-07-16T02:27:00-04:00,2026-07-16T05:27:00-04:00,12.656,delivered,B2B-V1-BASE,BLD-9102B6E8BF1ABFFC5F32,True
DEL-SYN-004830,ORD-SYN-003864,VEH-SYN-01,SOR-01,LOC-SYN-CUS-025,2,2026-07-16T12:27:00-04:00,2026-07-16T15:27:00-04:00,12.656,delivered,B2B-V1-BASE,BLD-9102B6E8BF1ABFFC5F32,True
DEL-SYN-004831,ORD-SYN-003865,VEH-SYN-01,SOR-01,LOC-SYN-CUS-074,1,2026-07-17T03:13:00-04:00,2026-07-17T06:13:00-04:00,106.713,delivered,B2B-V1-BASE,BLD-9102B6E8BF1ABFFC5F32,True
DEL-SYN-004832,ORD-SYN-003866,VEH-SYN-02,SOR-01,LOC-SYN-CUS-065,1,2026-07-14T03:26:00-04:00,2026-07-14T06:26:00-04:00,13.49,delivered,B2B-V1-BASE,BLD-9102B6E8BF1ABFFC5F32,True
DEL-SYN-004833,ORD-SYN-003867,VEH-SYN-03,SOR-01,LOC-SYN-CUS-062,1,2026-07-18T03:47:00-04:00,2026-07-18T06:47:00-04:00,84.711,delivered,B2B-V1-BASE,BLD-9102B6E8BF1ABFFC5F32,True
DEL-SYN-004834,ORD-SYN-003868,VEH-SYN-04,SOR-01,LOC-SYN-CUS-072,1,2026-07-15T19:03:00-04:00,2026-07-15T22:03:00-04:00,106.388,delivered,B2B-V1-BASE,BLD-9102B6E8BF1ABFFC5F32,True
DEL-SYN-004835,ORD-SYN-003868,VEH-SYN-05,SOR-01,LOC-SYN-CUS-072,2,2026-07-16T05:03:00-04:00,2026-07-16T08:03:00-04:00,106.388,delivered,B2B-V1-BASE,BLD-9102B6E8BF1ABFFC5F32,True
DEL-SYN-004836,ORD-SYN-003869,VEH-SYN-05,SOR-01,LOC-SYN-CUS-102,1,2026-07-14T05:26:00-04:00,2026-07-14T08:26:00-04:00,92.902,delivered,B2B-V1-BASE,BLD-9102B6E8BF1ABFFC5F32,True
DEL-SYN-004837,ORD-SYN-003870,VEH-SYN-06,SOR-01,LOC-SYN-CUS-075,1,2026-07-14T21:06:00-04:00,2026-07-15T00:06:00-04:00,11.238,delivered,B2B-V1-BASE,BLD-9102B6E8BF1ABFFC5F32,True
DEL-SYN-004838,ORD-SYN-003871,VEH-SYN-01,SOR-01,LOC-SYN-CUS-073,1,2026-07-17T07:57:00-04:00,2026-07-17T10:57:00-04:00,17.971,delivered,B2B-V1-BASE,BLD-9102B6E8BF1ABFFC5F32,True
DEL-SYN-004839,ORD-SYN-003872,VEH-SYN-02,SOR-01,LOC-SYN-CUS-033,1,2026-07-14T22:07:00-04:00,2026-07-15T01:07:00-04:00,13.637,delivered,B2B-V1-BASE,BLD-9102B6E8BF1ABFFC5F32,True
DEL-SYN-004840,ORD-SYN-003872,VEH-SYN-03,SOR-01,LOC-SYN-CUS-033,2,2026-07-15T08:07:00-04:00,2026-07-15T11:07:00-04:00,13.637,delivered,B2B-V1-BASE,BLD-9102B6E8BF1ABFFC5F32,True
DEL-SYN-004841,ORD-SYN-003873,VEH-SYN-03,SOR-01,LOC-SYN-CUS-026,1,2026-07-14T08:31:00-04:00,2026-07-14T11:31:00-04:00,93.542,delivered,B2B-V1-BASE,BLD-9102B6E8BF1ABFFC5F32,True
DEL-SYN-004842,ORD-SYN-003874,VEH-SYN-04,SOR-01,LOC-SYN-CUS-076,1,2026-07-18T08:44:00-04:00,2026-07-18T11:44:00-04:00,105.217,delivered,B2B-V1-BASE,BLD-9102B6E8BF1ABFFC5F32,True
DEL-SYN-004843,ORD-SYN-003875,VEH-SYN-05,SOR-01,LOC-SYN-CUS-079,1,2026-07-18T23:18:00-04:00,2026-07-19T02:18:00-04:00,9.76,delivered,B2B-V1-BASE,BLD-9102B6E8BF1ABFFC5F32,True
DEL-SYN-004844,ORD-SYN-003876,VEH-SYN-06,SOR-01,LOC-SYN-CUS-133,1,2026-07-15T15:33:00-04:00,2026-07-15T18:33:00-04:00,15.316,delivered,B2B-V1-BASE,BLD-9102B6E8BF1ABFFC5F32,True
DEL-SYN-004845,ORD-SYN-003876,VEH-SYN-01,SOR-01,LOC-SYN-CUS-133,2,2026-07-16T05:33:00-04:00,2026-07-16T08:33:00-04:00,15.316,delivered,B2B-V1-BASE,BLD-9102B6E8BF1ABFFC5F32,True
DEL-SYN-004846,ORD-SYN-003877,VEH-SYN-01,SOR-01,LOC-SYN-CUS-087,1,2026-07-16T00:18:00-04:00,2026-07-16T03:18:00-04:00,7.154,delivered,B2B-V1-BASE,BLD-9102B6E8BF1ABFFC5F32,True
DEL-SYN-004847,ORD-SYN-003878,VEH-SYN-02,SOR-01,LOC-SYN-CUS-096,1,2026-07-17T01:09:00-04:00,2026-07-17T04:09:00-04:00,108.662,delivered,B2B-V1-BASE,BLD-9102B6E8BF1ABFFC5F32,True
DEL-SYN-004848,ORD-SYN-003879,VEH-SYN-03,SOR-01,LOC-SYN-CUS-005,1,2026-07-17T11:50:00-04:00,2026-07-17T14:50:00-04:00,9.779,delivered_with_incident,B2B-V1-BASE,BLD-9102B6E8BF1ABFFC5F32,True
DEL-SYN-004849,ORD-SYN-003880,VEH-SYN-04,SOR-01,LOC-SYN-CUS-057,1,2026-07-17T02:11:00-04:00,2026-07-17T05:11:00-04:00,11.041,delivered,B2B-V1-BASE,BLD-9102B6E8BF1ABFFC5F32,True
DEL-SYN-004850,ORD-SYN-003880,VEH-SYN-05,SOR-01,LOC-SYN-CUS-057,2,2026-07-17T12:11:00-04:00,2026-07-17T15:11:00-04:00,11.041,delivered,B2B-V1-BASE,BLD-9102B6E8BF1ABFFC5F32,True
DEL-SYN-004851,ORD-SYN-003881,VEH-SYN-05,SOR-01,LOC-SYN-CUS-133,1,2026-07-16T12:24:00-04:00,2026-07-16T15:24:00-04:00,15.316,delivered,B2B-V1-BASE,BLD-9102B6E8BF1ABFFC5F32,True
DEL-SYN-004852,ORD-SYN-003882,VEH-SYN-06,SOR-01,LOC-SYN-CUS-016,1,2026-07-16T12:39:00-04:00,2026-07-16T15:39:00-04:00,89.626,delivered,B2B-V1-BASE,BLD-9102B6E8BF1ABFFC5F32,True
DEL-SYN-004853,ORD-SYN-003883,VEH-SYN-01,SOR-01,LOC-SYN-CUS-094,1,2026-07-18T05:06:00-04:00,2026-07-18T08:06:00-04:00,81.241,delivered,B2B-V1-BASE,BLD-9102B6E8BF1ABFFC5F32,True
DEL-SYN-004854,ORD-SYN-003884,VEH-SYN-02,SOR-01,LOC-SYN-CUS-134,1,2026-07-18T20:53:00-04:00,2026-07-18T23:53:00-04:00,101.573,delivered,B2B-V1-BASE,BLD-9102B6E8BF1ABFFC5F32,True
DEL-SYN-004855,ORD-SYN-003884,VEH-SYN-03,SOR-01,LOC-SYN-CUS-134,2,2026-07-19T06:53:00-04:00,2026-07-19T09:53:00-04:00,101.573,delivered,B2B-V1-BASE,BLD-9102B6E8BF1ABFFC5F32,True
DEL-SYN-004856,ORD-SYN-003885,VEH-SYN-03,SOR-01,LOC-SYN-CUS-002,1,2026-07-16T07:04:00-04:00,2026-07-16T10:04:00-04:00,87.443,delivered,B2B-V1-BASE,BLD-9102B6E8BF1ABFFC5F32,True
DEL-SYN-004857,ORD-SYN-003886,VEH-SYN-04,SOR-01,LOC-SYN-CUS-030,1,2026-07-16T08:22:00-04:00,2026-07-16T11:22:00-04:00,95.926,delivered,B2B-V1-BASE,BLD-9102B6E8BF1ABFFC5F32,True
DEL-SYN-004858,ORD-SYN-003887,VEH-SYN-05,SOR-01,LOC-SYN-CUS-038,1,2026-07-17T22:36:00-04:00,2026-07-18T01:36:00-04:00,91.614,delivered,B2B-V1-BASE,BLD-9102B6E8BF1ABFFC5F32,True
DEL-SYN-004859,ORD-SYN-003888,VEH-SYN-06,SOR-01,LOC-SYN-CUS-113,1,2026-07-15T00:23:00-04:00,2026-07-15T03:23:00-04:00,18.69,delivered,B2B-V1-BASE,BLD-9102B6E8BF1ABFFC5F32,True
DEL-SYN-004860,ORD-SYN-003888,VEH-SYN-01,SOR-01,LOC-SYN-CUS-113,2,2026-07-15T10:23:00-04:00,2026-07-15T13:23:00-04:00,18.69,delivered,B2B-V1-BASE,BLD-9102B6E8BF1ABFFC5F32,True
DEL-SYN-004861,ORD-SYN-003889,VEH-SYN-01,SOR-01,LOC-SYN-CUS-141,1,2026-07-18T11:34:00-04:00,2026-07-18T14:34:00-04:00,3.791,delivered,B2B-V1-BASE,BLD-9102B6E8BF1ABFFC5F32,True
DEL-SYN-004862,ORD-SYN-003890,VEH-SYN-02,SOR-01,LOC-SYN-CUS-097,1,2026-07-18T12:02:00-04:00,2026-07-18T15:02:00-04:00,10.67,delivered,B2B-V1-BASE,BLD-9102B6E8BF1ABFFC5F32,True
DEL-SYN-004863,ORD-SYN-003891,VEH-SYN-03,SOR-01,LOC-SYN-CUS-137,1,2026-07-19T05:58:00-04:00,2026-07-19T08:58:00-04:00,11.323,delivered,B2B-V1-BASE,BLD-9102B6E8BF1ABFFC5F32,True
DEL-SYN-004864,ORD-SYN-003892,VEH-SYN-04,SOR-01,LOC-SYN-CUS-072,1,2026-07-18T20:45:00-04:00,2026-07-18T23:45:00-04:00,106.388,delivered_with_incident,B2B-V1-BASE,BLD-9102B6E8BF1ABFFC5F32,True
DEL-SYN-004865,ORD-SYN-003892,VEH-SYN-05,SOR-01,LOC-SYN-CUS-072,2,2026-07-19T06:45:00-04:00,2026-07-19T09:45:00-04:00,106.388,delivered,B2B-V1-BASE,BLD-9102B6E8BF1ABFFC5F32,True
DEL-SYN-004866,ORD-SYN-003893,VEH-SYN-05,SOR-01,LOC-SYN-CUS-034,1,2026-07-17T06:57:00-04:00,2026-07-17T09:57:00-04:00,92.375,delivered,B2B-V1-BASE,BLD-9102B6E8BF1ABFFC5F32,True
DEL-SYN-004867,ORD-SYN-003894,VEH-SYN-06,SOR-01,LOC-SYN-CUS-008,1,2026-07-19T21:48:00-04:00,2026-07-20T00:48:00-04:00,89.436,delivered,B2B-V1-BASE,BLD-9102B6E8BF1ABFFC5F32,True
DEL-SYN-004868,ORD-SYN-003895,VEH-SYN-01,SOR-01,LOC-SYN-CUS-065,1,2026-07-19T09:31:00-04:00,2026-07-19T12:31:00-04:00,13.49,delivered,B2B-V1-BASE,BLD-9102B6E8BF1ABFFC5F32,True
DEL-SYN-004869,ORD-SYN-003896,VEH-SYN-02,SOR-01,LOC-SYN-CUS-047,1,2026-07-18T00:05:00-04:00,2026-07-18T03:05:00-04:00,14.65,delivered,B2B-V1-BASE,BLD-9102B6E8BF1ABFFC5F32,True
DEL-SYN-004870,ORD-SYN-003896,VEH-SYN-03,SOR-01,LOC-SYN-CUS-047,2,2026-07-18T10:05:00-04:00,2026-07-18T13:05:00-04:00,14.65,delivered,B2B-V1-BASE,BLD-9102B6E8BF1ABFFC5F32,True
DEL-SYN-004871,ORD-SYN-003897,VEH-SYN-03,SOR-01,LOC-SYN-CUS-102,1,2026-07-19T04:11:00-04:00,2026-07-19T07:11:00-04:00,92.902,delivered,B2B-V1-BASE,BLD-9102B6E8BF1ABFFC5F32,True
DEL-SYN-004872,ORD-SYN-003898,VEH-SYN-04,SOR-01,LOC-SYN-CUS-072,1,2026-07-21T04:20:00-04:00,2026-07-21T07:20:00-04:00,106.388,delivered,B2B-V1-BASE,BLD-9102B6E8BF1ABFFC5F32,True
DEL-SYN-004873,ORD-SYN-003899,VEH-SYN-05,SOR-01,LOC-SYN-CUS-117,1,2026-07-21T07:53:00-04:00,2026-07-21T10:53:00-04:00,14.483,delivered,B2B-V1-BASE,BLD-9102B6E8BF1ABFFC5F32,True
DEL-SYN-004874,ORD-SYN-003900,VEH-SYN-06,SOR-01,LOC-SYN-CUS-134,1,2026-07-20T22:13:00-04:00,2026-07-21T01:13:00-04:00,101.573,delivered,B2B-V1-BASE,BLD-9102B6E8BF1ABFFC5F32,True
DEL-SYN-004875,ORD-SYN-003900,VEH-SYN-01,SOR-01,LOC-SYN-CUS-134,2,2026-07-21T08:13:00-04:00,2026-07-21T11:13:00-04:00,101.573,delivered,B2B-V1-BASE,BLD-9102B6E8BF1ABFFC5F32,True
DEL-SYN-004876,ORD-SYN-003901,VEH-SYN-01,SOR-01,LOC-SYN-CUS-102,1,2026-07-21T22:44:00-04:00,2026-07-22T01:44:00-04:00,92.902,delivered,B2B-V1-BASE,BLD-9102B6E8BF1ABFFC5F32,True
DEL-SYN-004877,ORD-SYN-003902,VEH-SYN-02,SOR-01,LOC-SYN-CUS-096,1,2026-07-20T08:50:00-04:00,2026-07-20T11:50:00-04:00,108.662,delivered,B2B-V1-BASE,BLD-9102B6E8BF1ABFFC5F32,True
DEL-SYN-004878,ORD-SYN-003903,VEH-SYN-03,SOR-01,LOC-SYN-CUS-029,1,2026-07-21T00:07:00-04:00,2026-07-21T03:07:00-04:00,8.682,delivered,B2B-V1-BASE,BLD-9102B6E8BF1ABFFC5F32,True
DEL-SYN-004879,ORD-SYN-003904,VEH-SYN-04,SOR-01,LOC-SYN-CUS-073,1,2026-07-19T00:20:00-04:00,2026-07-19T03:20:00-04:00,17.971,delivered,B2B-V1-BASE,BLD-9102B6E8BF1ABFFC5F32,True
DEL-SYN-004880,ORD-SYN-003904,VEH-SYN-05,SOR-01,LOC-SYN-CUS-073,2,2026-07-19T10:20:00-04:00,2026-07-19T13:20:00-04:00,17.971,delivered,B2B-V1-BASE,BLD-9102B6E8BF1ABFFC5F32,True
DEL-SYN-004881,ORD-SYN-003905,VEH-SYN-05,SOR-01,LOC-SYN-CUS-131,1,2026-07-17T10:32:00-04:00,2026-07-17T13:32:00-04:00,9.096,delivered,B2B-V1-BASE,BLD-9102B6E8BF1ABFFC5F32,True
DEL-SYN-004882,ORD-SYN-003906,VEH-SYN-06,SOR-01,LOC-SYN-CUS-037,1,2026-07-17T11:14:00-04:00,2026-07-17T14:14:00-04:00,1.869,delivered,B2B-V1-BASE,BLD-9102B6E8BF1ABFFC5F32,True
DEL-SYN-004883,ORD-SYN-003907,VEH-SYN-01,SOR-01,LOC-SYN-CUS-062,1,2026-07-19T01:51:00-04:00,2026-07-19T04:51:00-04:00,84.711,delivered,B2B-V1-BASE,BLD-9102B6E8BF1ABFFC5F32,True
DEL-SYN-004884,ORD-SYN-003908,VEH-SYN-02,SOR-01,LOC-SYN-CUS-138,1,2026-07-18T18:28:00-04:00,2026-07-18T21:28:00-04:00,93.584,delivered,B2B-V1-BASE,BLD-9102B6E8BF1ABFFC5F32,True
DEL-SYN-004885,ORD-SYN-003908,VEH-SYN-03,SOR-01,LOC-SYN-CUS-138,2,2026-07-19T04:28:00-04:00,2026-07-19T07:28:00-04:00,93.584,delivered_with_incident,B2B-V1-BASE,BLD-9102B6E8BF1ABFFC5F32,True
DEL-SYN-004886,ORD-SYN-003909,VEH-SYN-03,SOR-01,LOC-SYN-CUS-079,1,2026-07-18T05:33:00-04:00,2026-07-18T08:33:00-04:00,9.76,delivered,B2B-V1-BASE,BLD-9102B6E8BF1ABFFC5F32,True
DEL-SYN-004887,ORD-SYN-003910,VEH-SYN-04,SOR-01,LOC-SYN-CUS-049,1,2026-07-22T07:39:00-04:00,2026-07-22T10:39:00-04:00,13.054,delivered,B2B-V1-BASE,BLD-9102B6E8BF1ABFFC5F32,True
DEL-SYN-004888,ORD-SYN-003911,VEH-SYN-05,SOR-01,LOC-SYN-CUS-114,1,2026-07-19T07:57:00-04:00,2026-07-19T10:57:00-04:00,98.868,delivered,B2B-V1-BASE,BLD-9102B6E8BF1ABFFC5F32,True
DEL-SYN-004889,ORD-SYN-003912,VEH-SYN-06,SOR-01,LOC-SYN-CUS-001,1,2026-07-20T22:03:00-04:00,2026-07-21T01:03:00-04:00,6.513,delivered,B2B-V1-BASE,BLD-9102B6E8BF1ABFFC5F32,True
DEL-SYN-004890,ORD-SYN-003912,VEH-SYN-01,SOR-01,LOC-SYN-CUS-001,2,2026-07-21T08:03:00-04:00,2026-07-21T11:03:00-04:00,6.513,delivered,B2B-V1-BASE,BLD-9102B6E8BF1ABFFC5F32,True
DEL-SYN-004891,ORD-SYN-003913,VEH-SYN-01,SOR-01,LOC-SYN-CUS-068,1,2026-07-21T22:37:00-04:00,2026-07-22T01:37:00-04:00,103.344,delivered,B2B-V1-BASE,BLD-9102B6E8BF1ABFFC5F32,True
DEL-SYN-004892,ORD-SYN-003914,VEH-SYN-02,SOR-01,LOC-SYN-CUS-113,1,2026-07-21T09:24:00-04:00,2026-07-21T12:24:00-04:00,18.69,delivered,B2B-V1-BASE,BLD-9102B6E8BF1ABFFC5F32,True
DEL-SYN-004893,ORD-SYN-003915,VEH-SYN-03,SOR-01,LOC-SYN-CUS-118,1,2026-07-22T10:06:00-04:00,2026-07-22T13:06:00-04:00,89.411,delivered,B2B-V1-BASE,BLD-9102B6E8BF1ABFFC5F32,True
DEL-SYN-004894,ORD-SYN-003916,VEH-SYN-04,SOR-01,LOC-SYN-CUS-062,1,2026-07-19T17:39:00-04:00,2026-07-19T20:39:00-04:00,84.711,delivered,B2B-V1-BASE,BLD-9102B6E8BF1ABFFC5F32,True
DEL-SYN-004895,ORD-SYN-003916,VEH-SYN-05,SOR-01,LOC-SYN-CUS-062,2,2026-07-20T07:39:00-04:00,2026-07-20T10:39:00-04:00,84.711,delivered,B2B-V1-BASE,BLD-9102B6E8BF1ABFFC5F32,True
DEL-SYN-004896,ORD-SYN-003917,VEH-SYN-05,SOR-01,LOC-SYN-CUS-128,1,2026-07-22T12:17:00-04:00,2026-07-22T15:17:00-04:00,84.538,delivered,B2B-V1-BASE,BLD-9102B6E8BF1ABFFC5F32,True
DEL-SYN-004897,ORD-SYN-003918,VEH-SYN-06,SOR-01,LOC-SYN-CUS-037,1,2026-07-22T04:01:00-04:00,2026-07-22T07:01:00-04:00,1.869,delivered,B2B-V1-BASE,BLD-9102B6E8BF1ABFFC5F32,True
DEL-SYN-004898,ORD-SYN-003919,VEH-SYN-01,SOR-01,LOC-SYN-CUS-043,1,2026-07-20T05:01:00-04:00,2026-07-20T08:01:00-04:00,10.148,delivered,B2B-V1-BASE,BLD-9102B6E8BF1ABFFC5F32,True
DEL-SYN-004899,ORD-SYN-003920,VEH-SYN-02,SOR-01,LOC-SYN-CUS-101,1,2026-07-19T11:17:00-04:00,2026-07-19T14:17:00-04:00,8.729,delivered,B2B-V1-BASE,BLD-9102B6E8BF1ABFFC5F32,True
DEL-SYN-004900,ORD-SYN-003920,VEH-SYN-03,SOR-01,LOC-SYN-CUS-101,2,2026-07-20T01:17:00-04:00,2026-07-20T04:17:00-04:00,8.729,delivered,B2B-V1-BASE,BLD-9102B6E8BF1ABFFC5F32,True
DEL-SYN-004901,ORD-SYN-003921,VEH-SYN-03,SOR-01,LOC-SYN-CUS-036,1,2026-07-22T07:53:00-04:00,2026-07-22T10:53:00-04:00,96.208,delivered,B2B-V1-BASE,BLD-9102B6E8BF1ABFFC5F32,True
DEL-SYN-004902,ORD-SYN-003922,VEH-SYN-04,SOR-01,LOC-SYN-CUS-045,1,2026-07-20T09:42:00-04:00,2026-07-20T12:42:00-04:00,12.037,delivered,B2B-V1-BASE,BLD-9102B6E8BF1ABFFC5F32,True
DEL-SYN-004903,ORD-SYN-003923,VEH-SYN-05,SOR-01,LOC-SYN-CUS-118,1,2026-07-22T12:09:00-04:00,2026-07-22T15:09:00-04:00,89.411,delivered,B2B-V1-BASE,BLD-9102B6E8BF1ABFFC5F32,True
DEL-SYN-004904,ORD-SYN-003924,VEH-SYN-06,SOR-01,LOC-SYN-CUS-081,1,2026-07-22T02:59:00-04:00,2026-07-22T05:59:00-04:00,6.44,delivered,B2B-V1-BASE,BLD-9102B6E8BF1ABFFC5F32,True
DEL-SYN-004905,ORD-SYN-003924,VEH-SYN-01,SOR-01,LOC-SYN-CUS-081,2,2026-07-22T12:59:00-04:00,2026-07-22T15:59:00-04:00,6.44,delivered,B2B-V1-BASE,BLD-9102B6E8BF1ABFFC5F32,True
DEL-SYN-004906,ORD-SYN-003925,VEH-SYN-01,SOR-01,LOC-SYN-CUS-121,1,2026-07-24T03:00:00-04:00,2026-07-24T06:00:00-04:00,1.523,delivered,B2B-V1-BASE,BLD-9102B6E8BF1ABFFC5F32,True
DEL-SYN-004907,ORD-SYN-003926,VEH-SYN-02,SOR-01,LOC-SYN-CUS-058,1,2026-07-22T03:54:00-04:00,2026-07-22T06:54:00-04:00,98.394,delivered_with_incident,B2B-V1-BASE,BLD-9102B6E8BF1ABFFC5F32,True
DEL-SYN-004908,ORD-SYN-003927,VEH-SYN-03,SOR-01,LOC-SYN-CUS-017,1,2026-07-20T04:06:00-04:00,2026-07-20T07:06:00-04:00,7.536,delivered,B2B-V1-BASE,BLD-9102B6E8BF1ABFFC5F32,True
DEL-SYN-004909,ORD-SYN-003928,VEH-SYN-04,SOR-01,LOC-SYN-CUS-121,1,2026-07-20T10:40:00-04:00,2026-07-20T13:40:00-04:00,1.523,delivered,B2B-V1-BASE,BLD-9102B6E8BF1ABFFC5F32,True
DEL-SYN-004910,ORD-SYN-003928,VEH-SYN-05,SOR-01,LOC-SYN-CUS-121,2,2026-07-21T00:40:00-04:00,2026-07-21T03:40:00-04:00,1.523,delivered,B2B-V1-BASE,BLD-9102B6E8BF1ABFFC5F32,True
DEL-SYN-004911,ORD-SYN-003929,VEH-SYN-05,SOR-01,LOC-SYN-CUS-030,1,2026-07-21T05:27:00-04:00,2026-07-21T08:27:00-04:00,95.926,delivered,B2B-V1-BASE,BLD-9102B6E8BF1ABFFC5F32,True
DEL-SYN-004912,ORD-SYN-003930,VEH-SYN-06,SOR-01,LOC-SYN-CUS-081,1,2026-07-21T05:40:00-04:00,2026-07-21T08:40:00-04:00,6.44,delivered,B2B-V1-BASE,BLD-9102B6E8BF1ABFFC5F32,True
DEL-SYN-004913,ORD-SYN-003931,VEH-SYN-01,SOR-01,LOC-SYN-CUS-001,1,2026-07-22T05:41:00-04:00,2026-07-22T08:41:00-04:00,6.513,delivered,B2B-V1-BASE,BLD-9102B6E8BF1ABFFC5F32,True
DEL-SYN-004914,ORD-SYN-003932,VEH-SYN-02,SOR-01,LOC-SYN-CUS-006,1,2026-07-23T21:47:00-04:00,2026-07-24T00:47:00-04:00,102.381,delivered,B2B-V1-BASE,BLD-9102B6E8BF1ABFFC5F32,True
DEL-SYN-004915,ORD-SYN-003932,VEH-SYN-03,SOR-01,LOC-SYN-CUS-006,2,2026-07-24T07:47:00-04:00,2026-07-24T10:47:00-04:00,102.381,delivered,B2B-V1-BASE,BLD-9102B6E8BF1ABFFC5F32,True
DEL-SYN-004916,ORD-SYN-003933,VEH-SYN-03,SOR-01,LOC-SYN-CUS-125,1,2026-07-22T08:09:00-04:00,2026-07-22T11:09:00-04:00,11.651,delivered,B2B-V1-BASE,BLD-9102B6E8BF1ABFFC5F32,True
DEL-SYN-004917,ORD-SYN-003934,VEH-SYN-04,SOR-01,LOC-SYN-CUS-133,1,2026-07-21T09:37:00-04:00,2026-07-21T12:37:00-04:00,15.316,delivered,B2B-V1-BASE,BLD-9102B6E8BF1ABFFC5F32,True
DEL-SYN-004918,ORD-SYN-003935,VEH-SYN-05,SOR-01,LOC-SYN-CUS-142,1,2026-07-21T00:46:00-04:00,2026-07-21T03:46:00-04:00,96.727,delivered,B2B-V1-BASE,BLD-9102B6E8BF1ABFFC5F32,True
DEL-SYN-004919,ORD-SYN-003936,VEH-SYN-06,SOR-01,LOC-SYN-CUS-028,1,2026-07-24T01:21:00-04:00,2026-07-24T04:21:00-04:00,103.781,delivered,B2B-V1-BASE,BLD-9102B6E8BF1ABFFC5F32,True
DEL-SYN-004920,ORD-SYN-003936,VEH-SYN-01,SOR-01,LOC-SYN-CUS-028,2,2026-07-24T11:21:00-04:00,2026-07-24T14:21:00-04:00,103.781,delivered,B2B-V1-BASE,BLD-9102B6E8BF1ABFFC5F32,True
DEL-SYN-004921,ORD-SYN-003937,VEH-SYN-01,SOR-01,LOC-SYN-CUS-033,1,2026-07-22T11:31:00-04:00,2026-07-22T14:31:00-04:00,13.637,delivered,B2B-V1-BASE,BLD-9102B6E8BF1ABFFC5F32,True
DEL-SYN-004922,ORD-SYN-003938,VEH-SYN-02,SOR-01,LOC-SYN-CUS-012,1,2026-07-24T12:55:00-04:00,2026-07-24T15:55:00-04:00,93.694,delivered,B2B-V1-BASE,BLD-9102B6E8BF1ABFFC5F32,True
DEL-SYN-004923,ORD-SYN-003939,VEH-SYN-03,SOR-01,LOC-SYN-CUS-139,1,2026-07-23T17:03:00-04:00,2026-07-23T20:03:00-04:00,20.414,delivered,B2B-V1-BASE,BLD-9102B6E8BF1ABFFC5F32,True
DEL-SYN-004924,ORD-SYN-003940,VEH-SYN-04,SOR-01,LOC-SYN-CUS-122,1,2026-07-23T17:50:00-04:00,2026-07-23T20:50:00-04:00,107.646,delivered,B2B-V1-BASE,BLD-9102B6E8BF1ABFFC5F32,True
DEL-SYN-004925,ORD-SYN-003940,VEH-SYN-05,SOR-01,LOC-SYN-CUS-122,2,2026-07-24T03:50:00-04:00,2026-07-24T06:50:00-04:00,107.646,delivered,B2B-V1-BASE,BLD-9102B6E8BF1ABFFC5F32,True
DEL-SYN-004926,ORD-SYN-003941,VEH-SYN-05,SOR-01,LOC-SYN-CUS-014,1,2026-07-22T04:49:00-04:00,2026-07-22T07:49:00-04:00,98.171,delivered,B2B-V1-BASE,BLD-9102B6E8BF1ABFFC5F32,True
DEL-SYN-004927,ORD-SYN-003942,VEH-SYN-06,SOR-01,LOC-SYN-CUS-068,1,2026-07-22T05:32:00-04:00,2026-07-22T08:32:00-04:00,103.344,delivered,B2B-V1-BASE,BLD-9102B6E8BF1ABFFC5F32,True
DEL-SYN-004928,ORD-SYN-003943,VEH-SYN-01,SOR-01,LOC-SYN-CUS-081,1,2026-07-25T20:13:00-04:00,2026-07-25T23:13:00-04:00,6.44,delivered,B2B-V1-BASE,BLD-9102B6E8BF1ABFFC5F32,True
DEL-SYN-004929,ORD-SYN-003944,VEH-SYN-02,SOR-01,LOC-SYN-CUS-133,1,2026-07-23T22:13:00-04:00,2026-07-24T01:13:00-04:00,15.316,delivered,B2B-V1-BASE,BLD-9102B6E8BF1ABFFC5F32,True
DEL-SYN-004930,ORD-SYN-003944,VEH-SYN-03,SOR-01,LOC-SYN-CUS-133,2,2026-07-24T08:13:00-04:00,2026-07-24T11:13:00-04:00,15.316,delivered,B2B-V1-BASE,BLD-9102B6E8BF1ABFFC5F32,True
DEL-SYN-004931,ORD-SYN-003945,VEH-SYN-03,SOR-01,LOC-SYN-CUS-092,1,2026-07-24T08:19:00-04:00,2026-07-24T11:19:00-04:00,97.21,delivered,B2B-V1-BASE,BLD-9102B6E8BF1ABFFC5F32,True
DEL-SYN-004932,ORD-SYN-003946,VEH-SYN-04,SOR-01,LOC-SYN-CUS-023,1,2026-07-22T09:22:00-04:00,2026-07-22T12:22:00-04:00,12.238,delivered,B2B-V1-BASE,BLD-9102B6E8BF1ABFFC5F32,True
DEL-SYN-004933,ORD-SYN-003947,VEH-SYN-05,SOR-01,LOC-SYN-CUS-034,1,2026-07-23T10:21:00-04:00,2026-07-23T13:21:00-04:00,92.375,delivered,B2B-V1-BASE,BLD-9102B6E8BF1ABFFC5F32,True
DEL-SYN-004934,ORD-SYN-003948,VEH-SYN-06,SOR-01,LOC-SYN-CUS-114,1,2026-07-23T01:08:00-04:00,2026-07-23T04:08:00-04:00,98.868,delivered,B2B-V1-BASE,BLD-9102B6E8BF1ABFFC5F32,True
DEL-SYN-004935,ORD-SYN-003948,VEH-SYN-01,SOR-01,LOC-SYN-CUS-114,2,2026-07-23T11:08:00-04:00,2026-07-23T14:08:00-04:00,98.868,delivered,B2B-V1-BASE,BLD-9102B6E8BF1ABFFC5F32,True
DEL-SYN-004936,ORD-SYN-003949,VEH-SYN-01,SOR-01,LOC-SYN-CUS-146,1,2026-07-25T12:02:00-04:00,2026-07-25T15:02:00-04:00,99.257,delivered,B2B-V1-BASE,BLD-9102B6E8BF1ABFFC5F32,True
DEL-SYN-004937,ORD-SYN-003950,VEH-SYN-02,SOR-01,LOC-SYN-CUS-103,1,2026-07-22T20:15:00-04:00,2026-07-22T23:15:00-04:00,8.326,delivered,B2B-V1-BASE,BLD-9102B6E8BF1ABFFC5F32,True
DEL-SYN-004938,ORD-SYN-003951,VEH-SYN-03,SOR-01,LOC-SYN-CUS-040,1,2026-07-23T08:59:00-04:00,2026-07-23T11:59:00-04:00,104.509,delivered,B2B-V1-BASE,BLD-9102B6E8BF1ABFFC5F32,True
DEL-SYN-004939,ORD-SYN-003952,VEH-SYN-04,SOR-01,LOC-SYN-CUS-145,1,2026-07-22T16:28:00-04:00,2026-07-22T19:28:00-04:00,9.581,delivered,B2B-V1-BASE,BLD-9102B6E8BF1ABFFC5F32,True
DEL-SYN-004940,ORD-SYN-003952,VEH-SYN-05,SOR-01,LOC-SYN-CUS-145,2,2026-07-23T06:28:00-04:00,2026-07-23T09:28:00-04:00,9.581,delivered,B2B-V1-BASE,BLD-9102B6E8BF1ABFFC5F32,True
DEL-SYN-004941,ORD-SYN-003953,VEH-SYN-05,SOR-01,LOC-SYN-CUS-082,1,2026-07-26T11:02:00-04:00,2026-07-26T14:02:00-04:00,95.328,delivered,B2B-V1-BASE,BLD-9102B6E8BF1ABFFC5F32,True
DEL-SYN-004942,ORD-SYN-003954,VEH-SYN-06,SOR-01,LOC-SYN-CUS-002,1,2026-07-24T11:18:00-04:00,2026-07-24T14:18:00-04:00,87.443,delivered,B2B-V1-BASE,BLD-9102B6E8BF1ABFFC5F32,True
DEL-SYN-004943,ORD-SYN-003955,VEH-SYN-01,SOR-01,LOC-SYN-CUS-105,1,2026-07-25T12:08:00-04:00,2026-07-25T15:08:00-04:00,13.533,delivered,B2B-V1-BASE,BLD-9102B6E8BF1ABFFC5F32,True
DEL-SYN-004944,ORD-SYN-003956,VEH-SYN-02,SOR-01,LOC-SYN-CUS-010,1,2026-07-26T02:56:00-04:00,2026-07-26T05:56:00-04:00,98.174,delivered,B2B-V1-BASE,BLD-9102B6E8BF1ABFFC5F32,True
DEL-SYN-004945,ORD-SYN-003956,VEH-SYN-03,SOR-01,LOC-SYN-CUS-010,2,2026-07-26T12:56:00-04:00,2026-07-26T15:56:00-04:00,98.174,delivered,B2B-V1-BASE,BLD-9102B6E8BF1ABFFC5F32,True
DEL-SYN-004946,ORD-SYN-003957,VEH-SYN-03,SOR-01,LOC-SYN-CUS-082,1,2026-07-27T04:56:00-04:00,2026-07-27T07:56:00-04:00,95.328,delivered,B2B-V1-BASE,BLD-9102B6E8BF1ABFFC5F32,True
DEL-SYN-004947,ORD-SYN-003958,VEH-SYN-04,SOR-01,LOC-SYN-CUS-117,1,2026-07-23T06:05:00-04:00,2026-07-23T09:05:00-04:00,14.483,delivered,B2B-V1-BASE,BLD-9102B6E8BF1ABFFC5F32,True
DEL-SYN-004948,ORD-SYN-003959,VEH-SYN-05,SOR-01,LOC-SYN-CUS-005,1,2026-07-23T06:36:00-04:00,2026-07-23T09:36:00-04:00,9.779,delivered,B2B-V1-BASE,BLD-9102B6E8BF1ABFFC5F32,True
DEL-SYN-004949,ORD-SYN-003960,VEH-SYN-06,SOR-01,LOC-SYN-CUS-051,1,2026-07-24T21:25:00-04:00,2026-07-25T00:25:00-04:00,8.518,delivered,B2B-V1-BASE,BLD-9102B6E8BF1ABFFC5F32,True
DEL-SYN-004950,ORD-SYN-003960,VEH-SYN-01,SOR-01,LOC-SYN-CUS-051,2,2026-07-25T07:25:00-04:00,2026-07-25T10:25:00-04:00,8.518,delivered,B2B-V1-BASE,BLD-9102B6E8BF1ABFFC5F32,True
DEL-SYN-004951,ORD-SYN-003961,VEH-SYN-01,SOR-01,LOC-SYN-CUS-029,1,2026-07-24T08:07:00-04:00,2026-07-24T11:07:00-04:00,8.682,delivered,B2B-V1-BASE,BLD-9102B6E8BF1ABFFC5F32,True
DEL-SYN-004952,ORD-SYN-003962,VEH-SYN-02,SOR-01,LOC-SYN-CUS-054,1,2026-07-24T08:37:00-04:00,2026-07-24T11:37:00-04:00,92.335,delivered,B2B-V1-BASE,BLD-9102B6E8BF1ABFFC5F32,True
DEL-SYN-004953,ORD-SYN-003963,VEH-SYN-03,SOR-01,LOC-SYN-CUS-022,1,2026-07-24T23:23:00-04:00,2026-07-25T02:23:00-04:00,97.576,delivered,B2B-V1-BASE,BLD-9102B6E8BF1ABFFC5F32,True
DEL-SYN-004954,ORD-SYN-003964,VEH-SYN-04,SOR-01,LOC-SYN-CUS-009,1,2026-07-22T23:50:00-04:00,2026-07-23T02:50:00-04:00,14.093,delivered,B2B-V1-BASE,BLD-9102B6E8BF1ABFFC5F32,True
DEL-SYN-004955,ORD-SYN-003964,VEH-SYN-05,SOR-01,LOC-SYN-CUS-009,2,2026-07-23T09:50:00-04:00,2026-07-23T12:50:00-04:00,14.093,delivered,B2B-V1-BASE,BLD-9102B6E8BF1ABFFC5F32,True
DEL-SYN-004956,ORD-SYN-003965,VEH-SYN-05,SOR-01,LOC-SYN-CUS-122,1,2026-07-25T10:09:00-04:00,2026-07-25T13:09:00-04:00,107.646,delivered,B2B-V1-BASE,BLD-9102B6E8BF1ABFFC5F32,True
DEL-SYN-004957,ORD-SYN-003966,VEH-SYN-06,SOR-01,LOC-SYN-CUS-082,1,2026-07-26T00:23:00-04:00,2026-07-26T03:23:00-04:00,95.328,delivered,B2B-V1-BASE,BLD-9102B6E8BF1ABFFC5F32,True
DEL-SYN-004958,ORD-SYN-003967,VEH-SYN-01,SOR-01,LOC-SYN-CUS-006,1,2026-07-24T12:32:00-04:00,2026-07-24T15:32:00-04:00,102.381,delivered,B2B-V1-BASE,BLD-9102B6E8BF1ABFFC5F32,True
DEL-SYN-004959,ORD-SYN-003968,VEH-SYN-02,SOR-01,LOC-SYN-CUS-041,1,2026-07-25T02:58:00-04:00,2026-07-25T05:58:00-04:00,16.45,delivered,B2B-V1-BASE,BLD-9102B6E8BF1ABFFC5F32,True
DEL-SYN-004960,ORD-SYN-003968,VEH-SYN-03,SOR-01,LOC-SYN-CUS-041,2,2026-07-25T12:58:00-04:00,2026-07-25T15:58:00-04:00,16.45,delivered,B2B-V1-BASE,BLD-9102B6E8BF1ABFFC5F32,True
DEL-SYN-004961,ORD-SYN-003969,VEH-SYN-03,SOR-01,LOC-SYN-CUS-059,1,2026-07-25T17:36:00-04:00,2026-07-25T20:36:00-04:00,13.382,delivered,B2B-V1-BASE,BLD-9102B6E8BF1ABFFC5F32,True
DEL-SYN-004962,ORD-SYN-003970,VEH-SYN-04,SOR-01,LOC-SYN-CUS-132,1,2026-07-28T05:07:00-04:00,2026-07-28T08:07:00-04:00,97.514,delivered,B2B-V1-BASE,BLD-9102B6E8BF1ABFFC5F32,True
DEL-SYN-004963,ORD-SYN-003971,VEH-SYN-05,SOR-01,LOC-SYN-CUS-009,1,2026-07-24T20:18:00-04:00,2026-07-24T23:18:00-04:00,14.093,delivered,B2B-V1-BASE,BLD-9102B6E8BF1ABFFC5F32,True
DEL-SYN-004964,ORD-SYN-003972,VEH-SYN-06,SOR-01,LOC-SYN-CUS-086,1,2026-07-24T21:14:00-04:00,2026-07-25T00:14:00-04:00,100.855,delivered,B2B-V1-BASE,BLD-9102B6E8BF1ABFFC5F32,True
DEL-SYN-004965,ORD-SYN-003972,VEH-SYN-01,SOR-01,LOC-SYN-CUS-086,2,2026-07-25T07:14:00-04:00,2026-07-25T10:14:00-04:00,100.855,delivered,B2B-V1-BASE,BLD-9102B6E8BF1ABFFC5F32,True
DEL-SYN-004966,ORD-SYN-003973,VEH-SYN-01,SOR-01,LOC-SYN-CUS-130,1,2026-07-28T07:38:00-04:00,2026-07-28T10:38:00-04:00,92.017,delivered,B2B-V1-BASE,BLD-9102B6E8BF1ABFFC5F32,True
DEL-SYN-004967,ORD-SYN-003974,VEH-SYN-02,SOR-01,LOC-SYN-CUS-107,1,2026-07-26T08:17:00-04:00,2026-07-26T11:17:00-04:00,15.357,delivered,B2B-V1-BASE,BLD-9102B6E8BF1ABFFC5F32,True
DEL-SYN-004968,ORD-SYN-003975,VEH-SYN-03,SOR-01,LOC-SYN-CUS-037,1,2026-07-27T09:22:00-04:00,2026-07-27T12:22:00-04:00,1.869,delivered,B2B-V1-BASE,BLD-9102B6E8BF1ABFFC5F32,True
DEL-SYN-004969,ORD-SYN-003976,VEH-SYN-04,SOR-01,LOC-SYN-CUS-061,1,2026-07-24T02:32:00-04:00,2026-07-24T05:32:00-04:00,12.904,delivered_with_incident,B2B-V1-BASE,BLD-9102B6E8BF1ABFFC5F32,True
DEL-SYN-004970,ORD-SYN-003976,VEH-SYN-05,SOR-01,LOC-SYN-CUS-061,2,2026-07-24T12:32:00-04:00,2026-07-24T15:32:00-04:00,12.904,delivered,B2B-V1-BASE,BLD-9102B6E8BF1ABFFC5F32,True
DEL-SYN-004971,ORD-SYN-003977,VEH-SYN-05,SOR-01,LOC-SYN-CUS-056,1,2026-07-28T03:31:00-04:00,2026-07-28T06:31:00-04:00,107.19,delivered_with_incident,B2B-V1-BASE,BLD-9102B6E8BF1ABFFC5F32,True
DEL-SYN-004972,ORD-SYN-003978,VEH-SYN-06,SOR-01,LOC-SYN-CUS-098,1,2026-07-28T04:24:00-04:00,2026-07-28T07:24:00-04:00,100.419,delivered,B2B-V1-BASE,BLD-9102B6E8BF1ABFFC5F32,True
DEL-SYN-004973,ORD-SYN-003979,VEH-SYN-01,SOR-01,LOC-SYN-CUS-119,1,2026-07-29T05:37:00-04:00,2026-07-29T08:37:00-04:00,15.599,delivered,B2B-V1-BASE,BLD-9102B6E8BF1ABFFC5F32,True
DEL-SYN-004974,ORD-SYN-003980,VEH-SYN-02,SOR-01,LOC-SYN-CUS-088,1,2026-07-28T19:43:00-04:00,2026-07-28T22:43:00-04:00,103.178,delivered,B2B-V1-BASE,BLD-9102B6E8BF1ABFFC5F32,True
DEL-SYN-004975,ORD-SYN-003980,VEH-SYN-03,SOR-01,LOC-SYN-CUS-088,2,2026-07-29T05:43:00-04:00,2026-07-29T08:43:00-04:00,103.178,delivered,B2B-V1-BASE,BLD-9102B6E8BF1ABFFC5F32,True
DEL-SYN-004976,ORD-SYN-003981,VEH-SYN-03,SOR-01,LOC-SYN-CUS-042,1,2026-07-25T06:08:00-04:00,2026-07-25T09:08:00-04:00,96.283,delivered,B2B-V1-BASE,BLD-9102B6E8BF1ABFFC5F32,True
DEL-SYN-004977,ORD-SYN-003982,VEH-SYN-04,SOR-01,LOC-SYN-CUS-034,1,2026-07-28T21:43:00-04:00,2026-07-29T00:43:00-04:00,92.375,delivered,B2B-V1-BASE,BLD-9102B6E8BF1ABFFC5F32,True
DEL-SYN-004978,ORD-SYN-003983,VEH-SYN-05,SOR-01,LOC-SYN-CUS-053,1,2026-07-26T09:46:00-04:00,2026-07-26T12:46:00-04:00,11.138,delivered,B2B-V1-BASE,BLD-9102B6E8BF1ABFFC5F32,True
DEL-SYN-004979,ORD-SYN-003984,VEH-SYN-06,SOR-01,LOC-SYN-CUS-038,1,2026-07-27T00:40:00-04:00,2026-07-27T03:40:00-04:00,91.614,delivered,B2B-V1-BASE,BLD-9102B6E8BF1ABFFC5F32,True
DEL-SYN-004980,ORD-SYN-003984,VEH-SYN-01,SOR-01,LOC-SYN-CUS-038,2,2026-07-27T10:40:00-04:00,2026-07-27T13:40:00-04:00,91.614,delivered,B2B-V1-BASE,BLD-9102B6E8BF1ABFFC5F32,True
DEL-SYN-004981,ORD-SYN-003985,VEH-SYN-01,SOR-01,LOC-SYN-CUS-038,1,2026-07-27T10:44:00-04:00,2026-07-27T13:44:00-04:00,91.614,delivered,B2B-V1-BASE,BLD-9102B6E8BF1ABFFC5F32,True
DEL-SYN-004982,ORD-SYN-003986,VEH-SYN-02,SOR-01,LOC-SYN-CUS-117,1,2026-07-26T01:13:00-04:00,2026-07-26T04:13:00-04:00,14.483,delivered,B2B-V1-BASE,BLD-9102B6E8BF1ABFFC5F32,True
DEL-SYN-004983,ORD-SYN-003987,VEH-SYN-03,SOR-01,LOC-SYN-CUS-097,1,2026-07-29T12:20:00-04:00,2026-07-29T15:20:00-04:00,10.67,delivered,B2B-V1-BASE,BLD-9102B6E8BF1ABFFC5F32,True
DEL-SYN-004984,ORD-SYN-003988,VEH-SYN-04,SOR-01,LOC-SYN-CUS-061,1,2026-07-26T02:27:00-04:00,2026-07-26T05:27:00-04:00,12.904,delivered,B2B-V1-BASE,BLD-9102B6E8BF1ABFFC5F32,True
DEL-SYN-004985,ORD-SYN-003988,VEH-SYN-05,SOR-01,LOC-SYN-CUS-061,2,2026-07-26T12:27:00-04:00,2026-07-26T15:27:00-04:00,12.904,delivered,B2B-V1-BASE,BLD-9102B6E8BF1ABFFC5F32,True
DEL-SYN-004986,ORD-SYN-003989,VEH-SYN-05,SOR-01,LOC-SYN-CUS-005,1,2026-07-30T03:27:00-04:00,2026-07-30T06:27:00-04:00,9.779,delivered,B2B-V1-BASE,BLD-9102B6E8BF1ABFFC5F32,True
DEL-SYN-004987,ORD-SYN-003990,VEH-SYN-06,SOR-01,LOC-SYN-CUS-109,1,2026-07-27T03:50:00-04:00,2026-07-27T06:50:00-04:00,15.631,delivered,B2B-V1-BASE,BLD-9102B6E8BF1ABFFC5F32,True
DEL-SYN-004988,ORD-SYN-003991,VEH-SYN-01,SOR-01,LOC-SYN-CUS-061,1,2026-07-29T04:21:00-04:00,2026-07-29T07:21:00-04:00,12.904,delivered,B2B-V1-BASE,BLD-9102B6E8BF1ABFFC5F32,True
DEL-SYN-004989,ORD-SYN-003992,VEH-SYN-02,SOR-01,LOC-SYN-CUS-133,1,2026-07-25T22:07:00-04:00,2026-07-26T01:07:00-04:00,15.316,delivered,B2B-V1-BASE,BLD-9102B6E8BF1ABFFC5F32,True
DEL-SYN-004990,ORD-SYN-003992,VEH-SYN-03,SOR-01,LOC-SYN-CUS-133,2,2026-07-26T08:07:00-04:00,2026-07-26T11:07:00-04:00,15.316,delivered,B2B-V1-BASE,BLD-9102B6E8BF1ABFFC5F32,True
DEL-SYN-004991,ORD-SYN-003993,VEH-SYN-03,SOR-01,LOC-SYN-CUS-086,1,2026-07-29T08:16:00-04:00,2026-07-29T11:16:00-04:00,100.855,delivered,B2B-V1-BASE,BLD-9102B6E8BF1ABFFC5F32,True
DEL-SYN-004992,ORD-SYN-003994,VEH-SYN-04,SOR-01,LOC-SYN-CUS-001,1,2026-07-27T00:10:00-04:00,2026-07-27T03:10:00-04:00,6.513,delivered,B2B-V1-BASE,BLD-9102B6E8BF1ABFFC5F32,True
DEL-SYN-004993,ORD-SYN-003995,VEH-SYN-05,SOR-01,LOC-SYN-CUS-106,1,2026-07-27T11:12:00-04:00,2026-07-27T14:12:00-04:00,97.3,delivered,B2B-V1-BASE,BLD-9102B6E8BF1ABFFC5F32,True
DEL-SYN-004994,ORD-SYN-003996,VEH-SYN-06,SOR-01,LOC-SYN-CUS-045,1,2026-07-27T02:04:00-04:00,2026-07-27T05:04:00-04:00,12.037,delivered,B2B-V1-BASE,BLD-9102B6E8BF1ABFFC5F32,True
DEL-SYN-004995,ORD-SYN-003996,VEH-SYN-01,SOR-01,LOC-SYN-CUS-045,2,2026-07-27T12:04:00-04:00,2026-07-27T15:04:00-04:00,12.037,delivered,B2B-V1-BASE,BLD-9102B6E8BF1ABFFC5F32,True
DEL-SYN-004996,ORD-SYN-003997,VEH-SYN-01,SOR-01,LOC-SYN-CUS-106,1,2026-07-30T12:37:00-04:00,2026-07-30T15:37:00-04:00,97.3,delivered,B2B-V1-BASE,BLD-9102B6E8BF1ABFFC5F32,True
DEL-SYN-004997,ORD-SYN-003998,VEH-SYN-02,SOR-01,LOC-SYN-CUS-022,1,2026-07-30T04:53:00-04:00,2026-07-30T07:53:00-04:00,97.576,delivered,B2B-V1-BASE,BLD-9102B6E8BF1ABFFC5F32,True
DEL-SYN-004998,ORD-SYN-003999,VEH-SYN-03,SOR-01,LOC-SYN-CUS-086,1,2026-07-27T21:01:00-04:00,2026-07-28T00:01:00-04:00,100.855,delivered,B2B-V1-BASE,BLD-9102B6E8BF1ABFFC5F32,True
DEL-SYN-004999,ORD-SYN-004000,VEH-SYN-04,SOR-01,LOC-SYN-CUS-129,1,2026-07-29T21:45:00-04:00,2026-07-30T00:45:00-04:00,10.44,delivered,B2B-V1-BASE,BLD-9102B6E8BF1ABFFC5F32,True
DEL-SYN-005000,ORD-SYN-004000,VEH-SYN-05,SOR-01,LOC-SYN-CUS-129,2,2026-07-30T07:45:00-04:00,2026-07-30T10:45:00-04:00,10.44,delivered,B2B-V1-BASE,BLD-9102B6E8BF1ABFFC5F32,True
