order_id,customer_id,order_datetime,requested_delivery_datetime,promised_delivery_datetime,order_status,scenario_id,dataset_build_id,is_synthetic
ORD-SYN-000001,CUS-SYN-069,2025-08-01T08:18:00-04:00,2025-08-07T08:18:00-04:00,2025-08-07T08:18:00-04:00,partially_fulfilled,B2B-V1-BASE,BLD-9102B6E8BF1ABFFC5F32,True
ORD-SYN-000002,CUS-SYN-133,2025-08-01T08:26:00-04:00,2025-08-02T08:26:00-04:00,2025-08-04T08:26:00-04:00,fulfilled,B2B-V1-BASE,BLD-9102B6E8BF1ABFFC5F32,True
ORD-SYN-000003,CUS-SYN-006,2025-08-01T09:58:00-04:00,2025-08-03T09:58:00-04:00,2025-08-07T09:58:00-04:00,fulfilled,B2B-V1-BASE,BLD-9102B6E8BF1ABFFC5F32,True
ORD-SYN-000004,CUS-SYN-110,2025-08-01T11:09:00-04:00,2025-08-03T11:09:00-04:00,2025-08-03T11:09:00-04:00,fulfilled,B2B-V1-BASE,BLD-9102B6E8BF1ABFFC5F32,True
ORD-SYN-000005,CUS-SYN-107,2025-08-01T11:20:00-04:00,2025-08-06T11:20:00-04:00,2025-08-07T11:20:00-04:00,fulfilled,B2B-V1-BASE,BLD-9102B6E8BF1ABFFC5F32,True
ORD-SYN-000006,CUS-SYN-094,2025-08-01T11:39:00-04:00,2025-08-02T11:39:00-04:00,2025-08-06T11:39:00-04:00,fulfilled,B2B-V1-BASE,BLD-9102B6E8BF1ABFFC5F32,True
ORD-SYN-000007,CUS-SYN-140,2025-08-01T13:37:00-04:00,,2025-08-07T13:37:00-04:00,fulfilled,B2B-V1-BASE,BLD-9102B6E8BF1ABFFC5F32,True
ORD-SYN-000008,CUS-SYN-062,2025-08-01T13:48:00-04:00,2025-08-03T13:48:00-04:00,2025-08-05T13:48:00-04:00,fulfilled,B2B-V1-BASE,BLD-9102B6E8BF1ABFFC5F32,True
ORD-SYN-000009,CUS-SYN-141,2025-08-01T14:16:00-04:00,2025-08-02T14:16:00-04:00,2025-08-06T14:16:00-04:00,fulfilled,B2B-V1-BASE,BLD-9102B6E8BF1ABFFC5F32,True
ORD-SYN-000010,CUS-SYN-033,2025-08-01T14:55:00-04:00,2025-08-03T14:55:00-04:00,2025-08-07T14:55:00-04:00,fulfilled,B2B-V1-BASE,BLD-9102B6E8BF1ABFFC5F32,True
ORD-SYN-000011,CUS-SYN-129,2025-08-01T15:04:00-04:00,2025-08-04T15:04:00-04:00,2025-08-07T15:04:00-04:00,fulfilled,B2B-V1-BASE,BLD-9102B6E8BF1ABFFC5F32,True
ORD-SYN-000012,CUS-SYN-093,2025-08-01T16:03:00-04:00,2025-08-02T16:03:00-04:00,2025-08-03T16:03:00-04:00,fulfilled,B2B-V1-BASE,BLD-9102B6E8BF1ABFFC5F32,True
ORD-SYN-000013,CUS-SYN-001,2025-08-01T17:05:00-04:00,2025-08-02T17:05:00-04:00,2025-08-05T17:05:00-04:00,fulfilled,B2B-V1-BASE,BLD-9102B6E8BF1ABFFC5F32,True
ORD-SYN-000014,CUS-SYN-129,2025-08-02T08:14:00-04:00,2025-08-05T08:14:00-04:00,2025-08-05T08:14:00-04:00,fulfilled,B2B-V1-BASE,BLD-9102B6E8BF1ABFFC5F32,True
ORD-SYN-000015,CUS-SYN-073,2025-08-02T09:14:00-04:00,2025-08-04T09:14:00-04:00,2025-08-07T09:14:00-04:00,fulfilled,B2B-V1-BASE,BLD-9102B6E8BF1ABFFC5F32,True
ORD-SYN-000016,CUS-SYN-014,2025-08-02T09:26:00-04:00,2025-08-05T09:26:00-04:00,2025-08-08T09:26:00-04:00,partially_fulfilled,B2B-V1-BASE,BLD-9102B6E8BF1ABFFC5F32,True
ORD-SYN-000017,CUS-SYN-115,2025-08-02T09:35:00-04:00,2025-08-04T09:35:00-04:00,2025-08-06T09:35:00-04:00,fulfilled,B2B-V1-BASE,BLD-9102B6E8BF1ABFFC5F32,True
ORD-SYN-000018,CUS-SYN-037,2025-08-02T11:08:00-04:00,,2025-08-08T11:08:00-04:00,partially_fulfilled,B2B-V1-BASE,BLD-9102B6E8BF1ABFFC5F32,True
ORD-SYN-000019,CUS-SYN-018,2025-08-02T11:42:00-04:00,2025-08-08T11:42:00-04:00,2025-08-08T11:42:00-04:00,fulfilled,B2B-V1-BASE,BLD-9102B6E8BF1ABFFC5F32,True
ORD-SYN-000020,CUS-SYN-072,2025-08-02T12:01:00-04:00,2025-08-07T12:01:00-04:00,2025-08-08T12:01:00-04:00,fulfilled,B2B-V1-BASE,BLD-9102B6E8BF1ABFFC5F32,True
ORD-SYN-000021,CUS-SYN-049,2025-08-02T13:48:00-04:00,2025-08-04T13:48:00-04:00,2025-08-05T13:48:00-04:00,fulfilled,B2B-V1-BASE,BLD-9102B6E8BF1ABFFC5F32,True
ORD-SYN-000022,CUS-SYN-121,2025-08-02T14:38:00-04:00,2025-08-03T14:38:00-04:00,2025-08-04T14:38:00-04:00,partially_fulfilled,B2B-V1-BASE,BLD-9102B6E8BF1ABFFC5F32,True
ORD-SYN-000023,CUS-SYN-109,2025-08-02T16:14:00-04:00,2025-08-03T16:14:00-04:00,2025-08-04T16:14:00-04:00,fulfilled,B2B-V1-BASE,BLD-9102B6E8BF1ABFFC5F32,True
ORD-SYN-000024,CUS-SYN-093,2025-08-02T16:34:00-04:00,2025-08-08T16:34:00-04:00,2025-08-08T16:34:00-04:00,partially_fulfilled,B2B-V1-BASE,BLD-9102B6E8BF1ABFFC5F32,True
ORD-SYN-000025,CUS-SYN-147,2025-08-02T17:27:00-04:00,2025-08-08T17:27:00-04:00,2025-08-08T17:27:00-04:00,fulfilled,B2B-V1-BASE,BLD-9102B6E8BF1ABFFC5F32,True
ORD-SYN-000026,CUS-SYN-010,2025-08-02T17:40:00-04:00,,2025-08-05T17:40:00-04:00,partially_fulfilled,B2B-V1-BASE,BLD-9102B6E8BF1ABFFC5F32,True
ORD-SYN-000027,CUS-SYN-126,2025-08-02T17:58:00-04:00,2025-08-08T17:58:00-04:00,2025-08-08T17:58:00-04:00,fulfilled,B2B-V1-BASE,BLD-9102B6E8BF1ABFFC5F32,True
ORD-SYN-000028,CUS-SYN-005,2025-08-02T17:59:00-04:00,2025-08-03T17:59:00-04:00,2025-08-06T17:59:00-04:00,fulfilled,B2B-V1-BASE,BLD-9102B6E8BF1ABFFC5F32,True
ORD-SYN-000029,CUS-SYN-006,2025-08-03T08:18:00-04:00,2025-08-05T08:18:00-04:00,2025-08-05T08:18:00-04:00,fulfilled,B2B-V1-BASE,BLD-9102B6E8BF1ABFFC5F32,True
ORD-SYN-000030,CUS-SYN-138,2025-08-03T08:36:00-04:00,2025-08-06T08:36:00-04:00,2025-08-06T08:36:00-04:00,partially_fulfilled,B2B-V1-BASE,BLD-9102B6E8BF1ABFFC5F32,True
ORD-SYN-000031,CUS-SYN-090,2025-08-03T08:58:00-04:00,2025-08-05T08:58:00-04:00,2025-08-06T08:58:00-04:00,fulfilled,B2B-V1-BASE,BLD-9102B6E8BF1ABFFC5F32,True
ORD-SYN-000032,CUS-SYN-064,2025-08-03T11:35:00-04:00,2025-08-05T11:35:00-04:00,2025-08-05T11:35:00-04:00,fulfilled,B2B-V1-BASE,BLD-9102B6E8BF1ABFFC5F32,True
ORD-SYN-000033,CUS-SYN-024,2025-08-03T11:37:00-04:00,,2025-08-07T11:37:00-04:00,fulfilled,B2B-V1-BASE,BLD-9102B6E8BF1ABFFC5F32,True
ORD-SYN-000034,CUS-SYN-054,2025-08-03T13:41:00-04:00,2025-08-06T13:41:00-04:00,2025-08-06T13:41:00-04:00,fulfilled,B2B-V1-BASE,BLD-9102B6E8BF1ABFFC5F32,True
ORD-SYN-000035,CUS-SYN-009,2025-08-03T13:46:00-04:00,2025-08-08T13:46:00-04:00,2025-08-09T13:46:00-04:00,fulfilled,B2B-V1-BASE,BLD-9102B6E8BF1ABFFC5F32,True
ORD-SYN-000036,CUS-SYN-093,2025-08-03T14:14:00-04:00,2025-08-04T14:14:00-04:00,2025-08-06T14:14:00-04:00,fulfilled,B2B-V1-BASE,BLD-9102B6E8BF1ABFFC5F32,True
ORD-SYN-000037,CUS-SYN-038,2025-08-03T14:39:00-04:00,2025-08-04T14:39:00-04:00,2025-08-05T14:39:00-04:00,fulfilled,B2B-V1-BASE,BLD-9102B6E8BF1ABFFC5F32,True
ORD-SYN-000038,CUS-SYN-065,2025-08-03T15:31:00-04:00,2025-08-06T15:31:00-04:00,2025-08-06T15:31:00-04:00,fulfilled,B2B-V1-BASE,BLD-9102B6E8BF1ABFFC5F32,True
ORD-SYN-000039,CUS-SYN-101,2025-08-03T17:13:00-04:00,,2025-08-06T17:13:00-04:00,fulfilled,B2B-V1-BASE,BLD-9102B6E8BF1ABFFC5F32,True
ORD-SYN-000040,CUS-SYN-011,2025-08-03T17:30:00-04:00,,2025-08-05T17:30:00-04:00,fulfilled,B2B-V1-BASE,BLD-9102B6E8BF1ABFFC5F32,True
ORD-SYN-000041,CUS-SYN-009,2025-08-04T08:36:00-04:00,2025-08-07T08:36:00-04:00,2025-08-08T08:36:00-04:00,fulfilled,B2B-V1-BASE,BLD-9102B6E8BF1ABFFC5F32,True
ORD-SYN-000042,CUS-SYN-109,2025-08-04T08:55:00-04:00,2025-08-05T08:55:00-04:00,2025-08-06T08:55:00-04:00,fulfilled,B2B-V1-BASE,BLD-9102B6E8BF1ABFFC5F32,True
ORD-SYN-000043,CUS-SYN-121,2025-08-04T09:00:00-04:00,2025-08-06T09:00:00-04:00,2025-08-07T09:00:00-04:00,partially_fulfilled,B2B-V1-BASE,BLD-9102B6E8BF1ABFFC5F32,True
ORD-SYN-000044,CUS-SYN-056,2025-08-04T09:13:00-04:00,2025-08-09T09:13:00-04:00,2025-08-09T09:13:00-04:00,fulfilled,B2B-V1-BASE,BLD-9102B6E8BF1ABFFC5F32,True
ORD-SYN-000045,CUS-SYN-117,2025-08-04T09:16:00-04:00,2025-08-08T09:16:00-04:00,2025-08-08T09:16:00-04:00,fulfilled,B2B-V1-BASE,BLD-9102B6E8BF1ABFFC5F32,True
ORD-SYN-000046,CUS-SYN-066,2025-08-04T10:22:00-04:00,,2025-08-06T10:22:00-04:00,fulfilled,B2B-V1-BASE,BLD-9102B6E8BF1ABFFC5F32,True
ORD-SYN-000047,CUS-SYN-064,2025-08-04T11:16:00-04:00,2025-08-05T11:16:00-04:00,2025-08-07T11:16:00-04:00,fulfilled,B2B-V1-BASE,BLD-9102B6E8BF1ABFFC5F32,True
ORD-SYN-000048,CUS-SYN-010,2025-08-04T11:18:00-04:00,2025-08-07T11:18:00-04:00,2025-08-07T11:18:00-04:00,partially_fulfilled,B2B-V1-BASE,BLD-9102B6E8BF1ABFFC5F32,True
ORD-SYN-000049,CUS-SYN-117,2025-08-04T12:09:00-04:00,2025-08-07T12:09:00-04:00,2025-08-09T12:09:00-04:00,fulfilled,B2B-V1-BASE,BLD-9102B6E8BF1ABFFC5F32,True
ORD-SYN-000050,CUS-SYN-149,2025-08-04T13:40:00-04:00,2025-08-05T13:40:00-04:00,2025-08-06T13:40:00-04:00,fulfilled,B2B-V1-BASE,BLD-9102B6E8BF1ABFFC5F32,True
ORD-SYN-000051,CUS-SYN-067,2025-08-04T13:51:00-04:00,2025-08-06T13:51:00-04:00,2025-08-06T13:51:00-04:00,partially_fulfilled,B2B-V1-BASE,BLD-9102B6E8BF1ABFFC5F32,True
ORD-SYN-000052,CUS-SYN-016,2025-08-04T14:30:00-04:00,2025-08-05T14:30:00-04:00,2025-08-09T14:30:00-04:00,fulfilled,B2B-V1-BASE,BLD-9102B6E8BF1ABFFC5F32,True
ORD-SYN-000053,CUS-SYN-029,2025-08-04T14:55:00-04:00,2025-08-07T14:55:00-04:00,2025-08-07T14:55:00-04:00,fulfilled,B2B-V1-BASE,BLD-9102B6E8BF1ABFFC5F32,True
ORD-SYN-000054,CUS-SYN-014,2025-08-04T15:09:00-04:00,2025-08-07T15:09:00-04:00,2025-08-10T15:09:00-04:00,fulfilled,B2B-V1-BASE,BLD-9102B6E8BF1ABFFC5F32,True
ORD-SYN-000055,CUS-SYN-033,2025-08-04T16:08:00-04:00,2025-08-06T16:08:00-04:00,2025-08-10T16:08:00-04:00,partially_fulfilled,B2B-V1-BASE,BLD-9102B6E8BF1ABFFC5F32,True
ORD-SYN-000056,CUS-SYN-047,2025-08-04T17:40:00-04:00,2025-08-05T17:40:00-04:00,2025-08-06T17:40:00-04:00,partially_fulfilled,B2B-V1-BASE,BLD-9102B6E8BF1ABFFC5F32,True
ORD-SYN-000057,CUS-SYN-082,2025-08-05T10:38:00-04:00,2025-08-07T10:38:00-04:00,2025-08-11T10:38:00-04:00,fulfilled,B2B-V1-BASE,BLD-9102B6E8BF1ABFFC5F32,True
ORD-SYN-000058,CUS-SYN-081,2025-08-05T11:43:00-04:00,2025-08-10T11:43:00-04:00,2025-08-11T11:43:00-04:00,fulfilled,B2B-V1-BASE,BLD-9102B6E8BF1ABFFC5F32,True
ORD-SYN-000059,CUS-SYN-048,2025-08-05T12:10:00-04:00,,2025-08-09T12:10:00-04:00,fulfilled,B2B-V1-BASE,BLD-9102B6E8BF1ABFFC5F32,True
ORD-SYN-000060,CUS-SYN-065,2025-08-05T14:43:00-04:00,2025-08-06T14:43:00-04:00,2025-08-09T14:43:00-04:00,fulfilled,B2B-V1-BASE,BLD-9102B6E8BF1ABFFC5F32,True
ORD-SYN-000061,CUS-SYN-043,2025-08-05T15:27:00-04:00,2025-08-06T15:27:00-04:00,2025-08-09T15:27:00-04:00,fulfilled,B2B-V1-BASE,BLD-9102B6E8BF1ABFFC5F32,True
ORD-SYN-000062,CUS-SYN-053,2025-08-06T08:34:00-04:00,2025-08-08T08:34:00-04:00,2025-08-11T08:34:00-04:00,fulfilled,B2B-V1-BASE,BLD-9102B6E8BF1ABFFC5F32,True
ORD-SYN-000063,CUS-SYN-021,2025-08-06T09:05:00-04:00,2025-08-09T09:05:00-04:00,2025-08-11T09:05:00-04:00,fulfilled,B2B-V1-BASE,BLD-9102B6E8BF1ABFFC5F32,True
ORD-SYN-000064,CUS-SYN-021,2025-08-06T10:21:00-04:00,2025-08-08T10:21:00-04:00,2025-08-09T10:21:00-04:00,fulfilled,B2B-V1-BASE,BLD-9102B6E8BF1ABFFC5F32,True
ORD-SYN-000065,CUS-SYN-029,2025-08-06T11:20:00-04:00,2025-08-12T11:20:00-04:00,2025-08-12T11:20:00-04:00,fulfilled,B2B-V1-BASE,BLD-9102B6E8BF1ABFFC5F32,True
ORD-SYN-000066,CUS-SYN-025,2025-08-06T12:08:00-04:00,2025-08-07T12:08:00-04:00,2025-08-09T12:08:00-04:00,fulfilled,B2B-V1-BASE,BLD-9102B6E8BF1ABFFC5F32,True
ORD-SYN-000067,CUS-SYN-029,2025-08-06T12:33:00-04:00,2025-08-07T12:33:00-04:00,2025-08-12T12:33:00-04:00,fulfilled,B2B-V1-BASE,BLD-9102B6E8BF1ABFFC5F32,True
ORD-SYN-000068,CUS-SYN-078,2025-08-06T12:46:00-04:00,2025-08-07T12:46:00-04:00,2025-08-08T12:46:00-04:00,fulfilled,B2B-V1-BASE,BLD-9102B6E8BF1ABFFC5F32,True
ORD-SYN-000069,CUS-SYN-102,2025-08-06T13:56:00-04:00,,2025-08-08T13:56:00-04:00,partially_fulfilled,B2B-V1-BASE,BLD-9102B6E8BF1ABFFC5F32,True
ORD-SYN-000070,CUS-SYN-131,2025-08-06T14:28:00-04:00,2025-08-08T14:28:00-04:00,2025-08-12T14:28:00-04:00,fulfilled,B2B-V1-BASE,BLD-9102B6E8BF1ABFFC5F32,True
ORD-SYN-000071,CUS-SYN-088,2025-08-06T15:03:00-04:00,,2025-08-10T15:03:00-04:00,fulfilled,B2B-V1-BASE,BLD-9102B6E8BF1ABFFC5F32,True
ORD-SYN-000072,CUS-SYN-114,2025-08-06T15:22:00-04:00,2025-08-09T15:22:00-04:00,2025-08-11T15:22:00-04:00,partially_fulfilled,B2B-V1-BASE,BLD-9102B6E8BF1ABFFC5F32,True
ORD-SYN-000073,CUS-SYN-022,2025-08-06T15:22:00-04:00,2025-08-09T15:22:00-04:00,2025-08-09T15:22:00-04:00,fulfilled,B2B-V1-BASE,BLD-9102B6E8BF1ABFFC5F32,True
ORD-SYN-000074,CUS-SYN-045,2025-08-06T15:46:00-04:00,2025-08-08T15:46:00-04:00,2025-08-12T15:46:00-04:00,fulfilled,B2B-V1-BASE,BLD-9102B6E8BF1ABFFC5F32,True
ORD-SYN-000075,CUS-SYN-124,2025-08-06T17:35:00-04:00,,2025-08-08T17:35:00-04:00,fulfilled,B2B-V1-BASE,BLD-9102B6E8BF1ABFFC5F32,True
ORD-SYN-000076,CUS-SYN-046,2025-08-07T08:06:00-04:00,2025-08-11T08:06:00-04:00,2025-08-12T08:06:00-04:00,fulfilled,B2B-V1-BASE,BLD-9102B6E8BF1ABFFC5F32,True
ORD-SYN-000077,CUS-SYN-137,2025-08-07T08:23:00-04:00,2025-08-11T08:23:00-04:00,2025-08-13T08:23:00-04:00,fulfilled,B2B-V1-BASE,BLD-9102B6E8BF1ABFFC5F32,True
ORD-SYN-000078,CUS-SYN-094,2025-08-07T08:32:00-04:00,,2025-08-12T08:32:00-04:00,fulfilled,B2B-V1-BASE,BLD-9102B6E8BF1ABFFC5F32,True
ORD-SYN-000079,CUS-SYN-085,2025-08-07T09:12:00-04:00,,2025-08-13T09:12:00-04:00,fulfilled,B2B-V1-BASE,BLD-9102B6E8BF1ABFFC5F32,True
ORD-SYN-000080,CUS-SYN-145,2025-08-07T11:44:00-04:00,2025-08-08T11:44:00-04:00,2025-08-09T11:44:00-04:00,partially_fulfilled,B2B-V1-BASE,BLD-9102B6E8BF1ABFFC5F32,True
ORD-SYN-000081,CUS-SYN-117,2025-08-07T12:57:00-04:00,2025-08-09T12:57:00-04:00,2025-08-10T12:57:00-04:00,partially_fulfilled,B2B-V1-BASE,BLD-9102B6E8BF1ABFFC5F32,True
ORD-SYN-000082,CUS-SYN-081,2025-08-07T14:51:00-04:00,,2025-08-13T14:51:00-04:00,partially_fulfilled,B2B-V1-BASE,BLD-9102B6E8BF1ABFFC5F32,True
ORD-SYN-000083,CUS-SYN-145,2025-08-07T15:55:00-04:00,2025-08-10T15:55:00-04:00,2025-08-11T15:55:00-04:00,fulfilled,B2B-V1-BASE,BLD-9102B6E8BF1ABFFC5F32,True
ORD-SYN-000084,CUS-SYN-033,2025-08-07T16:28:00-04:00,2025-08-11T16:28:00-04:00,2025-08-11T16:28:00-04:00,fulfilled,B2B-V1-BASE,BLD-9102B6E8BF1ABFFC5F32,True
ORD-SYN-000085,CUS-SYN-096,2025-08-07T16:40:00-04:00,2025-08-11T16:40:00-04:00,2025-08-11T16:40:00-04:00,fulfilled,B2B-V1-BASE,BLD-9102B6E8BF1ABFFC5F32,True
ORD-SYN-000086,CUS-SYN-150,2025-08-07T16:47:00-04:00,2025-08-11T16:47:00-04:00,2025-08-11T16:47:00-04:00,fulfilled,B2B-V1-BASE,BLD-9102B6E8BF1ABFFC5F32,True
ORD-SYN-000087,CUS-SYN-018,2025-08-08T10:10:00-04:00,2025-08-12T10:10:00-04:00,2025-08-14T10:10:00-04:00,fulfilled,B2B-V1-BASE,BLD-9102B6E8BF1ABFFC5F32,True
ORD-SYN-000088,CUS-SYN-079,2025-08-08T11:47:00-04:00,,2025-08-10T11:47:00-04:00,fulfilled,B2B-V1-BASE,BLD-9102B6E8BF1ABFFC5F32,True
ORD-SYN-000089,CUS-SYN-086,2025-08-08T12:15:00-04:00,2025-08-09T12:15:00-04:00,2025-08-13T12:15:00-04:00,partially_fulfilled,B2B-V1-BASE,BLD-9102B6E8BF1ABFFC5F32,True
ORD-SYN-000090,CUS-SYN-001,2025-08-08T12:43:00-04:00,,2025-08-11T12:43:00-04:00,fulfilled,B2B-V1-BASE,BLD-9102B6E8BF1ABFFC5F32,True
ORD-SYN-000091,CUS-SYN-066,2025-08-08T13:05:00-04:00,2025-08-10T13:05:00-04:00,2025-08-10T13:05:00-04:00,fulfilled,B2B-V1-BASE,BLD-9102B6E8BF1ABFFC5F32,True
ORD-SYN-000092,CUS-SYN-122,2025-08-08T13:32:00-04:00,,2025-08-14T13:32:00-04:00,fulfilled,B2B-V1-BASE,BLD-9102B6E8BF1ABFFC5F32,True
ORD-SYN-000093,CUS-SYN-046,2025-08-08T14:29:00-04:00,2025-08-10T14:29:00-04:00,2025-08-10T14:29:00-04:00,fulfilled,B2B-V1-BASE,BLD-9102B6E8BF1ABFFC5F32,True
ORD-SYN-000094,CUS-SYN-112,2025-08-08T14:59:00-04:00,2025-08-11T14:59:00-04:00,2025-08-11T14:59:00-04:00,fulfilled,B2B-V1-BASE,BLD-9102B6E8BF1ABFFC5F32,True
ORD-SYN-000095,CUS-SYN-016,2025-08-08T15:22:00-04:00,2025-08-09T15:22:00-04:00,2025-08-13T15:22:00-04:00,fulfilled,B2B-V1-BASE,BLD-9102B6E8BF1ABFFC5F32,True
ORD-SYN-000096,CUS-SYN-107,2025-08-08T15:25:00-04:00,,2025-08-12T15:25:00-04:00,fulfilled,B2B-V1-BASE,BLD-9102B6E8BF1ABFFC5F32,True
ORD-SYN-000097,CUS-SYN-148,2025-08-08T16:02:00-04:00,2025-08-11T16:02:00-04:00,2025-08-13T16:02:00-04:00,fulfilled,B2B-V1-BASE,BLD-9102B6E8BF1ABFFC5F32,True
ORD-SYN-000098,CUS-SYN-014,2025-08-08T16:49:00-04:00,2025-08-13T16:49:00-04:00,2025-08-14T16:49:00-04:00,partially_fulfilled,B2B-V1-BASE,BLD-9102B6E8BF1ABFFC5F32,True
ORD-SYN-000099,CUS-SYN-077,2025-08-08T17:13:00-04:00,2025-08-11T17:13:00-04:00,2025-08-13T17:13:00-04:00,partially_fulfilled,B2B-V1-BASE,BLD-9102B6E8BF1ABFFC5F32,True
ORD-SYN-000100,CUS-SYN-094,2025-08-08T17:58:00-04:00,,2025-08-11T17:58:00-04:00,fulfilled,B2B-V1-BASE,BLD-9102B6E8BF1ABFFC5F32,True
ORD-SYN-000101,CUS-SYN-012,2025-08-09T08:27:00-04:00,2025-08-14T08:27:00-04:00,2025-08-15T08:27:00-04:00,fulfilled,B2B-V1-BASE,BLD-9102B6E8BF1ABFFC5F32,True
ORD-SYN-000102,CUS-SYN-097,2025-08-09T09:20:00-04:00,2025-08-15T09:20:00-04:00,2025-08-15T09:20:00-04:00,fulfilled,B2B-V1-BASE,BLD-9102B6E8BF1ABFFC5F32,True
ORD-SYN-000103,CUS-SYN-146,2025-08-09T10:07:00-04:00,2025-08-11T10:07:00-04:00,2025-08-11T10:07:00-04:00,partially_fulfilled,B2B-V1-BASE,BLD-9102B6E8BF1ABFFC5F32,True
ORD-SYN-000104,CUS-SYN-135,2025-08-09T11:48:00-04:00,2025-08-10T11:48:00-04:00,2025-08-12T11:48:00-04:00,fulfilled,B2B-V1-BASE,BLD-9102B6E8BF1ABFFC5F32,True
ORD-SYN-000105,CUS-SYN-005,2025-08-09T12:41:00-04:00,2025-08-11T12:41:00-04:00,2025-08-13T12:41:00-04:00,fulfilled,B2B-V1-BASE,BLD-9102B6E8BF1ABFFC5F32,True
ORD-SYN-000106,CUS-SYN-053,2025-08-09T12:58:00-04:00,2025-08-10T12:58:00-04:00,2025-08-12T12:58:00-04:00,fulfilled,B2B-V1-BASE,BLD-9102B6E8BF1ABFFC5F32,True
ORD-SYN-000107,CUS-SYN-105,2025-08-09T15:02:00-04:00,2025-08-13T15:02:00-04:00,2025-08-13T15:02:00-04:00,fulfilled,B2B-V1-BASE,BLD-9102B6E8BF1ABFFC5F32,True
ORD-SYN-000108,CUS-SYN-025,2025-08-09T15:24:00-04:00,2025-08-11T15:24:00-04:00,2025-08-11T15:24:00-04:00,fulfilled,B2B-V1-BASE,BLD-9102B6E8BF1ABFFC5F32,True
ORD-SYN-000109,CUS-SYN-139,2025-08-09T15:25:00-04:00,2025-08-11T15:25:00-04:00,2025-08-11T15:25:00-04:00,fulfilled,B2B-V1-BASE,BLD-9102B6E8BF1ABFFC5F32,True
ORD-SYN-000110,CUS-SYN-134,2025-08-09T17:06:00-04:00,2025-08-12T17:06:00-04:00,2025-08-15T17:06:00-04:00,fulfilled,B2B-V1-BASE,BLD-9102B6E8BF1ABFFC5F32,True
ORD-SYN-000111,CUS-SYN-129,2025-08-09T17:46:00-04:00,2025-08-12T17:46:00-04:00,2025-08-15T17:46:00-04:00,fulfilled,B2B-V1-BASE,BLD-9102B6E8BF1ABFFC5F32,True
ORD-SYN-000112,CUS-SYN-130,2025-08-10T08:51:00-04:00,,2025-08-14T08:51:00-04:00,fulfilled,B2B-V1-BASE,BLD-9102B6E8BF1ABFFC5F32,True
ORD-SYN-000113,CUS-SYN-078,2025-08-10T10:12:00-04:00,2025-08-14T10:12:00-04:00,2025-08-14T10:12:00-04:00,fulfilled,B2B-V1-BASE,BLD-9102B6E8BF1ABFFC5F32,True
ORD-SYN-000114,CUS-SYN-148,2025-08-10T11:53:00-04:00,,2025-08-13T11:53:00-04:00,fulfilled,B2B-V1-BASE,BLD-9102B6E8BF1ABFFC5F32,True
ORD-SYN-000115,CUS-SYN-137,2025-08-10T13:28:00-04:00,2025-08-13T13:28:00-04:00,2025-08-13T13:28:00-04:00,fulfilled,B2B-V1-BASE,BLD-9102B6E8BF1ABFFC5F32,True
ORD-SYN-000116,CUS-SYN-126,2025-08-10T13:58:00-04:00,2025-08-14T13:58:00-04:00,2025-08-16T13:58:00-04:00,fulfilled,B2B-V1-BASE,BLD-9102B6E8BF1ABFFC5F32,True
ORD-SYN-000117,CUS-SYN-075,2025-08-10T14:22:00-04:00,2025-08-12T14:22:00-04:00,2025-08-13T14:22:00-04:00,fulfilled,B2B-V1-BASE,BLD-9102B6E8BF1ABFFC5F32,True
ORD-SYN-000118,CUS-SYN-070,2025-08-10T16:13:00-04:00,2025-08-14T16:13:00-04:00,2025-08-14T16:13:00-04:00,partially_fulfilled,B2B-V1-BASE,BLD-9102B6E8BF1ABFFC5F32,True
ORD-SYN-000119,CUS-SYN-009,2025-08-10T16:23:00-04:00,,2025-08-16T16:23:00-04:00,fulfilled,B2B-V1-BASE,BLD-9102B6E8BF1ABFFC5F32,True
ORD-SYN-000120,CUS-SYN-006,2025-08-10T17:42:00-04:00,,2025-08-15T17:42:00-04:00,fulfilled,B2B-V1-BASE,BLD-9102B6E8BF1ABFFC5F32,True
ORD-SYN-000121,CUS-SYN-002,2025-08-11T08:05:00-04:00,2025-08-12T08:05:00-04:00,2025-08-16T08:05:00-04:00,fulfilled,B2B-V1-BASE,BLD-9102B6E8BF1ABFFC5F32,True
ORD-SYN-000122,CUS-SYN-061,2025-08-11T10:25:00-04:00,,2025-08-16T10:25:00-04:00,partially_fulfilled,B2B-V1-BASE,BLD-9102B6E8BF1ABFFC5F32,True
ORD-SYN-000123,CUS-SYN-150,2025-08-11T11:26:00-04:00,2025-08-13T11:26:00-04:00,2025-08-14T11:26:00-04:00,partially_fulfilled,B2B-V1-BASE,BLD-9102B6E8BF1ABFFC5F32,True
ORD-SYN-000124,CUS-SYN-098,2025-08-11T11:41:00-04:00,,2025-08-15T11:41:00-04:00,fulfilled,B2B-V1-BASE,BLD-9102B6E8BF1ABFFC5F32,True
ORD-SYN-000125,CUS-SYN-147,2025-08-11T14:37:00-04:00,2025-08-13T14:37:00-04:00,2025-08-15T14:37:00-04:00,fulfilled,B2B-V1-BASE,BLD-9102B6E8BF1ABFFC5F32,True
ORD-SYN-000126,CUS-SYN-093,2025-08-11T15:25:00-04:00,2025-08-15T15:25:00-04:00,2025-08-15T15:25:00-04:00,fulfilled,B2B-V1-BASE,BLD-9102B6E8BF1ABFFC5F32,True
ORD-SYN-000127,CUS-SYN-007,2025-08-11T15:54:00-04:00,2025-08-14T15:54:00-04:00,2025-08-15T15:54:00-04:00,partially_fulfilled,B2B-V1-BASE,BLD-9102B6E8BF1ABFFC5F32,True
ORD-SYN-000128,CUS-SYN-136,2025-08-11T16:55:00-04:00,2025-08-15T16:55:00-04:00,2025-08-15T16:55:00-04:00,partially_fulfilled,B2B-V1-BASE,BLD-9102B6E8BF1ABFFC5F32,True
ORD-SYN-000129,CUS-SYN-109,2025-08-12T08:42:00-04:00,,2025-08-15T08:42:00-04:00,fulfilled,B2B-V1-BASE,BLD-9102B6E8BF1ABFFC5F32,True
ORD-SYN-000130,CUS-SYN-052,2025-08-12T09:20:00-04:00,2025-08-15T09:20:00-04:00,2025-08-16T09:20:00-04:00,fulfilled,B2B-V1-BASE,BLD-9102B6E8BF1ABFFC5F32,True
ORD-SYN-000131,CUS-SYN-018,2025-08-12T09:39:00-04:00,,2025-08-18T09:39:00-04:00,partially_fulfilled,B2B-V1-BASE,BLD-9102B6E8BF1ABFFC5F32,True
ORD-SYN-000132,CUS-SYN-039,2025-08-12T11:04:00-04:00,2025-08-18T11:04:00-04:00,2025-08-18T11:04:00-04:00,fulfilled,B2B-V1-BASE,BLD-9102B6E8BF1ABFFC5F32,True
ORD-SYN-000133,CUS-SYN-074,2025-08-12T11:10:00-04:00,,2025-08-17T11:10:00-04:00,fulfilled,B2B-V1-BASE,BLD-9102B6E8BF1ABFFC5F32,True
ORD-SYN-000134,CUS-SYN-146,2025-08-12T12:07:00-04:00,2025-08-17T12:07:00-04:00,2025-08-18T12:07:00-04:00,fulfilled,B2B-V1-BASE,BLD-9102B6E8BF1ABFFC5F32,True
ORD-SYN-000135,CUS-SYN-049,2025-08-12T12:14:00-04:00,2025-08-14T12:14:00-04:00,2025-08-15T12:14:00-04:00,partially_fulfilled,B2B-V1-BASE,BLD-9102B6E8BF1ABFFC5F32,True
ORD-SYN-000136,CUS-SYN-086,2025-08-12T14:19:00-04:00,2025-08-14T14:19:00-04:00,2025-08-15T14:19:00-04:00,fulfilled,B2B-V1-BASE,BLD-9102B6E8BF1ABFFC5F32,True
ORD-SYN-000137,CUS-SYN-046,2025-08-12T15:15:00-04:00,,2025-08-18T15:15:00-04:00,fulfilled,B2B-V1-BASE,BLD-9102B6E8BF1ABFFC5F32,True
ORD-SYN-000138,CUS-SYN-133,2025-08-12T17:18:00-04:00,2025-08-14T17:18:00-04:00,2025-08-15T17:18:00-04:00,partially_fulfilled,B2B-V1-BASE,BLD-9102B6E8BF1ABFFC5F32,True
ORD-SYN-000139,CUS-SYN-040,2025-08-12T17:25:00-04:00,2025-08-16T17:25:00-04:00,2025-08-16T17:25:00-04:00,fulfilled,B2B-V1-BASE,BLD-9102B6E8BF1ABFFC5F32,True
ORD-SYN-000140,CUS-SYN-137,2025-08-12T17:50:00-04:00,2025-08-15T17:50:00-04:00,2025-08-18T17:50:00-04:00,fulfilled,B2B-V1-BASE,BLD-9102B6E8BF1ABFFC5F32,True
ORD-SYN-000141,CUS-SYN-129,2025-08-13T08:05:00-04:00,2025-08-16T08:05:00-04:00,2025-08-18T08:05:00-04:00,fulfilled,B2B-V1-BASE,BLD-9102B6E8BF1ABFFC5F32,True
ORD-SYN-000142,CUS-SYN-043,2025-08-13T08:33:00-04:00,2025-08-15T08:33:00-04:00,2025-08-15T08:33:00-04:00,fulfilled,B2B-V1-BASE,BLD-9102B6E8BF1ABFFC5F32,True
ORD-SYN-000143,CUS-SYN-050,2025-08-13T09:38:00-04:00,2025-08-14T09:38:00-04:00,2025-08-18T09:38:00-04:00,fulfilled,B2B-V1-BASE,BLD-9102B6E8BF1ABFFC5F32,True
ORD-SYN-000144,CUS-SYN-068,2025-08-13T10:21:00-04:00,2025-08-16T10:21:00-04:00,2025-08-18T10:21:00-04:00,partially_fulfilled,B2B-V1-BASE,BLD-9102B6E8BF1ABFFC5F32,True
ORD-SYN-000145,CUS-SYN-109,2025-08-13T12:07:00-04:00,2025-08-15T12:07:00-04:00,2025-08-18T12:07:00-04:00,fulfilled,B2B-V1-BASE,BLD-9102B6E8BF1ABFFC5F32,True
ORD-SYN-000146,CUS-SYN-073,2025-08-13T14:05:00-04:00,2025-08-14T14:05:00-04:00,2025-08-18T14:05:00-04:00,partially_fulfilled,B2B-V1-BASE,BLD-9102B6E8BF1ABFFC5F32,True
ORD-SYN-000147,CUS-SYN-010,2025-08-13T15:41:00-04:00,2025-08-14T15:41:00-04:00,2025-08-15T15:41:00-04:00,fulfilled,B2B-V1-BASE,BLD-9102B6E8BF1ABFFC5F32,True
ORD-SYN-000148,CUS-SYN-026,2025-08-13T16:06:00-04:00,2025-08-17T16:06:00-04:00,2025-08-18T16:06:00-04:00,fulfilled,B2B-V1-BASE,BLD-9102B6E8BF1ABFFC5F32,True
ORD-SYN-000149,CUS-SYN-101,2025-08-14T09:05:00-04:00,2025-08-17T09:05:00-04:00,2025-08-17T09:05:00-04:00,fulfilled,B2B-V1-BASE,BLD-9102B6E8BF1ABFFC5F32,True
ORD-SYN-000150,CUS-SYN-121,2025-08-14T10:17:00-04:00,2025-08-18T10:17:00-04:00,2025-08-18T10:17:00-04:00,fulfilled,B2B-V1-BASE,BLD-9102B6E8BF1ABFFC5F32,True
ORD-SYN-000151,CUS-SYN-010,2025-08-14T13:42:00-04:00,2025-08-18T13:42:00-04:00,2025-08-18T13:42:00-04:00,fulfilled,B2B-V1-BASE,BLD-9102B6E8BF1ABFFC5F32,True
ORD-SYN-000152,CUS-SYN-082,2025-08-14T13:59:00-04:00,2025-08-18T13:59:00-04:00,2025-08-20T13:59:00-04:00,fulfilled,B2B-V1-BASE,BLD-9102B6E8BF1ABFFC5F32,True
ORD-SYN-000153,CUS-SYN-087,2025-08-14T14:00:00-04:00,2025-08-16T14:00:00-04:00,2025-08-17T14:00:00-04:00,fulfilled,B2B-V1-BASE,BLD-9102B6E8BF1ABFFC5F32,True
ORD-SYN-000154,CUS-SYN-043,2025-08-14T14:50:00-04:00,2025-08-18T14:50:00-04:00,2025-08-18T14:50:00-04:00,fulfilled,B2B-V1-BASE,BLD-9102B6E8BF1ABFFC5F32,True
ORD-SYN-000155,CUS-SYN-038,2025-08-14T16:29:00-04:00,2025-08-15T16:29:00-04:00,2025-08-19T16:29:00-04:00,fulfilled,B2B-V1-BASE,BLD-9102B6E8BF1ABFFC5F32,True
ORD-SYN-000156,CUS-SYN-061,2025-08-14T16:48:00-04:00,,2025-08-16T16:48:00-04:00,fulfilled,B2B-V1-BASE,BLD-9102B6E8BF1ABFFC5F32,True
ORD-SYN-000157,CUS-SYN-055,2025-08-14T16:54:00-04:00,,2025-08-16T16:54:00-04:00,fulfilled,B2B-V1-BASE,BLD-9102B6E8BF1ABFFC5F32,True
ORD-SYN-000158,CUS-SYN-057,2025-08-14T17:14:00-04:00,2025-08-16T17:14:00-04:00,2025-08-16T17:14:00-04:00,fulfilled,B2B-V1-BASE,BLD-9102B6E8BF1ABFFC5F32,True
ORD-SYN-000159,CUS-SYN-117,2025-08-15T09:31:00-04:00,2025-08-17T09:31:00-04:00,2025-08-18T09:31:00-04:00,fulfilled,B2B-V1-BASE,BLD-9102B6E8BF1ABFFC5F32,True
ORD-SYN-000160,CUS-SYN-016,2025-08-15T09:45:00-04:00,,2025-08-19T09:45:00-04:00,fulfilled,B2B-V1-BASE,BLD-9102B6E8BF1ABFFC5F32,True
ORD-SYN-000161,CUS-SYN-128,2025-08-15T10:35:00-04:00,2025-08-19T10:35:00-04:00,2025-08-20T10:35:00-04:00,partially_fulfilled,B2B-V1-BASE,BLD-9102B6E8BF1ABFFC5F32,True
ORD-SYN-000162,CUS-SYN-059,2025-08-15T12:23:00-04:00,2025-08-19T12:23:00-04:00,2025-08-21T12:23:00-04:00,fulfilled,B2B-V1-BASE,BLD-9102B6E8BF1ABFFC5F32,True
ORD-SYN-000163,CUS-SYN-146,2025-08-15T12:26:00-04:00,2025-08-17T12:26:00-04:00,2025-08-17T12:26:00-04:00,fulfilled,B2B-V1-BASE,BLD-9102B6E8BF1ABFFC5F32,True
ORD-SYN-000164,CUS-SYN-116,2025-08-15T14:39:00-04:00,2025-08-16T14:39:00-04:00,2025-08-18T14:39:00-04:00,fulfilled,B2B-V1-BASE,BLD-9102B6E8BF1ABFFC5F32,True
ORD-SYN-000165,CUS-SYN-123,2025-08-15T14:58:00-04:00,,2025-08-21T14:58:00-04:00,fulfilled,B2B-V1-BASE,BLD-9102B6E8BF1ABFFC5F32,True
ORD-SYN-000166,CUS-SYN-009,2025-08-15T15:37:00-04:00,2025-08-19T15:37:00-04:00,2025-08-19T15:37:00-04:00,fulfilled,B2B-V1-BASE,BLD-9102B6E8BF1ABFFC5F32,True
ORD-SYN-000167,CUS-SYN-060,2025-08-15T15:54:00-04:00,2025-08-16T15:54:00-04:00,2025-08-17T15:54:00-04:00,fulfilled,B2B-V1-BASE,BLD-9102B6E8BF1ABFFC5F32,True
ORD-SYN-000168,CUS-SYN-073,2025-08-15T17:39:00-04:00,2025-08-19T17:39:00-04:00,2025-08-19T17:39:00-04:00,fulfilled,B2B-V1-BASE,BLD-9102B6E8BF1ABFFC5F32,True
ORD-SYN-000169,CUS-SYN-129,2025-08-16T08:34:00-04:00,,2025-08-19T08:34:00-04:00,fulfilled,B2B-V1-BASE,BLD-9102B6E8BF1ABFFC5F32,True
ORD-SYN-000170,CUS-SYN-076,2025-08-16T08:44:00-04:00,2025-08-19T08:44:00-04:00,2025-08-22T08:44:00-04:00,partially_fulfilled,B2B-V1-BASE,BLD-9102B6E8BF1ABFFC5F32,True
ORD-SYN-000171,CUS-SYN-149,2025-08-16T09:54:00-04:00,2025-08-17T09:54:00-04:00,2025-08-20T09:54:00-04:00,fulfilled,B2B-V1-BASE,BLD-9102B6E8BF1ABFFC5F32,True
ORD-SYN-000172,CUS-SYN-115,2025-08-16T10:24:00-04:00,2025-08-17T10:24:00-04:00,2025-08-20T10:24:00-04:00,partially_fulfilled,B2B-V1-BASE,BLD-9102B6E8BF1ABFFC5F32,True
ORD-SYN-000173,CUS-SYN-127,2025-08-16T10:30:00-04:00,2025-08-18T10:30:00-04:00,2025-08-20T10:30:00-04:00,fulfilled,B2B-V1-BASE,BLD-9102B6E8BF1ABFFC5F32,True
ORD-SYN-000174,CUS-SYN-093,2025-08-16T12:37:00-04:00,2025-08-22T12:37:00-04:00,2025-08-22T12:37:00-04:00,fulfilled,B2B-V1-BASE,BLD-9102B6E8BF1ABFFC5F32,True
ORD-SYN-000175,CUS-SYN-065,2025-08-16T12:50:00-04:00,2025-08-20T12:50:00-04:00,2025-08-20T12:50:00-04:00,fulfilled,B2B-V1-BASE,BLD-9102B6E8BF1ABFFC5F32,True
ORD-SYN-000176,CUS-SYN-085,2025-08-16T14:00:00-04:00,,2025-08-20T14:00:00-04:00,fulfilled,B2B-V1-BASE,BLD-9102B6E8BF1ABFFC5F32,True
ORD-SYN-000177,CUS-SYN-125,2025-08-16T15:58:00-04:00,2025-08-19T15:58:00-04:00,2025-08-20T15:58:00-04:00,fulfilled,B2B-V1-BASE,BLD-9102B6E8BF1ABFFC5F32,True
ORD-SYN-000178,CUS-SYN-129,2025-08-16T16:10:00-04:00,2025-08-18T16:10:00-04:00,2025-08-19T16:10:00-04:00,fulfilled,B2B-V1-BASE,BLD-9102B6E8BF1ABFFC5F32,True
ORD-SYN-000179,CUS-SYN-098,2025-08-16T17:53:00-04:00,2025-08-18T17:53:00-04:00,2025-08-20T17:53:00-04:00,fulfilled,B2B-V1-BASE,BLD-9102B6E8BF1ABFFC5F32,True
ORD-SYN-000180,CUS-SYN-069,2025-08-17T08:18:00-04:00,2025-08-20T08:18:00-04:00,2025-08-23T08:18:00-04:00,fulfilled,B2B-V1-BASE,BLD-9102B6E8BF1ABFFC5F32,True
ORD-SYN-000181,CUS-SYN-070,2025-08-17T09:07:00-04:00,,2025-08-19T09:07:00-04:00,fulfilled,B2B-V1-BASE,BLD-9102B6E8BF1ABFFC5F32,True
ORD-SYN-000182,CUS-SYN-141,2025-08-17T13:50:00-04:00,2025-08-19T13:50:00-04:00,2025-08-21T13:50:00-04:00,fulfilled,B2B-V1-BASE,BLD-9102B6E8BF1ABFFC5F32,True
ORD-SYN-000183,CUS-SYN-074,2025-08-17T14:54:00-04:00,2025-08-21T14:54:00-04:00,2025-08-23T14:54:00-04:00,fulfilled,B2B-V1-BASE,BLD-9102B6E8BF1ABFFC5F32,True
ORD-SYN-000184,CUS-SYN-137,2025-08-17T14:55:00-04:00,2025-08-18T14:55:00-04:00,2025-08-21T14:55:00-04:00,fulfilled,B2B-V1-BASE,BLD-9102B6E8BF1ABFFC5F32,True
ORD-SYN-000185,CUS-SYN-026,2025-08-17T15:04:00-04:00,2025-08-19T15:04:00-04:00,2025-08-21T15:04:00-04:00,partially_fulfilled,B2B-V1-BASE,BLD-9102B6E8BF1ABFFC5F32,True
ORD-SYN-000186,CUS-SYN-014,2025-08-17T15:24:00-04:00,,2025-08-21T15:24:00-04:00,partially_fulfilled,B2B-V1-BASE,BLD-9102B6E8BF1ABFFC5F32,True
ORD-SYN-000187,CUS-SYN-104,2025-08-17T15:26:00-04:00,2025-08-18T15:26:00-04:00,2025-08-23T15:26:00-04:00,partially_fulfilled,B2B-V1-BASE,BLD-9102B6E8BF1ABFFC5F32,True
ORD-SYN-000188,CUS-SYN-094,2025-08-17T15:33:00-04:00,2025-08-18T15:33:00-04:00,2025-08-19T15:33:00-04:00,fulfilled,B2B-V1-BASE,BLD-9102B6E8BF1ABFFC5F32,True
ORD-SYN-000189,CUS-SYN-003,2025-08-17T16:02:00-04:00,2025-08-21T16:02:00-04:00,2025-08-23T16:02:00-04:00,fulfilled,B2B-V1-BASE,BLD-9102B6E8BF1ABFFC5F32,True
ORD-SYN-000190,CUS-SYN-005,2025-08-17T17:24:00-04:00,2025-08-19T17:24:00-04:00,2025-08-22T17:24:00-04:00,partially_fulfilled,B2B-V1-BASE,BLD-9102B6E8BF1ABFFC5F32,True
ORD-SYN-000191,CUS-SYN-030,2025-08-17T17:40:00-04:00,2025-08-19T17:40:00-04:00,2025-08-19T17:40:00-04:00,fulfilled,B2B-V1-BASE,BLD-9102B6E8BF1ABFFC5F32,True
ORD-SYN-000192,CUS-SYN-059,2025-08-18T09:06:00-04:00,2025-08-19T09:06:00-04:00,2025-08-23T09:06:00-04:00,fulfilled,B2B-V1-BASE,BLD-9102B6E8BF1ABFFC5F32,True
ORD-SYN-000193,CUS-SYN-115,2025-08-18T09:32:00-04:00,,2025-08-23T09:32:00-04:00,partially_fulfilled,B2B-V1-BASE,BLD-9102B6E8BF1ABFFC5F32,True
ORD-SYN-000194,CUS-SYN-010,2025-08-18T11:02:00-04:00,2025-08-23T11:02:00-04:00,2025-08-24T11:02:00-04:00,fulfilled,B2B-V1-BASE,BLD-9102B6E8BF1ABFFC5F32,True
ORD-SYN-000195,CUS-SYN-132,2025-08-18T13:02:00-04:00,2025-08-21T13:02:00-04:00,2025-08-21T13:02:00-04:00,fulfilled,B2B-V1-BASE,BLD-9102B6E8BF1ABFFC5F32,True
ORD-SYN-000196,CUS-SYN-073,2025-08-18T15:27:00-04:00,2025-08-20T15:27:00-04:00,2025-08-22T15:27:00-04:00,fulfilled,B2B-V1-BASE,BLD-9102B6E8BF1ABFFC5F32,True
ORD-SYN-000197,CUS-SYN-105,2025-08-18T15:59:00-04:00,,2025-08-23T15:59:00-04:00,partially_fulfilled,B2B-V1-BASE,BLD-9102B6E8BF1ABFFC5F32,True
ORD-SYN-000198,CUS-SYN-077,2025-08-18T16:00:00-04:00,2025-08-20T16:00:00-04:00,2025-08-23T16:00:00-04:00,fulfilled,B2B-V1-BASE,BLD-9102B6E8BF1ABFFC5F32,True
ORD-SYN-000199,CUS-SYN-050,2025-08-18T16:39:00-04:00,,2025-08-22T16:39:00-04:00,fulfilled,B2B-V1-BASE,BLD-9102B6E8BF1ABFFC5F32,True
ORD-SYN-000200,CUS-SYN-041,2025-08-19T08:00:00-04:00,2025-08-20T08:00:00-04:00,2025-08-22T08:00:00-04:00,partially_fulfilled,B2B-V1-BASE,BLD-9102B6E8BF1ABFFC5F32,True
ORD-SYN-000201,CUS-SYN-030,2025-08-19T08:25:00-04:00,2025-08-21T08:25:00-04:00,2025-08-21T08:25:00-04:00,partially_fulfilled,B2B-V1-BASE,BLD-9102B6E8BF1ABFFC5F32,True
ORD-SYN-000202,CUS-SYN-015,2025-08-19T08:33:00-04:00,2025-08-21T08:33:00-04:00,2025-08-22T08:33:00-04:00,partially_fulfilled,B2B-V1-BASE,BLD-9102B6E8BF1ABFFC5F32,True
ORD-SYN-000203,CUS-SYN-052,2025-08-19T08:50:00-04:00,2025-08-24T08:50:00-04:00,2025-08-24T08:50:00-04:00,fulfilled,B2B-V1-BASE,BLD-9102B6E8BF1ABFFC5F32,True
ORD-SYN-000204,CUS-SYN-100,2025-08-19T09:48:00-04:00,2025-08-22T09:48:00-04:00,2025-08-22T09:48:00-04:00,fulfilled,B2B-V1-BASE,BLD-9102B6E8BF1ABFFC5F32,True
ORD-SYN-000205,CUS-SYN-014,2025-08-19T12:28:00-04:00,,2025-08-21T12:28:00-04:00,fulfilled,B2B-V1-BASE,BLD-9102B6E8BF1ABFFC5F32,True
ORD-SYN-000206,CUS-SYN-114,2025-08-19T14:53:00-04:00,2025-08-22T14:53:00-04:00,2025-08-25T14:53:00-04:00,fulfilled,B2B-V1-BASE,BLD-9102B6E8BF1ABFFC5F32,True
ORD-SYN-000207,CUS-SYN-149,2025-08-19T15:03:00-04:00,2025-08-20T15:03:00-04:00,2025-08-25T15:03:00-04:00,fulfilled,B2B-V1-BASE,BLD-9102B6E8BF1ABFFC5F32,True
ORD-SYN-000208,CUS-SYN-097,2025-08-19T17:26:00-04:00,,2025-08-24T17:26:00-04:00,fulfilled,B2B-V1-BASE,BLD-9102B6E8BF1ABFFC5F32,True
ORD-SYN-000209,CUS-SYN-017,2025-08-20T10:37:00-04:00,,2025-08-26T10:37:00-04:00,partially_fulfilled,B2B-V1-BASE,BLD-9102B6E8BF1ABFFC5F32,True
ORD-SYN-000210,CUS-SYN-069,2025-08-20T10:44:00-04:00,2025-08-23T10:44:00-04:00,2025-08-25T10:44:00-04:00,fulfilled,B2B-V1-BASE,BLD-9102B6E8BF1ABFFC5F32,True
ORD-SYN-000211,CUS-SYN-137,2025-08-20T10:49:00-04:00,2025-08-21T10:49:00-04:00,2025-08-24T10:49:00-04:00,fulfilled,B2B-V1-BASE,BLD-9102B6E8BF1ABFFC5F32,True
ORD-SYN-000212,CUS-SYN-077,2025-08-20T11:10:00-04:00,,2025-08-24T11:10:00-04:00,fulfilled,B2B-V1-BASE,BLD-9102B6E8BF1ABFFC5F32,True
ORD-SYN-000213,CUS-SYN-005,2025-08-20T13:19:00-04:00,2025-08-21T13:19:00-04:00,2025-08-26T13:19:00-04:00,fulfilled,B2B-V1-BASE,BLD-9102B6E8BF1ABFFC5F32,True
ORD-SYN-000214,CUS-SYN-050,2025-08-20T13:55:00-04:00,2025-08-21T13:55:00-04:00,2025-08-22T13:55:00-04:00,fulfilled,B2B-V1-BASE,BLD-9102B6E8BF1ABFFC5F32,True
ORD-SYN-000215,CUS-SYN-001,2025-08-20T15:37:00-04:00,,2025-08-26T15:37:00-04:00,fulfilled,B2B-V1-BASE,BLD-9102B6E8BF1ABFFC5F32,True
ORD-SYN-000216,CUS-SYN-101,2025-08-20T16:24:00-04:00,2025-08-22T16:24:00-04:00,2025-08-26T16:24:00-04:00,fulfilled,B2B-V1-BASE,BLD-9102B6E8BF1ABFFC5F32,True
ORD-SYN-000217,CUS-SYN-138,2025-08-20T17:08:00-04:00,2025-08-21T17:08:00-04:00,2025-08-26T17:08:00-04:00,fulfilled,B2B-V1-BASE,BLD-9102B6E8BF1ABFFC5F32,True
ORD-SYN-000218,CUS-SYN-023,2025-08-21T08:18:00-04:00,2025-08-23T08:18:00-04:00,2025-08-23T08:18:00-04:00,fulfilled,B2B-V1-BASE,BLD-9102B6E8BF1ABFFC5F32,True
ORD-SYN-000219,CUS-SYN-089,2025-08-21T09:27:00-04:00,2025-08-22T09:27:00-04:00,2025-08-23T09:27:00-04:00,fulfilled,B2B-V1-BASE,BLD-9102B6E8BF1ABFFC5F32,True
ORD-SYN-000220,CUS-SYN-038,2025-08-21T09:40:00-04:00,2025-08-24T09:40:00-04:00,2025-08-27T09:40:00-04:00,fulfilled,B2B-V1-BASE,BLD-9102B6E8BF1ABFFC5F32,True
ORD-SYN-000221,CUS-SYN-145,2025-08-21T09:57:00-04:00,2025-08-25T09:57:00-04:00,2025-08-27T09:57:00-04:00,fulfilled,B2B-V1-BASE,BLD-9102B6E8BF1ABFFC5F32,True
ORD-SYN-000222,CUS-SYN-062,2025-08-21T10:00:00-04:00,,2025-08-25T10:00:00-04:00,fulfilled,B2B-V1-BASE,BLD-9102B6E8BF1ABFFC5F32,True
ORD-SYN-000223,CUS-SYN-066,2025-08-21T10:17:00-04:00,2025-08-24T10:17:00-04:00,2025-08-24T10:17:00-04:00,fulfilled,B2B-V1-BASE,BLD-9102B6E8BF1ABFFC5F32,True
ORD-SYN-000224,CUS-SYN-054,2025-08-21T10:47:00-04:00,2025-08-27T10:47:00-04:00,2025-08-27T10:47:00-04:00,fulfilled,B2B-V1-BASE,BLD-9102B6E8BF1ABFFC5F32,True
ORD-SYN-000225,CUS-SYN-101,2025-08-21T13:35:00-04:00,2025-08-25T13:35:00-04:00,2025-08-27T13:35:00-04:00,partially_fulfilled,B2B-V1-BASE,BLD-9102B6E8BF1ABFFC5F32,True
ORD-SYN-000226,CUS-SYN-051,2025-08-21T13:46:00-04:00,2025-08-23T13:46:00-04:00,2025-08-26T13:46:00-04:00,partially_fulfilled,B2B-V1-BASE,BLD-9102B6E8BF1ABFFC5F32,True
ORD-SYN-000227,CUS-SYN-150,2025-08-21T14:25:00-04:00,,2025-08-24T14:25:00-04:00,fulfilled,B2B-V1-BASE,BLD-9102B6E8BF1ABFFC5F32,True
ORD-SYN-000228,CUS-SYN-061,2025-08-21T15:30:00-04:00,2025-08-22T15:30:00-04:00,2025-08-27T15:30:00-04:00,fulfilled,B2B-V1-BASE,BLD-9102B6E8BF1ABFFC5F32,True
ORD-SYN-000229,CUS-SYN-113,2025-08-21T17:00:00-04:00,2025-08-24T17:00:00-04:00,2025-08-27T17:00:00-04:00,fulfilled,B2B-V1-BASE,BLD-9102B6E8BF1ABFFC5F32,True
ORD-SYN-000230,CUS-SYN-144,2025-08-22T09:37:00-04:00,2025-08-25T09:37:00-04:00,2025-08-26T09:37:00-04:00,fulfilled,B2B-V1-BASE,BLD-9102B6E8BF1ABFFC5F32,True
ORD-SYN-000231,CUS-SYN-035,2025-08-22T09:48:00-04:00,2025-08-26T09:48:00-04:00,2025-08-28T09:48:00-04:00,partially_fulfilled,B2B-V1-BASE,BLD-9102B6E8BF1ABFFC5F32,True
ORD-SYN-000232,CUS-SYN-069,2025-08-22T10:06:00-04:00,,2025-08-25T10:06:00-04:00,partially_fulfilled,B2B-V1-BASE,BLD-9102B6E8BF1ABFFC5F32,True
ORD-SYN-000233,CUS-SYN-146,2025-08-22T11:20:00-04:00,2025-08-23T11:20:00-04:00,2025-08-24T11:20:00-04:00,fulfilled,B2B-V1-BASE,BLD-9102B6E8BF1ABFFC5F32,True
ORD-SYN-000234,CUS-SYN-130,2025-08-22T11:56:00-04:00,,2025-08-28T11:56:00-04:00,fulfilled,B2B-V1-BASE,BLD-9102B6E8BF1ABFFC5F32,True
ORD-SYN-000235,CUS-SYN-022,2025-08-22T13:22:00-04:00,2025-08-23T13:22:00-04:00,2025-08-24T13:22:00-04:00,partially_fulfilled,B2B-V1-BASE,BLD-9102B6E8BF1ABFFC5F32,True
ORD-SYN-000236,CUS-SYN-059,2025-08-22T14:02:00-04:00,2025-08-28T14:02:00-04:00,2025-08-28T14:02:00-04:00,fulfilled,B2B-V1-BASE,BLD-9102B6E8BF1ABFFC5F32,True
ORD-SYN-000237,CUS-SYN-121,2025-08-22T16:56:00-04:00,2025-08-24T16:56:00-04:00,2025-08-24T16:56:00-04:00,fulfilled,B2B-V1-BASE,BLD-9102B6E8BF1ABFFC5F32,True
ORD-SYN-000238,CUS-SYN-122,2025-08-22T17:06:00-04:00,,2025-08-25T17:06:00-04:00,fulfilled,B2B-V1-BASE,BLD-9102B6E8BF1ABFFC5F32,True
ORD-SYN-000239,CUS-SYN-020,2025-08-22T17:32:00-04:00,2025-08-25T17:32:00-04:00,2025-08-25T17:32:00-04:00,fulfilled,B2B-V1-BASE,BLD-9102B6E8BF1ABFFC5F32,True
ORD-SYN-000240,CUS-SYN-021,2025-08-23T09:06:00-04:00,2025-08-24T09:06:00-04:00,2025-08-25T09:06:00-04:00,fulfilled,B2B-V1-BASE,BLD-9102B6E8BF1ABFFC5F32,True
ORD-SYN-000241,CUS-SYN-070,2025-08-23T09:28:00-04:00,2025-08-24T09:28:00-04:00,2025-08-25T09:28:00-04:00,fulfilled,B2B-V1-BASE,BLD-9102B6E8BF1ABFFC5F32,True
ORD-SYN-000242,CUS-SYN-067,2025-08-23T10:49:00-04:00,2025-08-25T10:49:00-04:00,2025-08-26T10:49:00-04:00,fulfilled,B2B-V1-BASE,BLD-9102B6E8BF1ABFFC5F32,True
ORD-SYN-000243,CUS-SYN-102,2025-08-23T13:00:00-04:00,2025-08-26T13:00:00-04:00,2025-08-26T13:00:00-04:00,fulfilled,B2B-V1-BASE,BLD-9102B6E8BF1ABFFC5F32,True
ORD-SYN-000244,CUS-SYN-048,2025-08-23T13:47:00-04:00,2025-08-24T13:47:00-04:00,2025-08-25T13:47:00-04:00,fulfilled,B2B-V1-BASE,BLD-9102B6E8BF1ABFFC5F32,True
ORD-SYN-000245,CUS-SYN-033,2025-08-23T14:50:00-04:00,,2025-08-28T14:50:00-04:00,fulfilled,B2B-V1-BASE,BLD-9102B6E8BF1ABFFC5F32,True
ORD-SYN-000246,CUS-SYN-121,2025-08-23T15:27:00-04:00,2025-08-24T15:27:00-04:00,2025-08-27T15:27:00-04:00,fulfilled,B2B-V1-BASE,BLD-9102B6E8BF1ABFFC5F32,True
ORD-SYN-000247,CUS-SYN-041,2025-08-23T15:37:00-04:00,,2025-08-28T15:37:00-04:00,partially_fulfilled,B2B-V1-BASE,BLD-9102B6E8BF1ABFFC5F32,True
ORD-SYN-000248,CUS-SYN-002,2025-08-23T15:51:00-04:00,2025-08-26T15:51:00-04:00,2025-08-26T15:51:00-04:00,fulfilled,B2B-V1-BASE,BLD-9102B6E8BF1ABFFC5F32,True
ORD-SYN-000249,CUS-SYN-090,2025-08-23T17:01:00-04:00,,2025-08-26T17:01:00-04:00,fulfilled,B2B-V1-BASE,BLD-9102B6E8BF1ABFFC5F32,True
ORD-SYN-000250,CUS-SYN-066,2025-08-24T08:51:00-04:00,2025-08-27T08:51:00-04:00,2025-08-28T08:51:00-04:00,fulfilled,B2B-V1-BASE,BLD-9102B6E8BF1ABFFC5F32,True
ORD-SYN-000251,CUS-SYN-019,2025-08-24T09:27:00-04:00,,2025-08-29T09:27:00-04:00,fulfilled,B2B-V1-BASE,BLD-9102B6E8BF1ABFFC5F32,True
ORD-SYN-000252,CUS-SYN-043,2025-08-24T10:40:00-04:00,2025-08-26T10:40:00-04:00,2025-08-28T10:40:00-04:00,partially_fulfilled,B2B-V1-BASE,BLD-9102B6E8BF1ABFFC5F32,True
ORD-SYN-000253,CUS-SYN-116,2025-08-24T10:47:00-04:00,,2025-08-27T10:47:00-04:00,fulfilled,B2B-V1-BASE,BLD-9102B6E8BF1ABFFC5F32,True
ORD-SYN-000254,CUS-SYN-121,2025-08-24T11:15:00-04:00,2025-08-26T11:15:00-04:00,2025-08-26T11:15:00-04:00,fulfilled,B2B-V1-BASE,BLD-9102B6E8BF1ABFFC5F32,True
ORD-SYN-000255,CUS-SYN-034,2025-08-24T13:43:00-04:00,,2025-08-26T13:43:00-04:00,partially_fulfilled,B2B-V1-BASE,BLD-9102B6E8BF1ABFFC5F32,True
ORD-SYN-000256,CUS-SYN-026,2025-08-24T14:02:00-04:00,,2025-08-26T14:02:00-04:00,fulfilled,B2B-V1-BASE,BLD-9102B6E8BF1ABFFC5F32,True
ORD-SYN-000257,CUS-SYN-143,2025-08-24T14:02:00-04:00,2025-08-29T14:02:00-04:00,2025-08-30T14:02:00-04:00,fulfilled,B2B-V1-BASE,BLD-9102B6E8BF1ABFFC5F32,True
ORD-SYN-000258,CUS-SYN-065,2025-08-24T14:04:00-04:00,,2025-08-28T14:04:00-04:00,fulfilled,B2B-V1-BASE,BLD-9102B6E8BF1ABFFC5F32,True
ORD-SYN-000259,CUS-SYN-059,2025-08-24T14:15:00-04:00,,2025-08-30T14:15:00-04:00,fulfilled,B2B-V1-BASE,BLD-9102B6E8BF1ABFFC5F32,True
ORD-SYN-000260,CUS-SYN-089,2025-08-25T08:34:00-04:00,2025-08-27T08:34:00-04:00,2025-08-27T08:34:00-04:00,partially_fulfilled,B2B-V1-BASE,BLD-9102B6E8BF1ABFFC5F32,True
ORD-SYN-000261,CUS-SYN-017,2025-08-25T09:30:00-04:00,2025-08-30T09:30:00-04:00,2025-08-31T09:30:00-04:00,fulfilled,B2B-V1-BASE,BLD-9102B6E8BF1ABFFC5F32,True
ORD-SYN-000262,CUS-SYN-041,2025-08-25T10:42:00-04:00,,2025-08-28T10:42:00-04:00,fulfilled,B2B-V1-BASE,BLD-9102B6E8BF1ABFFC5F32,True
ORD-SYN-000263,CUS-SYN-054,2025-08-25T11:28:00-04:00,,2025-08-30T11:28:00-04:00,fulfilled,B2B-V1-BASE,BLD-9102B6E8BF1ABFFC5F32,True
ORD-SYN-000264,CUS-SYN-129,2025-08-25T11:33:00-04:00,2025-08-26T11:33:00-04:00,2025-08-27T11:33:00-04:00,fulfilled,B2B-V1-BASE,BLD-9102B6E8BF1ABFFC5F32,True
ORD-SYN-000265,CUS-SYN-134,2025-08-25T12:00:00-04:00,2025-08-27T12:00:00-04:00,2025-08-28T12:00:00-04:00,partially_fulfilled,B2B-V1-BASE,BLD-9102B6E8BF1ABFFC5F32,True
ORD-SYN-000266,CUS-SYN-022,2025-08-25T12:43:00-04:00,2025-08-26T12:43:00-04:00,2025-08-31T12:43:00-04:00,fulfilled,B2B-V1-BASE,BLD-9102B6E8BF1ABFFC5F32,True
ORD-SYN-000267,CUS-SYN-019,2025-08-25T13:52:00-04:00,2025-08-26T13:52:00-04:00,2025-08-27T13:52:00-04:00,fulfilled,B2B-V1-BASE,BLD-9102B6E8BF1ABFFC5F32,True
ORD-SYN-000268,CUS-SYN-085,2025-08-25T14:13:00-04:00,,2025-08-30T14:13:00-04:00,fulfilled,B2B-V1-BASE,BLD-9102B6E8BF1ABFFC5F32,True
ORD-SYN-000269,CUS-SYN-070,2025-08-25T14:30:00-04:00,,2025-08-29T14:30:00-04:00,fulfilled,B2B-V1-BASE,BLD-9102B6E8BF1ABFFC5F32,True
ORD-SYN-000270,CUS-SYN-062,2025-08-25T14:32:00-04:00,2025-08-28T14:32:00-04:00,2025-08-28T14:32:00-04:00,fulfilled,B2B-V1-BASE,BLD-9102B6E8BF1ABFFC5F32,True
ORD-SYN-000271,CUS-SYN-010,2025-08-25T16:00:00-04:00,2025-08-27T16:00:00-04:00,2025-08-27T16:00:00-04:00,partially_fulfilled,B2B-V1-BASE,BLD-9102B6E8BF1ABFFC5F32,True
ORD-SYN-000272,CUS-SYN-073,2025-08-25T17:27:00-04:00,2025-08-27T17:27:00-04:00,2025-08-27T17:27:00-04:00,fulfilled,B2B-V1-BASE,BLD-9102B6E8BF1ABFFC5F32,True
ORD-SYN-000273,CUS-SYN-094,2025-08-25T17:35:00-04:00,,2025-08-28T17:35:00-04:00,fulfilled,B2B-V1-BASE,BLD-9102B6E8BF1ABFFC5F32,True
ORD-SYN-000274,CUS-SYN-017,2025-08-25T17:46:00-04:00,2025-08-30T17:46:00-04:00,2025-08-31T17:46:00-04:00,fulfilled,B2B-V1-BASE,BLD-9102B6E8BF1ABFFC5F32,True
ORD-SYN-000275,CUS-SYN-077,2025-08-26T08:01:00-04:00,2025-08-29T08:01:00-04:00,2025-08-29T08:01:00-04:00,fulfilled,B2B-V1-BASE,BLD-9102B6E8BF1ABFFC5F32,True
ORD-SYN-000276,CUS-SYN-018,2025-08-26T09:37:00-04:00,2025-08-30T09:37:00-04:00,2025-08-30T09:37:00-04:00,fulfilled,B2B-V1-BASE,BLD-9102B6E8BF1ABFFC5F32,True
ORD-SYN-000277,CUS-SYN-089,2025-08-26T10:55:00-04:00,2025-08-28T10:55:00-04:00,2025-08-30T10:55:00-04:00,fulfilled,B2B-V1-BASE,BLD-9102B6E8BF1ABFFC5F32,True
ORD-SYN-000278,CUS-SYN-086,2025-08-26T12:10:00-04:00,2025-08-28T12:10:00-04:00,2025-08-28T12:10:00-04:00,fulfilled,B2B-V1-BASE,BLD-9102B6E8BF1ABFFC5F32,True
ORD-SYN-000279,CUS-SYN-041,2025-08-26T13:39:00-04:00,2025-08-29T13:39:00-04:00,2025-08-29T13:39:00-04:00,fulfilled,B2B-V1-BASE,BLD-9102B6E8BF1ABFFC5F32,True
ORD-SYN-000280,CUS-SYN-078,2025-08-26T14:40:00-04:00,2025-08-27T14:40:00-04:00,2025-08-30T14:40:00-04:00,fulfilled,B2B-V1-BASE,BLD-9102B6E8BF1ABFFC5F32,True
ORD-SYN-000281,CUS-SYN-114,2025-08-26T16:05:00-04:00,2025-08-28T16:05:00-04:00,2025-08-30T16:05:00-04:00,partially_fulfilled,B2B-V1-BASE,BLD-9102B6E8BF1ABFFC5F32,True
ORD-SYN-000282,CUS-SYN-009,2025-08-26T17:07:00-04:00,,2025-08-31T17:07:00-04:00,fulfilled,B2B-V1-BASE,BLD-9102B6E8BF1ABFFC5F32,True
ORD-SYN-000283,CUS-SYN-022,2025-08-27T08:07:00-04:00,2025-08-29T08:07:00-04:00,2025-08-29T08:07:00-04:00,fulfilled,B2B-V1-BASE,BLD-9102B6E8BF1ABFFC5F32,True
ORD-SYN-000284,CUS-SYN-045,2025-08-27T08:09:00-04:00,,2025-08-31T08:09:00-04:00,partially_fulfilled,B2B-V1-BASE,BLD-9102B6E8BF1ABFFC5F32,True
ORD-SYN-000285,CUS-SYN-042,2025-08-27T08:24:00-04:00,2025-08-30T08:24:00-04:00,2025-08-31T08:24:00-04:00,fulfilled,B2B-V1-BASE,BLD-9102B6E8BF1ABFFC5F32,True
ORD-SYN-000286,CUS-SYN-133,2025-08-27T08:24:00-04:00,2025-08-30T08:24:00-04:00,2025-08-30T08:24:00-04:00,partially_fulfilled,B2B-V1-BASE,BLD-9102B6E8BF1ABFFC5F32,True
ORD-SYN-000287,CUS-SYN-102,2025-08-27T08:39:00-04:00,2025-08-28T08:39:00-04:00,2025-08-30T08:39:00-04:00,fulfilled,B2B-V1-BASE,BLD-9102B6E8BF1ABFFC5F32,True
ORD-SYN-000288,CUS-SYN-049,2025-08-27T08:45:00-04:00,,2025-08-30T08:45:00-04:00,partially_fulfilled,B2B-V1-BASE,BLD-9102B6E8BF1ABFFC5F32,True
ORD-SYN-000289,CUS-SYN-078,2025-08-27T09:20:00-04:00,2025-08-29T09:20:00-04:00,2025-08-29T09:20:00-04:00,fulfilled,B2B-V1-BASE,BLD-9102B6E8BF1ABFFC5F32,True
ORD-SYN-000290,CUS-SYN-114,2025-08-27T09:21:00-04:00,2025-08-29T09:21:00-04:00,2025-09-01T09:21:00-04:00,fulfilled,B2B-V1-BASE,BLD-9102B6E8BF1ABFFC5F32,True
ORD-SYN-000291,CUS-SYN-145,2025-08-27T12:14:00-04:00,2025-08-28T12:14:00-04:00,2025-08-30T12:14:00-04:00,fulfilled,B2B-V1-BASE,BLD-9102B6E8BF1ABFFC5F32,True
ORD-SYN-000292,CUS-SYN-050,2025-08-27T12:22:00-04:00,2025-08-30T12:22:00-04:00,2025-08-31T12:22:00-04:00,fulfilled,B2B-V1-BASE,BLD-9102B6E8BF1ABFFC5F32,True
ORD-SYN-000293,CUS-SYN-037,2025-08-27T13:04:00-04:00,2025-08-28T13:04:00-04:00,2025-08-31T13:04:00-04:00,fulfilled,B2B-V1-BASE,BLD-9102B6E8BF1ABFFC5F32,True
ORD-SYN-000294,CUS-SYN-130,2025-08-27T13:09:00-04:00,,2025-08-31T13:09:00-04:00,fulfilled,B2B-V1-BASE,BLD-9102B6E8BF1ABFFC5F32,True
ORD-SYN-000295,CUS-SYN-010,2025-08-27T15:20:00-04:00,,2025-09-01T15:20:00-04:00,partially_fulfilled,B2B-V1-BASE,BLD-9102B6E8BF1ABFFC5F32,True
ORD-SYN-000296,CUS-SYN-109,2025-08-27T16:49:00-04:00,2025-08-29T16:49:00-04:00,2025-08-31T16:49:00-04:00,fulfilled,B2B-V1-BASE,BLD-9102B6E8BF1ABFFC5F32,True
ORD-SYN-000297,CUS-SYN-058,2025-08-27T17:02:00-04:00,2025-09-02T17:02:00-04:00,2025-09-02T17:02:00-04:00,partially_fulfilled,B2B-V1-BASE,BLD-9102B6E8BF1ABFFC5F32,True
ORD-SYN-000298,CUS-SYN-122,2025-08-27T17:32:00-04:00,2025-08-29T17:32:00-04:00,2025-09-02T17:32:00-04:00,partially_fulfilled,B2B-V1-BASE,BLD-9102B6E8BF1ABFFC5F32,True
ORD-SYN-000299,CUS-SYN-065,2025-08-28T08:03:00-04:00,,2025-08-31T08:03:00-04:00,partially_fulfilled,B2B-V1-BASE,BLD-9102B6E8BF1ABFFC5F32,True
ORD-SYN-000300,CUS-SYN-081,2025-08-28T08:23:00-04:00,2025-09-01T08:23:00-04:00,2025-09-02T08:23:00-04:00,fulfilled,B2B-V1-BASE,BLD-9102B6E8BF1ABFFC5F32,True
ORD-SYN-000301,CUS-SYN-057,2025-08-28T08:55:00-04:00,,2025-09-02T08:55:00-04:00,fulfilled,B2B-V1-BASE,BLD-9102B6E8BF1ABFFC5F32,True
ORD-SYN-000302,CUS-SYN-110,2025-08-28T09:45:00-04:00,2025-08-30T09:45:00-04:00,2025-09-01T09:45:00-04:00,fulfilled,B2B-V1-BASE,BLD-9102B6E8BF1ABFFC5F32,True
ORD-SYN-000303,CUS-SYN-117,2025-08-28T10:28:00-04:00,2025-08-30T10:28:00-04:00,2025-09-02T10:28:00-04:00,fulfilled,B2B-V1-BASE,BLD-9102B6E8BF1ABFFC5F32,True
ORD-SYN-000304,CUS-SYN-122,2025-08-28T10:43:00-04:00,2025-09-02T10:43:00-04:00,2025-09-02T10:43:00-04:00,fulfilled,B2B-V1-BASE,BLD-9102B6E8BF1ABFFC5F32,True
ORD-SYN-000305,CUS-SYN-020,2025-08-28T11:43:00-04:00,2025-08-30T11:43:00-04:00,2025-08-30T11:43:00-04:00,partially_fulfilled,B2B-V1-BASE,BLD-9102B6E8BF1ABFFC5F32,True
ORD-SYN-000306,CUS-SYN-107,2025-08-28T12:04:00-04:00,,2025-08-30T12:04:00-04:00,fulfilled,B2B-V1-BASE,BLD-9102B6E8BF1ABFFC5F32,True
ORD-SYN-000307,CUS-SYN-095,2025-08-28T12:10:00-04:00,2025-08-31T12:10:00-04:00,2025-09-01T12:10:00-04:00,fulfilled,B2B-V1-BASE,BLD-9102B6E8BF1ABFFC5F32,True
ORD-SYN-000308,CUS-SYN-139,2025-08-28T12:32:00-04:00,2025-08-31T12:32:00-04:00,2025-08-31T12:32:00-04:00,fulfilled,B2B-V1-BASE,BLD-9102B6E8BF1ABFFC5F32,True
ORD-SYN-000309,CUS-SYN-109,2025-08-28T12:38:00-04:00,2025-08-31T12:38:00-04:00,2025-09-01T12:38:00-04:00,partially_fulfilled,B2B-V1-BASE,BLD-9102B6E8BF1ABFFC5F32,True
ORD-SYN-000310,CUS-SYN-023,2025-08-28T15:19:00-04:00,2025-08-29T15:19:00-04:00,2025-08-31T15:19:00-04:00,fulfilled,B2B-V1-BASE,BLD-9102B6E8BF1ABFFC5F32,True
ORD-SYN-000311,CUS-SYN-101,2025-08-28T15:30:00-04:00,,2025-09-02T15:30:00-04:00,fulfilled,B2B-V1-BASE,BLD-9102B6E8BF1ABFFC5F32,True
ORD-SYN-000312,CUS-SYN-022,2025-08-28T16:19:00-04:00,,2025-09-01T16:19:00-04:00,fulfilled,B2B-V1-BASE,BLD-9102B6E8BF1ABFFC5F32,True
ORD-SYN-000313,CUS-SYN-112,2025-08-28T16:53:00-04:00,2025-08-31T16:53:00-04:00,2025-08-31T16:53:00-04:00,fulfilled,B2B-V1-BASE,BLD-9102B6E8BF1ABFFC5F32,True
ORD-SYN-000314,CUS-SYN-104,2025-08-28T17:07:00-04:00,2025-09-01T17:07:00-04:00,2025-09-03T17:07:00-04:00,fulfilled,B2B-V1-BASE,BLD-9102B6E8BF1ABFFC5F32,True
ORD-SYN-000315,CUS-SYN-038,2025-08-28T17:27:00-04:00,2025-09-02T17:27:00-04:00,2025-09-03T17:27:00-04:00,fulfilled,B2B-V1-BASE,BLD-9102B6E8BF1ABFFC5F32,True
ORD-SYN-000316,CUS-SYN-109,2025-08-28T17:28:00-04:00,2025-09-01T17:28:00-04:00,2025-09-01T17:28:00-04:00,fulfilled,B2B-V1-BASE,BLD-9102B6E8BF1ABFFC5F32,True
ORD-SYN-000317,CUS-SYN-001,2025-08-29T08:07:00-04:00,2025-09-01T08:07:00-04:00,2025-09-01T08:07:00-04:00,fulfilled,B2B-V1-BASE,BLD-9102B6E8BF1ABFFC5F32,True
ORD-SYN-000318,CUS-SYN-118,2025-08-29T09:39:00-04:00,2025-08-30T09:39:00-04:00,2025-08-31T09:39:00-04:00,fulfilled,B2B-V1-BASE,BLD-9102B6E8BF1ABFFC5F32,True
ORD-SYN-000319,CUS-SYN-086,2025-08-29T09:45:00-04:00,2025-08-30T09:45:00-04:00,2025-08-31T09:45:00-04:00,fulfilled,B2B-V1-BASE,BLD-9102B6E8BF1ABFFC5F32,True
ORD-SYN-000320,CUS-SYN-021,2025-08-29T12:39:00-04:00,2025-08-30T12:39:00-04:00,2025-09-02T12:39:00-04:00,fulfilled,B2B-V1-BASE,BLD-9102B6E8BF1ABFFC5F32,True
ORD-SYN-000321,CUS-SYN-076,2025-08-29T13:07:00-04:00,,2025-09-01T13:07:00-04:00,partially_fulfilled,B2B-V1-BASE,BLD-9102B6E8BF1ABFFC5F32,True
ORD-SYN-000322,CUS-SYN-142,2025-08-29T13:20:00-04:00,2025-08-31T13:20:00-04:00,2025-08-31T13:20:00-04:00,fulfilled,B2B-V1-BASE,BLD-9102B6E8BF1ABFFC5F32,True
ORD-SYN-000323,CUS-SYN-096,2025-08-29T14:44:00-04:00,2025-09-01T14:44:00-04:00,2025-09-02T14:44:00-04:00,fulfilled,B2B-V1-BASE,BLD-9102B6E8BF1ABFFC5F32,True
ORD-SYN-000324,CUS-SYN-114,2025-08-29T15:24:00-04:00,2025-08-30T15:24:00-04:00,2025-08-31T15:24:00-04:00,partially_fulfilled,B2B-V1-BASE,BLD-9102B6E8BF1ABFFC5F32,True
ORD-SYN-000325,CUS-SYN-100,2025-08-29T17:13:00-04:00,2025-09-01T17:13:00-04:00,2025-09-01T17:13:00-04:00,fulfilled,B2B-V1-BASE,BLD-9102B6E8BF1ABFFC5F32,True
ORD-SYN-000326,CUS-SYN-007,2025-08-30T08:54:00-04:00,,2025-09-05T08:54:00-04:00,fulfilled,B2B-V1-BASE,BLD-9102B6E8BF1ABFFC5F32,True
ORD-SYN-000327,CUS-SYN-149,2025-08-30T09:01:00-04:00,2025-08-31T09:01:00-04:00,2025-09-02T09:01:00-04:00,fulfilled,B2B-V1-BASE,BLD-9102B6E8BF1ABFFC5F32,True
ORD-SYN-000328,CUS-SYN-106,2025-08-30T09:56:00-04:00,2025-09-01T09:56:00-04:00,2025-09-03T09:56:00-04:00,fulfilled,B2B-V1-BASE,BLD-9102B6E8BF1ABFFC5F32,True
ORD-SYN-000329,CUS-SYN-105,2025-08-30T11:32:00-04:00,2025-09-02T11:32:00-04:00,2025-09-03T11:32:00-04:00,fulfilled,B2B-V1-BASE,BLD-9102B6E8BF1ABFFC5F32,True
ORD-SYN-000330,CUS-SYN-077,2025-08-30T11:56:00-04:00,2025-09-04T11:56:00-04:00,2025-09-04T11:56:00-04:00,fulfilled,B2B-V1-BASE,BLD-9102B6E8BF1ABFFC5F32,True
ORD-SYN-000331,CUS-SYN-142,2025-08-30T13:02:00-04:00,2025-09-04T13:02:00-04:00,2025-09-04T13:02:00-04:00,fulfilled,B2B-V1-BASE,BLD-9102B6E8BF1ABFFC5F32,True
ORD-SYN-000332,CUS-SYN-064,2025-08-30T13:51:00-04:00,2025-08-31T13:51:00-04:00,2025-09-02T13:51:00-04:00,fulfilled,B2B-V1-BASE,BLD-9102B6E8BF1ABFFC5F32,True
ORD-SYN-000333,CUS-SYN-021,2025-08-30T15:04:00-04:00,,2025-09-01T15:04:00-04:00,fulfilled,B2B-V1-BASE,BLD-9102B6E8BF1ABFFC5F32,True
ORD-SYN-000334,CUS-SYN-053,2025-08-30T16:15:00-04:00,2025-09-01T16:15:00-04:00,2025-09-04T16:15:00-04:00,fulfilled,B2B-V1-BASE,BLD-9102B6E8BF1ABFFC5F32,True
ORD-SYN-000335,CUS-SYN-037,2025-08-30T16:49:00-04:00,2025-09-04T16:49:00-04:00,2025-09-04T16:49:00-04:00,partially_fulfilled,B2B-V1-BASE,BLD-9102B6E8BF1ABFFC5F32,True
ORD-SYN-000336,CUS-SYN-094,2025-08-31T08:01:00-04:00,2025-09-03T08:01:00-04:00,2025-09-04T08:01:00-04:00,fulfilled,B2B-V1-BASE,BLD-9102B6E8BF1ABFFC5F32,True
ORD-SYN-000337,CUS-SYN-037,2025-08-31T08:53:00-04:00,2025-09-05T08:53:00-04:00,2025-09-06T08:53:00-04:00,fulfilled,B2B-V1-BASE,BLD-9102B6E8BF1ABFFC5F32,True
ORD-SYN-000338,CUS-SYN-071,2025-08-31T09:30:00-04:00,2025-09-01T09:30:00-04:00,2025-09-03T09:30:00-04:00,partially_fulfilled,B2B-V1-BASE,BLD-9102B6E8BF1ABFFC5F32,True
ORD-SYN-000339,CUS-SYN-079,2025-08-31T10:32:00-04:00,2025-09-01T10:32:00-04:00,2025-09-03T10:32:00-04:00,partially_fulfilled,B2B-V1-BASE,BLD-9102B6E8BF1ABFFC5F32,True
ORD-SYN-000340,CUS-SYN-066,2025-08-31T11:25:00-04:00,2025-09-02T11:25:00-04:00,2025-09-02T11:25:00-04:00,fulfilled,B2B-V1-BASE,BLD-9102B6E8BF1ABFFC5F32,True
ORD-SYN-000341,CUS-SYN-133,2025-08-31T13:17:00-04:00,2025-09-05T13:17:00-04:00,2025-09-05T13:17:00-04:00,fulfilled,B2B-V1-BASE,BLD-9102B6E8BF1ABFFC5F32,True
ORD-SYN-000342,CUS-SYN-049,2025-08-31T15:01:00-04:00,2025-09-06T15:01:00-04:00,2025-09-06T15:01:00-04:00,fulfilled,B2B-V1-BASE,BLD-9102B6E8BF1ABFFC5F32,True
ORD-SYN-000343,CUS-SYN-096,2025-08-31T16:01:00-04:00,2025-09-02T16:01:00-04:00,2025-09-02T16:01:00-04:00,partially_fulfilled,B2B-V1-BASE,BLD-9102B6E8BF1ABFFC5F32,True
ORD-SYN-000344,CUS-SYN-102,2025-08-31T16:05:00-04:00,,2025-09-02T16:05:00-04:00,partially_fulfilled,B2B-V1-BASE,BLD-9102B6E8BF1ABFFC5F32,True
ORD-SYN-000345,CUS-SYN-124,2025-08-31T16:11:00-04:00,2025-09-03T16:11:00-04:00,2025-09-04T16:11:00-04:00,fulfilled,B2B-V1-BASE,BLD-9102B6E8BF1ABFFC5F32,True
ORD-SYN-000346,CUS-SYN-009,2025-08-31T16:24:00-04:00,2025-09-01T16:24:00-04:00,2025-09-02T16:24:00-04:00,fulfilled,B2B-V1-BASE,BLD-9102B6E8BF1ABFFC5F32,True
ORD-SYN-000347,CUS-SYN-044,2025-08-31T17:32:00-04:00,2025-09-02T17:32:00-04:00,2025-09-03T17:32:00-04:00,fulfilled,B2B-V1-BASE,BLD-9102B6E8BF1ABFFC5F32,True
ORD-SYN-000348,CUS-SYN-038,2025-09-01T12:49:00-04:00,2025-09-02T12:49:00-04:00,2025-09-05T12:49:00-04:00,partially_fulfilled,B2B-V1-BASE,BLD-9102B6E8BF1ABFFC5F32,True
ORD-SYN-000349,CUS-SYN-006,2025-09-01T13:14:00-04:00,,2025-09-04T13:14:00-04:00,fulfilled,B2B-V1-BASE,BLD-9102B6E8BF1ABFFC5F32,True
ORD-SYN-000350,CUS-SYN-025,2025-09-01T14:03:00-04:00,,2025-09-05T14:03:00-04:00,fulfilled,B2B-V1-BASE,BLD-9102B6E8BF1ABFFC5F32,True
ORD-SYN-000351,CUS-SYN-095,2025-09-01T14:42:00-04:00,2025-09-02T14:42:00-04:00,2025-09-04T14:42:00-04:00,partially_fulfilled,B2B-V1-BASE,BLD-9102B6E8BF1ABFFC5F32,True
ORD-SYN-000352,CUS-SYN-041,2025-09-01T14:46:00-04:00,2025-09-06T14:46:00-04:00,2025-09-06T14:46:00-04:00,fulfilled,B2B-V1-BASE,BLD-9102B6E8BF1ABFFC5F32,True
ORD-SYN-000353,CUS-SYN-077,2025-09-01T15:50:00-04:00,2025-09-03T15:50:00-04:00,2025-09-07T15:50:00-03:00,fulfilled,B2B-V1-BASE,BLD-9102B6E8BF1ABFFC5F32,True
ORD-SYN-000354,CUS-SYN-125,2025-09-01T16:31:00-04:00,2025-09-02T16:31:00-04:00,2025-09-03T16:31:00-04:00,fulfilled,B2B-V1-BASE,BLD-9102B6E8BF1ABFFC5F32,True
ORD-SYN-000355,CUS-SYN-075,2025-09-01T17:49:00-04:00,2025-09-02T17:49:00-04:00,2025-09-05T17:49:00-04:00,fulfilled,B2B-V1-BASE,BLD-9102B6E8BF1ABFFC5F32,True
ORD-SYN-000356,CUS-SYN-035,2025-09-02T09:11:00-04:00,2025-09-06T09:11:00-04:00,2025-09-07T09:11:00-03:00,partially_fulfilled,B2B-V1-BASE,BLD-9102B6E8BF1ABFFC5F32,True
ORD-SYN-000357,CUS-SYN-005,2025-09-02T11:06:00-04:00,,2025-09-08T11:06:00-03:00,fulfilled,B2B-V1-BASE,BLD-9102B6E8BF1ABFFC5F32,True
ORD-SYN-000358,CUS-SYN-021,2025-09-02T11:40:00-04:00,,2025-09-07T11:40:00-03:00,fulfilled,B2B-V1-BASE,BLD-9102B6E8BF1ABFFC5F32,True
ORD-SYN-000359,CUS-SYN-067,2025-09-02T12:06:00-04:00,2025-09-04T12:06:00-04:00,2025-09-06T12:06:00-04:00,partially_fulfilled,B2B-V1-BASE,BLD-9102B6E8BF1ABFFC5F32,True
ORD-SYN-000360,CUS-SYN-038,2025-09-02T14:52:00-04:00,,2025-09-07T14:52:00-03:00,fulfilled,B2B-V1-BASE,BLD-9102B6E8BF1ABFFC5F32,True
ORD-SYN-000361,CUS-SYN-137,2025-09-02T15:55:00-04:00,,2025-09-05T15:55:00-04:00,fulfilled,B2B-V1-BASE,BLD-9102B6E8BF1ABFFC5F32,True
ORD-SYN-000362,CUS-SYN-035,2025-09-03T08:08:00-04:00,,2025-09-08T08:08:00-03:00,fulfilled,B2B-V1-BASE,BLD-9102B6E8BF1ABFFC5F32,True
ORD-SYN-000363,CUS-SYN-098,2025-09-03T08:20:00-04:00,2025-09-04T08:20:00-04:00,2025-09-06T08:20:00-04:00,fulfilled,B2B-V1-BASE,BLD-9102B6E8BF1ABFFC5F32,True
ORD-SYN-000364,CUS-SYN-044,2025-09-03T09:18:00-04:00,,2025-09-09T09:18:00-03:00,fulfilled,B2B-V1-BASE,BLD-9102B6E8BF1ABFFC5F32,True
ORD-SYN-000365,CUS-SYN-008,2025-09-03T10:06:00-04:00,2025-09-05T10:06:00-04:00,2025-09-05T10:06:00-04:00,partially_fulfilled,B2B-V1-BASE,BLD-9102B6E8BF1ABFFC5F32,True
ORD-SYN-000366,CUS-SYN-097,2025-09-03T10:16:00-04:00,2025-09-04T10:16:00-04:00,2025-09-09T10:16:00-03:00,fulfilled,B2B-V1-BASE,BLD-9102B6E8BF1ABFFC5F32,True
ORD-SYN-000367,CUS-SYN-096,2025-09-03T10:49:00-04:00,2025-09-05T10:49:00-04:00,2025-09-05T10:49:00-04:00,fulfilled,B2B-V1-BASE,BLD-9102B6E8BF1ABFFC5F32,True
ORD-SYN-000368,CUS-SYN-068,2025-09-03T11:03:00-04:00,2025-09-05T11:03:00-04:00,2025-09-05T11:03:00-04:00,fulfilled,B2B-V1-BASE,BLD-9102B6E8BF1ABFFC5F32,True
ORD-SYN-000369,CUS-SYN-048,2025-09-03T11:16:00-04:00,,2025-09-08T11:16:00-03:00,fulfilled,B2B-V1-BASE,BLD-9102B6E8BF1ABFFC5F32,True
ORD-SYN-000370,CUS-SYN-042,2025-09-03T11:49:00-04:00,2025-09-07T11:49:00-03:00,2025-09-08T11:49:00-03:00,fulfilled,B2B-V1-BASE,BLD-9102B6E8BF1ABFFC5F32,True
ORD-SYN-000371,CUS-SYN-109,2025-09-03T14:00:00-04:00,2025-09-04T14:00:00-04:00,2025-09-08T14:00:00-03:00,fulfilled,B2B-V1-BASE,BLD-9102B6E8BF1ABFFC5F32,True
ORD-SYN-000372,CUS-SYN-034,2025-09-03T14:20:00-04:00,2025-09-05T14:20:00-04:00,2025-09-05T14:20:00-04:00,partially_fulfilled,B2B-V1-BASE,BLD-9102B6E8BF1ABFFC5F32,True
ORD-SYN-000373,CUS-SYN-006,2025-09-03T16:11:00-04:00,2025-09-05T16:11:00-04:00,2025-09-05T16:11:00-04:00,fulfilled,B2B-V1-BASE,BLD-9102B6E8BF1ABFFC5F32,True
ORD-SYN-000374,CUS-SYN-113,2025-09-03T16:47:00-04:00,2025-09-04T16:47:00-04:00,2025-09-05T16:47:00-04:00,fulfilled,B2B-V1-BASE,BLD-9102B6E8BF1ABFFC5F32,True
ORD-SYN-000375,CUS-SYN-098,2025-09-03T17:08:00-04:00,2025-09-09T17:08:00-03:00,2025-09-09T17:08:00-03:00,fulfilled,B2B-V1-BASE,BLD-9102B6E8BF1ABFFC5F32,True
ORD-SYN-000376,CUS-SYN-005,2025-09-03T17:13:00-04:00,2025-09-04T17:13:00-04:00,2025-09-05T17:13:00-04:00,fulfilled,B2B-V1-BASE,BLD-9102B6E8BF1ABFFC5F32,True
ORD-SYN-000377,CUS-SYN-022,2025-09-04T08:42:00-04:00,2025-09-05T08:42:00-04:00,2025-09-09T08:42:00-03:00,fulfilled,B2B-V1-BASE,BLD-9102B6E8BF1ABFFC5F32,True
ORD-SYN-000378,CUS-SYN-017,2025-09-04T10:04:00-04:00,2025-09-07T10:04:00-03:00,2025-09-07T10:04:00-03:00,fulfilled,B2B-V1-BASE,BLD-9102B6E8BF1ABFFC5F32,True
ORD-SYN-000379,CUS-SYN-132,2025-09-04T10:35:00-04:00,2025-09-08T10:35:00-03:00,2025-09-10T10:35:00-03:00,fulfilled,B2B-V1-BASE,BLD-9102B6E8BF1ABFFC5F32,True
ORD-SYN-000380,CUS-SYN-143,2025-09-04T10:40:00-04:00,2025-09-06T10:40:00-04:00,2025-09-07T10:40:00-03:00,partially_fulfilled,B2B-V1-BASE,BLD-9102B6E8BF1ABFFC5F32,True
ORD-SYN-000381,CUS-SYN-141,2025-09-04T10:40:00-04:00,2025-09-07T10:40:00-03:00,2025-09-07T10:40:00-03:00,fulfilled,B2B-V1-BASE,BLD-9102B6E8BF1ABFFC5F32,True
ORD-SYN-000382,CUS-SYN-054,2025-09-04T12:11:00-04:00,2025-09-08T12:11:00-03:00,2025-09-08T12:11:00-03:00,fulfilled,B2B-V1-BASE,BLD-9102B6E8BF1ABFFC5F32,True
ORD-SYN-000383,CUS-SYN-017,2025-09-04T13:14:00-04:00,2025-09-05T13:14:00-04:00,2025-09-06T13:14:00-04:00,fulfilled,B2B-V1-BASE,BLD-9102B6E8BF1ABFFC5F32,True
ORD-SYN-000384,CUS-SYN-094,2025-09-04T15:09:00-04:00,,2025-09-06T15:09:00-04:00,fulfilled,B2B-V1-BASE,BLD-9102B6E8BF1ABFFC5F32,True
ORD-SYN-000385,CUS-SYN-101,2025-09-04T16:12:00-04:00,2025-09-06T16:12:00-04:00,2025-09-07T16:12:00-03:00,fulfilled,B2B-V1-BASE,BLD-9102B6E8BF1ABFFC5F32,True
ORD-SYN-000386,CUS-SYN-142,2025-09-04T16:16:00-04:00,2025-09-06T16:16:00-04:00,2025-09-07T16:16:00-03:00,partially_fulfilled,B2B-V1-BASE,BLD-9102B6E8BF1ABFFC5F32,True
ORD-SYN-000387,CUS-SYN-026,2025-09-04T16:20:00-04:00,2025-09-06T16:20:00-04:00,2025-09-06T16:20:00-04:00,fulfilled,B2B-V1-BASE,BLD-9102B6E8BF1ABFFC5F32,True
ORD-SYN-000388,CUS-SYN-117,2025-09-04T17:02:00-04:00,2025-09-07T17:02:00-03:00,2025-09-09T17:02:00-03:00,fulfilled,B2B-V1-BASE,BLD-9102B6E8BF1ABFFC5F32,True
ORD-SYN-000389,CUS-SYN-072,2025-09-04T17:08:00-04:00,2025-09-06T17:08:00-04:00,2025-09-06T17:08:00-04:00,fulfilled,B2B-V1-BASE,BLD-9102B6E8BF1ABFFC5F32,True
ORD-SYN-000390,CUS-SYN-009,2025-09-05T08:12:00-04:00,2025-09-08T08:12:00-03:00,2025-09-08T08:12:00-03:00,fulfilled,B2B-V1-BASE,BLD-9102B6E8BF1ABFFC5F32,True
ORD-SYN-000391,CUS-SYN-010,2025-09-05T12:38:00-04:00,2025-09-08T12:38:00-03:00,2025-09-08T12:38:00-03:00,partially_fulfilled,B2B-V1-BASE,BLD-9102B6E8BF1ABFFC5F32,True
ORD-SYN-000392,CUS-SYN-138,2025-09-05T13:58:00-04:00,2025-09-07T13:58:00-03:00,2025-09-09T13:58:00-03:00,fulfilled,B2B-V1-BASE,BLD-9102B6E8BF1ABFFC5F32,True
ORD-SYN-000393,CUS-SYN-126,2025-09-05T14:30:00-04:00,2025-09-07T14:30:00-03:00,2025-09-11T14:30:00-03:00,fulfilled,B2B-V1-BASE,BLD-9102B6E8BF1ABFFC5F32,True
ORD-SYN-000394,CUS-SYN-069,2025-09-05T16:00:00-04:00,2025-09-11T16:00:00-03:00,2025-09-11T16:00:00-03:00,partially_fulfilled,B2B-V1-BASE,BLD-9102B6E8BF1ABFFC5F32,True
ORD-SYN-000395,CUS-SYN-150,2025-09-05T16:16:00-04:00,,2025-09-10T16:16:00-03:00,fulfilled,B2B-V1-BASE,BLD-9102B6E8BF1ABFFC5F32,True
ORD-SYN-000396,CUS-SYN-150,2025-09-05T16:37:00-04:00,2025-09-07T16:37:00-03:00,2025-09-11T16:37:00-03:00,fulfilled,B2B-V1-BASE,BLD-9102B6E8BF1ABFFC5F32,True
ORD-SYN-000397,CUS-SYN-048,2025-09-05T16:39:00-04:00,2025-09-07T16:39:00-03:00,2025-09-07T16:39:00-03:00,fulfilled,B2B-V1-BASE,BLD-9102B6E8BF1ABFFC5F32,True
ORD-SYN-000398,CUS-SYN-020,2025-09-05T17:03:00-04:00,2025-09-09T17:03:00-03:00,2025-09-09T17:03:00-03:00,fulfilled,B2B-V1-BASE,BLD-9102B6E8BF1ABFFC5F32,True
ORD-SYN-000399,CUS-SYN-135,2025-09-05T17:29:00-04:00,,2025-09-10T17:29:00-03:00,partially_fulfilled,B2B-V1-BASE,BLD-9102B6E8BF1ABFFC5F32,True
ORD-SYN-000400,CUS-SYN-030,2025-09-06T10:08:00-04:00,2025-09-08T10:08:00-03:00,2025-09-11T10:08:00-03:00,fulfilled,B2B-V1-BASE,BLD-9102B6E8BF1ABFFC5F32,True
ORD-SYN-000401,CUS-SYN-141,2025-09-06T10:59:00-04:00,2025-09-10T10:59:00-03:00,2025-09-10T10:59:00-03:00,partially_fulfilled,B2B-V1-BASE,BLD-9102B6E8BF1ABFFC5F32,True
ORD-SYN-000402,CUS-SYN-092,2025-09-06T12:11:00-04:00,2025-09-11T12:11:00-03:00,2025-09-11T12:11:00-03:00,fulfilled,B2B-V1-BASE,BLD-9102B6E8BF1ABFFC5F32,True
ORD-SYN-000403,CUS-SYN-069,2025-09-06T12:51:00-04:00,2025-09-09T12:51:00-03:00,2025-09-11T12:51:00-03:00,fulfilled,B2B-V1-BASE,BLD-9102B6E8BF1ABFFC5F32,True
ORD-SYN-000404,CUS-SYN-121,2025-09-06T12:51:00-04:00,2025-09-07T12:51:00-03:00,2025-09-12T12:51:00-03:00,partially_fulfilled,B2B-V1-BASE,BLD-9102B6E8BF1ABFFC5F32,True
ORD-SYN-000405,CUS-SYN-143,2025-09-06T12:58:00-04:00,2025-09-07T12:58:00-03:00,2025-09-11T12:58:00-03:00,fulfilled,B2B-V1-BASE,BLD-9102B6E8BF1ABFFC5F32,True
ORD-SYN-000406,CUS-SYN-033,2025-09-06T14:13:00-04:00,2025-09-08T14:13:00-03:00,2025-09-09T14:13:00-03:00,fulfilled,B2B-V1-BASE,BLD-9102B6E8BF1ABFFC5F32,True
ORD-SYN-000407,CUS-SYN-123,2025-09-07T09:00:00-03:00,2025-09-11T09:00:00-03:00,2025-09-12T09:00:00-03:00,fulfilled,B2B-V1-BASE,BLD-9102B6E8BF1ABFFC5F32,True
ORD-SYN-000408,CUS-SYN-022,2025-09-07T09:17:00-03:00,2025-09-08T09:17:00-03:00,2025-09-09T09:17:00-03:00,fulfilled,B2B-V1-BASE,BLD-9102B6E8BF1ABFFC5F32,True
ORD-SYN-000409,CUS-SYN-010,2025-09-07T09:27:00-03:00,2025-09-10T09:27:00-03:00,2025-09-12T09:27:00-03:00,fulfilled,B2B-V1-BASE,BLD-9102B6E8BF1ABFFC5F32,True
ORD-SYN-000410,CUS-SYN-053,2025-09-07T09:45:00-03:00,2025-09-11T09:45:00-03:00,2025-09-12T09:45:00-03:00,fulfilled,B2B-V1-BASE,BLD-9102B6E8BF1ABFFC5F32,True
ORD-SYN-000411,CUS-SYN-109,2025-09-07T09:47:00-03:00,2025-09-09T09:47:00-03:00,2025-09-10T09:47:00-03:00,fulfilled,B2B-V1-BASE,BLD-9102B6E8BF1ABFFC5F32,True
ORD-SYN-000412,CUS-SYN-053,2025-09-07T10:12:00-03:00,2025-09-10T10:12:00-03:00,2025-09-10T10:12:00-03:00,fulfilled,B2B-V1-BASE,BLD-9102B6E8BF1ABFFC5F32,True
ORD-SYN-000413,CUS-SYN-015,2025-09-07T10:34:00-03:00,2025-09-10T10:34:00-03:00,2025-09-10T10:34:00-03:00,fulfilled,B2B-V1-BASE,BLD-9102B6E8BF1ABFFC5F32,True
ORD-SYN-000414,CUS-SYN-103,2025-09-07T10:40:00-03:00,2025-09-09T10:40:00-03:00,2025-09-09T10:40:00-03:00,partially_fulfilled,B2B-V1-BASE,BLD-9102B6E8BF1ABFFC5F32,True
ORD-SYN-000415,CUS-SYN-127,2025-09-07T13:06:00-03:00,,2025-09-09T13:06:00-03:00,fulfilled,B2B-V1-BASE,BLD-9102B6E8BF1ABFFC5F32,True
ORD-SYN-000416,CUS-SYN-069,2025-09-07T13:36:00-03:00,2025-09-12T13:36:00-03:00,2025-09-12T13:36:00-03:00,partially_fulfilled,B2B-V1-BASE,BLD-9102B6E8BF1ABFFC5F32,True
ORD-SYN-000417,CUS-SYN-093,2025-09-07T13:48:00-03:00,2025-09-11T13:48:00-03:00,2025-09-12T13:48:00-03:00,fulfilled,B2B-V1-BASE,BLD-9102B6E8BF1ABFFC5F32,True
ORD-SYN-000418,CUS-SYN-027,2025-09-07T16:22:00-03:00,2025-09-10T16:22:00-03:00,2025-09-11T16:22:00-03:00,fulfilled,B2B-V1-BASE,BLD-9102B6E8BF1ABFFC5F32,True
ORD-SYN-000419,CUS-SYN-006,2025-09-07T16:50:00-03:00,2025-09-09T16:50:00-03:00,2025-09-12T16:50:00-03:00,fulfilled,B2B-V1-BASE,BLD-9102B6E8BF1ABFFC5F32,True
ORD-SYN-000420,CUS-SYN-070,2025-09-08T08:11:00-03:00,2025-09-09T08:11:00-03:00,2025-09-13T08:11:00-03:00,fulfilled,B2B-V1-BASE,BLD-9102B6E8BF1ABFFC5F32,True
ORD-SYN-000421,CUS-SYN-019,2025-09-08T14:38:00-03:00,2025-09-11T14:38:00-03:00,2025-09-11T14:38:00-03:00,partially_fulfilled,B2B-V1-BASE,BLD-9102B6E8BF1ABFFC5F32,True
ORD-SYN-000422,CUS-SYN-058,2025-09-08T14:56:00-03:00,2025-09-11T14:56:00-03:00,2025-09-14T14:56:00-03:00,fulfilled,B2B-V1-BASE,BLD-9102B6E8BF1ABFFC5F32,True
ORD-SYN-000423,CUS-SYN-062,2025-09-08T15:11:00-03:00,2025-09-11T15:11:00-03:00,2025-09-14T15:11:00-03:00,fulfilled,B2B-V1-BASE,BLD-9102B6E8BF1ABFFC5F32,True
ORD-SYN-000424,CUS-SYN-059,2025-09-08T15:57:00-03:00,2025-09-11T15:57:00-03:00,2025-09-14T15:57:00-03:00,fulfilled,B2B-V1-BASE,BLD-9102B6E8BF1ABFFC5F32,True
ORD-SYN-000425,CUS-SYN-150,2025-09-08T16:28:00-03:00,2025-09-09T16:28:00-03:00,2025-09-14T16:28:00-03:00,fulfilled,B2B-V1-BASE,BLD-9102B6E8BF1ABFFC5F32,True
ORD-SYN-000426,CUS-SYN-146,2025-09-09T08:06:00-03:00,2025-09-11T08:06:00-03:00,2025-09-14T08:06:00-03:00,fulfilled,B2B-V1-BASE,BLD-9102B6E8BF1ABFFC5F32,True
ORD-SYN-000427,CUS-SYN-074,2025-09-09T08:48:00-03:00,,2025-09-13T08:48:00-03:00,fulfilled,B2B-V1-BASE,BLD-9102B6E8BF1ABFFC5F32,True
ORD-SYN-000428,CUS-SYN-125,2025-09-09T08:50:00-03:00,2025-09-11T08:50:00-03:00,2025-09-11T08:50:00-03:00,fulfilled,B2B-V1-BASE,BLD-9102B6E8BF1ABFFC5F32,True
ORD-SYN-000429,CUS-SYN-143,2025-09-09T08:53:00-03:00,2025-09-12T08:53:00-03:00,2025-09-12T08:53:00-03:00,fulfilled,B2B-V1-BASE,BLD-9102B6E8BF1ABFFC5F32,True
ORD-SYN-000430,CUS-SYN-095,2025-09-09T09:03:00-03:00,,2025-09-13T09:03:00-03:00,fulfilled,B2B-V1-BASE,BLD-9102B6E8BF1ABFFC5F32,True
ORD-SYN-000431,CUS-SYN-090,2025-09-09T09:15:00-03:00,2025-09-11T09:15:00-03:00,2025-09-12T09:15:00-03:00,partially_fulfilled,B2B-V1-BASE,BLD-9102B6E8BF1ABFFC5F32,True
ORD-SYN-000432,CUS-SYN-013,2025-09-09T09:39:00-03:00,,2025-09-14T09:39:00-03:00,fulfilled,B2B-V1-BASE,BLD-9102B6E8BF1ABFFC5F32,True
ORD-SYN-000433,CUS-SYN-110,2025-09-09T10:12:00-03:00,2025-09-11T10:12:00-03:00,2025-09-15T10:12:00-03:00,fulfilled,B2B-V1-BASE,BLD-9102B6E8BF1ABFFC5F32,True
ORD-SYN-000434,CUS-SYN-142,2025-09-09T10:59:00-03:00,2025-09-10T10:59:00-03:00,2025-09-12T10:59:00-03:00,fulfilled,B2B-V1-BASE,BLD-9102B6E8BF1ABFFC5F32,True
ORD-SYN-000435,CUS-SYN-104,2025-09-09T11:45:00-03:00,2025-09-13T11:45:00-03:00,2025-09-14T11:45:00-03:00,fulfilled,B2B-V1-BASE,BLD-9102B6E8BF1ABFFC5F32,True
ORD-SYN-000436,CUS-SYN-021,2025-09-09T13:12:00-03:00,2025-09-10T13:12:00-03:00,2025-09-13T13:12:00-03:00,fulfilled,B2B-V1-BASE,BLD-9102B6E8BF1ABFFC5F32,True
ORD-SYN-000437,CUS-SYN-143,2025-09-09T13:19:00-03:00,2025-09-11T13:19:00-03:00,2025-09-15T13:19:00-03:00,fulfilled,B2B-V1-BASE,BLD-9102B6E8BF1ABFFC5F32,True
ORD-SYN-000438,CUS-SYN-061,2025-09-09T13:53:00-03:00,2025-09-10T13:53:00-03:00,2025-09-11T13:53:00-03:00,partially_fulfilled,B2B-V1-BASE,BLD-9102B6E8BF1ABFFC5F32,True
ORD-SYN-000439,CUS-SYN-133,2025-09-09T14:09:00-03:00,2025-09-14T14:09:00-03:00,2025-09-15T14:09:00-03:00,fulfilled,B2B-V1-BASE,BLD-9102B6E8BF1ABFFC5F32,True
ORD-SYN-000440,CUS-SYN-069,2025-09-09T15:54:00-03:00,2025-09-14T15:54:00-03:00,2025-09-15T15:54:00-03:00,fulfilled,B2B-V1-BASE,BLD-9102B6E8BF1ABFFC5F32,True
ORD-SYN-000441,CUS-SYN-089,2025-09-10T08:21:00-03:00,2025-09-12T08:21:00-03:00,2025-09-12T08:21:00-03:00,fulfilled,B2B-V1-BASE,BLD-9102B6E8BF1ABFFC5F32,True
ORD-SYN-000442,CUS-SYN-082,2025-09-10T09:18:00-03:00,2025-09-13T09:18:00-03:00,2025-09-13T09:18:00-03:00,partially_fulfilled,B2B-V1-BASE,BLD-9102B6E8BF1ABFFC5F32,True
ORD-SYN-000443,CUS-SYN-070,2025-09-10T09:39:00-03:00,2025-09-13T09:39:00-03:00,2025-09-13T09:39:00-03:00,fulfilled,B2B-V1-BASE,BLD-9102B6E8BF1ABFFC5F32,True
ORD-SYN-000444,CUS-SYN-041,2025-09-10T10:20:00-03:00,,2025-09-14T10:20:00-03:00,fulfilled,B2B-V1-BASE,BLD-9102B6E8BF1ABFFC5F32,True
ORD-SYN-000445,CUS-SYN-032,2025-09-10T11:59:00-03:00,2025-09-12T11:59:00-03:00,2025-09-14T11:59:00-03:00,fulfilled,B2B-V1-BASE,BLD-9102B6E8BF1ABFFC5F32,True
ORD-SYN-000446,CUS-SYN-117,2025-09-10T12:30:00-03:00,2025-09-11T12:30:00-03:00,2025-09-12T12:30:00-03:00,fulfilled,B2B-V1-BASE,BLD-9102B6E8BF1ABFFC5F32,True
ORD-SYN-000447,CUS-SYN-137,2025-09-10T13:30:00-03:00,2025-09-12T13:30:00-03:00,2025-09-13T13:30:00-03:00,partially_fulfilled,B2B-V1-BASE,BLD-9102B6E8BF1ABFFC5F32,True
ORD-SYN-000448,CUS-SYN-114,2025-09-10T13:50:00-03:00,2025-09-13T13:50:00-03:00,2025-09-13T13:50:00-03:00,partially_fulfilled,B2B-V1-BASE,BLD-9102B6E8BF1ABFFC5F32,True
ORD-SYN-000449,CUS-SYN-001,2025-09-10T14:55:00-03:00,,2025-09-14T14:55:00-03:00,fulfilled,B2B-V1-BASE,BLD-9102B6E8BF1ABFFC5F32,True
ORD-SYN-000450,CUS-SYN-141,2025-09-10T15:35:00-03:00,2025-09-11T15:35:00-03:00,2025-09-12T15:35:00-03:00,fulfilled,B2B-V1-BASE,BLD-9102B6E8BF1ABFFC5F32,True
ORD-SYN-000451,CUS-SYN-025,2025-09-10T16:07:00-03:00,2025-09-12T16:07:00-03:00,2025-09-16T16:07:00-03:00,fulfilled,B2B-V1-BASE,BLD-9102B6E8BF1ABFFC5F32,True
ORD-SYN-000452,CUS-SYN-086,2025-09-10T16:13:00-03:00,2025-09-12T16:13:00-03:00,2025-09-12T16:13:00-03:00,fulfilled,B2B-V1-BASE,BLD-9102B6E8BF1ABFFC5F32,True
ORD-SYN-000453,CUS-SYN-134,2025-09-10T17:14:00-03:00,,2025-09-16T17:14:00-03:00,fulfilled,B2B-V1-BASE,BLD-9102B6E8BF1ABFFC5F32,True
ORD-SYN-000454,CUS-SYN-050,2025-09-10T17:59:00-03:00,2025-09-12T17:59:00-03:00,2025-09-13T17:59:00-03:00,partially_fulfilled,B2B-V1-BASE,BLD-9102B6E8BF1ABFFC5F32,True
ORD-SYN-000455,CUS-SYN-025,2025-09-11T09:29:00-03:00,2025-09-14T09:29:00-03:00,2025-09-14T09:29:00-03:00,fulfilled,B2B-V1-BASE,BLD-9102B6E8BF1ABFFC5F32,True
ORD-SYN-000456,CUS-SYN-104,2025-09-11T11:33:00-03:00,2025-09-12T11:33:00-03:00,2025-09-14T11:33:00-03:00,fulfilled,B2B-V1-BASE,BLD-9102B6E8BF1ABFFC5F32,True
ORD-SYN-000457,CUS-SYN-081,2025-09-11T12:11:00-03:00,2025-09-15T12:11:00-03:00,2025-09-17T12:11:00-03:00,fulfilled,B2B-V1-BASE,BLD-9102B6E8BF1ABFFC5F32,True
ORD-SYN-000458,CUS-SYN-026,2025-09-11T12:22:00-03:00,,2025-09-15T12:22:00-03:00,fulfilled,B2B-V1-BASE,BLD-9102B6E8BF1ABFFC5F32,True
ORD-SYN-000459,CUS-SYN-122,2025-09-11T12:40:00-03:00,2025-09-14T12:40:00-03:00,2025-09-15T12:40:00-03:00,fulfilled,B2B-V1-BASE,BLD-9102B6E8BF1ABFFC5F32,True
ORD-SYN-000460,CUS-SYN-091,2025-09-11T13:17:00-03:00,,2025-09-16T13:17:00-03:00,fulfilled,B2B-V1-BASE,BLD-9102B6E8BF1ABFFC5F32,True
ORD-SYN-000461,CUS-SYN-022,2025-09-11T13:47:00-03:00,2025-09-15T13:47:00-03:00,2025-09-15T13:47:00-03:00,fulfilled,B2B-V1-BASE,BLD-9102B6E8BF1ABFFC5F32,True
ORD-SYN-000462,CUS-SYN-141,2025-09-11T14:23:00-03:00,2025-09-16T14:23:00-03:00,2025-09-17T14:23:00-03:00,fulfilled,B2B-V1-BASE,BLD-9102B6E8BF1ABFFC5F32,True
ORD-SYN-000463,CUS-SYN-121,2025-09-11T15:26:00-03:00,,2025-09-17T15:26:00-03:00,fulfilled,B2B-V1-BASE,BLD-9102B6E8BF1ABFFC5F32,True
ORD-SYN-000464,CUS-SYN-065,2025-09-11T16:17:00-03:00,,2025-09-15T16:17:00-03:00,fulfilled,B2B-V1-BASE,BLD-9102B6E8BF1ABFFC5F32,True
ORD-SYN-000465,CUS-SYN-137,2025-09-12T10:22:00-03:00,,2025-09-16T10:22:00-03:00,fulfilled,B2B-V1-BASE,BLD-9102B6E8BF1ABFFC5F32,True
ORD-SYN-000466,CUS-SYN-003,2025-09-12T10:48:00-03:00,2025-09-14T10:48:00-03:00,2025-09-14T10:48:00-03:00,fulfilled,B2B-V1-BASE,BLD-9102B6E8BF1ABFFC5F32,True
ORD-SYN-000467,CUS-SYN-072,2025-09-12T11:24:00-03:00,,2025-09-15T11:24:00-03:00,fulfilled,B2B-V1-BASE,BLD-9102B6E8BF1ABFFC5F32,True
ORD-SYN-000468,CUS-SYN-130,2025-09-12T11:46:00-03:00,2025-09-14T11:46:00-03:00,2025-09-16T11:46:00-03:00,fulfilled,B2B-V1-BASE,BLD-9102B6E8BF1ABFFC5F32,True
ORD-SYN-000469,CUS-SYN-008,2025-09-12T12:36:00-03:00,,2025-09-14T12:36:00-03:00,fulfilled,B2B-V1-BASE,BLD-9102B6E8BF1ABFFC5F32,True
ORD-SYN-000470,CUS-SYN-002,2025-09-12T12:40:00-03:00,2025-09-17T12:40:00-03:00,2025-09-18T12:40:00-03:00,fulfilled,B2B-V1-BASE,BLD-9102B6E8BF1ABFFC5F32,True
ORD-SYN-000471,CUS-SYN-024,2025-09-12T13:09:00-03:00,2025-09-15T13:09:00-03:00,2025-09-15T13:09:00-03:00,partially_fulfilled,B2B-V1-BASE,BLD-9102B6E8BF1ABFFC5F32,True
ORD-SYN-000472,CUS-SYN-053,2025-09-12T15:32:00-03:00,2025-09-14T15:32:00-03:00,2025-09-17T15:32:00-03:00,partially_fulfilled,B2B-V1-BASE,BLD-9102B6E8BF1ABFFC5F32,True
ORD-SYN-000473,CUS-SYN-045,2025-09-12T15:50:00-03:00,2025-09-15T15:50:00-03:00,2025-09-16T15:50:00-03:00,fulfilled,B2B-V1-BASE,BLD-9102B6E8BF1ABFFC5F32,True
ORD-SYN-000474,CUS-SYN-078,2025-09-12T16:32:00-03:00,2025-09-16T16:32:00-03:00,2025-09-16T16:32:00-03:00,fulfilled,B2B-V1-BASE,BLD-9102B6E8BF1ABFFC5F32,True
ORD-SYN-000475,CUS-SYN-061,2025-09-12T17:22:00-03:00,2025-09-14T17:22:00-03:00,2025-09-14T17:22:00-03:00,fulfilled,B2B-V1-BASE,BLD-9102B6E8BF1ABFFC5F32,True
ORD-SYN-000476,CUS-SYN-089,2025-09-12T17:32:00-03:00,2025-09-17T17:32:00-03:00,2025-09-17T17:32:00-03:00,fulfilled,B2B-V1-BASE,BLD-9102B6E8BF1ABFFC5F32,True
ORD-SYN-000477,CUS-SYN-137,2025-09-12T17:52:00-03:00,2025-09-13T17:52:00-03:00,2025-09-16T17:52:00-03:00,fulfilled,B2B-V1-BASE,BLD-9102B6E8BF1ABFFC5F32,True
ORD-SYN-000478,CUS-SYN-150,2025-09-12T17:56:00-03:00,2025-09-14T17:56:00-03:00,2025-09-15T17:56:00-03:00,partially_fulfilled,B2B-V1-BASE,BLD-9102B6E8BF1ABFFC5F32,True
ORD-SYN-000479,CUS-SYN-126,2025-09-13T08:32:00-03:00,,2025-09-19T08:32:00-03:00,partially_fulfilled,B2B-V1-BASE,BLD-9102B6E8BF1ABFFC5F32,True
ORD-SYN-000480,CUS-SYN-058,2025-09-13T09:18:00-03:00,2025-09-14T09:18:00-03:00,2025-09-18T09:18:00-03:00,fulfilled,B2B-V1-BASE,BLD-9102B6E8BF1ABFFC5F32,True
ORD-SYN-000481,CUS-SYN-099,2025-09-13T11:27:00-03:00,2025-09-14T11:27:00-03:00,2025-09-15T11:27:00-03:00,fulfilled,B2B-V1-BASE,BLD-9102B6E8BF1ABFFC5F32,True
ORD-SYN-000482,CUS-SYN-050,2025-09-13T11:50:00-03:00,,2025-09-18T11:50:00-03:00,fulfilled,B2B-V1-BASE,BLD-9102B6E8BF1ABFFC5F32,True
ORD-SYN-000483,CUS-SYN-077,2025-09-13T12:20:00-03:00,,2025-09-15T12:20:00-03:00,fulfilled,B2B-V1-BASE,BLD-9102B6E8BF1ABFFC5F32,True
ORD-SYN-000484,CUS-SYN-105,2025-09-13T13:09:00-03:00,2025-09-14T13:09:00-03:00,2025-09-16T13:09:00-03:00,fulfilled,B2B-V1-BASE,BLD-9102B6E8BF1ABFFC5F32,True
ORD-SYN-000485,CUS-SYN-010,2025-09-13T13:40:00-03:00,2025-09-19T13:40:00-03:00,2025-09-19T13:40:00-03:00,fulfilled,B2B-V1-BASE,BLD-9102B6E8BF1ABFFC5F32,True
ORD-SYN-000486,CUS-SYN-125,2025-09-13T16:28:00-03:00,2025-09-15T16:28:00-03:00,2025-09-18T16:28:00-03:00,fulfilled,B2B-V1-BASE,BLD-9102B6E8BF1ABFFC5F32,True
ORD-SYN-000487,CUS-SYN-078,2025-09-13T17:06:00-03:00,2025-09-15T17:06:00-03:00,2025-09-18T17:06:00-03:00,fulfilled,B2B-V1-BASE,BLD-9102B6E8BF1ABFFC5F32,True
ORD-SYN-000488,CUS-SYN-046,2025-09-13T17:39:00-03:00,2025-09-15T17:39:00-03:00,2025-09-15T17:39:00-03:00,fulfilled,B2B-V1-BASE,BLD-9102B6E8BF1ABFFC5F32,True
ORD-SYN-000489,CUS-SYN-093,2025-09-13T17:54:00-03:00,2025-09-15T17:54:00-03:00,2025-09-18T17:54:00-03:00,fulfilled,B2B-V1-BASE,BLD-9102B6E8BF1ABFFC5F32,True
ORD-SYN-000490,CUS-SYN-123,2025-09-14T09:24:00-03:00,2025-09-15T09:24:00-03:00,2025-09-18T09:24:00-03:00,fulfilled,B2B-V1-BASE,BLD-9102B6E8BF1ABFFC5F32,True
ORD-SYN-000491,CUS-SYN-033,2025-09-14T12:38:00-03:00,2025-09-17T12:38:00-03:00,2025-09-19T12:38:00-03:00,fulfilled,B2B-V1-BASE,BLD-9102B6E8BF1ABFFC5F32,True
ORD-SYN-000492,CUS-SYN-149,2025-09-14T13:03:00-03:00,2025-09-15T13:03:00-03:00,2025-09-16T13:03:00-03:00,partially_fulfilled,B2B-V1-BASE,BLD-9102B6E8BF1ABFFC5F32,True
ORD-SYN-000493,CUS-SYN-029,2025-09-14T13:53:00-03:00,2025-09-15T13:53:00-03:00,2025-09-19T13:53:00-03:00,fulfilled,B2B-V1-BASE,BLD-9102B6E8BF1ABFFC5F32,True
ORD-SYN-000494,CUS-SYN-119,2025-09-14T14:28:00-03:00,2025-09-17T14:28:00-03:00,2025-09-20T14:28:00-03:00,fulfilled,B2B-V1-BASE,BLD-9102B6E8BF1ABFFC5F32,True
ORD-SYN-000495,CUS-SYN-070,2025-09-14T14:41:00-03:00,2025-09-15T14:41:00-03:00,2025-09-18T14:41:00-03:00,fulfilled,B2B-V1-BASE,BLD-9102B6E8BF1ABFFC5F32,True
ORD-SYN-000496,CUS-SYN-065,2025-09-14T14:57:00-03:00,2025-09-17T14:57:00-03:00,2025-09-17T14:57:00-03:00,fulfilled,B2B-V1-BASE,BLD-9102B6E8BF1ABFFC5F32,True
ORD-SYN-000497,CUS-SYN-078,2025-09-14T15:55:00-03:00,2025-09-16T15:55:00-03:00,2025-09-16T15:55:00-03:00,partially_fulfilled,B2B-V1-BASE,BLD-9102B6E8BF1ABFFC5F32,True
ORD-SYN-000498,CUS-SYN-115,2025-09-14T15:57:00-03:00,,2025-09-20T15:57:00-03:00,fulfilled,B2B-V1-BASE,BLD-9102B6E8BF1ABFFC5F32,True
ORD-SYN-000499,CUS-SYN-006,2025-09-14T17:12:00-03:00,2025-09-16T17:12:00-03:00,2025-09-18T17:12:00-03:00,partially_fulfilled,B2B-V1-BASE,BLD-9102B6E8BF1ABFFC5F32,True
ORD-SYN-000500,CUS-SYN-128,2025-09-14T17:46:00-03:00,2025-09-16T17:46:00-03:00,2025-09-17T17:46:00-03:00,fulfilled,B2B-V1-BASE,BLD-9102B6E8BF1ABFFC5F32,True
ORD-SYN-000501,CUS-SYN-122,2025-09-14T17:50:00-03:00,,2025-09-17T17:50:00-03:00,fulfilled,B2B-V1-BASE,BLD-9102B6E8BF1ABFFC5F32,True
ORD-SYN-000502,CUS-SYN-103,2025-09-15T08:26:00-03:00,2025-09-20T08:26:00-03:00,2025-09-21T08:26:00-03:00,fulfilled,B2B-V1-BASE,BLD-9102B6E8BF1ABFFC5F32,True
ORD-SYN-000503,CUS-SYN-035,2025-09-15T09:50:00-03:00,2025-09-20T09:50:00-03:00,2025-09-21T09:50:00-03:00,fulfilled,B2B-V1-BASE,BLD-9102B6E8BF1ABFFC5F32,True
ORD-SYN-000504,CUS-SYN-007,2025-09-15T09:51:00-03:00,2025-09-18T09:51:00-03:00,2025-09-18T09:51:00-03:00,fulfilled,B2B-V1-BASE,BLD-9102B6E8BF1ABFFC5F32,True
ORD-SYN-000505,CUS-SYN-093,2025-09-15T10:13:00-03:00,2025-09-17T10:13:00-03:00,2025-09-18T10:13:00-03:00,fulfilled,B2B-V1-BASE,BLD-9102B6E8BF1ABFFC5F32,True
ORD-SYN-000506,CUS-SYN-121,2025-09-15T10:31:00-03:00,2025-09-16T10:31:00-03:00,2025-09-17T10:31:00-03:00,fulfilled,B2B-V1-BASE,BLD-9102B6E8BF1ABFFC5F32,True
ORD-SYN-000507,CUS-SYN-064,2025-09-15T10:59:00-03:00,2025-09-18T10:59:00-03:00,2025-09-19T10:59:00-03:00,fulfilled,B2B-V1-BASE,BLD-9102B6E8BF1ABFFC5F32,True
ORD-SYN-000508,CUS-SYN-061,2025-09-15T11:12:00-03:00,2025-09-16T11:12:00-03:00,2025-09-18T11:12:00-03:00,partially_fulfilled,B2B-V1-BASE,BLD-9102B6E8BF1ABFFC5F32,True
ORD-SYN-000509,CUS-SYN-081,2025-09-15T11:56:00-03:00,2025-09-16T11:56:00-03:00,2025-09-19T11:56:00-03:00,fulfilled,B2B-V1-BASE,BLD-9102B6E8BF1ABFFC5F32,True
ORD-SYN-000510,CUS-SYN-114,2025-09-15T12:25:00-03:00,2025-09-16T12:25:00-03:00,2025-09-17T12:25:00-03:00,fulfilled,B2B-V1-BASE,BLD-9102B6E8BF1ABFFC5F32,True
ORD-SYN-000511,CUS-SYN-081,2025-09-15T13:35:00-03:00,2025-09-18T13:35:00-03:00,2025-09-20T13:35:00-03:00,fulfilled,B2B-V1-BASE,BLD-9102B6E8BF1ABFFC5F32,True
ORD-SYN-000512,CUS-SYN-086,2025-09-15T14:22:00-03:00,2025-09-18T14:22:00-03:00,2025-09-18T14:22:00-03:00,fulfilled,B2B-V1-BASE,BLD-9102B6E8BF1ABFFC5F32,True
ORD-SYN-000513,CUS-SYN-020,2025-09-15T14:59:00-03:00,,2025-09-21T14:59:00-03:00,fulfilled,B2B-V1-BASE,BLD-9102B6E8BF1ABFFC5F32,True
ORD-SYN-000514,CUS-SYN-034,2025-09-15T16:25:00-03:00,2025-09-19T16:25:00-03:00,2025-09-20T16:25:00-03:00,fulfilled,B2B-V1-BASE,BLD-9102B6E8BF1ABFFC5F32,True
ORD-SYN-000515,CUS-SYN-062,2025-09-16T09:04:00-03:00,2025-09-20T09:04:00-03:00,2025-09-22T09:04:00-03:00,fulfilled,B2B-V1-BASE,BLD-9102B6E8BF1ABFFC5F32,True
ORD-SYN-000516,CUS-SYN-042,2025-09-16T10:16:00-03:00,2025-09-17T10:16:00-03:00,2025-09-21T10:16:00-03:00,fulfilled,B2B-V1-BASE,BLD-9102B6E8BF1ABFFC5F32,True
ORD-SYN-000517,CUS-SYN-026,2025-09-16T10:34:00-03:00,2025-09-17T10:34:00-03:00,2025-09-18T10:34:00-03:00,fulfilled,B2B-V1-BASE,BLD-9102B6E8BF1ABFFC5F32,True
ORD-SYN-000518,CUS-SYN-046,2025-09-16T11:08:00-03:00,2025-09-21T11:08:00-03:00,2025-09-21T11:08:00-03:00,fulfilled,B2B-V1-BASE,BLD-9102B6E8BF1ABFFC5F32,True
ORD-SYN-000519,CUS-SYN-042,2025-09-16T11:29:00-03:00,2025-09-18T11:29:00-03:00,2025-09-20T11:29:00-03:00,fulfilled,B2B-V1-BASE,BLD-9102B6E8BF1ABFFC5F32,True
ORD-SYN-000520,CUS-SYN-070,2025-09-16T12:15:00-03:00,2025-09-19T12:15:00-03:00,2025-09-22T12:15:00-03:00,fulfilled,B2B-V1-BASE,BLD-9102B6E8BF1ABFFC5F32,True
ORD-SYN-000521,CUS-SYN-093,2025-09-16T12:39:00-03:00,2025-09-18T12:39:00-03:00,2025-09-18T12:39:00-03:00,fulfilled,B2B-V1-BASE,BLD-9102B6E8BF1ABFFC5F32,True
ORD-SYN-000522,CUS-SYN-133,2025-09-16T14:24:00-03:00,2025-09-20T14:24:00-03:00,2025-09-21T14:24:00-03:00,fulfilled,B2B-V1-BASE,BLD-9102B6E8BF1ABFFC5F32,True
ORD-SYN-000523,CUS-SYN-119,2025-09-16T15:48:00-03:00,2025-09-19T15:48:00-03:00,2025-09-19T15:48:00-03:00,partially_fulfilled,B2B-V1-BASE,BLD-9102B6E8BF1ABFFC5F32,True
ORD-SYN-000524,CUS-SYN-041,2025-09-16T16:29:00-03:00,2025-09-17T16:29:00-03:00,2025-09-21T16:29:00-03:00,fulfilled,B2B-V1-BASE,BLD-9102B6E8BF1ABFFC5F32,True
ORD-SYN-000525,CUS-SYN-073,2025-09-16T17:04:00-03:00,2025-09-17T17:04:00-03:00,2025-09-20T17:04:00-03:00,partially_fulfilled,B2B-V1-BASE,BLD-9102B6E8BF1ABFFC5F32,True
ORD-SYN-000526,CUS-SYN-136,2025-09-17T08:42:00-03:00,2025-09-20T08:42:00-03:00,2025-09-21T08:42:00-03:00,fulfilled,B2B-V1-BASE,BLD-9102B6E8BF1ABFFC5F32,True
ORD-SYN-000527,CUS-SYN-117,2025-09-17T08:57:00-03:00,,2025-09-21T08:57:00-03:00,fulfilled,B2B-V1-BASE,BLD-9102B6E8BF1ABFFC5F32,True
ORD-SYN-000528,CUS-SYN-059,2025-09-17T10:15:00-03:00,2025-09-20T10:15:00-03:00,2025-09-23T10:15:00-03:00,fulfilled,B2B-V1-BASE,BLD-9102B6E8BF1ABFFC5F32,True
ORD-SYN-000529,CUS-SYN-094,2025-09-17T10:20:00-03:00,2025-09-21T10:20:00-03:00,2025-09-21T10:20:00-03:00,partially_fulfilled,B2B-V1-BASE,BLD-9102B6E8BF1ABFFC5F32,True
ORD-SYN-000530,CUS-SYN-094,2025-09-17T10:59:00-03:00,2025-09-20T10:59:00-03:00,2025-09-21T10:59:00-03:00,partially_fulfilled,B2B-V1-BASE,BLD-9102B6E8BF1ABFFC5F32,True
ORD-SYN-000531,CUS-SYN-058,2025-09-17T11:08:00-03:00,2025-09-21T11:08:00-03:00,2025-09-21T11:08:00-03:00,fulfilled,B2B-V1-BASE,BLD-9102B6E8BF1ABFFC5F32,True
ORD-SYN-000532,CUS-SYN-150,2025-09-17T12:21:00-03:00,2025-09-21T12:21:00-03:00,2025-09-21T12:21:00-03:00,fulfilled,B2B-V1-BASE,BLD-9102B6E8BF1ABFFC5F32,True
ORD-SYN-000533,CUS-SYN-080,2025-09-17T12:32:00-03:00,2025-09-20T12:32:00-03:00,2025-09-23T12:32:00-03:00,fulfilled,B2B-V1-BASE,BLD-9102B6E8BF1ABFFC5F32,True
ORD-SYN-000534,CUS-SYN-150,2025-09-17T14:37:00-03:00,2025-09-18T14:37:00-03:00,2025-09-19T14:37:00-03:00,fulfilled,B2B-V1-BASE,BLD-9102B6E8BF1ABFFC5F32,True
ORD-SYN-000535,CUS-SYN-029,2025-09-17T15:38:00-03:00,2025-09-20T15:38:00-03:00,2025-09-22T15:38:00-03:00,fulfilled,B2B-V1-BASE,BLD-9102B6E8BF1ABFFC5F32,True
ORD-SYN-000536,CUS-SYN-129,2025-09-17T15:47:00-03:00,2025-09-18T15:47:00-03:00,2025-09-19T15:47:00-03:00,fulfilled,B2B-V1-BASE,BLD-9102B6E8BF1ABFFC5F32,True
ORD-SYN-000537,CUS-SYN-102,2025-09-17T15:48:00-03:00,2025-09-22T15:48:00-03:00,2025-09-22T15:48:00-03:00,fulfilled,B2B-V1-BASE,BLD-9102B6E8BF1ABFFC5F32,True
ORD-SYN-000538,CUS-SYN-091,2025-09-17T16:34:00-03:00,2025-09-21T16:34:00-03:00,2025-09-21T16:34:00-03:00,fulfilled,B2B-V1-BASE,BLD-9102B6E8BF1ABFFC5F32,True
ORD-SYN-000539,CUS-SYN-113,2025-09-17T16:50:00-03:00,2025-09-19T16:50:00-03:00,2025-09-23T16:50:00-03:00,fulfilled,B2B-V1-BASE,BLD-9102B6E8BF1ABFFC5F32,True
ORD-SYN-000540,CUS-SYN-017,2025-09-17T17:16:00-03:00,,2025-09-21T17:16:00-03:00,fulfilled,B2B-V1-BASE,BLD-9102B6E8BF1ABFFC5F32,True
ORD-SYN-000541,CUS-SYN-040,2025-09-18T08:47:00-03:00,2025-09-19T08:47:00-03:00,2025-09-22T08:47:00-03:00,fulfilled,B2B-V1-BASE,BLD-9102B6E8BF1ABFFC5F32,True
ORD-SYN-000542,CUS-SYN-137,2025-09-18T09:53:00-03:00,,2025-09-20T09:53:00-03:00,fulfilled,B2B-V1-BASE,BLD-9102B6E8BF1ABFFC5F32,True
ORD-SYN-000543,CUS-SYN-102,2025-09-18T10:42:00-03:00,2025-09-22T10:42:00-03:00,2025-09-24T10:42:00-03:00,fulfilled,B2B-V1-BASE,BLD-9102B6E8BF1ABFFC5F32,True
ORD-SYN-000544,CUS-SYN-032,2025-09-18T12:19:00-03:00,2025-09-19T12:19:00-03:00,2025-09-21T12:19:00-03:00,fulfilled,B2B-V1-BASE,BLD-9102B6E8BF1ABFFC5F32,True
ORD-SYN-000545,CUS-SYN-122,2025-09-18T12:56:00-03:00,2025-09-20T12:56:00-03:00,2025-09-21T12:56:00-03:00,fulfilled,B2B-V1-BASE,BLD-9102B6E8BF1ABFFC5F32,True
ORD-SYN-000546,CUS-SYN-083,2025-09-18T13:08:00-03:00,2025-09-20T13:08:00-03:00,2025-09-21T13:08:00-03:00,partially_fulfilled,B2B-V1-BASE,BLD-9102B6E8BF1ABFFC5F32,True
ORD-SYN-000547,CUS-SYN-137,2025-09-18T13:41:00-03:00,2025-09-21T13:41:00-03:00,2025-09-24T13:41:00-03:00,fulfilled,B2B-V1-BASE,BLD-9102B6E8BF1ABFFC5F32,True
ORD-SYN-000548,CUS-SYN-053,2025-09-18T16:17:00-03:00,2025-09-21T16:17:00-03:00,2025-09-23T16:17:00-03:00,partially_fulfilled,B2B-V1-BASE,BLD-9102B6E8BF1ABFFC5F32,True
ORD-SYN-000549,CUS-SYN-150,2025-09-18T16:18:00-03:00,2025-09-19T16:18:00-03:00,2025-09-20T16:18:00-03:00,fulfilled,B2B-V1-BASE,BLD-9102B6E8BF1ABFFC5F32,True
ORD-SYN-000550,CUS-SYN-050,2025-09-18T16:51:00-03:00,2025-09-22T16:51:00-03:00,2025-09-23T16:51:00-03:00,partially_fulfilled,B2B-V1-BASE,BLD-9102B6E8BF1ABFFC5F32,True
ORD-SYN-000551,CUS-SYN-144,2025-09-18T17:09:00-03:00,2025-09-19T17:09:00-03:00,2025-09-22T17:09:00-03:00,partially_fulfilled,B2B-V1-BASE,BLD-9102B6E8BF1ABFFC5F32,True
ORD-SYN-000552,CUS-SYN-145,2025-09-19T08:52:00-03:00,2025-09-21T08:52:00-03:00,2025-09-25T08:52:00-03:00,fulfilled,B2B-V1-BASE,BLD-9102B6E8BF1ABFFC5F32,True
ORD-SYN-000553,CUS-SYN-010,2025-09-19T10:09:00-03:00,2025-09-22T10:09:00-03:00,2025-09-23T10:09:00-03:00,fulfilled,B2B-V1-BASE,BLD-9102B6E8BF1ABFFC5F32,True
ORD-SYN-000554,CUS-SYN-012,2025-09-19T15:05:00-03:00,2025-09-20T15:05:00-03:00,2025-09-22T15:05:00-03:00,fulfilled,B2B-V1-BASE,BLD-9102B6E8BF1ABFFC5F32,True
ORD-SYN-000555,CUS-SYN-005,2025-09-19T15:19:00-03:00,2025-09-21T15:19:00-03:00,2025-09-23T15:19:00-03:00,fulfilled,B2B-V1-BASE,BLD-9102B6E8BF1ABFFC5F32,True
ORD-SYN-000556,CUS-SYN-065,2025-09-19T15:36:00-03:00,2025-09-21T15:36:00-03:00,2025-09-23T15:36:00-03:00,partially_fulfilled,B2B-V1-BASE,BLD-9102B6E8BF1ABFFC5F32,True
ORD-SYN-000557,CUS-SYN-138,2025-09-19T15:45:00-03:00,,2025-09-23T15:45:00-03:00,fulfilled,B2B-V1-BASE,BLD-9102B6E8BF1ABFFC5F32,True
ORD-SYN-000558,CUS-SYN-129,2025-09-19T16:48:00-03:00,2025-09-21T16:48:00-03:00,2025-09-22T16:48:00-03:00,fulfilled,B2B-V1-BASE,BLD-9102B6E8BF1ABFFC5F32,True
ORD-SYN-000559,CUS-SYN-006,2025-09-19T16:55:00-03:00,2025-09-24T16:55:00-03:00,2025-09-25T16:55:00-03:00,partially_fulfilled,B2B-V1-BASE,BLD-9102B6E8BF1ABFFC5F32,True
ORD-SYN-000560,CUS-SYN-098,2025-09-20T08:58:00-03:00,2025-09-22T08:58:00-03:00,2025-09-25T08:58:00-03:00,partially_fulfilled,B2B-V1-BASE,BLD-9102B6E8BF1ABFFC5F32,True
ORD-SYN-000561,CUS-SYN-111,2025-09-20T09:17:00-03:00,2025-09-22T09:17:00-03:00,2025-09-22T09:17:00-03:00,partially_fulfilled,B2B-V1-BASE,BLD-9102B6E8BF1ABFFC5F32,True
ORD-SYN-000562,CUS-SYN-070,2025-09-20T11:33:00-03:00,2025-09-21T11:33:00-03:00,2025-09-23T11:33:00-03:00,partially_fulfilled,B2B-V1-BASE,BLD-9102B6E8BF1ABFFC5F32,True
ORD-SYN-000563,CUS-SYN-006,2025-09-20T11:44:00-03:00,2025-09-24T11:44:00-03:00,2025-09-25T11:44:00-03:00,fulfilled,B2B-V1-BASE,BLD-9102B6E8BF1ABFFC5F32,True
ORD-SYN-000564,CUS-SYN-053,2025-09-20T11:56:00-03:00,2025-09-26T11:56:00-03:00,2025-09-26T11:56:00-03:00,fulfilled,B2B-V1-BASE,BLD-9102B6E8BF1ABFFC5F32,True
ORD-SYN-000565,CUS-SYN-026,2025-09-20T12:18:00-03:00,,2025-09-24T12:18:00-03:00,partially_fulfilled,B2B-V1-BASE,BLD-9102B6E8BF1ABFFC5F32,True
ORD-SYN-000566,CUS-SYN-103,2025-09-20T12:55:00-03:00,2025-09-22T12:55:00-03:00,2025-09-26T12:55:00-03:00,partially_fulfilled,B2B-V1-BASE,BLD-9102B6E8BF1ABFFC5F32,True
ORD-SYN-000567,CUS-SYN-141,2025-09-20T13:06:00-03:00,2025-09-24T13:06:00-03:00,2025-09-24T13:06:00-03:00,fulfilled,B2B-V1-BASE,BLD-9102B6E8BF1ABFFC5F32,True
ORD-SYN-000568,CUS-SYN-025,2025-09-20T13:45:00-03:00,,2025-09-22T13:45:00-03:00,fulfilled,B2B-V1-BASE,BLD-9102B6E8BF1ABFFC5F32,True
ORD-SYN-000569,CUS-SYN-033,2025-09-20T15:19:00-03:00,2025-09-23T15:19:00-03:00,2025-09-24T15:19:00-03:00,partially_fulfilled,B2B-V1-BASE,BLD-9102B6E8BF1ABFFC5F32,True
ORD-SYN-000570,CUS-SYN-041,2025-09-20T15:32:00-03:00,,2025-09-23T15:32:00-03:00,fulfilled,B2B-V1-BASE,BLD-9102B6E8BF1ABFFC5F32,True
ORD-SYN-000571,CUS-SYN-146,2025-09-20T17:28:00-03:00,2025-09-22T17:28:00-03:00,2025-09-26T17:28:00-03:00,fulfilled,B2B-V1-BASE,BLD-9102B6E8BF1ABFFC5F32,True
ORD-SYN-000572,CUS-SYN-038,2025-09-21T08:27:00-03:00,2025-09-23T08:27:00-03:00,2025-09-27T08:27:00-03:00,fulfilled,B2B-V1-BASE,BLD-9102B6E8BF1ABFFC5F32,True
ORD-SYN-000573,CUS-SYN-091,2025-09-21T09:50:00-03:00,2025-09-24T09:50:00-03:00,2025-09-25T09:50:00-03:00,fulfilled,B2B-V1-BASE,BLD-9102B6E8BF1ABFFC5F32,True
ORD-SYN-000574,CUS-SYN-041,2025-09-21T10:42:00-03:00,2025-09-27T10:42:00-03:00,2025-09-27T10:42:00-03:00,fulfilled,B2B-V1-BASE,BLD-9102B6E8BF1ABFFC5F32,True
ORD-SYN-000575,CUS-SYN-132,2025-09-21T10:45:00-03:00,2025-09-24T10:45:00-03:00,2025-09-24T10:45:00-03:00,fulfilled,B2B-V1-BASE,BLD-9102B6E8BF1ABFFC5F32,True
ORD-SYN-000576,CUS-SYN-001,2025-09-21T10:55:00-03:00,2025-09-26T10:55:00-03:00,2025-09-27T10:55:00-03:00,fulfilled,B2B-V1-BASE,BLD-9102B6E8BF1ABFFC5F32,True
ORD-SYN-000577,CUS-SYN-016,2025-09-21T11:34:00-03:00,2025-09-23T11:34:00-03:00,2025-09-25T11:34:00-03:00,fulfilled,B2B-V1-BASE,BLD-9102B6E8BF1ABFFC5F32,True
ORD-SYN-000578,CUS-SYN-033,2025-09-21T11:39:00-03:00,2025-09-24T11:39:00-03:00,2025-09-26T11:39:00-03:00,fulfilled,B2B-V1-BASE,BLD-9102B6E8BF1ABFFC5F32,True
ORD-SYN-000579,CUS-SYN-134,2025-09-21T12:04:00-03:00,2025-09-24T12:04:00-03:00,2025-09-24T12:04:00-03:00,fulfilled,B2B-V1-BASE,BLD-9102B6E8BF1ABFFC5F32,True
ORD-SYN-000580,CUS-SYN-112,2025-09-21T13:08:00-03:00,2025-09-22T13:08:00-03:00,2025-09-26T13:08:00-03:00,fulfilled,B2B-V1-BASE,BLD-9102B6E8BF1ABFFC5F32,True
ORD-SYN-000581,CUS-SYN-118,2025-09-21T13:51:00-03:00,2025-09-24T13:51:00-03:00,2025-09-24T13:51:00-03:00,fulfilled,B2B-V1-BASE,BLD-9102B6E8BF1ABFFC5F32,True
ORD-SYN-000582,CUS-SYN-064,2025-09-22T08:05:00-03:00,2025-09-25T08:05:00-03:00,2025-09-28T08:05:00-03:00,partially_fulfilled,B2B-V1-BASE,BLD-9102B6E8BF1ABFFC5F32,True
ORD-SYN-000583,CUS-SYN-040,2025-09-22T08:47:00-03:00,2025-09-24T08:47:00-03:00,2025-09-25T08:47:00-03:00,fulfilled,B2B-V1-BASE,BLD-9102B6E8BF1ABFFC5F32,True
ORD-SYN-000584,CUS-SYN-013,2025-09-22T10:45:00-03:00,2025-09-24T10:45:00-03:00,2025-09-24T10:45:00-03:00,fulfilled,B2B-V1-BASE,BLD-9102B6E8BF1ABFFC5F32,True
ORD-SYN-000585,CUS-SYN-090,2025-09-22T12:23:00-03:00,2025-09-26T12:23:00-03:00,2025-09-26T12:23:00-03:00,fulfilled,B2B-V1-BASE,BLD-9102B6E8BF1ABFFC5F32,True
ORD-SYN-000586,CUS-SYN-017,2025-09-22T14:17:00-03:00,2025-09-24T14:17:00-03:00,2025-09-25T14:17:00-03:00,fulfilled,B2B-V1-BASE,BLD-9102B6E8BF1ABFFC5F32,True
ORD-SYN-000587,CUS-SYN-025,2025-09-22T14:22:00-03:00,2025-09-25T14:22:00-03:00,2025-09-28T14:22:00-03:00,fulfilled,B2B-V1-BASE,BLD-9102B6E8BF1ABFFC5F32,True
ORD-SYN-000588,CUS-SYN-133,2025-09-22T15:17:00-03:00,2025-09-26T15:17:00-03:00,2025-09-26T15:17:00-03:00,fulfilled,B2B-V1-BASE,BLD-9102B6E8BF1ABFFC5F32,True
ORD-SYN-000589,CUS-SYN-029,2025-09-22T16:37:00-03:00,2025-09-24T16:37:00-03:00,2025-09-26T16:37:00-03:00,partially_fulfilled,B2B-V1-BASE,BLD-9102B6E8BF1ABFFC5F32,True
ORD-SYN-000590,CUS-SYN-148,2025-09-23T09:50:00-03:00,2025-09-27T09:50:00-03:00,2025-09-28T09:50:00-03:00,fulfilled,B2B-V1-BASE,BLD-9102B6E8BF1ABFFC5F32,True
ORD-SYN-000591,CUS-SYN-122,2025-09-23T10:04:00-03:00,2025-09-24T10:04:00-03:00,2025-09-27T10:04:00-03:00,fulfilled,B2B-V1-BASE,BLD-9102B6E8BF1ABFFC5F32,True
ORD-SYN-000592,CUS-SYN-050,2025-09-23T10:12:00-03:00,2025-09-28T10:12:00-03:00,2025-09-28T10:12:00-03:00,fulfilled,B2B-V1-BASE,BLD-9102B6E8BF1ABFFC5F32,True
ORD-SYN-000593,CUS-SYN-109,2025-09-23T12:03:00-03:00,2025-09-26T12:03:00-03:00,2025-09-26T12:03:00-03:00,fulfilled,B2B-V1-BASE,BLD-9102B6E8BF1ABFFC5F32,True
ORD-SYN-000594,CUS-SYN-090,2025-09-23T14:06:00-03:00,2025-09-28T14:06:00-03:00,2025-09-28T14:06:00-03:00,fulfilled,B2B-V1-BASE,BLD-9102B6E8BF1ABFFC5F32,True
ORD-SYN-000595,CUS-SYN-055,2025-09-23T14:22:00-03:00,,2025-09-25T14:22:00-03:00,fulfilled,B2B-V1-BASE,BLD-9102B6E8BF1ABFFC5F32,True
ORD-SYN-000596,CUS-SYN-115,2025-09-23T14:49:00-03:00,2025-09-24T14:49:00-03:00,2025-09-25T14:49:00-03:00,fulfilled,B2B-V1-BASE,BLD-9102B6E8BF1ABFFC5F32,True
ORD-SYN-000597,CUS-SYN-002,2025-09-23T15:06:00-03:00,2025-09-26T15:06:00-03:00,2025-09-29T15:06:00-03:00,fulfilled,B2B-V1-BASE,BLD-9102B6E8BF1ABFFC5F32,True
ORD-SYN-000598,CUS-SYN-034,2025-09-23T15:29:00-03:00,2025-09-25T15:29:00-03:00,2025-09-26T15:29:00-03:00,fulfilled,B2B-V1-BASE,BLD-9102B6E8BF1ABFFC5F32,True
ORD-SYN-000599,CUS-SYN-058,2025-09-23T15:30:00-03:00,2025-09-26T15:30:00-03:00,2025-09-26T15:30:00-03:00,fulfilled,B2B-V1-BASE,BLD-9102B6E8BF1ABFFC5F32,True
ORD-SYN-000600,CUS-SYN-134,2025-09-23T17:27:00-03:00,2025-09-26T17:27:00-03:00,2025-09-29T17:27:00-03:00,fulfilled,B2B-V1-BASE,BLD-9102B6E8BF1ABFFC5F32,True
ORD-SYN-000601,CUS-SYN-147,2025-09-23T17:52:00-03:00,2025-09-24T17:52:00-03:00,2025-09-28T17:52:00-03:00,fulfilled,B2B-V1-BASE,BLD-9102B6E8BF1ABFFC5F32,True
ORD-SYN-000602,CUS-SYN-041,2025-09-24T08:46:00-03:00,2025-09-28T08:46:00-03:00,2025-09-29T08:46:00-03:00,fulfilled,B2B-V1-BASE,BLD-9102B6E8BF1ABFFC5F32,True
ORD-SYN-000603,CUS-SYN-026,2025-09-24T10:13:00-03:00,2025-09-28T10:13:00-03:00,2025-09-30T10:13:00-03:00,fulfilled,B2B-V1-BASE,BLD-9102B6E8BF1ABFFC5F32,True
ORD-SYN-000604,CUS-SYN-036,2025-09-24T10:55:00-03:00,2025-09-27T10:55:00-03:00,2025-09-30T10:55:00-03:00,partially_fulfilled,B2B-V1-BASE,BLD-9102B6E8BF1ABFFC5F32,True
ORD-SYN-000605,CUS-SYN-006,2025-09-24T14:18:00-03:00,2025-09-25T14:18:00-03:00,2025-09-26T14:18:00-03:00,fulfilled,B2B-V1-BASE,BLD-9102B6E8BF1ABFFC5F32,True
ORD-SYN-000606,CUS-SYN-003,2025-09-24T14:43:00-03:00,2025-09-28T14:43:00-03:00,2025-09-29T14:43:00-03:00,partially_fulfilled,B2B-V1-BASE,BLD-9102B6E8BF1ABFFC5F32,True
ORD-SYN-000607,CUS-SYN-026,2025-09-24T15:17:00-03:00,2025-09-26T15:17:00-03:00,2025-09-26T15:17:00-03:00,fulfilled,B2B-V1-BASE,BLD-9102B6E8BF1ABFFC5F32,True
ORD-SYN-000608,CUS-SYN-086,2025-09-24T17:56:00-03:00,2025-09-25T17:56:00-03:00,2025-09-27T17:56:00-03:00,fulfilled,B2B-V1-BASE,BLD-9102B6E8BF1ABFFC5F32,True
ORD-SYN-000609,CUS-SYN-074,2025-09-25T11:04:00-03:00,2025-09-27T11:04:00-03:00,2025-09-29T11:04:00-03:00,fulfilled,B2B-V1-BASE,BLD-9102B6E8BF1ABFFC5F32,True
ORD-SYN-000610,CUS-SYN-051,2025-09-25T12:08:00-03:00,2025-09-27T12:08:00-03:00,2025-09-30T12:08:00-03:00,fulfilled,B2B-V1-BASE,BLD-9102B6E8BF1ABFFC5F32,True
ORD-SYN-000611,CUS-SYN-058,2025-09-25T13:27:00-03:00,2025-09-28T13:27:00-03:00,2025-09-28T13:27:00-03:00,fulfilled,B2B-V1-BASE,BLD-9102B6E8BF1ABFFC5F32,True
ORD-SYN-000612,CUS-SYN-001,2025-09-25T13:28:00-03:00,2025-09-29T13:28:00-03:00,2025-10-01T13:28:00-03:00,fulfilled,B2B-V1-BASE,BLD-9102B6E8BF1ABFFC5F32,True
ORD-SYN-000613,CUS-SYN-051,2025-09-25T13:47:00-03:00,2025-09-28T13:47:00-03:00,2025-09-30T13:47:00-03:00,partially_fulfilled,B2B-V1-BASE,BLD-9102B6E8BF1ABFFC5F32,True
ORD-SYN-000614,CUS-SYN-032,2025-09-25T15:04:00-03:00,2025-09-29T15:04:00-03:00,2025-09-29T15:04:00-03:00,fulfilled,B2B-V1-BASE,BLD-9102B6E8BF1ABFFC5F32,True
ORD-SYN-000615,CUS-SYN-038,2025-09-25T15:14:00-03:00,2025-09-28T15:14:00-03:00,2025-09-28T15:14:00-03:00,fulfilled,B2B-V1-BASE,BLD-9102B6E8BF1ABFFC5F32,True
ORD-SYN-000616,CUS-SYN-052,2025-09-25T16:17:00-03:00,2025-09-26T16:17:00-03:00,2025-09-28T16:17:00-03:00,fulfilled,B2B-V1-BASE,BLD-9102B6E8BF1ABFFC5F32,True
ORD-SYN-000617,CUS-SYN-133,2025-09-25T16:38:00-03:00,2025-09-28T16:38:00-03:00,2025-09-30T16:38:00-03:00,fulfilled,B2B-V1-BASE,BLD-9102B6E8BF1ABFFC5F32,True
ORD-SYN-000618,CUS-SYN-117,2025-09-25T16:54:00-03:00,2025-09-29T16:54:00-03:00,2025-10-01T16:54:00-03:00,fulfilled,B2B-V1-BASE,BLD-9102B6E8BF1ABFFC5F32,True
ORD-SYN-000619,CUS-SYN-009,2025-09-25T17:11:00-03:00,2025-09-27T17:11:00-03:00,2025-09-28T17:11:00-03:00,fulfilled,B2B-V1-BASE,BLD-9102B6E8BF1ABFFC5F32,True
ORD-SYN-000620,CUS-SYN-030,2025-09-26T10:44:00-03:00,,2025-09-29T10:44:00-03:00,fulfilled,B2B-V1-BASE,BLD-9102B6E8BF1ABFFC5F32,True
ORD-SYN-000621,CUS-SYN-062,2025-09-26T13:49:00-03:00,2025-09-27T13:49:00-03:00,2025-09-28T13:49:00-03:00,fulfilled,B2B-V1-BASE,BLD-9102B6E8BF1ABFFC5F32,True
ORD-SYN-000622,CUS-SYN-113,2025-09-26T13:54:00-03:00,,2025-09-30T13:54:00-03:00,fulfilled,B2B-V1-BASE,BLD-9102B6E8BF1ABFFC5F32,True
ORD-SYN-000623,CUS-SYN-006,2025-09-26T16:04:00-03:00,2025-09-28T16:04:00-03:00,2025-09-29T16:04:00-03:00,fulfilled,B2B-V1-BASE,BLD-9102B6E8BF1ABFFC5F32,True
ORD-SYN-000624,CUS-SYN-073,2025-09-26T16:05:00-03:00,,2025-09-30T16:05:00-03:00,fulfilled,B2B-V1-BASE,BLD-9102B6E8BF1ABFFC5F32,True
ORD-SYN-000625,CUS-SYN-110,2025-09-26T16:22:00-03:00,2025-09-28T16:22:00-03:00,2025-10-01T16:22:00-03:00,fulfilled,B2B-V1-BASE,BLD-9102B6E8BF1ABFFC5F32,True
ORD-SYN-000626,CUS-SYN-012,2025-09-26T16:44:00-03:00,,2025-09-28T16:44:00-03:00,fulfilled,B2B-V1-BASE,BLD-9102B6E8BF1ABFFC5F32,True
ORD-SYN-000627,CUS-SYN-028,2025-09-26T17:48:00-03:00,2025-10-01T17:48:00-03:00,2025-10-01T17:48:00-03:00,partially_fulfilled,B2B-V1-BASE,BLD-9102B6E8BF1ABFFC5F32,True
ORD-SYN-000628,CUS-SYN-109,2025-09-27T10:46:00-03:00,,2025-10-01T10:46:00-03:00,fulfilled,B2B-V1-BASE,BLD-9102B6E8BF1ABFFC5F32,True
ORD-SYN-000629,CUS-SYN-110,2025-09-27T10:58:00-03:00,2025-09-30T10:58:00-03:00,2025-10-01T10:58:00-03:00,fulfilled,B2B-V1-BASE,BLD-9102B6E8BF1ABFFC5F32,True
ORD-SYN-000630,CUS-SYN-103,2025-09-27T11:37:00-03:00,2025-09-28T11:37:00-03:00,2025-09-29T11:37:00-03:00,fulfilled,B2B-V1-BASE,BLD-9102B6E8BF1ABFFC5F32,True
ORD-SYN-000631,CUS-SYN-134,2025-09-27T11:48:00-03:00,2025-09-30T11:48:00-03:00,2025-09-30T11:48:00-03:00,fulfilled,B2B-V1-BASE,BLD-9102B6E8BF1ABFFC5F32,True
ORD-SYN-000632,CUS-SYN-073,2025-09-27T13:49:00-03:00,,2025-09-30T13:49:00-03:00,fulfilled,B2B-V1-BASE,BLD-9102B6E8BF1ABFFC5F32,True
ORD-SYN-000633,CUS-SYN-065,2025-09-27T13:59:00-03:00,2025-10-02T13:59:00-03:00,2025-10-02T13:59:00-03:00,fulfilled,B2B-V1-BASE,BLD-9102B6E8BF1ABFFC5F32,True
ORD-SYN-000634,CUS-SYN-013,2025-09-27T14:03:00-03:00,2025-09-28T14:03:00-03:00,2025-10-02T14:03:00-03:00,fulfilled,B2B-V1-BASE,BLD-9102B6E8BF1ABFFC5F32,True
ORD-SYN-000635,CUS-SYN-077,2025-09-27T15:48:00-03:00,2025-09-30T15:48:00-03:00,2025-10-01T15:48:00-03:00,partially_fulfilled,B2B-V1-BASE,BLD-9102B6E8BF1ABFFC5F32,True
ORD-SYN-000636,CUS-SYN-045,2025-09-27T16:18:00-03:00,2025-09-28T16:18:00-03:00,2025-10-02T16:18:00-03:00,fulfilled,B2B-V1-BASE,BLD-9102B6E8BF1ABFFC5F32,True
ORD-SYN-000637,CUS-SYN-083,2025-09-27T16:35:00-03:00,2025-09-29T16:35:00-03:00,2025-10-03T16:35:00-03:00,partially_fulfilled,B2B-V1-BASE,BLD-9102B6E8BF1ABFFC5F32,True
ORD-SYN-000638,CUS-SYN-077,2025-09-27T16:54:00-03:00,2025-09-29T16:54:00-03:00,2025-09-29T16:54:00-03:00,partially_fulfilled,B2B-V1-BASE,BLD-9102B6E8BF1ABFFC5F32,True
ORD-SYN-000639,CUS-SYN-005,2025-09-27T17:03:00-03:00,2025-09-28T17:03:00-03:00,2025-09-29T17:03:00-03:00,fulfilled,B2B-V1-BASE,BLD-9102B6E8BF1ABFFC5F32,True
ORD-SYN-000640,CUS-SYN-010,2025-09-27T17:43:00-03:00,2025-09-29T17:43:00-03:00,2025-09-29T17:43:00-03:00,fulfilled,B2B-V1-BASE,BLD-9102B6E8BF1ABFFC5F32,True
ORD-SYN-000641,CUS-SYN-057,2025-09-28T09:28:00-03:00,2025-10-01T09:28:00-03:00,2025-10-04T09:28:00-03:00,fulfilled,B2B-V1-BASE,BLD-9102B6E8BF1ABFFC5F32,True
ORD-SYN-000642,CUS-SYN-109,2025-09-28T09:58:00-03:00,2025-09-29T09:58:00-03:00,2025-10-02T09:58:00-03:00,fulfilled,B2B-V1-BASE,BLD-9102B6E8BF1ABFFC5F32,True
ORD-SYN-000643,CUS-SYN-045,2025-09-28T10:14:00-03:00,2025-09-30T10:14:00-03:00,2025-10-03T10:14:00-03:00,fulfilled,B2B-V1-BASE,BLD-9102B6E8BF1ABFFC5F32,True
ORD-SYN-000644,CUS-SYN-010,2025-09-28T13:06:00-03:00,2025-10-03T13:06:00-03:00,2025-10-04T13:06:00-03:00,fulfilled,B2B-V1-BASE,BLD-9102B6E8BF1ABFFC5F32,True
ORD-SYN-000645,CUS-SYN-097,2025-09-28T13:23:00-03:00,2025-10-03T13:23:00-03:00,2025-10-03T13:23:00-03:00,partially_fulfilled,B2B-V1-BASE,BLD-9102B6E8BF1ABFFC5F32,True
ORD-SYN-000646,CUS-SYN-017,2025-09-28T13:45:00-03:00,2025-10-01T13:45:00-03:00,2025-10-01T13:45:00-03:00,fulfilled,B2B-V1-BASE,BLD-9102B6E8BF1ABFFC5F32,True
ORD-SYN-000647,CUS-SYN-078,2025-09-28T15:38:00-03:00,,2025-10-03T15:38:00-03:00,partially_fulfilled,B2B-V1-BASE,BLD-9102B6E8BF1ABFFC5F32,True
ORD-SYN-000648,CUS-SYN-043,2025-09-28T15:41:00-03:00,2025-09-30T15:41:00-03:00,2025-09-30T15:41:00-03:00,fulfilled,B2B-V1-BASE,BLD-9102B6E8BF1ABFFC5F32,True
ORD-SYN-000649,CUS-SYN-047,2025-09-28T15:43:00-03:00,2025-10-03T15:43:00-03:00,2025-10-04T15:43:00-03:00,fulfilled,B2B-V1-BASE,BLD-9102B6E8BF1ABFFC5F32,True
ORD-SYN-000650,CUS-SYN-056,2025-09-28T17:20:00-03:00,2025-09-30T17:20:00-03:00,2025-10-01T17:20:00-03:00,fulfilled,B2B-V1-BASE,BLD-9102B6E8BF1ABFFC5F32,True
ORD-SYN-000651,CUS-SYN-106,2025-09-28T17:22:00-03:00,2025-09-30T17:22:00-03:00,2025-09-30T17:22:00-03:00,fulfilled,B2B-V1-BASE,BLD-9102B6E8BF1ABFFC5F32,True
ORD-SYN-000652,CUS-SYN-124,2025-09-29T08:04:00-03:00,2025-09-30T08:04:00-03:00,2025-10-02T08:04:00-03:00,partially_fulfilled,B2B-V1-BASE,BLD-9102B6E8BF1ABFFC5F32,True
ORD-SYN-000653,CUS-SYN-084,2025-09-29T13:07:00-03:00,2025-10-02T13:07:00-03:00,2025-10-02T13:07:00-03:00,fulfilled,B2B-V1-BASE,BLD-9102B6E8BF1ABFFC5F32,True
ORD-SYN-000654,CUS-SYN-021,2025-09-29T15:00:00-03:00,2025-10-01T15:00:00-03:00,2025-10-03T15:00:00-03:00,fulfilled,B2B-V1-BASE,BLD-9102B6E8BF1ABFFC5F32,True
ORD-SYN-000655,CUS-SYN-066,2025-09-29T15:08:00-03:00,2025-10-02T15:08:00-03:00,2025-10-04T15:08:00-03:00,fulfilled,B2B-V1-BASE,BLD-9102B6E8BF1ABFFC5F32,True
ORD-SYN-000656,CUS-SYN-014,2025-09-29T15:34:00-03:00,2025-10-01T15:34:00-03:00,2025-10-01T15:34:00-03:00,fulfilled,B2B-V1-BASE,BLD-9102B6E8BF1ABFFC5F32,True
ORD-SYN-000657,CUS-SYN-053,2025-09-29T16:17:00-03:00,2025-10-03T16:17:00-03:00,2025-10-05T16:17:00-03:00,fulfilled,B2B-V1-BASE,BLD-9102B6E8BF1ABFFC5F32,True
ORD-SYN-000658,CUS-SYN-030,2025-09-29T16:29:00-03:00,2025-10-02T16:29:00-03:00,2025-10-02T16:29:00-03:00,fulfilled,B2B-V1-BASE,BLD-9102B6E8BF1ABFFC5F32,True
ORD-SYN-000659,CUS-SYN-061,2025-09-30T08:52:00-03:00,2025-10-01T08:52:00-03:00,2025-10-04T08:52:00-03:00,fulfilled,B2B-V1-BASE,BLD-9102B6E8BF1ABFFC5F32,True
ORD-SYN-000660,CUS-SYN-137,2025-09-30T10:03:00-03:00,2025-10-02T10:03:00-03:00,2025-10-04T10:03:00-03:00,fulfilled,B2B-V1-BASE,BLD-9102B6E8BF1ABFFC5F32,True
ORD-SYN-000661,CUS-SYN-042,2025-09-30T10:18:00-03:00,2025-10-03T10:18:00-03:00,2025-10-05T10:18:00-03:00,partially_fulfilled,B2B-V1-BASE,BLD-9102B6E8BF1ABFFC5F32,True
ORD-SYN-000662,CUS-SYN-102,2025-09-30T10:37:00-03:00,,2025-10-05T10:37:00-03:00,fulfilled,B2B-V1-BASE,BLD-9102B6E8BF1ABFFC5F32,True
ORD-SYN-000663,CUS-SYN-018,2025-09-30T10:55:00-03:00,2025-10-04T10:55:00-03:00,2025-10-05T10:55:00-03:00,partially_fulfilled,B2B-V1-BASE,BLD-9102B6E8BF1ABFFC5F32,True
ORD-SYN-000664,CUS-SYN-009,2025-09-30T11:53:00-03:00,2025-10-04T11:53:00-03:00,2025-10-05T11:53:00-03:00,partially_fulfilled,B2B-V1-BASE,BLD-9102B6E8BF1ABFFC5F32,True
ORD-SYN-000665,CUS-SYN-078,2025-09-30T12:03:00-03:00,2025-10-01T12:03:00-03:00,2025-10-03T12:03:00-03:00,fulfilled,B2B-V1-BASE,BLD-9102B6E8BF1ABFFC5F32,True
ORD-SYN-000666,CUS-SYN-098,2025-09-30T13:40:00-03:00,2025-10-03T13:40:00-03:00,2025-10-03T13:40:00-03:00,fulfilled,B2B-V1-BASE,BLD-9102B6E8BF1ABFFC5F32,True
ORD-SYN-000667,CUS-SYN-050,2025-09-30T14:30:00-03:00,2025-10-01T14:30:00-03:00,2025-10-03T14:30:00-03:00,fulfilled,B2B-V1-BASE,BLD-9102B6E8BF1ABFFC5F32,True
ORD-SYN-000668,CUS-SYN-057,2025-09-30T16:59:00-03:00,2025-10-05T16:59:00-03:00,2025-10-06T16:59:00-03:00,fulfilled,B2B-V1-BASE,BLD-9102B6E8BF1ABFFC5F32,True
ORD-SYN-000669,CUS-SYN-005,2025-10-01T08:02:00-03:00,,2025-10-07T08:02:00-03:00,fulfilled,B2B-V1-BASE,BLD-9102B6E8BF1ABFFC5F32,True
ORD-SYN-000670,CUS-SYN-142,2025-10-01T08:52:00-03:00,2025-10-02T08:52:00-03:00,2025-10-03T08:52:00-03:00,fulfilled,B2B-V1-BASE,BLD-9102B6E8BF1ABFFC5F32,True
ORD-SYN-000671,CUS-SYN-129,2025-10-01T09:28:00-03:00,2025-10-02T09:28:00-03:00,2025-10-03T09:28:00-03:00,fulfilled,B2B-V1-BASE,BLD-9102B6E8BF1ABFFC5F32,True
ORD-SYN-000672,CUS-SYN-082,2025-10-01T10:35:00-03:00,2025-10-04T10:35:00-03:00,2025-10-05T10:35:00-03:00,fulfilled,B2B-V1-BASE,BLD-9102B6E8BF1ABFFC5F32,True
ORD-SYN-000673,CUS-SYN-072,2025-10-01T12:55:00-03:00,2025-10-02T12:55:00-03:00,2025-10-03T12:55:00-03:00,fulfilled,B2B-V1-BASE,BLD-9102B6E8BF1ABFFC5F32,True
ORD-SYN-000674,CUS-SYN-037,2025-10-02T09:08:00-03:00,2025-10-06T09:08:00-03:00,2025-10-06T09:08:00-03:00,partially_fulfilled,B2B-V1-BASE,BLD-9102B6E8BF1ABFFC5F32,True
ORD-SYN-000675,CUS-SYN-097,2025-10-02T12:24:00-03:00,2025-10-03T12:24:00-03:00,2025-10-08T12:24:00-03:00,fulfilled,B2B-V1-BASE,BLD-9102B6E8BF1ABFFC5F32,True
ORD-SYN-000676,CUS-SYN-061,2025-10-02T15:30:00-03:00,2025-10-03T15:30:00-03:00,2025-10-04T15:30:00-03:00,fulfilled,B2B-V1-BASE,BLD-9102B6E8BF1ABFFC5F32,True
ORD-SYN-000677,CUS-SYN-049,2025-10-02T15:58:00-03:00,2025-10-05T15:58:00-03:00,2025-10-05T15:58:00-03:00,fulfilled,B2B-V1-BASE,BLD-9102B6E8BF1ABFFC5F32,True
ORD-SYN-000678,CUS-SYN-030,2025-10-02T16:57:00-03:00,2025-10-03T16:57:00-03:00,2025-10-04T16:57:00-03:00,partially_fulfilled,B2B-V1-BASE,BLD-9102B6E8BF1ABFFC5F32,True
ORD-SYN-000679,CUS-SYN-103,2025-10-03T10:37:00-03:00,2025-10-05T10:37:00-03:00,2025-10-08T10:37:00-03:00,partially_fulfilled,B2B-V1-BASE,BLD-9102B6E8BF1ABFFC5F32,True
ORD-SYN-000680,CUS-SYN-142,2025-10-03T11:41:00-03:00,2025-10-04T11:41:00-03:00,2025-10-09T11:41:00-03:00,partially_fulfilled,B2B-V1-BASE,BLD-9102B6E8BF1ABFFC5F32,True
ORD-SYN-000681,CUS-SYN-105,2025-10-03T12:23:00-03:00,2025-10-04T12:23:00-03:00,2025-10-09T12:23:00-03:00,partially_fulfilled,B2B-V1-BASE,BLD-9102B6E8BF1ABFFC5F32,True
ORD-SYN-000682,CUS-SYN-069,2025-10-03T12:48:00-03:00,2025-10-05T12:48:00-03:00,2025-10-08T12:48:00-03:00,fulfilled,B2B-V1-BASE,BLD-9102B6E8BF1ABFFC5F32,True
ORD-SYN-000683,CUS-SYN-077,2025-10-03T13:00:00-03:00,2025-10-07T13:00:00-03:00,2025-10-07T13:00:00-03:00,fulfilled,B2B-V1-BASE,BLD-9102B6E8BF1ABFFC5F32,True
ORD-SYN-000684,CUS-SYN-149,2025-10-03T13:21:00-03:00,2025-10-04T13:21:00-03:00,2025-10-05T13:21:00-03:00,fulfilled,B2B-V1-BASE,BLD-9102B6E8BF1ABFFC5F32,True
ORD-SYN-000685,CUS-SYN-136,2025-10-03T16:51:00-03:00,,2025-10-09T16:51:00-03:00,partially_fulfilled,B2B-V1-BASE,BLD-9102B6E8BF1ABFFC5F32,True
ORD-SYN-000686,CUS-SYN-065,2025-10-03T16:59:00-03:00,2025-10-06T16:59:00-03:00,2025-10-07T16:59:00-03:00,fulfilled,B2B-V1-BASE,BLD-9102B6E8BF1ABFFC5F32,True
ORD-SYN-000687,CUS-SYN-076,2025-10-03T17:08:00-03:00,2025-10-04T17:08:00-03:00,2025-10-05T17:08:00-03:00,fulfilled,B2B-V1-BASE,BLD-9102B6E8BF1ABFFC5F32,True
ORD-SYN-000688,CUS-SYN-003,2025-10-03T17:19:00-03:00,2025-10-04T17:19:00-03:00,2025-10-05T17:19:00-03:00,fulfilled,B2B-V1-BASE,BLD-9102B6E8BF1ABFFC5F32,True
ORD-SYN-000689,CUS-SYN-009,2025-10-04T09:17:00-03:00,2025-10-06T09:17:00-03:00,2025-10-09T09:17:00-03:00,fulfilled,B2B-V1-BASE,BLD-9102B6E8BF1ABFFC5F32,True
ORD-SYN-000690,CUS-SYN-073,2025-10-04T10:17:00-03:00,,2025-10-09T10:17:00-03:00,partially_fulfilled,B2B-V1-BASE,BLD-9102B6E8BF1ABFFC5F32,True
ORD-SYN-000691,CUS-SYN-149,2025-10-04T12:29:00-03:00,2025-10-06T12:29:00-03:00,2025-10-06T12:29:00-03:00,fulfilled,B2B-V1-BASE,BLD-9102B6E8BF1ABFFC5F32,True
ORD-SYN-000692,CUS-SYN-069,2025-10-04T12:36:00-03:00,2025-10-06T12:36:00-03:00,2025-10-06T12:36:00-03:00,fulfilled,B2B-V1-BASE,BLD-9102B6E8BF1ABFFC5F32,True
ORD-SYN-000693,CUS-SYN-101,2025-10-04T12:54:00-03:00,2025-10-05T12:54:00-03:00,2025-10-08T12:54:00-03:00,fulfilled,B2B-V1-BASE,BLD-9102B6E8BF1ABFFC5F32,True
ORD-SYN-000694,CUS-SYN-122,2025-10-04T12:56:00-03:00,2025-10-06T12:56:00-03:00,2025-10-10T12:56:00-03:00,fulfilled,B2B-V1-BASE,BLD-9102B6E8BF1ABFFC5F32,True
ORD-SYN-000695,CUS-SYN-099,2025-10-04T13:11:00-03:00,2025-10-06T13:11:00-03:00,2025-10-07T13:11:00-03:00,partially_fulfilled,B2B-V1-BASE,BLD-9102B6E8BF1ABFFC5F32,True
ORD-SYN-000696,CUS-SYN-045,2025-10-04T14:23:00-03:00,,2025-10-07T14:23:00-03:00,partially_fulfilled,B2B-V1-BASE,BLD-9102B6E8BF1ABFFC5F32,True
ORD-SYN-000697,CUS-SYN-057,2025-10-04T14:26:00-03:00,2025-10-05T14:26:00-03:00,2025-10-08T14:26:00-03:00,fulfilled,B2B-V1-BASE,BLD-9102B6E8BF1ABFFC5F32,True
ORD-SYN-000698,CUS-SYN-134,2025-10-04T15:22:00-03:00,2025-10-05T15:22:00-03:00,2025-10-07T15:22:00-03:00,fulfilled,B2B-V1-BASE,BLD-9102B6E8BF1ABFFC5F32,True
ORD-SYN-000699,CUS-SYN-057,2025-10-04T15:24:00-03:00,2025-10-06T15:24:00-03:00,2025-10-06T15:24:00-03:00,partially_fulfilled,B2B-V1-BASE,BLD-9102B6E8BF1ABFFC5F32,True
ORD-SYN-000700,CUS-SYN-061,2025-10-04T16:16:00-03:00,2025-10-09T16:16:00-03:00,2025-10-10T16:16:00-03:00,partially_fulfilled,B2B-V1-BASE,BLD-9102B6E8BF1ABFFC5F32,True
ORD-SYN-000701,CUS-SYN-026,2025-10-04T16:45:00-03:00,2025-10-06T16:45:00-03:00,2025-10-06T16:45:00-03:00,partially_fulfilled,B2B-V1-BASE,BLD-9102B6E8BF1ABFFC5F32,True
ORD-SYN-000702,CUS-SYN-010,2025-10-04T17:45:00-03:00,2025-10-08T17:45:00-03:00,2025-10-10T17:45:00-03:00,fulfilled,B2B-V1-BASE,BLD-9102B6E8BF1ABFFC5F32,True
ORD-SYN-000703,CUS-SYN-146,2025-10-05T08:45:00-03:00,2025-10-06T08:45:00-03:00,2025-10-09T08:45:00-03:00,fulfilled,B2B-V1-BASE,BLD-9102B6E8BF1ABFFC5F32,True
ORD-SYN-000704,CUS-SYN-014,2025-10-05T09:00:00-03:00,2025-10-07T09:00:00-03:00,2025-10-07T09:00:00-03:00,partially_fulfilled,B2B-V1-BASE,BLD-9102B6E8BF1ABFFC5F32,True
ORD-SYN-000705,CUS-SYN-098,2025-10-05T09:15:00-03:00,2025-10-07T09:15:00-03:00,2025-10-11T09:15:00-03:00,fulfilled,B2B-V1-BASE,BLD-9102B6E8BF1ABFFC5F32,True
ORD-SYN-000706,CUS-SYN-112,2025-10-05T10:37:00-03:00,2025-10-06T10:37:00-03:00,2025-10-10T10:37:00-03:00,fulfilled,B2B-V1-BASE,BLD-9102B6E8BF1ABFFC5F32,True
ORD-SYN-000707,CUS-SYN-083,2025-10-05T10:41:00-03:00,2025-10-09T10:41:00-03:00,2025-10-09T10:41:00-03:00,fulfilled,B2B-V1-BASE,BLD-9102B6E8BF1ABFFC5F32,True
ORD-SYN-000708,CUS-SYN-117,2025-10-05T10:54:00-03:00,2025-10-10T10:54:00-03:00,2025-10-11T10:54:00-03:00,fulfilled,B2B-V1-BASE,BLD-9102B6E8BF1ABFFC5F32,True
ORD-SYN-000709,CUS-SYN-046,2025-10-05T11:33:00-03:00,,2025-10-07T11:33:00-03:00,partially_fulfilled,B2B-V1-BASE,BLD-9102B6E8BF1ABFFC5F32,True
ORD-SYN-000710,CUS-SYN-132,2025-10-05T12:34:00-03:00,2025-10-10T12:34:00-03:00,2025-10-11T12:34:00-03:00,fulfilled,B2B-V1-BASE,BLD-9102B6E8BF1ABFFC5F32,True
ORD-SYN-000711,CUS-SYN-010,2025-10-05T15:45:00-03:00,2025-10-06T15:45:00-03:00,2025-10-08T15:45:00-03:00,fulfilled,B2B-V1-BASE,BLD-9102B6E8BF1ABFFC5F32,True
ORD-SYN-000712,CUS-SYN-086,2025-10-06T10:06:00-03:00,2025-10-09T10:06:00-03:00,2025-10-10T10:06:00-03:00,fulfilled,B2B-V1-BASE,BLD-9102B6E8BF1ABFFC5F32,True
ORD-SYN-000713,CUS-SYN-006,2025-10-06T10:14:00-03:00,2025-10-09T10:14:00-03:00,2025-10-09T10:14:00-03:00,fulfilled,B2B-V1-BASE,BLD-9102B6E8BF1ABFFC5F32,True
ORD-SYN-000714,CUS-SYN-063,2025-10-06T10:22:00-03:00,,2025-10-08T10:22:00-03:00,fulfilled,B2B-V1-BASE,BLD-9102B6E8BF1ABFFC5F32,True
ORD-SYN-000715,CUS-SYN-117,2025-10-06T10:27:00-03:00,2025-10-10T10:27:00-03:00,2025-10-11T10:27:00-03:00,fulfilled,B2B-V1-BASE,BLD-9102B6E8BF1ABFFC5F32,True
ORD-SYN-000716,CUS-SYN-105,2025-10-06T11:06:00-03:00,2025-10-08T11:06:00-03:00,2025-10-11T11:06:00-03:00,fulfilled,B2B-V1-BASE,BLD-9102B6E8BF1ABFFC5F32,True
ORD-SYN-000717,CUS-SYN-097,2025-10-06T12:03:00-03:00,2025-10-07T12:03:00-03:00,2025-10-08T12:03:00-03:00,fulfilled,B2B-V1-BASE,BLD-9102B6E8BF1ABFFC5F32,True
ORD-SYN-000718,CUS-SYN-141,2025-10-06T12:21:00-03:00,2025-10-10T12:21:00-03:00,2025-10-10T12:21:00-03:00,fulfilled,B2B-V1-BASE,BLD-9102B6E8BF1ABFFC5F32,True
ORD-SYN-000719,CUS-SYN-133,2025-10-06T12:55:00-03:00,,2025-10-11T12:55:00-03:00,fulfilled,B2B-V1-BASE,BLD-9102B6E8BF1ABFFC5F32,True
ORD-SYN-000720,CUS-SYN-069,2025-10-06T12:57:00-03:00,,2025-10-09T12:57:00-03:00,fulfilled,B2B-V1-BASE,BLD-9102B6E8BF1ABFFC5F32,True
ORD-SYN-000721,CUS-SYN-078,2025-10-06T13:48:00-03:00,,2025-10-09T13:48:00-03:00,partially_fulfilled,B2B-V1-BASE,BLD-9102B6E8BF1ABFFC5F32,True
ORD-SYN-000722,CUS-SYN-089,2025-10-06T14:47:00-03:00,2025-10-10T14:47:00-03:00,2025-10-12T14:47:00-03:00,partially_fulfilled,B2B-V1-BASE,BLD-9102B6E8BF1ABFFC5F32,True
ORD-SYN-000723,CUS-SYN-017,2025-10-06T15:35:00-03:00,2025-10-10T15:35:00-03:00,2025-10-11T15:35:00-03:00,fulfilled,B2B-V1-BASE,BLD-9102B6E8BF1ABFFC5F32,True
ORD-SYN-000724,CUS-SYN-085,2025-10-06T16:34:00-03:00,2025-10-09T16:34:00-03:00,2025-10-09T16:34:00-03:00,fulfilled,B2B-V1-BASE,BLD-9102B6E8BF1ABFFC5F32,True
ORD-SYN-000725,CUS-SYN-094,2025-10-06T16:49:00-03:00,2025-10-10T16:49:00-03:00,2025-10-10T16:49:00-03:00,fulfilled,B2B-V1-BASE,BLD-9102B6E8BF1ABFFC5F32,True
ORD-SYN-000726,CUS-SYN-138,2025-10-07T08:11:00-03:00,2025-10-08T08:11:00-03:00,2025-10-09T08:11:00-03:00,fulfilled,B2B-V1-BASE,BLD-9102B6E8BF1ABFFC5F32,True
ORD-SYN-000727,CUS-SYN-077,2025-10-07T09:43:00-03:00,,2025-10-11T09:43:00-03:00,partially_fulfilled,B2B-V1-BASE,BLD-9102B6E8BF1ABFFC5F32,True
ORD-SYN-000728,CUS-SYN-046,2025-10-07T10:04:00-03:00,2025-10-09T10:04:00-03:00,2025-10-11T10:04:00-03:00,fulfilled,B2B-V1-BASE,BLD-9102B6E8BF1ABFFC5F32,True
ORD-SYN-000729,CUS-SYN-041,2025-10-07T10:28:00-03:00,2025-10-09T10:28:00-03:00,2025-10-09T10:28:00-03:00,fulfilled,B2B-V1-BASE,BLD-9102B6E8BF1ABFFC5F32,True
ORD-SYN-000730,CUS-SYN-105,2025-10-07T11:40:00-03:00,2025-10-09T11:40:00-03:00,2025-10-10T11:40:00-03:00,fulfilled,B2B-V1-BASE,BLD-9102B6E8BF1ABFFC5F32,True
ORD-SYN-000731,CUS-SYN-119,2025-10-07T12:59:00-03:00,,2025-10-09T12:59:00-03:00,fulfilled,B2B-V1-BASE,BLD-9102B6E8BF1ABFFC5F32,True
ORD-SYN-000732,CUS-SYN-123,2025-10-07T13:26:00-03:00,2025-10-09T13:26:00-03:00,2025-10-12T13:26:00-03:00,partially_fulfilled,B2B-V1-BASE,BLD-9102B6E8BF1ABFFC5F32,True
ORD-SYN-000733,CUS-SYN-146,2025-10-07T14:04:00-03:00,2025-10-08T14:04:00-03:00,2025-10-11T14:04:00-03:00,fulfilled,B2B-V1-BASE,BLD-9102B6E8BF1ABFFC5F32,True
ORD-SYN-000734,CUS-SYN-022,2025-10-07T14:58:00-03:00,2025-10-08T14:58:00-03:00,2025-10-13T14:58:00-03:00,fulfilled,B2B-V1-BASE,BLD-9102B6E8BF1ABFFC5F32,True
ORD-SYN-000735,CUS-SYN-038,2025-10-07T15:09:00-03:00,2025-10-08T15:09:00-03:00,2025-10-12T15:09:00-03:00,partially_fulfilled,B2B-V1-BASE,BLD-9102B6E8BF1ABFFC5F32,True
ORD-SYN-000736,CUS-SYN-062,2025-10-07T16:51:00-03:00,2025-10-08T16:51:00-03:00,2025-10-10T16:51:00-03:00,fulfilled,B2B-V1-BASE,BLD-9102B6E8BF1ABFFC5F32,True
ORD-SYN-000737,CUS-SYN-110,2025-10-08T10:23:00-03:00,2025-10-10T10:23:00-03:00,2025-10-10T10:23:00-03:00,fulfilled,B2B-V1-BASE,BLD-9102B6E8BF1ABFFC5F32,True
ORD-SYN-000738,CUS-SYN-010,2025-10-08T10:35:00-03:00,2025-10-14T10:35:00-03:00,2025-10-14T10:35:00-03:00,partially_fulfilled,B2B-V1-BASE,BLD-9102B6E8BF1ABFFC5F32,True
ORD-SYN-000739,CUS-SYN-030,2025-10-08T10:43:00-03:00,2025-10-11T10:43:00-03:00,2025-10-12T10:43:00-03:00,fulfilled,B2B-V1-BASE,BLD-9102B6E8BF1ABFFC5F32,True
ORD-SYN-000740,CUS-SYN-138,2025-10-08T10:44:00-03:00,2025-10-10T10:44:00-03:00,2025-10-14T10:44:00-03:00,fulfilled,B2B-V1-BASE,BLD-9102B6E8BF1ABFFC5F32,True
ORD-SYN-000741,CUS-SYN-022,2025-10-08T11:52:00-03:00,,2025-10-11T11:52:00-03:00,fulfilled,B2B-V1-BASE,BLD-9102B6E8BF1ABFFC5F32,True
ORD-SYN-000742,CUS-SYN-064,2025-10-08T12:51:00-03:00,2025-10-12T12:51:00-03:00,2025-10-13T12:51:00-03:00,fulfilled,B2B-V1-BASE,BLD-9102B6E8BF1ABFFC5F32,True
ORD-SYN-000743,CUS-SYN-057,2025-10-08T14:00:00-03:00,,2025-10-10T14:00:00-03:00,fulfilled,B2B-V1-BASE,BLD-9102B6E8BF1ABFFC5F32,True
ORD-SYN-000744,CUS-SYN-011,2025-10-08T14:22:00-03:00,2025-10-12T14:22:00-03:00,2025-10-13T14:22:00-03:00,fulfilled,B2B-V1-BASE,BLD-9102B6E8BF1ABFFC5F32,True
ORD-SYN-000745,CUS-SYN-133,2025-10-08T16:59:00-03:00,2025-10-10T16:59:00-03:00,2025-10-11T16:59:00-03:00,fulfilled,B2B-V1-BASE,BLD-9102B6E8BF1ABFFC5F32,True
ORD-SYN-000746,CUS-SYN-122,2025-10-08T17:23:00-03:00,2025-10-11T17:23:00-03:00,2025-10-13T17:23:00-03:00,fulfilled,B2B-V1-BASE,BLD-9102B6E8BF1ABFFC5F32,True
ORD-SYN-000747,CUS-SYN-150,2025-10-08T17:39:00-03:00,2025-10-10T17:39:00-03:00,2025-10-10T17:39:00-03:00,fulfilled,B2B-V1-BASE,BLD-9102B6E8BF1ABFFC5F32,True
ORD-SYN-000748,CUS-SYN-081,2025-10-09T09:42:00-03:00,2025-10-11T09:42:00-03:00,2025-10-15T09:42:00-03:00,fulfilled,B2B-V1-BASE,BLD-9102B6E8BF1ABFFC5F32,True
ORD-SYN-000749,CUS-SYN-105,2025-10-09T09:53:00-03:00,2025-10-15T09:53:00-03:00,2025-10-15T09:53:00-03:00,fulfilled,B2B-V1-BASE,BLD-9102B6E8BF1ABFFC5F32,True
ORD-SYN-000750,CUS-SYN-005,2025-10-09T10:07:00-03:00,2025-10-11T10:07:00-03:00,2025-10-13T10:07:00-03:00,fulfilled,B2B-V1-BASE,BLD-9102B6E8BF1ABFFC5F32,True
ORD-SYN-000751,CUS-SYN-100,2025-10-09T11:25:00-03:00,2025-10-14T11:25:00-03:00,2025-10-15T11:25:00-03:00,fulfilled,B2B-V1-BASE,BLD-9102B6E8BF1ABFFC5F32,True
ORD-SYN-000752,CUS-SYN-023,2025-10-09T11:55:00-03:00,2025-10-12T11:55:00-03:00,2025-10-12T11:55:00-03:00,fulfilled,B2B-V1-BASE,BLD-9102B6E8BF1ABFFC5F32,True
ORD-SYN-000753,CUS-SYN-013,2025-10-09T12:38:00-03:00,2025-10-10T12:38:00-03:00,2025-10-12T12:38:00-03:00,partially_fulfilled,B2B-V1-BASE,BLD-9102B6E8BF1ABFFC5F32,True
ORD-SYN-000754,CUS-SYN-150,2025-10-09T13:14:00-03:00,2025-10-10T13:14:00-03:00,2025-10-11T13:14:00-03:00,fulfilled,B2B-V1-BASE,BLD-9102B6E8BF1ABFFC5F32,True
ORD-SYN-000755,CUS-SYN-058,2025-10-09T13:38:00-03:00,2025-10-13T13:38:00-03:00,2025-10-14T13:38:00-03:00,partially_fulfilled,B2B-V1-BASE,BLD-9102B6E8BF1ABFFC5F32,True
ORD-SYN-000756,CUS-SYN-014,2025-10-09T14:34:00-03:00,2025-10-15T14:34:00-03:00,2025-10-15T14:34:00-03:00,fulfilled,B2B-V1-BASE,BLD-9102B6E8BF1ABFFC5F32,True
ORD-SYN-000757,CUS-SYN-023,2025-10-09T15:03:00-03:00,2025-10-11T15:03:00-03:00,2025-10-11T15:03:00-03:00,fulfilled,B2B-V1-BASE,BLD-9102B6E8BF1ABFFC5F32,True
ORD-SYN-000758,CUS-SYN-056,2025-10-09T15:46:00-03:00,2025-10-10T15:46:00-03:00,2025-10-14T15:46:00-03:00,fulfilled,B2B-V1-BASE,BLD-9102B6E8BF1ABFFC5F32,True
ORD-SYN-000759,CUS-SYN-093,2025-10-09T16:39:00-03:00,2025-10-13T16:39:00-03:00,2025-10-14T16:39:00-03:00,partially_fulfilled,B2B-V1-BASE,BLD-9102B6E8BF1ABFFC5F32,True
ORD-SYN-000760,CUS-SYN-022,2025-10-09T17:26:00-03:00,2025-10-10T17:26:00-03:00,2025-10-11T17:26:00-03:00,fulfilled,B2B-V1-BASE,BLD-9102B6E8BF1ABFFC5F32,True
ORD-SYN-000761,CUS-SYN-093,2025-10-10T08:26:00-03:00,2025-10-12T08:26:00-03:00,2025-10-12T08:26:00-03:00,partially_fulfilled,B2B-V1-BASE,BLD-9102B6E8BF1ABFFC5F32,True
ORD-SYN-000762,CUS-SYN-016,2025-10-10T08:54:00-03:00,2025-10-11T08:54:00-03:00,2025-10-15T08:54:00-03:00,fulfilled,B2B-V1-BASE,BLD-9102B6E8BF1ABFFC5F32,True
ORD-SYN-000763,CUS-SYN-105,2025-10-10T10:43:00-03:00,2025-10-14T10:43:00-03:00,2025-10-15T10:43:00-03:00,fulfilled,B2B-V1-BASE,BLD-9102B6E8BF1ABFFC5F32,True
ORD-SYN-000764,CUS-SYN-139,2025-10-10T11:31:00-03:00,2025-10-12T11:31:00-03:00,2025-10-13T11:31:00-03:00,fulfilled,B2B-V1-BASE,BLD-9102B6E8BF1ABFFC5F32,True
ORD-SYN-000765,CUS-SYN-096,2025-10-10T12:08:00-03:00,2025-10-15T12:08:00-03:00,2025-10-16T12:08:00-03:00,partially_fulfilled,B2B-V1-BASE,BLD-9102B6E8BF1ABFFC5F32,True
ORD-SYN-000766,CUS-SYN-011,2025-10-10T12:19:00-03:00,2025-10-15T12:19:00-03:00,2025-10-15T12:19:00-03:00,partially_fulfilled,B2B-V1-BASE,BLD-9102B6E8BF1ABFFC5F32,True
ORD-SYN-000767,CUS-SYN-141,2025-10-10T12:29:00-03:00,2025-10-13T12:29:00-03:00,2025-10-13T12:29:00-03:00,fulfilled,B2B-V1-BASE,BLD-9102B6E8BF1ABFFC5F32,True
ORD-SYN-000768,CUS-SYN-097,2025-10-10T13:15:00-03:00,2025-10-12T13:15:00-03:00,2025-10-12T13:15:00-03:00,fulfilled,B2B-V1-BASE,BLD-9102B6E8BF1ABFFC5F32,True
ORD-SYN-000769,CUS-SYN-102,2025-10-10T15:15:00-03:00,2025-10-11T15:15:00-03:00,2025-10-13T15:15:00-03:00,fulfilled,B2B-V1-BASE,BLD-9102B6E8BF1ABFFC5F32,True
ORD-SYN-000770,CUS-SYN-037,2025-10-10T15:24:00-03:00,,2025-10-14T15:24:00-03:00,fulfilled,B2B-V1-BASE,BLD-9102B6E8BF1ABFFC5F32,True
ORD-SYN-000771,CUS-SYN-074,2025-10-10T15:25:00-03:00,2025-10-12T15:25:00-03:00,2025-10-12T15:25:00-03:00,fulfilled,B2B-V1-BASE,BLD-9102B6E8BF1ABFFC5F32,True
ORD-SYN-000772,CUS-SYN-018,2025-10-10T15:52:00-03:00,2025-10-11T15:52:00-03:00,2025-10-12T15:52:00-03:00,fulfilled,B2B-V1-BASE,BLD-9102B6E8BF1ABFFC5F32,True
ORD-SYN-000773,CUS-SYN-113,2025-10-10T16:11:00-03:00,2025-10-11T16:11:00-03:00,2025-10-15T16:11:00-03:00,fulfilled,B2B-V1-BASE,BLD-9102B6E8BF1ABFFC5F32,True
ORD-SYN-000774,CUS-SYN-057,2025-10-10T16:28:00-03:00,2025-10-14T16:28:00-03:00,2025-10-14T16:28:00-03:00,fulfilled,B2B-V1-BASE,BLD-9102B6E8BF1ABFFC5F32,True
ORD-SYN-000775,CUS-SYN-077,2025-10-11T09:05:00-03:00,2025-10-12T09:05:00-03:00,2025-10-14T09:05:00-03:00,fulfilled,B2B-V1-BASE,BLD-9102B6E8BF1ABFFC5F32,True
ORD-SYN-000776,CUS-SYN-054,2025-10-11T09:39:00-03:00,2025-10-15T09:39:00-03:00,2025-10-15T09:39:00-03:00,fulfilled,B2B-V1-BASE,BLD-9102B6E8BF1ABFFC5F32,True
ORD-SYN-000777,CUS-SYN-059,2025-10-11T10:11:00-03:00,2025-10-14T10:11:00-03:00,2025-10-17T10:11:00-03:00,fulfilled,B2B-V1-BASE,BLD-9102B6E8BF1ABFFC5F32,True
ORD-SYN-000778,CUS-SYN-016,2025-10-11T10:44:00-03:00,,2025-10-14T10:44:00-03:00,fulfilled,B2B-V1-BASE,BLD-9102B6E8BF1ABFFC5F32,True
ORD-SYN-000779,CUS-SYN-050,2025-10-11T11:07:00-03:00,2025-10-13T11:07:00-03:00,2025-10-15T11:07:00-03:00,fulfilled,B2B-V1-BASE,BLD-9102B6E8BF1ABFFC5F32,True
ORD-SYN-000780,CUS-SYN-094,2025-10-11T11:59:00-03:00,2025-10-13T11:59:00-03:00,2025-10-13T11:59:00-03:00,fulfilled,B2B-V1-BASE,BLD-9102B6E8BF1ABFFC5F32,True
ORD-SYN-000781,CUS-SYN-118,2025-10-11T12:59:00-03:00,2025-10-13T12:59:00-03:00,2025-10-13T12:59:00-03:00,partially_fulfilled,B2B-V1-BASE,BLD-9102B6E8BF1ABFFC5F32,True
ORD-SYN-000782,CUS-SYN-050,2025-10-11T13:06:00-03:00,,2025-10-16T13:06:00-03:00,fulfilled,B2B-V1-BASE,BLD-9102B6E8BF1ABFFC5F32,True
ORD-SYN-000783,CUS-SYN-094,2025-10-11T13:55:00-03:00,2025-10-13T13:55:00-03:00,2025-10-13T13:55:00-03:00,fulfilled,B2B-V1-BASE,BLD-9102B6E8BF1ABFFC5F32,True
ORD-SYN-000784,CUS-SYN-036,2025-10-11T14:30:00-03:00,2025-10-13T14:30:00-03:00,2025-10-17T14:30:00-03:00,fulfilled,B2B-V1-BASE,BLD-9102B6E8BF1ABFFC5F32,True
ORD-SYN-000785,CUS-SYN-094,2025-10-11T14:36:00-03:00,2025-10-12T14:36:00-03:00,2025-10-14T14:36:00-03:00,fulfilled,B2B-V1-BASE,BLD-9102B6E8BF1ABFFC5F32,True
ORD-SYN-000786,CUS-SYN-129,2025-10-11T15:27:00-03:00,2025-10-13T15:27:00-03:00,2025-10-14T15:27:00-03:00,fulfilled,B2B-V1-BASE,BLD-9102B6E8BF1ABFFC5F32,True
ORD-SYN-000787,CUS-SYN-136,2025-10-11T16:34:00-03:00,,2025-10-13T16:34:00-03:00,partially_fulfilled,B2B-V1-BASE,BLD-9102B6E8BF1ABFFC5F32,True
ORD-SYN-000788,CUS-SYN-114,2025-10-12T08:22:00-03:00,,2025-10-14T08:22:00-03:00,fulfilled,B2B-V1-BASE,BLD-9102B6E8BF1ABFFC5F32,True
ORD-SYN-000789,CUS-SYN-121,2025-10-12T09:25:00-03:00,2025-10-15T09:25:00-03:00,2025-10-17T09:25:00-03:00,fulfilled,B2B-V1-BASE,BLD-9102B6E8BF1ABFFC5F32,True
ORD-SYN-000790,CUS-SYN-037,2025-10-12T11:07:00-03:00,2025-10-14T11:07:00-03:00,2025-10-14T11:07:00-03:00,fulfilled,B2B-V1-BASE,BLD-9102B6E8BF1ABFFC5F32,True
ORD-SYN-000791,CUS-SYN-072,2025-10-12T11:09:00-03:00,2025-10-15T11:09:00-03:00,2025-10-16T11:09:00-03:00,fulfilled,B2B-V1-BASE,BLD-9102B6E8BF1ABFFC5F32,True
ORD-SYN-000792,CUS-SYN-012,2025-10-12T11:16:00-03:00,2025-10-13T11:16:00-03:00,2025-10-16T11:16:00-03:00,fulfilled,B2B-V1-BASE,BLD-9102B6E8BF1ABFFC5F32,True
ORD-SYN-000793,CUS-SYN-054,2025-10-12T11:39:00-03:00,2025-10-13T11:39:00-03:00,2025-10-16T11:39:00-03:00,fulfilled,B2B-V1-BASE,BLD-9102B6E8BF1ABFFC5F32,True
ORD-SYN-000794,CUS-SYN-057,2025-10-12T12:02:00-03:00,2025-10-15T12:02:00-03:00,2025-10-15T12:02:00-03:00,fulfilled,B2B-V1-BASE,BLD-9102B6E8BF1ABFFC5F32,True
ORD-SYN-000795,CUS-SYN-113,2025-10-12T13:24:00-03:00,2025-10-13T13:24:00-03:00,2025-10-16T13:24:00-03:00,partially_fulfilled,B2B-V1-BASE,BLD-9102B6E8BF1ABFFC5F32,True
ORD-SYN-000796,CUS-SYN-058,2025-10-12T13:43:00-03:00,2025-10-13T13:43:00-03:00,2025-10-16T13:43:00-03:00,fulfilled,B2B-V1-BASE,BLD-9102B6E8BF1ABFFC5F32,True
ORD-SYN-000797,CUS-SYN-061,2025-10-12T13:50:00-03:00,2025-10-15T13:50:00-03:00,2025-10-15T13:50:00-03:00,fulfilled,B2B-V1-BASE,BLD-9102B6E8BF1ABFFC5F32,True
ORD-SYN-000798,CUS-SYN-086,2025-10-12T13:55:00-03:00,,2025-10-16T13:55:00-03:00,fulfilled,B2B-V1-BASE,BLD-9102B6E8BF1ABFFC5F32,True
ORD-SYN-000799,CUS-SYN-033,2025-10-12T17:31:00-03:00,2025-10-18T17:31:00-03:00,2025-10-18T17:31:00-03:00,fulfilled,B2B-V1-BASE,BLD-9102B6E8BF1ABFFC5F32,True
ORD-SYN-000800,CUS-SYN-117,2025-10-12T17:35:00-03:00,2025-10-13T17:35:00-03:00,2025-10-14T17:35:00-03:00,fulfilled,B2B-V1-BASE,BLD-9102B6E8BF1ABFFC5F32,True
ORD-SYN-000801,CUS-SYN-113,2025-10-12T17:58:00-03:00,2025-10-16T17:58:00-03:00,2025-10-17T17:58:00-03:00,partially_fulfilled,B2B-V1-BASE,BLD-9102B6E8BF1ABFFC5F32,True
ORD-SYN-000802,CUS-SYN-099,2025-10-13T09:37:00-03:00,2025-10-15T09:37:00-03:00,2025-10-15T09:37:00-03:00,fulfilled,B2B-V1-BASE,BLD-9102B6E8BF1ABFFC5F32,True
ORD-SYN-000803,CUS-SYN-113,2025-10-13T11:01:00-03:00,,2025-10-18T11:01:00-03:00,partially_fulfilled,B2B-V1-BASE,BLD-9102B6E8BF1ABFFC5F32,True
ORD-SYN-000804,CUS-SYN-001,2025-10-13T11:26:00-03:00,2025-10-15T11:26:00-03:00,2025-10-19T11:26:00-03:00,fulfilled,B2B-V1-BASE,BLD-9102B6E8BF1ABFFC5F32,True
ORD-SYN-000805,CUS-SYN-076,2025-10-13T11:54:00-03:00,2025-10-16T11:54:00-03:00,2025-10-16T11:54:00-03:00,fulfilled,B2B-V1-BASE,BLD-9102B6E8BF1ABFFC5F32,True
ORD-SYN-000806,CUS-SYN-077,2025-10-13T12:24:00-03:00,2025-10-16T12:24:00-03:00,2025-10-17T12:24:00-03:00,fulfilled,B2B-V1-BASE,BLD-9102B6E8BF1ABFFC5F32,True
ORD-SYN-000807,CUS-SYN-016,2025-10-13T13:18:00-03:00,,2025-10-17T13:18:00-03:00,partially_fulfilled,B2B-V1-BASE,BLD-9102B6E8BF1ABFFC5F32,True
ORD-SYN-000808,CUS-SYN-046,2025-10-13T13:42:00-03:00,2025-10-17T13:42:00-03:00,2025-10-17T13:42:00-03:00,fulfilled,B2B-V1-BASE,BLD-9102B6E8BF1ABFFC5F32,True
ORD-SYN-000809,CUS-SYN-133,2025-10-13T13:51:00-03:00,2025-10-17T13:51:00-03:00,2025-10-19T13:51:00-03:00,partially_fulfilled,B2B-V1-BASE,BLD-9102B6E8BF1ABFFC5F32,True
ORD-SYN-000810,CUS-SYN-133,2025-10-13T14:09:00-03:00,2025-10-15T14:09:00-03:00,2025-10-15T14:09:00-03:00,fulfilled,B2B-V1-BASE,BLD-9102B6E8BF1ABFFC5F32,True
ORD-SYN-000811,CUS-SYN-034,2025-10-13T15:00:00-03:00,,2025-10-18T15:00:00-03:00,fulfilled,B2B-V1-BASE,BLD-9102B6E8BF1ABFFC5F32,True
ORD-SYN-000812,CUS-SYN-101,2025-10-13T16:22:00-03:00,2025-10-19T16:22:00-03:00,2025-10-19T16:22:00-03:00,partially_fulfilled,B2B-V1-BASE,BLD-9102B6E8BF1ABFFC5F32,True
ORD-SYN-000813,CUS-SYN-101,2025-10-13T16:47:00-03:00,,2025-10-17T16:47:00-03:00,fulfilled,B2B-V1-BASE,BLD-9102B6E8BF1ABFFC5F32,True
ORD-SYN-000814,CUS-SYN-145,2025-10-13T17:34:00-03:00,2025-10-15T17:34:00-03:00,2025-10-17T17:34:00-03:00,partially_fulfilled,B2B-V1-BASE,BLD-9102B6E8BF1ABFFC5F32,True
ORD-SYN-000815,CUS-SYN-097,2025-10-14T08:47:00-03:00,2025-10-19T08:47:00-03:00,2025-10-20T08:47:00-03:00,fulfilled,B2B-V1-BASE,BLD-9102B6E8BF1ABFFC5F32,True
ORD-SYN-000816,CUS-SYN-133,2025-10-14T08:51:00-03:00,2025-10-18T08:51:00-03:00,2025-10-18T08:51:00-03:00,fulfilled,B2B-V1-BASE,BLD-9102B6E8BF1ABFFC5F32,True
ORD-SYN-000817,CUS-SYN-094,2025-10-14T11:05:00-03:00,2025-10-18T11:05:00-03:00,2025-10-19T11:05:00-03:00,partially_fulfilled,B2B-V1-BASE,BLD-9102B6E8BF1ABFFC5F32,True
ORD-SYN-000818,CUS-SYN-001,2025-10-14T11:34:00-03:00,,2025-10-17T11:34:00-03:00,fulfilled,B2B-V1-BASE,BLD-9102B6E8BF1ABFFC5F32,True
ORD-SYN-000819,CUS-SYN-145,2025-10-14T11:48:00-03:00,2025-10-18T11:48:00-03:00,2025-10-19T11:48:00-03:00,fulfilled,B2B-V1-BASE,BLD-9102B6E8BF1ABFFC5F32,True
ORD-SYN-000820,CUS-SYN-021,2025-10-14T13:46:00-03:00,2025-10-15T13:46:00-03:00,2025-10-20T13:46:00-03:00,fulfilled,B2B-V1-BASE,BLD-9102B6E8BF1ABFFC5F32,True
ORD-SYN-000821,CUS-SYN-105,2025-10-14T14:04:00-03:00,2025-10-15T14:04:00-03:00,2025-10-17T14:04:00-03:00,fulfilled,B2B-V1-BASE,BLD-9102B6E8BF1ABFFC5F32,True
ORD-SYN-000822,CUS-SYN-094,2025-10-14T15:03:00-03:00,2025-10-19T15:03:00-03:00,2025-10-20T15:03:00-03:00,partially_fulfilled,B2B-V1-BASE,BLD-9102B6E8BF1ABFFC5F32,True
ORD-SYN-000823,CUS-SYN-053,2025-10-14T15:40:00-03:00,2025-10-19T15:40:00-03:00,2025-10-19T15:40:00-03:00,fulfilled,B2B-V1-BASE,BLD-9102B6E8BF1ABFFC5F32,True
ORD-SYN-000824,CUS-SYN-075,2025-10-14T15:57:00-03:00,2025-10-15T15:57:00-03:00,2025-10-17T15:57:00-03:00,fulfilled,B2B-V1-BASE,BLD-9102B6E8BF1ABFFC5F32,True
ORD-SYN-000825,CUS-SYN-138,2025-10-14T16:57:00-03:00,,2025-10-16T16:57:00-03:00,fulfilled,B2B-V1-BASE,BLD-9102B6E8BF1ABFFC5F32,True
ORD-SYN-000826,CUS-SYN-049,2025-10-14T17:08:00-03:00,2025-10-16T17:08:00-03:00,2025-10-17T17:08:00-03:00,fulfilled,B2B-V1-BASE,BLD-9102B6E8BF1ABFFC5F32,True
ORD-SYN-000827,CUS-SYN-034,2025-10-14T17:22:00-03:00,2025-10-16T17:22:00-03:00,2025-10-16T17:22:00-03:00,fulfilled,B2B-V1-BASE,BLD-9102B6E8BF1ABFFC5F32,True
ORD-SYN-000828,CUS-SYN-025,2025-10-14T17:57:00-03:00,2025-10-17T17:57:00-03:00,2025-10-19T17:57:00-03:00,fulfilled,B2B-V1-BASE,BLD-9102B6E8BF1ABFFC5F32,True
ORD-SYN-000829,CUS-SYN-035,2025-10-15T08:29:00-03:00,2025-10-19T08:29:00-03:00,2025-10-19T08:29:00-03:00,fulfilled,B2B-V1-BASE,BLD-9102B6E8BF1ABFFC5F32,True
ORD-SYN-000830,CUS-SYN-110,2025-10-15T08:51:00-03:00,2025-10-18T08:51:00-03:00,2025-10-21T08:51:00-03:00,partially_fulfilled,B2B-V1-BASE,BLD-9102B6E8BF1ABFFC5F32,True
ORD-SYN-000831,CUS-SYN-017,2025-10-15T09:03:00-03:00,,2025-10-19T09:03:00-03:00,partially_fulfilled,B2B-V1-BASE,BLD-9102B6E8BF1ABFFC5F32,True
ORD-SYN-000832,CUS-SYN-105,2025-10-15T09:21:00-03:00,2025-10-18T09:21:00-03:00,2025-10-20T09:21:00-03:00,partially_fulfilled,B2B-V1-BASE,BLD-9102B6E8BF1ABFFC5F32,True
ORD-SYN-000833,CUS-SYN-112,2025-10-15T10:15:00-03:00,2025-10-19T10:15:00-03:00,2025-10-20T10:15:00-03:00,fulfilled,B2B-V1-BASE,BLD-9102B6E8BF1ABFFC5F32,True
ORD-SYN-000834,CUS-SYN-050,2025-10-15T11:17:00-03:00,2025-10-17T11:17:00-03:00,2025-10-18T11:17:00-03:00,fulfilled,B2B-V1-BASE,BLD-9102B6E8BF1ABFFC5F32,True
ORD-SYN-000835,CUS-SYN-029,2025-10-15T11:31:00-03:00,2025-10-16T11:31:00-03:00,2025-10-19T11:31:00-03:00,fulfilled,B2B-V1-BASE,BLD-9102B6E8BF1ABFFC5F32,True
ORD-SYN-000836,CUS-SYN-017,2025-10-15T12:59:00-03:00,,2025-10-19T12:59:00-03:00,fulfilled,B2B-V1-BASE,BLD-9102B6E8BF1ABFFC5F32,True
ORD-SYN-000837,CUS-SYN-001,2025-10-15T13:13:00-03:00,2025-10-19T13:13:00-03:00,2025-10-21T13:13:00-03:00,fulfilled,B2B-V1-BASE,BLD-9102B6E8BF1ABFFC5F32,True
ORD-SYN-000838,CUS-SYN-134,2025-10-15T15:29:00-03:00,2025-10-17T15:29:00-03:00,2025-10-18T15:29:00-03:00,fulfilled,B2B-V1-BASE,BLD-9102B6E8BF1ABFFC5F32,True
ORD-SYN-000839,CUS-SYN-040,2025-10-15T16:54:00-03:00,2025-10-21T16:54:00-03:00,2025-10-21T16:54:00-03:00,partially_fulfilled,B2B-V1-BASE,BLD-9102B6E8BF1ABFFC5F32,True
ORD-SYN-000840,CUS-SYN-012,2025-10-16T08:17:00-03:00,2025-10-18T08:17:00-03:00,2025-10-19T08:17:00-03:00,fulfilled,B2B-V1-BASE,BLD-9102B6E8BF1ABFFC5F32,True
ORD-SYN-000841,CUS-SYN-149,2025-10-16T09:23:00-03:00,2025-10-18T09:23:00-03:00,2025-10-22T09:23:00-03:00,fulfilled,B2B-V1-BASE,BLD-9102B6E8BF1ABFFC5F32,True
ORD-SYN-000842,CUS-SYN-018,2025-10-16T09:32:00-03:00,2025-10-19T09:32:00-03:00,2025-10-20T09:32:00-03:00,fulfilled,B2B-V1-BASE,BLD-9102B6E8BF1ABFFC5F32,True
ORD-SYN-000843,CUS-SYN-037,2025-10-16T10:37:00-03:00,2025-10-18T10:37:00-03:00,2025-10-21T10:37:00-03:00,fulfilled,B2B-V1-BASE,BLD-9102B6E8BF1ABFFC5F32,True
ORD-SYN-000844,CUS-SYN-015,2025-10-16T11:32:00-03:00,2025-10-19T11:32:00-03:00,2025-10-19T11:32:00-03:00,fulfilled,B2B-V1-BASE,BLD-9102B6E8BF1ABFFC5F32,True
ORD-SYN-000845,CUS-SYN-041,2025-10-16T12:06:00-03:00,,2025-10-22T12:06:00-03:00,fulfilled,B2B-V1-BASE,BLD-9102B6E8BF1ABFFC5F32,True
ORD-SYN-000846,CUS-SYN-060,2025-10-16T16:56:00-03:00,2025-10-18T16:56:00-03:00,2025-10-19T16:56:00-03:00,fulfilled,B2B-V1-BASE,BLD-9102B6E8BF1ABFFC5F32,True
ORD-SYN-000847,CUS-SYN-107,2025-10-16T17:26:00-03:00,2025-10-20T17:26:00-03:00,2025-10-21T17:26:00-03:00,fulfilled,B2B-V1-BASE,BLD-9102B6E8BF1ABFFC5F32,True
ORD-SYN-000848,CUS-SYN-090,2025-10-16T17:27:00-03:00,2025-10-18T17:27:00-03:00,2025-10-22T17:27:00-03:00,fulfilled,B2B-V1-BASE,BLD-9102B6E8BF1ABFFC5F32,True
ORD-SYN-000849,CUS-SYN-051,2025-10-17T13:10:00-03:00,2025-10-18T13:10:00-03:00,2025-10-21T13:10:00-03:00,fulfilled,B2B-V1-BASE,BLD-9102B6E8BF1ABFFC5F32,True
ORD-SYN-000850,CUS-SYN-105,2025-10-17T13:41:00-03:00,2025-10-19T13:41:00-03:00,2025-10-19T13:41:00-03:00,partially_fulfilled,B2B-V1-BASE,BLD-9102B6E8BF1ABFFC5F32,True
ORD-SYN-000851,CUS-SYN-021,2025-10-17T15:12:00-03:00,,2025-10-23T15:12:00-03:00,fulfilled,B2B-V1-BASE,BLD-9102B6E8BF1ABFFC5F32,True
ORD-SYN-000852,CUS-SYN-126,2025-10-17T17:09:00-03:00,2025-10-19T17:09:00-03:00,2025-10-23T17:09:00-03:00,fulfilled,B2B-V1-BASE,BLD-9102B6E8BF1ABFFC5F32,True
ORD-SYN-000853,CUS-SYN-033,2025-10-17T17:48:00-03:00,2025-10-18T17:48:00-03:00,2025-10-21T17:48:00-03:00,fulfilled,B2B-V1-BASE,BLD-9102B6E8BF1ABFFC5F32,True
ORD-SYN-000854,CUS-SYN-043,2025-10-18T08:07:00-03:00,2025-10-21T08:07:00-03:00,2025-10-22T08:07:00-03:00,fulfilled,B2B-V1-BASE,BLD-9102B6E8BF1ABFFC5F32,True
ORD-SYN-000855,CUS-SYN-041,2025-10-18T09:14:00-03:00,,2025-10-23T09:14:00-03:00,fulfilled,B2B-V1-BASE,BLD-9102B6E8BF1ABFFC5F32,True
ORD-SYN-000856,CUS-SYN-125,2025-10-18T09:22:00-03:00,,2025-10-24T09:22:00-03:00,partially_fulfilled,B2B-V1-BASE,BLD-9102B6E8BF1ABFFC5F32,True
ORD-SYN-000857,CUS-SYN-105,2025-10-18T09:41:00-03:00,2025-10-21T09:41:00-03:00,2025-10-21T09:41:00-03:00,fulfilled,B2B-V1-BASE,BLD-9102B6E8BF1ABFFC5F32,True
ORD-SYN-000858,CUS-SYN-014,2025-10-18T10:41:00-03:00,2025-10-20T10:41:00-03:00,2025-10-20T10:41:00-03:00,fulfilled,B2B-V1-BASE,BLD-9102B6E8BF1ABFFC5F32,True
ORD-SYN-000859,CUS-SYN-110,2025-10-18T11:55:00-03:00,2025-10-19T11:55:00-03:00,2025-10-24T11:55:00-03:00,fulfilled,B2B-V1-BASE,BLD-9102B6E8BF1ABFFC5F32,True
ORD-SYN-000860,CUS-SYN-021,2025-10-18T12:08:00-03:00,2025-10-19T12:08:00-03:00,2025-10-20T12:08:00-03:00,fulfilled,B2B-V1-BASE,BLD-9102B6E8BF1ABFFC5F32,True
ORD-SYN-000861,CUS-SYN-030,2025-10-18T12:52:00-03:00,2025-10-19T12:52:00-03:00,2025-10-20T12:52:00-03:00,fulfilled,B2B-V1-BASE,BLD-9102B6E8BF1ABFFC5F32,True
ORD-SYN-000862,CUS-SYN-034,2025-10-18T13:23:00-03:00,2025-10-22T13:23:00-03:00,2025-10-24T13:23:00-03:00,fulfilled,B2B-V1-BASE,BLD-9102B6E8BF1ABFFC5F32,True
ORD-SYN-000863,CUS-SYN-073,2025-10-18T14:25:00-03:00,2025-10-20T14:25:00-03:00,2025-10-22T14:25:00-03:00,fulfilled,B2B-V1-BASE,BLD-9102B6E8BF1ABFFC5F32,True
ORD-SYN-000864,CUS-SYN-130,2025-10-19T08:26:00-03:00,2025-10-20T08:26:00-03:00,2025-10-21T08:26:00-03:00,partially_fulfilled,B2B-V1-BASE,BLD-9102B6E8BF1ABFFC5F32,True
ORD-SYN-000865,CUS-SYN-106,2025-10-19T08:47:00-03:00,2025-10-20T08:47:00-03:00,2025-10-21T08:47:00-03:00,fulfilled,B2B-V1-BASE,BLD-9102B6E8BF1ABFFC5F32,True
ORD-SYN-000866,CUS-SYN-044,2025-10-19T09:50:00-03:00,2025-10-24T09:50:00-03:00,2025-10-24T09:50:00-03:00,fulfilled,B2B-V1-BASE,BLD-9102B6E8BF1ABFFC5F32,True
ORD-SYN-000867,CUS-SYN-149,2025-10-19T11:05:00-03:00,2025-10-20T11:05:00-03:00,2025-10-22T11:05:00-03:00,fulfilled,B2B-V1-BASE,BLD-9102B6E8BF1ABFFC5F32,True
ORD-SYN-000868,CUS-SYN-033,2025-10-19T11:23:00-03:00,,2025-10-21T11:23:00-03:00,fulfilled,B2B-V1-BASE,BLD-9102B6E8BF1ABFFC5F32,True
ORD-SYN-000869,CUS-SYN-024,2025-10-19T11:38:00-03:00,2025-10-24T11:38:00-03:00,2025-10-25T11:38:00-03:00,fulfilled,B2B-V1-BASE,BLD-9102B6E8BF1ABFFC5F32,True
ORD-SYN-000870,CUS-SYN-130,2025-10-19T13:11:00-03:00,2025-10-20T13:11:00-03:00,2025-10-21T13:11:00-03:00,fulfilled,B2B-V1-BASE,BLD-9102B6E8BF1ABFFC5F32,True
ORD-SYN-000871,CUS-SYN-110,2025-10-19T13:12:00-03:00,2025-10-24T13:12:00-03:00,2025-10-24T13:12:00-03:00,fulfilled,B2B-V1-BASE,BLD-9102B6E8BF1ABFFC5F32,True
ORD-SYN-000872,CUS-SYN-066,2025-10-19T13:52:00-03:00,2025-10-20T13:52:00-03:00,2025-10-21T13:52:00-03:00,fulfilled,B2B-V1-BASE,BLD-9102B6E8BF1ABFFC5F32,True
ORD-SYN-000873,CUS-SYN-134,2025-10-19T15:26:00-03:00,2025-10-22T15:26:00-03:00,2025-10-24T15:26:00-03:00,fulfilled,B2B-V1-BASE,BLD-9102B6E8BF1ABFFC5F32,True
ORD-SYN-000874,CUS-SYN-031,2025-10-19T17:40:00-03:00,2025-10-22T17:40:00-03:00,2025-10-25T17:40:00-03:00,fulfilled,B2B-V1-BASE,BLD-9102B6E8BF1ABFFC5F32,True
ORD-SYN-000875,CUS-SYN-113,2025-10-19T17:42:00-03:00,2025-10-21T17:42:00-03:00,2025-10-21T17:42:00-03:00,fulfilled,B2B-V1-BASE,BLD-9102B6E8BF1ABFFC5F32,True
ORD-SYN-000876,CUS-SYN-141,2025-10-20T08:17:00-03:00,2025-10-22T08:17:00-03:00,2025-10-26T08:17:00-03:00,fulfilled,B2B-V1-BASE,BLD-9102B6E8BF1ABFFC5F32,True
ORD-SYN-000877,CUS-SYN-031,2025-10-20T10:41:00-03:00,2025-10-21T10:41:00-03:00,2025-10-26T10:41:00-03:00,fulfilled,B2B-V1-BASE,BLD-9102B6E8BF1ABFFC5F32,True
ORD-SYN-000878,CUS-SYN-054,2025-10-20T10:51:00-03:00,,2025-10-24T10:51:00-03:00,partially_fulfilled,B2B-V1-BASE,BLD-9102B6E8BF1ABFFC5F32,True
ORD-SYN-000879,CUS-SYN-013,2025-10-20T11:04:00-03:00,2025-10-22T11:04:00-03:00,2025-10-26T11:04:00-03:00,fulfilled,B2B-V1-BASE,BLD-9102B6E8BF1ABFFC5F32,True
ORD-SYN-000880,CUS-SYN-110,2025-10-20T11:09:00-03:00,2025-10-22T11:09:00-03:00,2025-10-22T11:09:00-03:00,partially_fulfilled,B2B-V1-BASE,BLD-9102B6E8BF1ABFFC5F32,True
ORD-SYN-000881,CUS-SYN-085,2025-10-20T11:16:00-03:00,2025-10-21T11:16:00-03:00,2025-10-23T11:16:00-03:00,partially_fulfilled,B2B-V1-BASE,BLD-9102B6E8BF1ABFFC5F32,True
ORD-SYN-000882,CUS-SYN-066,2025-10-20T11:18:00-03:00,,2025-10-24T11:18:00-03:00,fulfilled,B2B-V1-BASE,BLD-9102B6E8BF1ABFFC5F32,True
ORD-SYN-000883,CUS-SYN-093,2025-10-20T11:22:00-03:00,2025-10-24T11:22:00-03:00,2025-10-25T11:22:00-03:00,fulfilled,B2B-V1-BASE,BLD-9102B6E8BF1ABFFC5F32,True
ORD-SYN-000884,CUS-SYN-047,2025-10-20T11:26:00-03:00,2025-10-22T11:26:00-03:00,2025-10-22T11:26:00-03:00,fulfilled,B2B-V1-BASE,BLD-9102B6E8BF1ABFFC5F32,True
ORD-SYN-000885,CUS-SYN-133,2025-10-20T11:49:00-03:00,,2025-10-25T11:49:00-03:00,fulfilled,B2B-V1-BASE,BLD-9102B6E8BF1ABFFC5F32,True
ORD-SYN-000886,CUS-SYN-136,2025-10-20T12:17:00-03:00,2025-10-21T12:17:00-03:00,2025-10-22T12:17:00-03:00,fulfilled,B2B-V1-BASE,BLD-9102B6E8BF1ABFFC5F32,True
ORD-SYN-000887,CUS-SYN-029,2025-10-20T13:16:00-03:00,2025-10-21T13:16:00-03:00,2025-10-22T13:16:00-03:00,fulfilled,B2B-V1-BASE,BLD-9102B6E8BF1ABFFC5F32,True
ORD-SYN-000888,CUS-SYN-026,2025-10-20T13:19:00-03:00,2025-10-24T13:19:00-03:00,2025-10-26T13:19:00-03:00,fulfilled,B2B-V1-BASE,BLD-9102B6E8BF1ABFFC5F32,True
ORD-SYN-000889,CUS-SYN-109,2025-10-20T13:25:00-03:00,,2025-10-24T13:25:00-03:00,fulfilled,B2B-V1-BASE,BLD-9102B6E8BF1ABFFC5F32,True
ORD-SYN-000890,CUS-SYN-001,2025-10-20T14:01:00-03:00,2025-10-24T14:01:00-03:00,2025-10-25T14:01:00-03:00,fulfilled,B2B-V1-BASE,BLD-9102B6E8BF1ABFFC5F32,True
ORD-SYN-000891,CUS-SYN-073,2025-10-20T15:24:00-03:00,,2025-10-24T15:24:00-03:00,partially_fulfilled,B2B-V1-BASE,BLD-9102B6E8BF1ABFFC5F32,True
ORD-SYN-000892,CUS-SYN-025,2025-10-21T08:54:00-03:00,2025-10-26T08:54:00-03:00,2025-10-26T08:54:00-03:00,fulfilled,B2B-V1-BASE,BLD-9102B6E8BF1ABFFC5F32,True
ORD-SYN-000893,CUS-SYN-122,2025-10-21T09:25:00-03:00,2025-10-22T09:25:00-03:00,2025-10-25T09:25:00-03:00,fulfilled,B2B-V1-BASE,BLD-9102B6E8BF1ABFFC5F32,True
ORD-SYN-000894,CUS-SYN-136,2025-10-21T09:49:00-03:00,2025-10-23T09:49:00-03:00,2025-10-23T09:49:00-03:00,fulfilled,B2B-V1-BASE,BLD-9102B6E8BF1ABFFC5F32,True
ORD-SYN-000895,CUS-SYN-084,2025-10-21T10:56:00-03:00,2025-10-25T10:56:00-03:00,2025-10-26T10:56:00-03:00,fulfilled,B2B-V1-BASE,BLD-9102B6E8BF1ABFFC5F32,True
ORD-SYN-000896,CUS-SYN-102,2025-10-21T12:39:00-03:00,,2025-10-23T12:39:00-03:00,fulfilled,B2B-V1-BASE,BLD-9102B6E8BF1ABFFC5F32,True
ORD-SYN-000897,CUS-SYN-116,2025-10-21T13:20:00-03:00,2025-10-25T13:20:00-03:00,2025-10-26T13:20:00-03:00,fulfilled,B2B-V1-BASE,BLD-9102B6E8BF1ABFFC5F32,True
ORD-SYN-000898,CUS-SYN-097,2025-10-21T14:25:00-03:00,2025-10-25T14:25:00-03:00,2025-10-27T14:25:00-03:00,fulfilled,B2B-V1-BASE,BLD-9102B6E8BF1ABFFC5F32,True
ORD-SYN-000899,CUS-SYN-122,2025-10-21T14:53:00-03:00,2025-10-24T14:53:00-03:00,2025-10-26T14:53:00-03:00,fulfilled,B2B-V1-BASE,BLD-9102B6E8BF1ABFFC5F32,True
ORD-SYN-000900,CUS-SYN-034,2025-10-21T15:09:00-03:00,,2025-10-24T15:09:00-03:00,partially_fulfilled,B2B-V1-BASE,BLD-9102B6E8BF1ABFFC5F32,True
ORD-SYN-000901,CUS-SYN-124,2025-10-21T15:42:00-03:00,,2025-10-27T15:42:00-03:00,fulfilled,B2B-V1-BASE,BLD-9102B6E8BF1ABFFC5F32,True
ORD-SYN-000902,CUS-SYN-026,2025-10-21T17:00:00-03:00,,2025-10-24T17:00:00-03:00,fulfilled,B2B-V1-BASE,BLD-9102B6E8BF1ABFFC5F32,True
ORD-SYN-000903,CUS-SYN-137,2025-10-21T17:18:00-03:00,2025-10-24T17:18:00-03:00,2025-10-27T17:18:00-03:00,fulfilled,B2B-V1-BASE,BLD-9102B6E8BF1ABFFC5F32,True
ORD-SYN-000904,CUS-SYN-079,2025-10-22T08:33:00-03:00,2025-10-24T08:33:00-03:00,2025-10-27T08:33:00-03:00,fulfilled,B2B-V1-BASE,BLD-9102B6E8BF1ABFFC5F32,True
ORD-SYN-000905,CUS-SYN-065,2025-10-22T10:37:00-03:00,2025-10-23T10:37:00-03:00,2025-10-24T10:37:00-03:00,fulfilled,B2B-V1-BASE,BLD-9102B6E8BF1ABFFC5F32,True
ORD-SYN-000906,CUS-SYN-107,2025-10-22T10:39:00-03:00,2025-10-23T10:39:00-03:00,2025-10-24T10:39:00-03:00,partially_fulfilled,B2B-V1-BASE,BLD-9102B6E8BF1ABFFC5F32,True
ORD-SYN-000907,CUS-SYN-095,2025-10-22T11:26:00-03:00,2025-10-24T11:26:00-03:00,2025-10-25T11:26:00-03:00,fulfilled,B2B-V1-BASE,BLD-9102B6E8BF1ABFFC5F32,True
ORD-SYN-000908,CUS-SYN-094,2025-10-22T11:28:00-03:00,2025-10-24T11:28:00-03:00,2025-10-25T11:28:00-03:00,fulfilled,B2B-V1-BASE,BLD-9102B6E8BF1ABFFC5F32,True
ORD-SYN-000909,CUS-SYN-125,2025-10-22T12:00:00-03:00,,2025-10-26T12:00:00-03:00,fulfilled,B2B-V1-BASE,BLD-9102B6E8BF1ABFFC5F32,True
ORD-SYN-000910,CUS-SYN-015,2025-10-22T12:03:00-03:00,2025-10-24T12:03:00-03:00,2025-10-24T12:03:00-03:00,fulfilled,B2B-V1-BASE,BLD-9102B6E8BF1ABFFC5F32,True
ORD-SYN-000911,CUS-SYN-097,2025-10-22T12:09:00-03:00,,2025-10-26T12:09:00-03:00,fulfilled,B2B-V1-BASE,BLD-9102B6E8BF1ABFFC5F32,True
ORD-SYN-000912,CUS-SYN-023,2025-10-22T12:33:00-03:00,2025-10-23T12:33:00-03:00,2025-10-27T12:33:00-03:00,partially_fulfilled,B2B-V1-BASE,BLD-9102B6E8BF1ABFFC5F32,True
ORD-SYN-000913,CUS-SYN-010,2025-10-22T12:58:00-03:00,,2025-10-28T12:58:00-03:00,fulfilled,B2B-V1-BASE,BLD-9102B6E8BF1ABFFC5F32,True
ORD-SYN-000914,CUS-SYN-130,2025-10-22T13:03:00-03:00,2025-10-26T13:03:00-03:00,2025-10-26T13:03:00-03:00,partially_fulfilled,B2B-V1-BASE,BLD-9102B6E8BF1ABFFC5F32,True
ORD-SYN-000915,CUS-SYN-101,2025-10-22T13:57:00-03:00,2025-10-24T13:57:00-03:00,2025-10-28T13:57:00-03:00,fulfilled,B2B-V1-BASE,BLD-9102B6E8BF1ABFFC5F32,True
ORD-SYN-000916,CUS-SYN-082,2025-10-22T14:20:00-03:00,2025-10-25T14:20:00-03:00,2025-10-28T14:20:00-03:00,partially_fulfilled,B2B-V1-BASE,BLD-9102B6E8BF1ABFFC5F32,True
ORD-SYN-000917,CUS-SYN-135,2025-10-22T14:31:00-03:00,2025-10-26T14:31:00-03:00,2025-10-28T14:31:00-03:00,fulfilled,B2B-V1-BASE,BLD-9102B6E8BF1ABFFC5F32,True
ORD-SYN-000918,CUS-SYN-028,2025-10-22T15:50:00-03:00,2025-10-24T15:50:00-03:00,2025-10-24T15:50:00-03:00,fulfilled,B2B-V1-BASE,BLD-9102B6E8BF1ABFFC5F32,True
ORD-SYN-000919,CUS-SYN-009,2025-10-22T16:53:00-03:00,2025-10-25T16:53:00-03:00,2025-10-26T16:53:00-03:00,partially_fulfilled,B2B-V1-BASE,BLD-9102B6E8BF1ABFFC5F32,True
ORD-SYN-000920,CUS-SYN-037,2025-10-23T08:03:00-03:00,2025-10-25T08:03:00-03:00,2025-10-28T08:03:00-03:00,fulfilled,B2B-V1-BASE,BLD-9102B6E8BF1ABFFC5F32,True
ORD-SYN-000921,CUS-SYN-033,2025-10-23T08:41:00-03:00,2025-10-25T08:41:00-03:00,2025-10-25T08:41:00-03:00,fulfilled,B2B-V1-BASE,BLD-9102B6E8BF1ABFFC5F32,True
ORD-SYN-000922,CUS-SYN-063,2025-10-23T10:00:00-03:00,2025-10-24T10:00:00-03:00,2025-10-25T10:00:00-03:00,fulfilled,B2B-V1-BASE,BLD-9102B6E8BF1ABFFC5F32,True
ORD-SYN-000923,CUS-SYN-006,2025-10-23T10:23:00-03:00,2025-10-28T10:23:00-03:00,2025-10-28T10:23:00-03:00,fulfilled,B2B-V1-BASE,BLD-9102B6E8BF1ABFFC5F32,True
ORD-SYN-000924,CUS-SYN-086,2025-10-23T10:40:00-03:00,,2025-10-28T10:40:00-03:00,partially_fulfilled,B2B-V1-BASE,BLD-9102B6E8BF1ABFFC5F32,True
ORD-SYN-000925,CUS-SYN-146,2025-10-23T10:57:00-03:00,2025-10-26T10:57:00-03:00,2025-10-26T10:57:00-03:00,partially_fulfilled,B2B-V1-BASE,BLD-9102B6E8BF1ABFFC5F32,True
ORD-SYN-000926,CUS-SYN-021,2025-10-23T11:12:00-03:00,2025-10-24T11:12:00-03:00,2025-10-28T11:12:00-03:00,fulfilled,B2B-V1-BASE,BLD-9102B6E8BF1ABFFC5F32,True
ORD-SYN-000927,CUS-SYN-094,2025-10-23T11:55:00-03:00,2025-10-27T11:55:00-03:00,2025-10-29T11:55:00-03:00,fulfilled,B2B-V1-BASE,BLD-9102B6E8BF1ABFFC5F32,True
ORD-SYN-000928,CUS-SYN-126,2025-10-23T11:58:00-03:00,2025-10-27T11:58:00-03:00,2025-10-28T11:58:00-03:00,fulfilled,B2B-V1-BASE,BLD-9102B6E8BF1ABFFC5F32,True
ORD-SYN-000929,CUS-SYN-079,2025-10-23T12:15:00-03:00,2025-10-26T12:15:00-03:00,2025-10-29T12:15:00-03:00,fulfilled,B2B-V1-BASE,BLD-9102B6E8BF1ABFFC5F32,True
ORD-SYN-000930,CUS-SYN-043,2025-10-23T12:53:00-03:00,2025-10-27T12:53:00-03:00,2025-10-27T12:53:00-03:00,fulfilled,B2B-V1-BASE,BLD-9102B6E8BF1ABFFC5F32,True
ORD-SYN-000931,CUS-SYN-021,2025-10-23T13:36:00-03:00,2025-10-26T13:36:00-03:00,2025-10-29T13:36:00-03:00,partially_fulfilled,B2B-V1-BASE,BLD-9102B6E8BF1ABFFC5F32,True
ORD-SYN-000932,CUS-SYN-148,2025-10-23T15:23:00-03:00,2025-10-26T15:23:00-03:00,2025-10-28T15:23:00-03:00,fulfilled,B2B-V1-BASE,BLD-9102B6E8BF1ABFFC5F32,True
ORD-SYN-000933,CUS-SYN-142,2025-10-23T16:42:00-03:00,2025-10-25T16:42:00-03:00,2025-10-25T16:42:00-03:00,fulfilled,B2B-V1-BASE,BLD-9102B6E8BF1ABFFC5F32,True
ORD-SYN-000934,CUS-SYN-137,2025-10-23T17:55:00-03:00,2025-10-29T17:55:00-03:00,2025-10-29T17:55:00-03:00,partially_fulfilled,B2B-V1-BASE,BLD-9102B6E8BF1ABFFC5F32,True
ORD-SYN-000935,CUS-SYN-149,2025-10-24T10:09:00-03:00,2025-10-26T10:09:00-03:00,2025-10-26T10:09:00-03:00,fulfilled,B2B-V1-BASE,BLD-9102B6E8BF1ABFFC5F32,True
ORD-SYN-000936,CUS-SYN-057,2025-10-24T10:22:00-03:00,2025-10-28T10:22:00-03:00,2025-10-30T10:22:00-03:00,fulfilled,B2B-V1-BASE,BLD-9102B6E8BF1ABFFC5F32,True
ORD-SYN-000937,CUS-SYN-105,2025-10-24T12:57:00-03:00,2025-10-30T12:57:00-03:00,2025-10-30T12:57:00-03:00,partially_fulfilled,B2B-V1-BASE,BLD-9102B6E8BF1ABFFC5F32,True
ORD-SYN-000938,CUS-SYN-125,2025-10-24T12:59:00-03:00,2025-10-29T12:59:00-03:00,2025-10-29T12:59:00-03:00,fulfilled,B2B-V1-BASE,BLD-9102B6E8BF1ABFFC5F32,True
ORD-SYN-000939,CUS-SYN-092,2025-10-24T13:00:00-03:00,2025-10-26T13:00:00-03:00,2025-10-26T13:00:00-03:00,partially_fulfilled,B2B-V1-BASE,BLD-9102B6E8BF1ABFFC5F32,True
ORD-SYN-000940,CUS-SYN-054,2025-10-24T13:25:00-03:00,2025-10-26T13:25:00-03:00,2025-10-26T13:25:00-03:00,fulfilled,B2B-V1-BASE,BLD-9102B6E8BF1ABFFC5F32,True
ORD-SYN-000941,CUS-SYN-142,2025-10-24T14:45:00-03:00,2025-10-27T14:45:00-03:00,2025-10-27T14:45:00-03:00,fulfilled,B2B-V1-BASE,BLD-9102B6E8BF1ABFFC5F32,True
ORD-SYN-000942,CUS-SYN-100,2025-10-24T15:21:00-03:00,2025-10-25T15:21:00-03:00,2025-10-26T15:21:00-03:00,partially_fulfilled,B2B-V1-BASE,BLD-9102B6E8BF1ABFFC5F32,True
ORD-SYN-000943,CUS-SYN-013,2025-10-24T15:48:00-03:00,,2025-10-30T15:48:00-03:00,fulfilled,B2B-V1-BASE,BLD-9102B6E8BF1ABFFC5F32,True
ORD-SYN-000944,CUS-SYN-122,2025-10-24T15:58:00-03:00,2025-10-26T15:58:00-03:00,2025-10-28T15:58:00-03:00,fulfilled,B2B-V1-BASE,BLD-9102B6E8BF1ABFFC5F32,True
ORD-SYN-000945,CUS-SYN-094,2025-10-24T17:41:00-03:00,2025-10-26T17:41:00-03:00,2025-10-28T17:41:00-03:00,fulfilled,B2B-V1-BASE,BLD-9102B6E8BF1ABFFC5F32,True
ORD-SYN-000946,CUS-SYN-015,2025-10-24T17:55:00-03:00,2025-10-26T17:55:00-03:00,2025-10-30T17:55:00-03:00,fulfilled,B2B-V1-BASE,BLD-9102B6E8BF1ABFFC5F32,True
ORD-SYN-000947,CUS-SYN-085,2025-10-25T08:22:00-03:00,,2025-10-30T08:22:00-03:00,fulfilled,B2B-V1-BASE,BLD-9102B6E8BF1ABFFC5F32,True
ORD-SYN-000948,CUS-SYN-038,2025-10-25T09:02:00-03:00,2025-10-26T09:02:00-03:00,2025-10-28T09:02:00-03:00,fulfilled,B2B-V1-BASE,BLD-9102B6E8BF1ABFFC5F32,True
ORD-SYN-000949,CUS-SYN-066,2025-10-25T12:36:00-03:00,2025-10-27T12:36:00-03:00,2025-10-29T12:36:00-03:00,partially_fulfilled,B2B-V1-BASE,BLD-9102B6E8BF1ABFFC5F32,True
ORD-SYN-000950,CUS-SYN-018,2025-10-25T12:40:00-03:00,,2025-10-29T12:40:00-03:00,fulfilled,B2B-V1-BASE,BLD-9102B6E8BF1ABFFC5F32,True
ORD-SYN-000951,CUS-SYN-071,2025-10-25T12:48:00-03:00,2025-10-26T12:48:00-03:00,2025-10-28T12:48:00-03:00,fulfilled,B2B-V1-BASE,BLD-9102B6E8BF1ABFFC5F32,True
ORD-SYN-000952,CUS-SYN-041,2025-10-25T13:03:00-03:00,,2025-10-29T13:03:00-03:00,partially_fulfilled,B2B-V1-BASE,BLD-9102B6E8BF1ABFFC5F32,True
ORD-SYN-000953,CUS-SYN-007,2025-10-25T13:29:00-03:00,,2025-10-30T13:29:00-03:00,partially_fulfilled,B2B-V1-BASE,BLD-9102B6E8BF1ABFFC5F32,True
ORD-SYN-000954,CUS-SYN-127,2025-10-25T13:38:00-03:00,2025-10-28T13:38:00-03:00,2025-10-29T13:38:00-03:00,fulfilled,B2B-V1-BASE,BLD-9102B6E8BF1ABFFC5F32,True
ORD-SYN-000955,CUS-SYN-037,2025-10-25T14:41:00-03:00,2025-10-29T14:41:00-03:00,2025-10-31T14:41:00-03:00,fulfilled,B2B-V1-BASE,BLD-9102B6E8BF1ABFFC5F32,True
ORD-SYN-000956,CUS-SYN-029,2025-10-25T15:20:00-03:00,2025-10-26T15:20:00-03:00,2025-10-27T15:20:00-03:00,fulfilled,B2B-V1-BASE,BLD-9102B6E8BF1ABFFC5F32,True
ORD-SYN-000957,CUS-SYN-048,2025-10-25T15:27:00-03:00,2025-10-31T15:27:00-03:00,2025-10-31T15:27:00-03:00,fulfilled,B2B-V1-BASE,BLD-9102B6E8BF1ABFFC5F32,True
ORD-SYN-000958,CUS-SYN-110,2025-10-25T16:21:00-03:00,,2025-10-28T16:21:00-03:00,fulfilled,B2B-V1-BASE,BLD-9102B6E8BF1ABFFC5F32,True
ORD-SYN-000959,CUS-SYN-013,2025-10-26T08:19:00-03:00,,2025-10-31T08:19:00-03:00,fulfilled,B2B-V1-BASE,BLD-9102B6E8BF1ABFFC5F32,True
ORD-SYN-000960,CUS-SYN-058,2025-10-26T09:07:00-03:00,2025-10-27T09:07:00-03:00,2025-10-31T09:07:00-03:00,fulfilled,B2B-V1-BASE,BLD-9102B6E8BF1ABFFC5F32,True
ORD-SYN-000961,CUS-SYN-009,2025-10-26T09:25:00-03:00,2025-10-27T09:25:00-03:00,2025-10-30T09:25:00-03:00,fulfilled,B2B-V1-BASE,BLD-9102B6E8BF1ABFFC5F32,True
ORD-SYN-000962,CUS-SYN-064,2025-10-26T10:31:00-03:00,,2025-10-28T10:31:00-03:00,partially_fulfilled,B2B-V1-BASE,BLD-9102B6E8BF1ABFFC5F32,True
ORD-SYN-000963,CUS-SYN-050,2025-10-26T11:01:00-03:00,2025-10-31T11:01:00-03:00,2025-10-31T11:01:00-03:00,fulfilled,B2B-V1-BASE,BLD-9102B6E8BF1ABFFC5F32,True
ORD-SYN-000964,CUS-SYN-034,2025-10-26T16:38:00-03:00,2025-10-28T16:38:00-03:00,2025-10-29T16:38:00-03:00,fulfilled,B2B-V1-BASE,BLD-9102B6E8BF1ABFFC5F32,True
ORD-SYN-000965,CUS-SYN-050,2025-10-26T17:36:00-03:00,2025-10-28T17:36:00-03:00,2025-10-30T17:36:00-03:00,fulfilled,B2B-V1-BASE,BLD-9102B6E8BF1ABFFC5F32,True
ORD-SYN-000966,CUS-SYN-124,2025-10-26T17:47:00-03:00,2025-10-29T17:47:00-03:00,2025-10-30T17:47:00-03:00,fulfilled,B2B-V1-BASE,BLD-9102B6E8BF1ABFFC5F32,True
ORD-SYN-000967,CUS-SYN-085,2025-10-27T08:05:00-03:00,2025-10-28T08:05:00-03:00,2025-10-29T08:05:00-03:00,fulfilled,B2B-V1-BASE,BLD-9102B6E8BF1ABFFC5F32,True
ORD-SYN-000968,CUS-SYN-106,2025-10-27T08:19:00-03:00,2025-10-28T08:19:00-03:00,2025-10-30T08:19:00-03:00,fulfilled,B2B-V1-BASE,BLD-9102B6E8BF1ABFFC5F32,True
ORD-SYN-000969,CUS-SYN-078,2025-10-27T09:29:00-03:00,,2025-10-29T09:29:00-03:00,fulfilled,B2B-V1-BASE,BLD-9102B6E8BF1ABFFC5F32,True
ORD-SYN-000970,CUS-SYN-107,2025-10-27T09:59:00-03:00,2025-10-29T09:59:00-03:00,2025-11-02T09:59:00-03:00,fulfilled,B2B-V1-BASE,BLD-9102B6E8BF1ABFFC5F32,True
ORD-SYN-000971,CUS-SYN-150,2025-10-27T10:00:00-03:00,2025-10-28T10:00:00-03:00,2025-10-29T10:00:00-03:00,fulfilled,B2B-V1-BASE,BLD-9102B6E8BF1ABFFC5F32,True
ORD-SYN-000972,CUS-SYN-114,2025-10-27T10:01:00-03:00,2025-10-28T10:01:00-03:00,2025-10-30T10:01:00-03:00,fulfilled,B2B-V1-BASE,BLD-9102B6E8BF1ABFFC5F32,True
ORD-SYN-000973,CUS-SYN-042,2025-10-27T11:11:00-03:00,2025-10-30T11:11:00-03:00,2025-10-31T11:11:00-03:00,fulfilled,B2B-V1-BASE,BLD-9102B6E8BF1ABFFC5F32,True
ORD-SYN-000974,CUS-SYN-058,2025-10-27T12:51:00-03:00,2025-10-29T12:51:00-03:00,2025-10-29T12:51:00-03:00,fulfilled,B2B-V1-BASE,BLD-9102B6E8BF1ABFFC5F32,True
ORD-SYN-000975,CUS-SYN-006,2025-10-27T13:17:00-03:00,2025-10-29T13:17:00-03:00,2025-10-29T13:17:00-03:00,fulfilled,B2B-V1-BASE,BLD-9102B6E8BF1ABFFC5F32,True
ORD-SYN-000976,CUS-SYN-064,2025-10-27T13:54:00-03:00,2025-10-30T13:54:00-03:00,2025-10-30T13:54:00-03:00,partially_fulfilled,B2B-V1-BASE,BLD-9102B6E8BF1ABFFC5F32,True
ORD-SYN-000977,CUS-SYN-010,2025-10-27T14:10:00-03:00,2025-10-28T14:10:00-03:00,2025-10-29T14:10:00-03:00,fulfilled,B2B-V1-BASE,BLD-9102B6E8BF1ABFFC5F32,True
ORD-SYN-000978,CUS-SYN-086,2025-10-27T14:50:00-03:00,2025-10-28T14:50:00-03:00,2025-11-02T14:50:00-03:00,fulfilled,B2B-V1-BASE,BLD-9102B6E8BF1ABFFC5F32,True
ORD-SYN-000979,CUS-SYN-137,2025-10-27T15:15:00-03:00,2025-10-31T15:15:00-03:00,2025-11-01T15:15:00-03:00,fulfilled,B2B-V1-BASE,BLD-9102B6E8BF1ABFFC5F32,True
ORD-SYN-000980,CUS-SYN-125,2025-10-27T17:53:00-03:00,2025-11-02T17:53:00-03:00,2025-11-02T17:53:00-03:00,fulfilled,B2B-V1-BASE,BLD-9102B6E8BF1ABFFC5F32,True
ORD-SYN-000981,CUS-SYN-069,2025-10-28T08:11:00-03:00,2025-10-29T08:11:00-03:00,2025-10-30T08:11:00-03:00,fulfilled,B2B-V1-BASE,BLD-9102B6E8BF1ABFFC5F32,True
ORD-SYN-000982,CUS-SYN-044,2025-10-28T08:12:00-03:00,2025-10-31T08:12:00-03:00,2025-11-01T08:12:00-03:00,fulfilled,B2B-V1-BASE,BLD-9102B6E8BF1ABFFC5F32,True
ORD-SYN-000983,CUS-SYN-037,2025-10-28T09:35:00-03:00,2025-10-29T09:35:00-03:00,2025-10-30T09:35:00-03:00,fulfilled,B2B-V1-BASE,BLD-9102B6E8BF1ABFFC5F32,True
ORD-SYN-000984,CUS-SYN-062,2025-10-28T10:01:00-03:00,2025-10-29T10:01:00-03:00,2025-10-30T10:01:00-03:00,fulfilled,B2B-V1-BASE,BLD-9102B6E8BF1ABFFC5F32,True
ORD-SYN-000985,CUS-SYN-102,2025-10-28T10:33:00-03:00,,2025-10-31T10:33:00-03:00,fulfilled,B2B-V1-BASE,BLD-9102B6E8BF1ABFFC5F32,True
ORD-SYN-000986,CUS-SYN-108,2025-10-28T10:34:00-03:00,2025-10-29T10:34:00-03:00,2025-10-30T10:34:00-03:00,fulfilled,B2B-V1-BASE,BLD-9102B6E8BF1ABFFC5F32,True
ORD-SYN-000987,CUS-SYN-110,2025-10-28T11:16:00-03:00,2025-10-30T11:16:00-03:00,2025-10-30T11:16:00-03:00,fulfilled,B2B-V1-BASE,BLD-9102B6E8BF1ABFFC5F32,True
ORD-SYN-000988,CUS-SYN-004,2025-10-28T12:48:00-03:00,2025-10-30T12:48:00-03:00,2025-10-31T12:48:00-03:00,fulfilled,B2B-V1-BASE,BLD-9102B6E8BF1ABFFC5F32,True
ORD-SYN-000989,CUS-SYN-025,2025-10-28T13:53:00-03:00,,2025-10-30T13:53:00-03:00,fulfilled,B2B-V1-BASE,BLD-9102B6E8BF1ABFFC5F32,True
ORD-SYN-000990,CUS-SYN-121,2025-10-28T15:58:00-03:00,2025-10-29T15:58:00-03:00,2025-11-02T15:58:00-03:00,fulfilled,B2B-V1-BASE,BLD-9102B6E8BF1ABFFC5F32,True
ORD-SYN-000991,CUS-SYN-119,2025-10-28T17:00:00-03:00,2025-10-29T17:00:00-03:00,2025-10-31T17:00:00-03:00,fulfilled,B2B-V1-BASE,BLD-9102B6E8BF1ABFFC5F32,True
ORD-SYN-000992,CUS-SYN-117,2025-10-28T17:35:00-03:00,2025-10-30T17:35:00-03:00,2025-10-31T17:35:00-03:00,fulfilled,B2B-V1-BASE,BLD-9102B6E8BF1ABFFC5F32,True
ORD-SYN-000993,CUS-SYN-114,2025-10-29T11:07:00-03:00,2025-11-02T11:07:00-03:00,2025-11-02T11:07:00-03:00,partially_fulfilled,B2B-V1-BASE,BLD-9102B6E8BF1ABFFC5F32,True
ORD-SYN-000994,CUS-SYN-034,2025-10-29T11:14:00-03:00,2025-10-31T11:14:00-03:00,2025-10-31T11:14:00-03:00,partially_fulfilled,B2B-V1-BASE,BLD-9102B6E8BF1ABFFC5F32,True
ORD-SYN-000995,CUS-SYN-149,2025-10-29T11:38:00-03:00,2025-11-03T11:38:00-03:00,2025-11-03T11:38:00-03:00,fulfilled,B2B-V1-BASE,BLD-9102B6E8BF1ABFFC5F32,True
ORD-SYN-000996,CUS-SYN-018,2025-10-29T12:00:00-03:00,2025-10-30T12:00:00-03:00,2025-11-04T12:00:00-03:00,fulfilled,B2B-V1-BASE,BLD-9102B6E8BF1ABFFC5F32,True
ORD-SYN-000997,CUS-SYN-149,2025-10-29T12:12:00-03:00,2025-10-30T12:12:00-03:00,2025-10-31T12:12:00-03:00,fulfilled,B2B-V1-BASE,BLD-9102B6E8BF1ABFFC5F32,True
ORD-SYN-000998,CUS-SYN-024,2025-10-29T14:22:00-03:00,2025-10-31T14:22:00-03:00,2025-11-01T14:22:00-03:00,fulfilled,B2B-V1-BASE,BLD-9102B6E8BF1ABFFC5F32,True
ORD-SYN-000999,CUS-SYN-018,2025-10-29T14:38:00-03:00,2025-10-30T14:38:00-03:00,2025-10-31T14:38:00-03:00,partially_fulfilled,B2B-V1-BASE,BLD-9102B6E8BF1ABFFC5F32,True
ORD-SYN-001000,CUS-SYN-118,2025-10-29T16:35:00-03:00,2025-10-30T16:35:00-03:00,2025-11-02T16:35:00-03:00,fulfilled,B2B-V1-BASE,BLD-9102B6E8BF1ABFFC5F32,True
ORD-SYN-001001,CUS-SYN-049,2025-10-29T17:09:00-03:00,2025-10-30T17:09:00-03:00,2025-11-03T17:09:00-03:00,fulfilled,B2B-V1-BASE,BLD-9102B6E8BF1ABFFC5F32,True
ORD-SYN-001002,CUS-SYN-106,2025-10-29T17:51:00-03:00,2025-11-01T17:51:00-03:00,2025-11-03T17:51:00-03:00,partially_fulfilled,B2B-V1-BASE,BLD-9102B6E8BF1ABFFC5F32,True
ORD-SYN-001003,CUS-SYN-149,2025-10-30T08:00:00-03:00,2025-11-01T08:00:00-03:00,2025-11-01T08:00:00-03:00,fulfilled,B2B-V1-BASE,BLD-9102B6E8BF1ABFFC5F32,True
ORD-SYN-001004,CUS-SYN-017,2025-10-30T09:14:00-03:00,,2025-11-03T09:14:00-03:00,fulfilled,B2B-V1-BASE,BLD-9102B6E8BF1ABFFC5F32,True
ORD-SYN-001005,CUS-SYN-015,2025-10-30T09:49:00-03:00,2025-10-31T09:49:00-03:00,2025-11-04T09:49:00-03:00,fulfilled,B2B-V1-BASE,BLD-9102B6E8BF1ABFFC5F32,True
ORD-SYN-001006,CUS-SYN-117,2025-10-30T09:59:00-03:00,2025-11-02T09:59:00-03:00,2025-11-04T09:59:00-03:00,fulfilled,B2B-V1-BASE,BLD-9102B6E8BF1ABFFC5F32,True
ORD-SYN-001007,CUS-SYN-078,2025-10-30T10:06:00-03:00,2025-10-31T10:06:00-03:00,2025-11-01T10:06:00-03:00,partially_fulfilled,B2B-V1-BASE,BLD-9102B6E8BF1ABFFC5F32,True
ORD-SYN-001008,CUS-SYN-010,2025-10-30T10:40:00-03:00,2025-10-31T10:40:00-03:00,2025-11-04T10:40:00-03:00,fulfilled,B2B-V1-BASE,BLD-9102B6E8BF1ABFFC5F32,True
ORD-SYN-001009,CUS-SYN-037,2025-10-30T11:28:00-03:00,2025-11-01T11:28:00-03:00,2025-11-01T11:28:00-03:00,fulfilled,B2B-V1-BASE,BLD-9102B6E8BF1ABFFC5F32,True
ORD-SYN-001010,CUS-SYN-078,2025-10-30T11:59:00-03:00,2025-11-01T11:59:00-03:00,2025-11-01T11:59:00-03:00,fulfilled,B2B-V1-BASE,BLD-9102B6E8BF1ABFFC5F32,True
ORD-SYN-001011,CUS-SYN-117,2025-10-30T12:18:00-03:00,,2025-11-01T12:18:00-03:00,partially_fulfilled,B2B-V1-BASE,BLD-9102B6E8BF1ABFFC5F32,True
ORD-SYN-001012,CUS-SYN-070,2025-10-30T12:57:00-03:00,,2025-11-02T12:57:00-03:00,fulfilled,B2B-V1-BASE,BLD-9102B6E8BF1ABFFC5F32,True
ORD-SYN-001013,CUS-SYN-093,2025-10-30T14:05:00-03:00,2025-11-02T14:05:00-03:00,2025-11-03T14:05:00-03:00,fulfilled,B2B-V1-BASE,BLD-9102B6E8BF1ABFFC5F32,True
ORD-SYN-001014,CUS-SYN-077,2025-10-30T16:23:00-03:00,,2025-11-04T16:23:00-03:00,fulfilled,B2B-V1-BASE,BLD-9102B6E8BF1ABFFC5F32,True
ORD-SYN-001015,CUS-SYN-138,2025-10-30T16:29:00-03:00,2025-10-31T16:29:00-03:00,2025-11-02T16:29:00-03:00,fulfilled,B2B-V1-BASE,BLD-9102B6E8BF1ABFFC5F32,True
ORD-SYN-001016,CUS-SYN-133,2025-10-30T17:00:00-03:00,2025-11-01T17:00:00-03:00,2025-11-05T17:00:00-03:00,partially_fulfilled,B2B-V1-BASE,BLD-9102B6E8BF1ABFFC5F32,True
ORD-SYN-001017,CUS-SYN-088,2025-10-30T17:11:00-03:00,2025-11-01T17:11:00-03:00,2025-11-01T17:11:00-03:00,fulfilled,B2B-V1-BASE,BLD-9102B6E8BF1ABFFC5F32,True
ORD-SYN-001018,CUS-SYN-077,2025-10-30T17:36:00-03:00,2025-11-01T17:36:00-03:00,2025-11-01T17:36:00-03:00,fulfilled,B2B-V1-BASE,BLD-9102B6E8BF1ABFFC5F32,True
ORD-SYN-001019,CUS-SYN-112,2025-10-31T09:29:00-03:00,2025-11-02T09:29:00-03:00,2025-11-06T09:29:00-03:00,fulfilled,B2B-V1-BASE,BLD-9102B6E8BF1ABFFC5F32,True
ORD-SYN-001020,CUS-SYN-054,2025-10-31T10:34:00-03:00,2025-11-01T10:34:00-03:00,2025-11-05T10:34:00-03:00,fulfilled,B2B-V1-BASE,BLD-9102B6E8BF1ABFFC5F32,True
ORD-SYN-001021,CUS-SYN-025,2025-10-31T10:44:00-03:00,,2025-11-05T10:44:00-03:00,fulfilled,B2B-V1-BASE,BLD-9102B6E8BF1ABFFC5F32,True
ORD-SYN-001022,CUS-SYN-081,2025-10-31T11:26:00-03:00,2025-11-02T11:26:00-03:00,2025-11-03T11:26:00-03:00,fulfilled,B2B-V1-BASE,BLD-9102B6E8BF1ABFFC5F32,True
ORD-SYN-001023,CUS-SYN-094,2025-10-31T12:04:00-03:00,2025-11-01T12:04:00-03:00,2025-11-06T12:04:00-03:00,fulfilled,B2B-V1-BASE,BLD-9102B6E8BF1ABFFC5F32,True
ORD-SYN-001024,CUS-SYN-091,2025-10-31T13:10:00-03:00,2025-11-02T13:10:00-03:00,2025-11-03T13:10:00-03:00,partially_fulfilled,B2B-V1-BASE,BLD-9102B6E8BF1ABFFC5F32,True
ORD-SYN-001025,CUS-SYN-110,2025-10-31T13:41:00-03:00,2025-11-01T13:41:00-03:00,2025-11-02T13:41:00-03:00,fulfilled,B2B-V1-BASE,BLD-9102B6E8BF1ABFFC5F32,True
ORD-SYN-001026,CUS-SYN-013,2025-10-31T15:12:00-03:00,2025-11-03T15:12:00-03:00,2025-11-04T15:12:00-03:00,fulfilled,B2B-V1-BASE,BLD-9102B6E8BF1ABFFC5F32,True
ORD-SYN-001027,CUS-SYN-005,2025-10-31T15:54:00-03:00,2025-11-01T15:54:00-03:00,2025-11-03T15:54:00-03:00,partially_fulfilled,B2B-V1-BASE,BLD-9102B6E8BF1ABFFC5F32,True
ORD-SYN-001028,CUS-SYN-136,2025-10-31T16:06:00-03:00,2025-11-03T16:06:00-03:00,2025-11-05T16:06:00-03:00,fulfilled,B2B-V1-BASE,BLD-9102B6E8BF1ABFFC5F32,True
ORD-SYN-001029,CUS-SYN-069,2025-10-31T16:44:00-03:00,2025-11-02T16:44:00-03:00,2025-11-03T16:44:00-03:00,fulfilled,B2B-V1-BASE,BLD-9102B6E8BF1ABFFC5F32,True
ORD-SYN-001030,CUS-SYN-109,2025-10-31T17:13:00-03:00,2025-11-01T17:13:00-03:00,2025-11-02T17:13:00-03:00,fulfilled,B2B-V1-BASE,BLD-9102B6E8BF1ABFFC5F32,True
ORD-SYN-001031,CUS-SYN-048,2025-10-31T17:45:00-03:00,2025-11-02T17:45:00-03:00,2025-11-05T17:45:00-03:00,fulfilled,B2B-V1-BASE,BLD-9102B6E8BF1ABFFC5F32,True
ORD-SYN-001032,CUS-SYN-017,2025-11-01T09:15:00-03:00,2025-11-03T09:15:00-03:00,2025-11-04T09:15:00-03:00,fulfilled,B2B-V1-BASE,BLD-9102B6E8BF1ABFFC5F32,True
ORD-SYN-001033,CUS-SYN-134,2025-11-01T09:45:00-03:00,2025-11-02T09:45:00-03:00,2025-11-03T09:45:00-03:00,fulfilled,B2B-V1-BASE,BLD-9102B6E8BF1ABFFC5F32,True
ORD-SYN-001034,CUS-SYN-025,2025-11-01T10:38:00-03:00,2025-11-02T10:38:00-03:00,2025-11-03T10:38:00-03:00,fulfilled,B2B-V1-BASE,BLD-9102B6E8BF1ABFFC5F32,True
ORD-SYN-001035,CUS-SYN-147,2025-11-01T11:44:00-03:00,,2025-11-05T11:44:00-03:00,fulfilled,B2B-V1-BASE,BLD-9102B6E8BF1ABFFC5F32,True
ORD-SYN-001036,CUS-SYN-069,2025-11-01T13:11:00-03:00,2025-11-05T13:11:00-03:00,2025-11-05T13:11:00-03:00,fulfilled,B2B-V1-BASE,BLD-9102B6E8BF1ABFFC5F32,True
ORD-SYN-001037,CUS-SYN-037,2025-11-01T14:31:00-03:00,,2025-11-03T14:31:00-03:00,fulfilled,B2B-V1-BASE,BLD-9102B6E8BF1ABFFC5F32,True
ORD-SYN-001038,CUS-SYN-034,2025-11-01T15:14:00-03:00,2025-11-02T15:14:00-03:00,2025-11-03T15:14:00-03:00,fulfilled,B2B-V1-BASE,BLD-9102B6E8BF1ABFFC5F32,True
ORD-SYN-001039,CUS-SYN-144,2025-11-01T15:27:00-03:00,2025-11-02T15:27:00-03:00,2025-11-03T15:27:00-03:00,fulfilled,B2B-V1-BASE,BLD-9102B6E8BF1ABFFC5F32,True
ORD-SYN-001040,CUS-SYN-104,2025-11-01T16:00:00-03:00,2025-11-02T16:00:00-03:00,2025-11-04T16:00:00-03:00,partially_fulfilled,B2B-V1-BASE,BLD-9102B6E8BF1ABFFC5F32,True
ORD-SYN-001041,CUS-SYN-139,2025-11-01T16:25:00-03:00,2025-11-02T16:25:00-03:00,2025-11-06T16:25:00-03:00,fulfilled,B2B-V1-BASE,BLD-9102B6E8BF1ABFFC5F32,True
ORD-SYN-001042,CUS-SYN-141,2025-11-02T08:02:00-03:00,2025-11-06T08:02:00-03:00,2025-11-06T08:02:00-03:00,partially_fulfilled,B2B-V1-BASE,BLD-9102B6E8BF1ABFFC5F32,True
ORD-SYN-001043,CUS-SYN-090,2025-11-02T08:59:00-03:00,,2025-11-08T08:59:00-03:00,fulfilled,B2B-V1-BASE,BLD-9102B6E8BF1ABFFC5F32,True
ORD-SYN-001044,CUS-SYN-046,2025-11-02T09:43:00-03:00,2025-11-07T09:43:00-03:00,2025-11-07T09:43:00-03:00,fulfilled,B2B-V1-BASE,BLD-9102B6E8BF1ABFFC5F32,True
ORD-SYN-001045,CUS-SYN-074,2025-11-02T09:45:00-03:00,2025-11-06T09:45:00-03:00,2025-11-08T09:45:00-03:00,partially_fulfilled,B2B-V1-BASE,BLD-9102B6E8BF1ABFFC5F32,True
ORD-SYN-001046,CUS-SYN-087,2025-11-02T10:51:00-03:00,,2025-11-08T10:51:00-03:00,fulfilled,B2B-V1-BASE,BLD-9102B6E8BF1ABFFC5F32,True
ORD-SYN-001047,CUS-SYN-082,2025-11-02T11:04:00-03:00,2025-11-05T11:04:00-03:00,2025-11-06T11:04:00-03:00,fulfilled,B2B-V1-BASE,BLD-9102B6E8BF1ABFFC5F32,True
ORD-SYN-001048,CUS-SYN-059,2025-11-02T11:32:00-03:00,,2025-11-04T11:32:00-03:00,fulfilled,B2B-V1-BASE,BLD-9102B6E8BF1ABFFC5F32,True
ORD-SYN-001049,CUS-SYN-102,2025-11-02T11:38:00-03:00,2025-11-03T11:38:00-03:00,2025-11-05T11:38:00-03:00,fulfilled,B2B-V1-BASE,BLD-9102B6E8BF1ABFFC5F32,True
ORD-SYN-001050,CUS-SYN-119,2025-11-02T12:20:00-03:00,2025-11-05T12:20:00-03:00,2025-11-08T12:20:00-03:00,fulfilled,B2B-V1-BASE,BLD-9102B6E8BF1ABFFC5F32,True
ORD-SYN-001051,CUS-SYN-044,2025-11-02T12:53:00-03:00,2025-11-05T12:53:00-03:00,2025-11-06T12:53:00-03:00,fulfilled,B2B-V1-BASE,BLD-9102B6E8BF1ABFFC5F32,True
ORD-SYN-001052,CUS-SYN-092,2025-11-02T15:43:00-03:00,2025-11-04T15:43:00-03:00,2025-11-04T15:43:00-03:00,fulfilled,B2B-V1-BASE,BLD-9102B6E8BF1ABFFC5F32,True
ORD-SYN-001053,CUS-SYN-027,2025-11-02T15:56:00-03:00,2025-11-04T15:56:00-03:00,2025-11-06T15:56:00-03:00,partially_fulfilled,B2B-V1-BASE,BLD-9102B6E8BF1ABFFC5F32,True
ORD-SYN-001054,CUS-SYN-075,2025-11-02T16:42:00-03:00,2025-11-03T16:42:00-03:00,2025-11-04T16:42:00-03:00,fulfilled,B2B-V1-BASE,BLD-9102B6E8BF1ABFFC5F32,True
ORD-SYN-001055,CUS-SYN-033,2025-11-03T08:01:00-03:00,,2025-11-05T08:01:00-03:00,fulfilled,B2B-V1-BASE,BLD-9102B6E8BF1ABFFC5F32,True
ORD-SYN-001056,CUS-SYN-075,2025-11-03T09:16:00-03:00,2025-11-08T09:16:00-03:00,2025-11-08T09:16:00-03:00,partially_fulfilled,B2B-V1-BASE,BLD-9102B6E8BF1ABFFC5F32,True
ORD-SYN-001057,CUS-SYN-148,2025-11-03T09:27:00-03:00,2025-11-04T09:27:00-03:00,2025-11-07T09:27:00-03:00,fulfilled,B2B-V1-BASE,BLD-9102B6E8BF1ABFFC5F32,True
ORD-SYN-001058,CUS-SYN-005,2025-11-03T09:39:00-03:00,2025-11-06T09:39:00-03:00,2025-11-08T09:39:00-03:00,partially_fulfilled,B2B-V1-BASE,BLD-9102B6E8BF1ABFFC5F32,True
ORD-SYN-001059,CUS-SYN-039,2025-11-03T10:00:00-03:00,2025-11-08T10:00:00-03:00,2025-11-08T10:00:00-03:00,fulfilled,B2B-V1-BASE,BLD-9102B6E8BF1ABFFC5F32,True
ORD-SYN-001060,CUS-SYN-009,2025-11-03T14:14:00-03:00,2025-11-04T14:14:00-03:00,2025-11-05T14:14:00-03:00,fulfilled,B2B-V1-BASE,BLD-9102B6E8BF1ABFFC5F32,True
ORD-SYN-001061,CUS-SYN-046,2025-11-03T14:46:00-03:00,2025-11-05T14:46:00-03:00,2025-11-05T14:46:00-03:00,partially_fulfilled,B2B-V1-BASE,BLD-9102B6E8BF1ABFFC5F32,True
ORD-SYN-001062,CUS-SYN-104,2025-11-03T14:49:00-03:00,2025-11-05T14:49:00-03:00,2025-11-06T14:49:00-03:00,fulfilled,B2B-V1-BASE,BLD-9102B6E8BF1ABFFC5F32,True
ORD-SYN-001063,CUS-SYN-062,2025-11-03T17:23:00-03:00,,2025-11-06T17:23:00-03:00,fulfilled,B2B-V1-BASE,BLD-9102B6E8BF1ABFFC5F32,True
ORD-SYN-001064,CUS-SYN-078,2025-11-04T08:19:00-03:00,2025-11-08T08:19:00-03:00,2025-11-09T08:19:00-03:00,fulfilled,B2B-V1-BASE,BLD-9102B6E8BF1ABFFC5F32,True
ORD-SYN-001065,CUS-SYN-062,2025-11-04T10:08:00-03:00,2025-11-06T10:08:00-03:00,2025-11-06T10:08:00-03:00,fulfilled,B2B-V1-BASE,BLD-9102B6E8BF1ABFFC5F32,True
ORD-SYN-001066,CUS-SYN-078,2025-11-04T13:35:00-03:00,2025-11-05T13:35:00-03:00,2025-11-06T13:35:00-03:00,partially_fulfilled,B2B-V1-BASE,BLD-9102B6E8BF1ABFFC5F32,True
ORD-SYN-001067,CUS-SYN-073,2025-11-04T14:11:00-03:00,2025-11-06T14:11:00-03:00,2025-11-08T14:11:00-03:00,partially_fulfilled,B2B-V1-BASE,BLD-9102B6E8BF1ABFFC5F32,True
ORD-SYN-001068,CUS-SYN-141,2025-11-04T14:17:00-03:00,2025-11-07T14:17:00-03:00,2025-11-07T14:17:00-03:00,partially_fulfilled,B2B-V1-BASE,BLD-9102B6E8BF1ABFFC5F32,True
ORD-SYN-001069,CUS-SYN-063,2025-11-04T14:34:00-03:00,2025-11-08T14:34:00-03:00,2025-11-10T14:34:00-03:00,fulfilled,B2B-V1-BASE,BLD-9102B6E8BF1ABFFC5F32,True
ORD-SYN-001070,CUS-SYN-042,2025-11-04T14:47:00-03:00,2025-11-09T14:47:00-03:00,2025-11-09T14:47:00-03:00,fulfilled,B2B-V1-BASE,BLD-9102B6E8BF1ABFFC5F32,True
ORD-SYN-001071,CUS-SYN-006,2025-11-04T15:15:00-03:00,2025-11-06T15:15:00-03:00,2025-11-06T15:15:00-03:00,partially_fulfilled,B2B-V1-BASE,BLD-9102B6E8BF1ABFFC5F32,True
ORD-SYN-001072,CUS-SYN-134,2025-11-04T15:51:00-03:00,2025-11-08T15:51:00-03:00,2025-11-09T15:51:00-03:00,fulfilled,B2B-V1-BASE,BLD-9102B6E8BF1ABFFC5F32,True
ORD-SYN-001073,CUS-SYN-090,2025-11-04T16:17:00-03:00,2025-11-06T16:17:00-03:00,2025-11-07T16:17:00-03:00,fulfilled,B2B-V1-BASE,BLD-9102B6E8BF1ABFFC5F32,True
ORD-SYN-001074,CUS-SYN-009,2025-11-05T08:40:00-03:00,2025-11-06T08:40:00-03:00,2025-11-07T08:40:00-03:00,fulfilled,B2B-V1-BASE,BLD-9102B6E8BF1ABFFC5F32,True
ORD-SYN-001075,CUS-SYN-105,2025-11-05T09:33:00-03:00,2025-11-06T09:33:00-03:00,2025-11-08T09:33:00-03:00,fulfilled,B2B-V1-BASE,BLD-9102B6E8BF1ABFFC5F32,True
ORD-SYN-001076,CUS-SYN-131,2025-11-05T09:51:00-03:00,2025-11-08T09:51:00-03:00,2025-11-08T09:51:00-03:00,fulfilled,B2B-V1-BASE,BLD-9102B6E8BF1ABFFC5F32,True
ORD-SYN-001077,CUS-SYN-131,2025-11-05T10:57:00-03:00,2025-11-06T10:57:00-03:00,2025-11-08T10:57:00-03:00,partially_fulfilled,B2B-V1-BASE,BLD-9102B6E8BF1ABFFC5F32,True
ORD-SYN-001078,CUS-SYN-046,2025-11-05T12:17:00-03:00,2025-11-09T12:17:00-03:00,2025-11-11T12:17:00-03:00,fulfilled,B2B-V1-BASE,BLD-9102B6E8BF1ABFFC5F32,True
ORD-SYN-001079,CUS-SYN-138,2025-11-05T12:24:00-03:00,2025-11-10T12:24:00-03:00,2025-11-11T12:24:00-03:00,fulfilled,B2B-V1-BASE,BLD-9102B6E8BF1ABFFC5F32,True
ORD-SYN-001080,CUS-SYN-053,2025-11-05T13:11:00-03:00,,2025-11-10T13:11:00-03:00,fulfilled,B2B-V1-BASE,BLD-9102B6E8BF1ABFFC5F32,True
ORD-SYN-001081,CUS-SYN-102,2025-11-05T13:50:00-03:00,2025-11-08T13:50:00-03:00,2025-11-10T13:50:00-03:00,fulfilled,B2B-V1-BASE,BLD-9102B6E8BF1ABFFC5F32,True
ORD-SYN-001082,CUS-SYN-109,2025-11-05T13:57:00-03:00,,2025-11-08T13:57:00-03:00,fulfilled,B2B-V1-BASE,BLD-9102B6E8BF1ABFFC5F32,True
ORD-SYN-001083,CUS-SYN-102,2025-11-05T14:20:00-03:00,2025-11-07T14:20:00-03:00,2025-11-08T14:20:00-03:00,fulfilled,B2B-V1-BASE,BLD-9102B6E8BF1ABFFC5F32,True
ORD-SYN-001084,CUS-SYN-061,2025-11-05T14:59:00-03:00,2025-11-07T14:59:00-03:00,2025-11-09T14:59:00-03:00,partially_fulfilled,B2B-V1-BASE,BLD-9102B6E8BF1ABFFC5F32,True
ORD-SYN-001085,CUS-SYN-014,2025-11-05T15:50:00-03:00,2025-11-06T15:50:00-03:00,2025-11-08T15:50:00-03:00,fulfilled,B2B-V1-BASE,BLD-9102B6E8BF1ABFFC5F32,True
ORD-SYN-001086,CUS-SYN-041,2025-11-06T08:02:00-03:00,2025-11-08T08:02:00-03:00,2025-11-11T08:02:00-03:00,fulfilled,B2B-V1-BASE,BLD-9102B6E8BF1ABFFC5F32,True
ORD-SYN-001087,CUS-SYN-076,2025-11-06T08:32:00-03:00,2025-11-07T08:32:00-03:00,2025-11-08T08:32:00-03:00,fulfilled,B2B-V1-BASE,BLD-9102B6E8BF1ABFFC5F32,True
ORD-SYN-001088,CUS-SYN-058,2025-11-06T09:04:00-03:00,2025-11-08T09:04:00-03:00,2025-11-08T09:04:00-03:00,fulfilled,B2B-V1-BASE,BLD-9102B6E8BF1ABFFC5F32,True
ORD-SYN-001089,CUS-SYN-037,2025-11-06T09:17:00-03:00,2025-11-08T09:17:00-03:00,2025-11-10T09:17:00-03:00,fulfilled,B2B-V1-BASE,BLD-9102B6E8BF1ABFFC5F32,True
ORD-SYN-001090,CUS-SYN-017,2025-11-06T09:37:00-03:00,2025-11-08T09:37:00-03:00,2025-11-11T09:37:00-03:00,fulfilled,B2B-V1-BASE,BLD-9102B6E8BF1ABFFC5F32,True
ORD-SYN-001091,CUS-SYN-142,2025-11-06T09:49:00-03:00,2025-11-07T09:49:00-03:00,2025-11-08T09:49:00-03:00,fulfilled,B2B-V1-BASE,BLD-9102B6E8BF1ABFFC5F32,True
ORD-SYN-001092,CUS-SYN-012,2025-11-06T09:55:00-03:00,2025-11-11T09:55:00-03:00,2025-11-12T09:55:00-03:00,fulfilled,B2B-V1-BASE,BLD-9102B6E8BF1ABFFC5F32,True
ORD-SYN-001093,CUS-SYN-146,2025-11-06T10:25:00-03:00,,2025-11-08T10:25:00-03:00,partially_fulfilled,B2B-V1-BASE,BLD-9102B6E8BF1ABFFC5F32,True
ORD-SYN-001094,CUS-SYN-149,2025-11-06T13:17:00-03:00,,2025-11-12T13:17:00-03:00,partially_fulfilled,B2B-V1-BASE,BLD-9102B6E8BF1ABFFC5F32,True
ORD-SYN-001095,CUS-SYN-115,2025-11-06T13:34:00-03:00,2025-11-08T13:34:00-03:00,2025-11-09T13:34:00-03:00,fulfilled,B2B-V1-BASE,BLD-9102B6E8BF1ABFFC5F32,True
ORD-SYN-001096,CUS-SYN-102,2025-11-06T13:48:00-03:00,,2025-11-09T13:48:00-03:00,fulfilled,B2B-V1-BASE,BLD-9102B6E8BF1ABFFC5F32,True
ORD-SYN-001097,CUS-SYN-107,2025-11-06T14:15:00-03:00,2025-11-11T14:15:00-03:00,2025-11-12T14:15:00-03:00,fulfilled,B2B-V1-BASE,BLD-9102B6E8BF1ABFFC5F32,True
ORD-SYN-001098,CUS-SYN-018,2025-11-06T14:20:00-03:00,,2025-11-08T14:20:00-03:00,fulfilled,B2B-V1-BASE,BLD-9102B6E8BF1ABFFC5F32,True
ORD-SYN-001099,CUS-SYN-134,2025-11-06T14:22:00-03:00,,2025-11-11T14:22:00-03:00,fulfilled,B2B-V1-BASE,BLD-9102B6E8BF1ABFFC5F32,True
ORD-SYN-001100,CUS-SYN-069,2025-11-06T14:25:00-03:00,2025-11-09T14:25:00-03:00,2025-11-09T14:25:00-03:00,fulfilled,B2B-V1-BASE,BLD-9102B6E8BF1ABFFC5F32,True
ORD-SYN-001101,CUS-SYN-129,2025-11-06T15:26:00-03:00,2025-11-09T15:26:00-03:00,2025-11-09T15:26:00-03:00,fulfilled,B2B-V1-BASE,BLD-9102B6E8BF1ABFFC5F32,True
ORD-SYN-001102,CUS-SYN-126,2025-11-06T16:25:00-03:00,2025-11-07T16:25:00-03:00,2025-11-08T16:25:00-03:00,fulfilled,B2B-V1-BASE,BLD-9102B6E8BF1ABFFC5F32,True
ORD-SYN-001103,CUS-SYN-029,2025-11-06T17:50:00-03:00,2025-11-10T17:50:00-03:00,2025-11-10T17:50:00-03:00,partially_fulfilled,B2B-V1-BASE,BLD-9102B6E8BF1ABFFC5F32,True
ORD-SYN-001104,CUS-SYN-149,2025-11-07T08:07:00-03:00,,2025-11-09T08:07:00-03:00,partially_fulfilled,B2B-V1-BASE,BLD-9102B6E8BF1ABFFC5F32,True
ORD-SYN-001105,CUS-SYN-045,2025-11-07T08:19:00-03:00,2025-11-11T08:19:00-03:00,2025-11-13T08:19:00-03:00,fulfilled,B2B-V1-BASE,BLD-9102B6E8BF1ABFFC5F32,True
ORD-SYN-001106,CUS-SYN-037,2025-11-07T09:26:00-03:00,2025-11-09T09:26:00-03:00,2025-11-10T09:26:00-03:00,fulfilled,B2B-V1-BASE,BLD-9102B6E8BF1ABFFC5F32,True
ORD-SYN-001107,CUS-SYN-052,2025-11-07T11:58:00-03:00,2025-11-09T11:58:00-03:00,2025-11-10T11:58:00-03:00,partially_fulfilled,B2B-V1-BASE,BLD-9102B6E8BF1ABFFC5F32,True
ORD-SYN-001108,CUS-SYN-013,2025-11-07T12:31:00-03:00,2025-11-09T12:31:00-03:00,2025-11-09T12:31:00-03:00,fulfilled,B2B-V1-BASE,BLD-9102B6E8BF1ABFFC5F32,True
ORD-SYN-001109,CUS-SYN-022,2025-11-07T12:40:00-03:00,2025-11-08T12:40:00-03:00,2025-11-09T12:40:00-03:00,partially_fulfilled,B2B-V1-BASE,BLD-9102B6E8BF1ABFFC5F32,True
ORD-SYN-001110,CUS-SYN-018,2025-11-07T13:05:00-03:00,2025-11-09T13:05:00-03:00,2025-11-09T13:05:00-03:00,fulfilled,B2B-V1-BASE,BLD-9102B6E8BF1ABFFC5F32,True
ORD-SYN-001111,CUS-SYN-095,2025-11-07T14:00:00-03:00,2025-11-11T14:00:00-03:00,2025-11-13T14:00:00-03:00,fulfilled,B2B-V1-BASE,BLD-9102B6E8BF1ABFFC5F32,True
ORD-SYN-001112,CUS-SYN-053,2025-11-07T14:39:00-03:00,,2025-11-10T14:39:00-03:00,fulfilled,B2B-V1-BASE,BLD-9102B6E8BF1ABFFC5F32,True
ORD-SYN-001113,CUS-SYN-090,2025-11-07T15:21:00-03:00,2025-11-10T15:21:00-03:00,2025-11-11T15:21:00-03:00,fulfilled,B2B-V1-BASE,BLD-9102B6E8BF1ABFFC5F32,True
ORD-SYN-001114,CUS-SYN-054,2025-11-07T16:53:00-03:00,2025-11-09T16:53:00-03:00,2025-11-11T16:53:00-03:00,fulfilled,B2B-V1-BASE,BLD-9102B6E8BF1ABFFC5F32,True
ORD-SYN-001115,CUS-SYN-065,2025-11-08T08:50:00-03:00,,2025-11-10T08:50:00-03:00,fulfilled,B2B-V1-BASE,BLD-9102B6E8BF1ABFFC5F32,True
ORD-SYN-001116,CUS-SYN-045,2025-11-08T09:05:00-03:00,2025-11-09T09:05:00-03:00,2025-11-12T09:05:00-03:00,partially_fulfilled,B2B-V1-BASE,BLD-9102B6E8BF1ABFFC5F32,True
ORD-SYN-001117,CUS-SYN-078,2025-11-08T09:37:00-03:00,2025-11-10T09:37:00-03:00,2025-11-10T09:37:00-03:00,fulfilled,B2B-V1-BASE,BLD-9102B6E8BF1ABFFC5F32,True
ORD-SYN-001118,CUS-SYN-146,2025-11-08T10:25:00-03:00,2025-11-10T10:25:00-03:00,2025-11-10T10:25:00-03:00,fulfilled,B2B-V1-BASE,BLD-9102B6E8BF1ABFFC5F32,True
ORD-SYN-001119,CUS-SYN-069,2025-11-08T10:32:00-03:00,,2025-11-11T10:32:00-03:00,fulfilled,B2B-V1-BASE,BLD-9102B6E8BF1ABFFC5F32,True
ORD-SYN-001120,CUS-SYN-102,2025-11-08T11:19:00-03:00,2025-11-10T11:19:00-03:00,2025-11-14T11:19:00-03:00,fulfilled,B2B-V1-BASE,BLD-9102B6E8BF1ABFFC5F32,True
ORD-SYN-001121,CUS-SYN-124,2025-11-08T11:40:00-03:00,,2025-11-10T11:40:00-03:00,fulfilled,B2B-V1-BASE,BLD-9102B6E8BF1ABFFC5F32,True
ORD-SYN-001122,CUS-SYN-058,2025-11-08T13:11:00-03:00,,2025-11-10T13:11:00-03:00,fulfilled,B2B-V1-BASE,BLD-9102B6E8BF1ABFFC5F32,True
ORD-SYN-001123,CUS-SYN-121,2025-11-08T16:24:00-03:00,,2025-11-13T16:24:00-03:00,partially_fulfilled,B2B-V1-BASE,BLD-9102B6E8BF1ABFFC5F32,True
ORD-SYN-001124,CUS-SYN-062,2025-11-08T16:30:00-03:00,2025-11-10T16:30:00-03:00,2025-11-13T16:30:00-03:00,partially_fulfilled,B2B-V1-BASE,BLD-9102B6E8BF1ABFFC5F32,True
ORD-SYN-001125,CUS-SYN-026,2025-11-08T16:39:00-03:00,2025-11-12T16:39:00-03:00,2025-11-13T16:39:00-03:00,fulfilled,B2B-V1-BASE,BLD-9102B6E8BF1ABFFC5F32,True
ORD-SYN-001126,CUS-SYN-006,2025-11-08T17:15:00-03:00,2025-11-11T17:15:00-03:00,2025-11-11T17:15:00-03:00,fulfilled,B2B-V1-BASE,BLD-9102B6E8BF1ABFFC5F32,True
ORD-SYN-001127,CUS-SYN-006,2025-11-08T17:25:00-03:00,2025-11-12T17:25:00-03:00,2025-11-14T17:25:00-03:00,fulfilled,B2B-V1-BASE,BLD-9102B6E8BF1ABFFC5F32,True
ORD-SYN-001128,CUS-SYN-141,2025-11-08T17:40:00-03:00,2025-11-11T17:40:00-03:00,2025-11-11T17:40:00-03:00,fulfilled,B2B-V1-BASE,BLD-9102B6E8BF1ABFFC5F32,True
ORD-SYN-001129,CUS-SYN-134,2025-11-09T08:01:00-03:00,2025-11-11T08:01:00-03:00,2025-11-12T08:01:00-03:00,partially_fulfilled,B2B-V1-BASE,BLD-9102B6E8BF1ABFFC5F32,True
ORD-SYN-001130,CUS-SYN-040,2025-11-09T08:19:00-03:00,2025-11-11T08:19:00-03:00,2025-11-14T08:19:00-03:00,fulfilled,B2B-V1-BASE,BLD-9102B6E8BF1ABFFC5F32,True
ORD-SYN-001131,CUS-SYN-057,2025-11-09T09:04:00-03:00,2025-11-14T09:04:00-03:00,2025-11-14T09:04:00-03:00,fulfilled,B2B-V1-BASE,BLD-9102B6E8BF1ABFFC5F32,True
ORD-SYN-001132,CUS-SYN-009,2025-11-09T09:20:00-03:00,2025-11-12T09:20:00-03:00,2025-11-14T09:20:00-03:00,fulfilled,B2B-V1-BASE,BLD-9102B6E8BF1ABFFC5F32,True
ORD-SYN-001133,CUS-SYN-141,2025-11-09T11:15:00-03:00,2025-11-11T11:15:00-03:00,2025-11-11T11:15:00-03:00,fulfilled,B2B-V1-BASE,BLD-9102B6E8BF1ABFFC5F32,True
ORD-SYN-001134,CUS-SYN-104,2025-11-09T11:46:00-03:00,2025-11-12T11:46:00-03:00,2025-11-13T11:46:00-03:00,fulfilled,B2B-V1-BASE,BLD-9102B6E8BF1ABFFC5F32,True
ORD-SYN-001135,CUS-SYN-109,2025-11-09T12:27:00-03:00,2025-11-11T12:27:00-03:00,2025-11-12T12:27:00-03:00,fulfilled,B2B-V1-BASE,BLD-9102B6E8BF1ABFFC5F32,True
ORD-SYN-001136,CUS-SYN-057,2025-11-09T12:30:00-03:00,2025-11-12T12:30:00-03:00,2025-11-13T12:30:00-03:00,fulfilled,B2B-V1-BASE,BLD-9102B6E8BF1ABFFC5F32,True
ORD-SYN-001137,CUS-SYN-113,2025-11-09T12:31:00-03:00,,2025-11-11T12:31:00-03:00,fulfilled,B2B-V1-BASE,BLD-9102B6E8BF1ABFFC5F32,True
ORD-SYN-001138,CUS-SYN-105,2025-11-09T13:57:00-03:00,,2025-11-12T13:57:00-03:00,partially_fulfilled,B2B-V1-BASE,BLD-9102B6E8BF1ABFFC5F32,True
ORD-SYN-001139,CUS-SYN-058,2025-11-09T14:11:00-03:00,2025-11-12T14:11:00-03:00,2025-11-12T14:11:00-03:00,fulfilled,B2B-V1-BASE,BLD-9102B6E8BF1ABFFC5F32,True
ORD-SYN-001140,CUS-SYN-033,2025-11-09T14:28:00-03:00,,2025-11-15T14:28:00-03:00,fulfilled,B2B-V1-BASE,BLD-9102B6E8BF1ABFFC5F32,True
ORD-SYN-001141,CUS-SYN-041,2025-11-09T14:55:00-03:00,,2025-11-12T14:55:00-03:00,partially_fulfilled,B2B-V1-BASE,BLD-9102B6E8BF1ABFFC5F32,True
ORD-SYN-001142,CUS-SYN-014,2025-11-09T16:46:00-03:00,2025-11-14T16:46:00-03:00,2025-11-15T16:46:00-03:00,fulfilled,B2B-V1-BASE,BLD-9102B6E8BF1ABFFC5F32,True
ORD-SYN-001143,CUS-SYN-117,2025-11-09T17:31:00-03:00,,2025-11-15T17:31:00-03:00,fulfilled,B2B-V1-BASE,BLD-9102B6E8BF1ABFFC5F32,True
ORD-SYN-001144,CUS-SYN-058,2025-11-10T08:40:00-03:00,2025-11-12T08:40:00-03:00,2025-11-13T08:40:00-03:00,fulfilled,B2B-V1-BASE,BLD-9102B6E8BF1ABFFC5F32,True
ORD-SYN-001145,CUS-SYN-134,2025-11-10T10:26:00-03:00,2025-11-12T10:26:00-03:00,2025-11-12T10:26:00-03:00,fulfilled,B2B-V1-BASE,BLD-9102B6E8BF1ABFFC5F32,True
ORD-SYN-001146,CUS-SYN-078,2025-11-10T14:31:00-03:00,2025-11-12T14:31:00-03:00,2025-11-12T14:31:00-03:00,partially_fulfilled,B2B-V1-BASE,BLD-9102B6E8BF1ABFFC5F32,True
ORD-SYN-001147,CUS-SYN-063,2025-11-10T15:25:00-03:00,2025-11-11T15:25:00-03:00,2025-11-14T15:25:00-03:00,fulfilled,B2B-V1-BASE,BLD-9102B6E8BF1ABFFC5F32,True
ORD-SYN-001148,CUS-SYN-045,2025-11-10T16:03:00-03:00,2025-11-12T16:03:00-03:00,2025-11-12T16:03:00-03:00,partially_fulfilled,B2B-V1-BASE,BLD-9102B6E8BF1ABFFC5F32,True
ORD-SYN-001149,CUS-SYN-098,2025-11-10T17:03:00-03:00,2025-11-11T17:03:00-03:00,2025-11-12T17:03:00-03:00,fulfilled,B2B-V1-BASE,BLD-9102B6E8BF1ABFFC5F32,True
ORD-SYN-001150,CUS-SYN-002,2025-11-10T17:24:00-03:00,2025-11-12T17:24:00-03:00,2025-11-13T17:24:00-03:00,fulfilled,B2B-V1-BASE,BLD-9102B6E8BF1ABFFC5F32,True
ORD-SYN-001151,CUS-SYN-026,2025-11-11T08:21:00-03:00,2025-11-14T08:21:00-03:00,2025-11-14T08:21:00-03:00,fulfilled,B2B-V1-BASE,BLD-9102B6E8BF1ABFFC5F32,True
ORD-SYN-001152,CUS-SYN-034,2025-11-11T09:02:00-03:00,2025-11-13T09:02:00-03:00,2025-11-14T09:02:00-03:00,fulfilled,B2B-V1-BASE,BLD-9102B6E8BF1ABFFC5F32,True
ORD-SYN-001153,CUS-SYN-085,2025-11-11T11:11:00-03:00,2025-11-15T11:11:00-03:00,2025-11-17T11:11:00-03:00,fulfilled,B2B-V1-BASE,BLD-9102B6E8BF1ABFFC5F32,True
ORD-SYN-001154,CUS-SYN-112,2025-11-11T11:20:00-03:00,,2025-11-14T11:20:00-03:00,fulfilled,B2B-V1-BASE,BLD-9102B6E8BF1ABFFC5F32,True
ORD-SYN-001155,CUS-SYN-125,2025-11-11T11:37:00-03:00,2025-11-13T11:37:00-03:00,2025-11-16T11:37:00-03:00,partially_fulfilled,B2B-V1-BASE,BLD-9102B6E8BF1ABFFC5F32,True
ORD-SYN-001156,CUS-SYN-078,2025-11-11T13:06:00-03:00,2025-11-16T13:06:00-03:00,2025-11-16T13:06:00-03:00,fulfilled,B2B-V1-BASE,BLD-9102B6E8BF1ABFFC5F32,True
ORD-SYN-001157,CUS-SYN-016,2025-11-11T13:43:00-03:00,2025-11-12T13:43:00-03:00,2025-11-13T13:43:00-03:00,fulfilled,B2B-V1-BASE,BLD-9102B6E8BF1ABFFC5F32,True
ORD-SYN-001158,CUS-SYN-122,2025-11-11T16:53:00-03:00,2025-11-15T16:53:00-03:00,2025-11-16T16:53:00-03:00,fulfilled,B2B-V1-BASE,BLD-9102B6E8BF1ABFFC5F32,True
ORD-SYN-001159,CUS-SYN-131,2025-11-11T16:55:00-03:00,2025-11-12T16:55:00-03:00,2025-11-14T16:55:00-03:00,partially_fulfilled,B2B-V1-BASE,BLD-9102B6E8BF1ABFFC5F32,True
ORD-SYN-001160,CUS-SYN-085,2025-11-11T17:08:00-03:00,,2025-11-14T17:08:00-03:00,fulfilled,B2B-V1-BASE,BLD-9102B6E8BF1ABFFC5F32,True
ORD-SYN-001161,CUS-SYN-104,2025-11-11T17:12:00-03:00,,2025-11-13T17:12:00-03:00,fulfilled,B2B-V1-BASE,BLD-9102B6E8BF1ABFFC5F32,True
ORD-SYN-001162,CUS-SYN-011,2025-11-11T17:17:00-03:00,2025-11-14T17:17:00-03:00,2025-11-14T17:17:00-03:00,fulfilled,B2B-V1-BASE,BLD-9102B6E8BF1ABFFC5F32,True
ORD-SYN-001163,CUS-SYN-133,2025-11-11T17:26:00-03:00,,2025-11-14T17:26:00-03:00,fulfilled,B2B-V1-BASE,BLD-9102B6E8BF1ABFFC5F32,True
ORD-SYN-001164,CUS-SYN-017,2025-11-11T17:33:00-03:00,2025-11-15T17:33:00-03:00,2025-11-16T17:33:00-03:00,fulfilled,B2B-V1-BASE,BLD-9102B6E8BF1ABFFC5F32,True
ORD-SYN-001165,CUS-SYN-059,2025-11-12T08:00:00-03:00,,2025-11-15T08:00:00-03:00,partially_fulfilled,B2B-V1-BASE,BLD-9102B6E8BF1ABFFC5F32,True
ORD-SYN-001166,CUS-SYN-024,2025-11-12T08:55:00-03:00,2025-11-13T08:55:00-03:00,2025-11-17T08:55:00-03:00,fulfilled,B2B-V1-BASE,BLD-9102B6E8BF1ABFFC5F32,True
ORD-SYN-001167,CUS-SYN-068,2025-11-12T09:10:00-03:00,,2025-11-14T09:10:00-03:00,fulfilled,B2B-V1-BASE,BLD-9102B6E8BF1ABFFC5F32,True
ORD-SYN-001168,CUS-SYN-074,2025-11-12T09:59:00-03:00,,2025-11-18T09:59:00-03:00,fulfilled,B2B-V1-BASE,BLD-9102B6E8BF1ABFFC5F32,True
ORD-SYN-001169,CUS-SYN-063,2025-11-12T10:32:00-03:00,,2025-11-18T10:32:00-03:00,fulfilled,B2B-V1-BASE,BLD-9102B6E8BF1ABFFC5F32,True
ORD-SYN-001170,CUS-SYN-045,2025-11-12T10:56:00-03:00,,2025-11-17T10:56:00-03:00,fulfilled,B2B-V1-BASE,BLD-9102B6E8BF1ABFFC5F32,True
ORD-SYN-001171,CUS-SYN-110,2025-11-12T14:05:00-03:00,2025-11-15T14:05:00-03:00,2025-11-16T14:05:00-03:00,fulfilled,B2B-V1-BASE,BLD-9102B6E8BF1ABFFC5F32,True
ORD-SYN-001172,CUS-SYN-086,2025-11-12T14:43:00-03:00,2025-11-13T14:43:00-03:00,2025-11-15T14:43:00-03:00,fulfilled,B2B-V1-BASE,BLD-9102B6E8BF1ABFFC5F32,True
ORD-SYN-001173,CUS-SYN-074,2025-11-12T15:01:00-03:00,2025-11-13T15:01:00-03:00,2025-11-14T15:01:00-03:00,fulfilled,B2B-V1-BASE,BLD-9102B6E8BF1ABFFC5F32,True
ORD-SYN-001174,CUS-SYN-049,2025-11-12T16:09:00-03:00,2025-11-14T16:09:00-03:00,2025-11-15T16:09:00-03:00,fulfilled,B2B-V1-BASE,BLD-9102B6E8BF1ABFFC5F32,True
ORD-SYN-001175,CUS-SYN-076,2025-11-12T16:35:00-03:00,2025-11-17T16:35:00-03:00,2025-11-17T16:35:00-03:00,fulfilled,B2B-V1-BASE,BLD-9102B6E8BF1ABFFC5F32,True
ORD-SYN-001176,CUS-SYN-144,2025-11-13T11:04:00-03:00,,2025-11-16T11:04:00-03:00,partially_fulfilled,B2B-V1-BASE,BLD-9102B6E8BF1ABFFC5F32,True
ORD-SYN-001177,CUS-SYN-029,2025-11-13T12:31:00-03:00,2025-11-14T12:31:00-03:00,2025-11-19T12:31:00-03:00,fulfilled,B2B-V1-BASE,BLD-9102B6E8BF1ABFFC5F32,True
ORD-SYN-001178,CUS-SYN-010,2025-11-13T12:43:00-03:00,,2025-11-18T12:43:00-03:00,fulfilled,B2B-V1-BASE,BLD-9102B6E8BF1ABFFC5F32,True
ORD-SYN-001179,CUS-SYN-090,2025-11-13T12:43:00-03:00,2025-11-14T12:43:00-03:00,2025-11-19T12:43:00-03:00,fulfilled,B2B-V1-BASE,BLD-9102B6E8BF1ABFFC5F32,True
ORD-SYN-001180,CUS-SYN-022,2025-11-13T13:14:00-03:00,2025-11-17T13:14:00-03:00,2025-11-17T13:14:00-03:00,fulfilled,B2B-V1-BASE,BLD-9102B6E8BF1ABFFC5F32,True
ORD-SYN-001181,CUS-SYN-059,2025-11-13T13:38:00-03:00,2025-11-18T13:38:00-03:00,2025-11-19T13:38:00-03:00,partially_fulfilled,B2B-V1-BASE,BLD-9102B6E8BF1ABFFC5F32,True
ORD-SYN-001182,CUS-SYN-032,2025-11-13T13:42:00-03:00,2025-11-15T13:42:00-03:00,2025-11-17T13:42:00-03:00,fulfilled,B2B-V1-BASE,BLD-9102B6E8BF1ABFFC5F32,True
ORD-SYN-001183,CUS-SYN-048,2025-11-13T14:22:00-03:00,2025-11-14T14:22:00-03:00,2025-11-17T14:22:00-03:00,fulfilled,B2B-V1-BASE,BLD-9102B6E8BF1ABFFC5F32,True
ORD-SYN-001184,CUS-SYN-129,2025-11-13T15:11:00-03:00,2025-11-15T15:11:00-03:00,2025-11-17T15:11:00-03:00,fulfilled,B2B-V1-BASE,BLD-9102B6E8BF1ABFFC5F32,True
ORD-SYN-001185,CUS-SYN-064,2025-11-13T15:21:00-03:00,2025-11-15T15:21:00-03:00,2025-11-17T15:21:00-03:00,fulfilled,B2B-V1-BASE,BLD-9102B6E8BF1ABFFC5F32,True
ORD-SYN-001186,CUS-SYN-005,2025-11-13T16:02:00-03:00,2025-11-17T16:02:00-03:00,2025-11-18T16:02:00-03:00,fulfilled,B2B-V1-BASE,BLD-9102B6E8BF1ABFFC5F32,True
ORD-SYN-001187,CUS-SYN-053,2025-11-13T16:56:00-03:00,2025-11-14T16:56:00-03:00,2025-11-19T16:56:00-03:00,fulfilled,B2B-V1-BASE,BLD-9102B6E8BF1ABFFC5F32,True
ORD-SYN-001188,CUS-SYN-021,2025-11-13T17:18:00-03:00,2025-11-17T17:18:00-03:00,2025-11-19T17:18:00-03:00,partially_fulfilled,B2B-V1-BASE,BLD-9102B6E8BF1ABFFC5F32,True
ORD-SYN-001189,CUS-SYN-046,2025-11-14T08:03:00-03:00,,2025-11-17T08:03:00-03:00,fulfilled,B2B-V1-BASE,BLD-9102B6E8BF1ABFFC5F32,True
ORD-SYN-001190,CUS-SYN-102,2025-11-14T08:08:00-03:00,2025-11-15T08:08:00-03:00,2025-11-17T08:08:00-03:00,fulfilled,B2B-V1-BASE,BLD-9102B6E8BF1ABFFC5F32,True
ORD-SYN-001191,CUS-SYN-145,2025-11-14T08:51:00-03:00,,2025-11-16T08:51:00-03:00,partially_fulfilled,B2B-V1-BASE,BLD-9102B6E8BF1ABFFC5F32,True
ORD-SYN-001192,CUS-SYN-055,2025-11-14T09:11:00-03:00,2025-11-16T09:11:00-03:00,2025-11-16T09:11:00-03:00,fulfilled,B2B-V1-BASE,BLD-9102B6E8BF1ABFFC5F32,True
ORD-SYN-001193,CUS-SYN-013,2025-11-14T10:24:00-03:00,2025-11-17T10:24:00-03:00,2025-11-19T10:24:00-03:00,fulfilled,B2B-V1-BASE,BLD-9102B6E8BF1ABFFC5F32,True
ORD-SYN-001194,CUS-SYN-015,2025-11-14T10:27:00-03:00,,2025-11-20T10:27:00-03:00,partially_fulfilled,B2B-V1-BASE,BLD-9102B6E8BF1ABFFC5F32,True
ORD-SYN-001195,CUS-SYN-057,2025-11-14T11:28:00-03:00,2025-11-18T11:28:00-03:00,2025-11-18T11:28:00-03:00,partially_fulfilled,B2B-V1-BASE,BLD-9102B6E8BF1ABFFC5F32,True
ORD-SYN-001196,CUS-SYN-097,2025-11-14T12:45:00-03:00,2025-11-16T12:45:00-03:00,2025-11-16T12:45:00-03:00,fulfilled,B2B-V1-BASE,BLD-9102B6E8BF1ABFFC5F32,True
ORD-SYN-001197,CUS-SYN-057,2025-11-14T14:00:00-03:00,2025-11-15T14:00:00-03:00,2025-11-19T14:00:00-03:00,fulfilled,B2B-V1-BASE,BLD-9102B6E8BF1ABFFC5F32,True
ORD-SYN-001198,CUS-SYN-103,2025-11-14T14:39:00-03:00,,2025-11-20T14:39:00-03:00,partially_fulfilled,B2B-V1-BASE,BLD-9102B6E8BF1ABFFC5F32,True
ORD-SYN-001199,CUS-SYN-030,2025-11-14T15:22:00-03:00,2025-11-15T15:22:00-03:00,2025-11-20T15:22:00-03:00,fulfilled,B2B-V1-BASE,BLD-9102B6E8BF1ABFFC5F32,True
ORD-SYN-001200,CUS-SYN-074,2025-11-14T15:38:00-03:00,2025-11-19T15:38:00-03:00,2025-11-19T15:38:00-03:00,fulfilled,B2B-V1-BASE,BLD-9102B6E8BF1ABFFC5F32,True
ORD-SYN-001201,CUS-SYN-141,2025-11-14T16:28:00-03:00,2025-11-15T16:28:00-03:00,2025-11-17T16:28:00-03:00,partially_fulfilled,B2B-V1-BASE,BLD-9102B6E8BF1ABFFC5F32,True
ORD-SYN-001202,CUS-SYN-107,2025-11-15T08:17:00-03:00,,2025-11-20T08:17:00-03:00,fulfilled,B2B-V1-BASE,BLD-9102B6E8BF1ABFFC5F32,True
ORD-SYN-001203,CUS-SYN-056,2025-11-15T08:45:00-03:00,2025-11-18T08:45:00-03:00,2025-11-18T08:45:00-03:00,fulfilled,B2B-V1-BASE,BLD-9102B6E8BF1ABFFC5F32,True
ORD-SYN-001204,CUS-SYN-093,2025-11-15T09:04:00-03:00,2025-11-18T09:04:00-03:00,2025-11-18T09:04:00-03:00,fulfilled,B2B-V1-BASE,BLD-9102B6E8BF1ABFFC5F32,True
ORD-SYN-001205,CUS-SYN-117,2025-11-15T12:44:00-03:00,2025-11-16T12:44:00-03:00,2025-11-17T12:44:00-03:00,partially_fulfilled,B2B-V1-BASE,BLD-9102B6E8BF1ABFFC5F32,True
ORD-SYN-001206,CUS-SYN-089,2025-11-15T12:50:00-03:00,2025-11-17T12:50:00-03:00,2025-11-21T12:50:00-03:00,fulfilled,B2B-V1-BASE,BLD-9102B6E8BF1ABFFC5F32,True
ORD-SYN-001207,CUS-SYN-030,2025-11-15T12:53:00-03:00,2025-11-18T12:53:00-03:00,2025-11-18T12:53:00-03:00,fulfilled,B2B-V1-BASE,BLD-9102B6E8BF1ABFFC5F32,True
ORD-SYN-001208,CUS-SYN-003,2025-11-15T13:28:00-03:00,2025-11-20T13:28:00-03:00,2025-11-20T13:28:00-03:00,fulfilled,B2B-V1-BASE,BLD-9102B6E8BF1ABFFC5F32,True
ORD-SYN-001209,CUS-SYN-117,2025-11-15T13:39:00-03:00,2025-11-19T13:39:00-03:00,2025-11-19T13:39:00-03:00,fulfilled,B2B-V1-BASE,BLD-9102B6E8BF1ABFFC5F32,True
ORD-SYN-001210,CUS-SYN-054,2025-11-15T14:51:00-03:00,2025-11-16T14:51:00-03:00,2025-11-19T14:51:00-03:00,fulfilled,B2B-V1-BASE,BLD-9102B6E8BF1ABFFC5F32,True
ORD-SYN-001211,CUS-SYN-083,2025-11-15T14:52:00-03:00,2025-11-16T14:52:00-03:00,2025-11-17T14:52:00-03:00,fulfilled,B2B-V1-BASE,BLD-9102B6E8BF1ABFFC5F32,True
ORD-SYN-001212,CUS-SYN-022,2025-11-15T14:52:00-03:00,2025-11-19T14:52:00-03:00,2025-11-21T14:52:00-03:00,fulfilled,B2B-V1-BASE,BLD-9102B6E8BF1ABFFC5F32,True
ORD-SYN-001213,CUS-SYN-029,2025-11-15T15:21:00-03:00,2025-11-16T15:21:00-03:00,2025-11-18T15:21:00-03:00,fulfilled,B2B-V1-BASE,BLD-9102B6E8BF1ABFFC5F32,True
ORD-SYN-001214,CUS-SYN-019,2025-11-15T15:46:00-03:00,2025-11-18T15:46:00-03:00,2025-11-19T15:46:00-03:00,fulfilled,B2B-V1-BASE,BLD-9102B6E8BF1ABFFC5F32,True
ORD-SYN-001215,CUS-SYN-023,2025-11-15T17:24:00-03:00,2025-11-17T17:24:00-03:00,2025-11-17T17:24:00-03:00,fulfilled,B2B-V1-BASE,BLD-9102B6E8BF1ABFFC5F32,True
ORD-SYN-001216,CUS-SYN-067,2025-11-15T17:33:00-03:00,2025-11-17T17:33:00-03:00,2025-11-21T17:33:00-03:00,fulfilled,B2B-V1-BASE,BLD-9102B6E8BF1ABFFC5F32,True
ORD-SYN-001217,CUS-SYN-010,2025-11-15T17:34:00-03:00,2025-11-18T17:34:00-03:00,2025-11-21T17:34:00-03:00,fulfilled,B2B-V1-BASE,BLD-9102B6E8BF1ABFFC5F32,True
ORD-SYN-001218,CUS-SYN-023,2025-11-16T08:20:00-03:00,2025-11-18T08:20:00-03:00,2025-11-18T08:20:00-03:00,fulfilled,B2B-V1-BASE,BLD-9102B6E8BF1ABFFC5F32,True
ORD-SYN-001219,CUS-SYN-106,2025-11-16T08:24:00-03:00,2025-11-19T08:24:00-03:00,2025-11-19T08:24:00-03:00,partially_fulfilled,B2B-V1-BASE,BLD-9102B6E8BF1ABFFC5F32,True
ORD-SYN-001220,CUS-SYN-060,2025-11-16T08:25:00-03:00,2025-11-17T08:25:00-03:00,2025-11-22T08:25:00-03:00,fulfilled,B2B-V1-BASE,BLD-9102B6E8BF1ABFFC5F32,True
ORD-SYN-001221,CUS-SYN-048,2025-11-16T08:27:00-03:00,2025-11-18T08:27:00-03:00,2025-11-18T08:27:00-03:00,fulfilled,B2B-V1-BASE,BLD-9102B6E8BF1ABFFC5F32,True
ORD-SYN-001222,CUS-SYN-133,2025-11-16T09:38:00-03:00,2025-11-21T09:38:00-03:00,2025-11-21T09:38:00-03:00,partially_fulfilled,B2B-V1-BASE,BLD-9102B6E8BF1ABFFC5F32,True
ORD-SYN-001223,CUS-SYN-067,2025-11-16T10:01:00-03:00,2025-11-18T10:01:00-03:00,2025-11-18T10:01:00-03:00,partially_fulfilled,B2B-V1-BASE,BLD-9102B6E8BF1ABFFC5F32,True
ORD-SYN-001224,CUS-SYN-146,2025-11-16T11:28:00-03:00,2025-11-17T11:28:00-03:00,2025-11-18T11:28:00-03:00,fulfilled,B2B-V1-BASE,BLD-9102B6E8BF1ABFFC5F32,True
ORD-SYN-001225,CUS-SYN-005,2025-11-16T12:54:00-03:00,2025-11-19T12:54:00-03:00,2025-11-20T12:54:00-03:00,fulfilled,B2B-V1-BASE,BLD-9102B6E8BF1ABFFC5F32,True
ORD-SYN-001226,CUS-SYN-138,2025-11-16T12:59:00-03:00,2025-11-18T12:59:00-03:00,2025-11-19T12:59:00-03:00,fulfilled,B2B-V1-BASE,BLD-9102B6E8BF1ABFFC5F32,True
ORD-SYN-001227,CUS-SYN-104,2025-11-16T15:43:00-03:00,,2025-11-20T15:43:00-03:00,fulfilled,B2B-V1-BASE,BLD-9102B6E8BF1ABFFC5F32,True
ORD-SYN-001228,CUS-SYN-081,2025-11-17T09:01:00-03:00,2025-11-19T09:01:00-03:00,2025-11-19T09:01:00-03:00,fulfilled,B2B-V1-BASE,BLD-9102B6E8BF1ABFFC5F32,True
ORD-SYN-001229,CUS-SYN-115,2025-11-17T09:24:00-03:00,2025-11-21T09:24:00-03:00,2025-11-23T09:24:00-03:00,fulfilled,B2B-V1-BASE,BLD-9102B6E8BF1ABFFC5F32,True
ORD-SYN-001230,CUS-SYN-138,2025-11-17T10:05:00-03:00,,2025-11-22T10:05:00-03:00,partially_fulfilled,B2B-V1-BASE,BLD-9102B6E8BF1ABFFC5F32,True
ORD-SYN-001231,CUS-SYN-062,2025-11-17T10:32:00-03:00,,2025-11-23T10:32:00-03:00,fulfilled,B2B-V1-BASE,BLD-9102B6E8BF1ABFFC5F32,True
ORD-SYN-001232,CUS-SYN-053,2025-11-17T10:44:00-03:00,2025-11-20T10:44:00-03:00,2025-11-22T10:44:00-03:00,fulfilled,B2B-V1-BASE,BLD-9102B6E8BF1ABFFC5F32,True
ORD-SYN-001233,CUS-SYN-005,2025-11-17T10:51:00-03:00,2025-11-22T10:51:00-03:00,2025-11-23T10:51:00-03:00,partially_fulfilled,B2B-V1-BASE,BLD-9102B6E8BF1ABFFC5F32,True
ORD-SYN-001234,CUS-SYN-134,2025-11-17T13:41:00-03:00,2025-11-18T13:41:00-03:00,2025-11-23T13:41:00-03:00,fulfilled,B2B-V1-BASE,BLD-9102B6E8BF1ABFFC5F32,True
ORD-SYN-001235,CUS-SYN-120,2025-11-17T14:04:00-03:00,2025-11-20T14:04:00-03:00,2025-11-20T14:04:00-03:00,fulfilled,B2B-V1-BASE,BLD-9102B6E8BF1ABFFC5F32,True
ORD-SYN-001236,CUS-SYN-090,2025-11-17T15:42:00-03:00,,2025-11-21T15:42:00-03:00,fulfilled,B2B-V1-BASE,BLD-9102B6E8BF1ABFFC5F32,True
ORD-SYN-001237,CUS-SYN-145,2025-11-17T15:55:00-03:00,2025-11-20T15:55:00-03:00,2025-11-21T15:55:00-03:00,fulfilled,B2B-V1-BASE,BLD-9102B6E8BF1ABFFC5F32,True
ORD-SYN-001238,CUS-SYN-082,2025-11-17T16:10:00-03:00,2025-11-22T16:10:00-03:00,2025-11-23T16:10:00-03:00,fulfilled,B2B-V1-BASE,BLD-9102B6E8BF1ABFFC5F32,True
ORD-SYN-001239,CUS-SYN-141,2025-11-17T17:36:00-03:00,2025-11-20T17:36:00-03:00,2025-11-20T17:36:00-03:00,partially_fulfilled,B2B-V1-BASE,BLD-9102B6E8BF1ABFFC5F32,True
ORD-SYN-001240,CUS-SYN-008,2025-11-18T08:11:00-03:00,2025-11-21T08:11:00-03:00,2025-11-24T08:11:00-03:00,fulfilled,B2B-V1-BASE,BLD-9102B6E8BF1ABFFC5F32,True
ORD-SYN-001241,CUS-SYN-097,2025-11-18T08:19:00-03:00,2025-11-20T08:19:00-03:00,2025-11-21T08:19:00-03:00,partially_fulfilled,B2B-V1-BASE,BLD-9102B6E8BF1ABFFC5F32,True
ORD-SYN-001242,CUS-SYN-116,2025-11-18T09:32:00-03:00,2025-11-20T09:32:00-03:00,2025-11-21T09:32:00-03:00,fulfilled,B2B-V1-BASE,BLD-9102B6E8BF1ABFFC5F32,True
ORD-SYN-001243,CUS-SYN-118,2025-11-18T09:44:00-03:00,2025-11-22T09:44:00-03:00,2025-11-22T09:44:00-03:00,fulfilled,B2B-V1-BASE,BLD-9102B6E8BF1ABFFC5F32,True
ORD-SYN-001244,CUS-SYN-021,2025-11-18T10:12:00-03:00,2025-11-20T10:12:00-03:00,2025-11-21T10:12:00-03:00,fulfilled,B2B-V1-BASE,BLD-9102B6E8BF1ABFFC5F32,True
ORD-SYN-001245,CUS-SYN-006,2025-11-18T11:20:00-03:00,2025-11-20T11:20:00-03:00,2025-11-24T11:20:00-03:00,fulfilled,B2B-V1-BASE,BLD-9102B6E8BF1ABFFC5F32,True
ORD-SYN-001246,CUS-SYN-061,2025-11-18T11:37:00-03:00,2025-11-19T11:37:00-03:00,2025-11-23T11:37:00-03:00,fulfilled,B2B-V1-BASE,BLD-9102B6E8BF1ABFFC5F32,True
ORD-SYN-001247,CUS-SYN-093,2025-11-18T13:01:00-03:00,2025-11-20T13:01:00-03:00,2025-11-20T13:01:00-03:00,fulfilled,B2B-V1-BASE,BLD-9102B6E8BF1ABFFC5F32,True
ORD-SYN-001248,CUS-SYN-047,2025-11-18T14:56:00-03:00,2025-11-22T14:56:00-03:00,2025-11-22T14:56:00-03:00,fulfilled,B2B-V1-BASE,BLD-9102B6E8BF1ABFFC5F32,True
ORD-SYN-001249,CUS-SYN-149,2025-11-18T14:59:00-03:00,2025-11-20T14:59:00-03:00,2025-11-23T14:59:00-03:00,fulfilled,B2B-V1-BASE,BLD-9102B6E8BF1ABFFC5F32,True
ORD-SYN-001250,CUS-SYN-062,2025-11-19T08:11:00-03:00,,2025-11-22T08:11:00-03:00,fulfilled,B2B-V1-BASE,BLD-9102B6E8BF1ABFFC5F32,True
ORD-SYN-001251,CUS-SYN-089,2025-11-19T08:29:00-03:00,2025-11-25T08:29:00-03:00,2025-11-25T08:29:00-03:00,fulfilled,B2B-V1-BASE,BLD-9102B6E8BF1ABFFC5F32,True
ORD-SYN-001252,CUS-SYN-144,2025-11-19T08:40:00-03:00,2025-11-20T08:40:00-03:00,2025-11-23T08:40:00-03:00,partially_fulfilled,B2B-V1-BASE,BLD-9102B6E8BF1ABFFC5F32,True
ORD-SYN-001253,CUS-SYN-123,2025-11-19T10:00:00-03:00,2025-11-21T10:00:00-03:00,2025-11-24T10:00:00-03:00,fulfilled,B2B-V1-BASE,BLD-9102B6E8BF1ABFFC5F32,True
ORD-SYN-001254,CUS-SYN-125,2025-11-19T12:28:00-03:00,2025-11-23T12:28:00-03:00,2025-11-24T12:28:00-03:00,partially_fulfilled,B2B-V1-BASE,BLD-9102B6E8BF1ABFFC5F32,True
ORD-SYN-001255,CUS-SYN-078,2025-11-19T12:37:00-03:00,2025-11-21T12:37:00-03:00,2025-11-24T12:37:00-03:00,fulfilled,B2B-V1-BASE,BLD-9102B6E8BF1ABFFC5F32,True
ORD-SYN-001256,CUS-SYN-098,2025-11-19T12:38:00-03:00,2025-11-21T12:38:00-03:00,2025-11-21T12:38:00-03:00,fulfilled,B2B-V1-BASE,BLD-9102B6E8BF1ABFFC5F32,True
ORD-SYN-001257,CUS-SYN-029,2025-11-19T14:02:00-03:00,2025-11-20T14:02:00-03:00,2025-11-22T14:02:00-03:00,fulfilled,B2B-V1-BASE,BLD-9102B6E8BF1ABFFC5F32,True
ORD-SYN-001258,CUS-SYN-133,2025-11-19T14:35:00-03:00,2025-11-21T14:35:00-03:00,2025-11-25T14:35:00-03:00,fulfilled,B2B-V1-BASE,BLD-9102B6E8BF1ABFFC5F32,True
ORD-SYN-001259,CUS-SYN-079,2025-11-19T15:30:00-03:00,2025-11-23T15:30:00-03:00,2025-11-23T15:30:00-03:00,fulfilled,B2B-V1-BASE,BLD-9102B6E8BF1ABFFC5F32,True
ORD-SYN-001260,CUS-SYN-122,2025-11-19T15:31:00-03:00,2025-11-20T15:31:00-03:00,2025-11-21T15:31:00-03:00,partially_fulfilled,B2B-V1-BASE,BLD-9102B6E8BF1ABFFC5F32,True
ORD-SYN-001261,CUS-SYN-041,2025-11-19T16:33:00-03:00,2025-11-21T16:33:00-03:00,2025-11-24T16:33:00-03:00,fulfilled,B2B-V1-BASE,BLD-9102B6E8BF1ABFFC5F32,True
ORD-SYN-001262,CUS-SYN-047,2025-11-19T16:52:00-03:00,2025-11-20T16:52:00-03:00,2025-11-23T16:52:00-03:00,fulfilled,B2B-V1-BASE,BLD-9102B6E8BF1ABFFC5F32,True
ORD-SYN-001263,CUS-SYN-100,2025-11-20T08:16:00-03:00,2025-11-24T08:16:00-03:00,2025-11-24T08:16:00-03:00,fulfilled,B2B-V1-BASE,BLD-9102B6E8BF1ABFFC5F32,True
ORD-SYN-001264,CUS-SYN-145,2025-11-20T08:40:00-03:00,2025-11-23T08:40:00-03:00,2025-11-23T08:40:00-03:00,fulfilled,B2B-V1-BASE,BLD-9102B6E8BF1ABFFC5F32,True
ORD-SYN-001265,CUS-SYN-105,2025-11-20T08:53:00-03:00,2025-11-22T08:53:00-03:00,2025-11-26T08:53:00-03:00,fulfilled,B2B-V1-BASE,BLD-9102B6E8BF1ABFFC5F32,True
ORD-SYN-001266,CUS-SYN-078,2025-11-20T09:11:00-03:00,2025-11-23T09:11:00-03:00,2025-11-23T09:11:00-03:00,fulfilled,B2B-V1-BASE,BLD-9102B6E8BF1ABFFC5F32,True
ORD-SYN-001267,CUS-SYN-049,2025-11-20T09:12:00-03:00,2025-11-22T09:12:00-03:00,2025-11-23T09:12:00-03:00,partially_fulfilled,B2B-V1-BASE,BLD-9102B6E8BF1ABFFC5F32,True
ORD-SYN-001268,CUS-SYN-065,2025-11-20T09:14:00-03:00,2025-11-24T09:14:00-03:00,2025-11-24T09:14:00-03:00,fulfilled,B2B-V1-BASE,BLD-9102B6E8BF1ABFFC5F32,True
ORD-SYN-001269,CUS-SYN-041,2025-11-20T10:52:00-03:00,2025-11-21T10:52:00-03:00,2025-11-23T10:52:00-03:00,fulfilled,B2B-V1-BASE,BLD-9102B6E8BF1ABFFC5F32,True
ORD-SYN-001270,CUS-SYN-050,2025-11-20T12:05:00-03:00,2025-11-21T12:05:00-03:00,2025-11-22T12:05:00-03:00,partially_fulfilled,B2B-V1-BASE,BLD-9102B6E8BF1ABFFC5F32,True
ORD-SYN-001271,CUS-SYN-056,2025-11-20T13:06:00-03:00,2025-11-23T13:06:00-03:00,2025-11-23T13:06:00-03:00,fulfilled,B2B-V1-BASE,BLD-9102B6E8BF1ABFFC5F32,True
ORD-SYN-001272,CUS-SYN-053,2025-11-20T13:08:00-03:00,2025-11-22T13:08:00-03:00,2025-11-23T13:08:00-03:00,fulfilled,B2B-V1-BASE,BLD-9102B6E8BF1ABFFC5F32,True
ORD-SYN-001273,CUS-SYN-118,2025-11-20T15:05:00-03:00,2025-11-22T15:05:00-03:00,2025-11-25T15:05:00-03:00,partially_fulfilled,B2B-V1-BASE,BLD-9102B6E8BF1ABFFC5F32,True
ORD-SYN-001274,CUS-SYN-077,2025-11-20T15:16:00-03:00,2025-11-21T15:16:00-03:00,2025-11-26T15:16:00-03:00,fulfilled,B2B-V1-BASE,BLD-9102B6E8BF1ABFFC5F32,True
ORD-SYN-001275,CUS-SYN-085,2025-11-20T15:39:00-03:00,2025-11-25T15:39:00-03:00,2025-11-26T15:39:00-03:00,fulfilled,B2B-V1-BASE,BLD-9102B6E8BF1ABFFC5F32,True
ORD-SYN-001276,CUS-SYN-080,2025-11-20T16:11:00-03:00,,2025-11-24T16:11:00-03:00,fulfilled,B2B-V1-BASE,BLD-9102B6E8BF1ABFFC5F32,True
ORD-SYN-001277,CUS-SYN-036,2025-11-20T16:55:00-03:00,,2025-11-22T16:55:00-03:00,fulfilled,B2B-V1-BASE,BLD-9102B6E8BF1ABFFC5F32,True
ORD-SYN-001278,CUS-SYN-010,2025-11-20T16:58:00-03:00,,2025-11-24T16:58:00-03:00,partially_fulfilled,B2B-V1-BASE,BLD-9102B6E8BF1ABFFC5F32,True
ORD-SYN-001279,CUS-SYN-002,2025-11-20T17:37:00-03:00,2025-11-21T17:37:00-03:00,2025-11-22T17:37:00-03:00,fulfilled,B2B-V1-BASE,BLD-9102B6E8BF1ABFFC5F32,True
ORD-SYN-001280,CUS-SYN-018,2025-11-20T17:37:00-03:00,2025-11-22T17:37:00-03:00,2025-11-23T17:37:00-03:00,partially_fulfilled,B2B-V1-BASE,BLD-9102B6E8BF1ABFFC5F32,True
ORD-SYN-001281,CUS-SYN-086,2025-11-21T08:43:00-03:00,2025-11-24T08:43:00-03:00,2025-11-24T08:43:00-03:00,fulfilled,B2B-V1-BASE,BLD-9102B6E8BF1ABFFC5F32,True
ORD-SYN-001282,CUS-SYN-137,2025-11-21T12:00:00-03:00,2025-11-22T12:00:00-03:00,2025-11-23T12:00:00-03:00,partially_fulfilled,B2B-V1-BASE,BLD-9102B6E8BF1ABFFC5F32,True
ORD-SYN-001283,CUS-SYN-062,2025-11-21T12:03:00-03:00,2025-11-22T12:03:00-03:00,2025-11-24T12:03:00-03:00,fulfilled,B2B-V1-BASE,BLD-9102B6E8BF1ABFFC5F32,True
ORD-SYN-001284,CUS-SYN-149,2025-11-21T13:19:00-03:00,2025-11-22T13:19:00-03:00,2025-11-24T13:19:00-03:00,fulfilled,B2B-V1-BASE,BLD-9102B6E8BF1ABFFC5F32,True
ORD-SYN-001285,CUS-SYN-043,2025-11-21T14:22:00-03:00,,2025-11-26T14:22:00-03:00,fulfilled,B2B-V1-BASE,BLD-9102B6E8BF1ABFFC5F32,True
ORD-SYN-001286,CUS-SYN-101,2025-11-21T15:22:00-03:00,2025-11-24T15:22:00-03:00,2025-11-24T15:22:00-03:00,fulfilled,B2B-V1-BASE,BLD-9102B6E8BF1ABFFC5F32,True
ORD-SYN-001287,CUS-SYN-006,2025-11-21T16:45:00-03:00,2025-11-22T16:45:00-03:00,2025-11-23T16:45:00-03:00,fulfilled,B2B-V1-BASE,BLD-9102B6E8BF1ABFFC5F32,True
ORD-SYN-001288,CUS-SYN-052,2025-11-21T17:35:00-03:00,2025-11-24T17:35:00-03:00,2025-11-24T17:35:00-03:00,partially_fulfilled,B2B-V1-BASE,BLD-9102B6E8BF1ABFFC5F32,True
ORD-SYN-001289,CUS-SYN-047,2025-11-21T17:39:00-03:00,2025-11-23T17:39:00-03:00,2025-11-23T17:39:00-03:00,partially_fulfilled,B2B-V1-BASE,BLD-9102B6E8BF1ABFFC5F32,True
ORD-SYN-001290,CUS-SYN-093,2025-11-22T08:07:00-03:00,2025-11-23T08:07:00-03:00,2025-11-27T08:07:00-03:00,fulfilled,B2B-V1-BASE,BLD-9102B6E8BF1ABFFC5F32,True
ORD-SYN-001291,CUS-SYN-039,2025-11-22T08:24:00-03:00,2025-11-23T08:24:00-03:00,2025-11-27T08:24:00-03:00,fulfilled,B2B-V1-BASE,BLD-9102B6E8BF1ABFFC5F32,True
ORD-SYN-001292,CUS-SYN-033,2025-11-22T08:54:00-03:00,2025-11-25T08:54:00-03:00,2025-11-25T08:54:00-03:00,partially_fulfilled,B2B-V1-BASE,BLD-9102B6E8BF1ABFFC5F32,True
ORD-SYN-001293,CUS-SYN-015,2025-11-22T08:57:00-03:00,,2025-11-25T08:57:00-03:00,partially_fulfilled,B2B-V1-BASE,BLD-9102B6E8BF1ABFFC5F32,True
ORD-SYN-001294,CUS-SYN-073,2025-11-22T11:50:00-03:00,2025-11-27T11:50:00-03:00,2025-11-28T11:50:00-03:00,fulfilled,B2B-V1-BASE,BLD-9102B6E8BF1ABFFC5F32,True
ORD-SYN-001295,CUS-SYN-010,2025-11-22T11:55:00-03:00,2025-11-24T11:55:00-03:00,2025-11-26T11:55:00-03:00,fulfilled,B2B-V1-BASE,BLD-9102B6E8BF1ABFFC5F32,True
ORD-SYN-001296,CUS-SYN-095,2025-11-22T12:39:00-03:00,2025-11-25T12:39:00-03:00,2025-11-25T12:39:00-03:00,partially_fulfilled,B2B-V1-BASE,BLD-9102B6E8BF1ABFFC5F32,True
ORD-SYN-001297,CUS-SYN-023,2025-11-22T13:21:00-03:00,2025-11-23T13:21:00-03:00,2025-11-25T13:21:00-03:00,fulfilled,B2B-V1-BASE,BLD-9102B6E8BF1ABFFC5F32,True
ORD-SYN-001298,CUS-SYN-141,2025-11-22T14:36:00-03:00,2025-11-24T14:36:00-03:00,2025-11-26T14:36:00-03:00,fulfilled,B2B-V1-BASE,BLD-9102B6E8BF1ABFFC5F32,True
ORD-SYN-001299,CUS-SYN-114,2025-11-22T15:29:00-03:00,2025-11-23T15:29:00-03:00,2025-11-24T15:29:00-03:00,fulfilled,B2B-V1-BASE,BLD-9102B6E8BF1ABFFC5F32,True
ORD-SYN-001300,CUS-SYN-107,2025-11-22T16:00:00-03:00,2025-11-24T16:00:00-03:00,2025-11-26T16:00:00-03:00,partially_fulfilled,B2B-V1-BASE,BLD-9102B6E8BF1ABFFC5F32,True
ORD-SYN-001301,CUS-SYN-014,2025-11-22T16:39:00-03:00,2025-11-26T16:39:00-03:00,2025-11-26T16:39:00-03:00,partially_fulfilled,B2B-V1-BASE,BLD-9102B6E8BF1ABFFC5F32,True
ORD-SYN-001302,CUS-SYN-049,2025-11-22T17:14:00-03:00,2025-11-24T17:14:00-03:00,2025-11-26T17:14:00-03:00,fulfilled,B2B-V1-BASE,BLD-9102B6E8BF1ABFFC5F32,True
ORD-SYN-001303,CUS-SYN-046,2025-11-23T08:44:00-03:00,2025-11-25T08:44:00-03:00,2025-11-25T08:44:00-03:00,fulfilled,B2B-V1-BASE,BLD-9102B6E8BF1ABFFC5F32,True
ORD-SYN-001304,CUS-SYN-090,2025-11-23T08:59:00-03:00,2025-11-24T08:59:00-03:00,2025-11-27T08:59:00-03:00,fulfilled,B2B-V1-BASE,BLD-9102B6E8BF1ABFFC5F32,True
ORD-SYN-001305,CUS-SYN-109,2025-11-23T10:14:00-03:00,2025-11-24T10:14:00-03:00,2025-11-25T10:14:00-03:00,fulfilled,B2B-V1-BASE,BLD-9102B6E8BF1ABFFC5F32,True
ORD-SYN-001306,CUS-SYN-074,2025-11-23T10:52:00-03:00,,2025-11-26T10:52:00-03:00,fulfilled,B2B-V1-BASE,BLD-9102B6E8BF1ABFFC5F32,True
ORD-SYN-001307,CUS-SYN-062,2025-11-23T11:08:00-03:00,,2025-11-27T11:08:00-03:00,fulfilled,B2B-V1-BASE,BLD-9102B6E8BF1ABFFC5F32,True
ORD-SYN-001308,CUS-SYN-034,2025-11-23T11:09:00-03:00,,2025-11-26T11:09:00-03:00,fulfilled,B2B-V1-BASE,BLD-9102B6E8BF1ABFFC5F32,True
ORD-SYN-001309,CUS-SYN-054,2025-11-23T11:18:00-03:00,2025-11-25T11:18:00-03:00,2025-11-27T11:18:00-03:00,fulfilled,B2B-V1-BASE,BLD-9102B6E8BF1ABFFC5F32,True
ORD-SYN-001310,CUS-SYN-118,2025-11-23T11:24:00-03:00,2025-11-28T11:24:00-03:00,2025-11-28T11:24:00-03:00,fulfilled,B2B-V1-BASE,BLD-9102B6E8BF1ABFFC5F32,True
ORD-SYN-001311,CUS-SYN-009,2025-11-23T11:38:00-03:00,2025-11-27T11:38:00-03:00,2025-11-28T11:38:00-03:00,fulfilled,B2B-V1-BASE,BLD-9102B6E8BF1ABFFC5F32,True
ORD-SYN-001312,CUS-SYN-105,2025-11-23T11:56:00-03:00,2025-11-25T11:56:00-03:00,2025-11-26T11:56:00-03:00,fulfilled,B2B-V1-BASE,BLD-9102B6E8BF1ABFFC5F32,True
ORD-SYN-001313,CUS-SYN-117,2025-11-23T12:52:00-03:00,2025-11-27T12:52:00-03:00,2025-11-29T12:52:00-03:00,partially_fulfilled,B2B-V1-BASE,BLD-9102B6E8BF1ABFFC5F32,True
ORD-SYN-001314,CUS-SYN-074,2025-11-23T13:18:00-03:00,2025-11-24T13:18:00-03:00,2025-11-29T13:18:00-03:00,fulfilled,B2B-V1-BASE,BLD-9102B6E8BF1ABFFC5F32,True
ORD-SYN-001315,CUS-SYN-078,2025-11-23T14:30:00-03:00,,2025-11-28T14:30:00-03:00,fulfilled,B2B-V1-BASE,BLD-9102B6E8BF1ABFFC5F32,True
ORD-SYN-001316,CUS-SYN-088,2025-11-23T14:35:00-03:00,2025-11-25T14:35:00-03:00,2025-11-25T14:35:00-03:00,fulfilled,B2B-V1-BASE,BLD-9102B6E8BF1ABFFC5F32,True
ORD-SYN-001317,CUS-SYN-037,2025-11-23T15:38:00-03:00,2025-11-24T15:38:00-03:00,2025-11-26T15:38:00-03:00,fulfilled,B2B-V1-BASE,BLD-9102B6E8BF1ABFFC5F32,True
ORD-SYN-001318,CUS-SYN-005,2025-11-23T16:37:00-03:00,,2025-11-26T16:37:00-03:00,fulfilled,B2B-V1-BASE,BLD-9102B6E8BF1ABFFC5F32,True
ORD-SYN-001319,CUS-SYN-149,2025-11-23T16:55:00-03:00,,2025-11-25T16:55:00-03:00,fulfilled,B2B-V1-BASE,BLD-9102B6E8BF1ABFFC5F32,True
ORD-SYN-001320,CUS-SYN-132,2025-11-23T16:56:00-03:00,2025-11-26T16:56:00-03:00,2025-11-28T16:56:00-03:00,fulfilled,B2B-V1-BASE,BLD-9102B6E8BF1ABFFC5F32,True
ORD-SYN-001321,CUS-SYN-009,2025-11-23T17:26:00-03:00,,2025-11-28T17:26:00-03:00,fulfilled,B2B-V1-BASE,BLD-9102B6E8BF1ABFFC5F32,True
ORD-SYN-001322,CUS-SYN-033,2025-11-24T08:44:00-03:00,2025-11-25T08:44:00-03:00,2025-11-28T08:44:00-03:00,fulfilled,B2B-V1-BASE,BLD-9102B6E8BF1ABFFC5F32,True
ORD-SYN-001323,CUS-SYN-014,2025-11-24T08:54:00-03:00,,2025-11-26T08:54:00-03:00,fulfilled,B2B-V1-BASE,BLD-9102B6E8BF1ABFFC5F32,True
ORD-SYN-001324,CUS-SYN-129,2025-11-24T10:35:00-03:00,2025-11-28T10:35:00-03:00,2025-11-29T10:35:00-03:00,fulfilled,B2B-V1-BASE,BLD-9102B6E8BF1ABFFC5F32,True
ORD-SYN-001325,CUS-SYN-129,2025-11-24T12:13:00-03:00,2025-11-25T12:13:00-03:00,2025-11-26T12:13:00-03:00,fulfilled,B2B-V1-BASE,BLD-9102B6E8BF1ABFFC5F32,True
ORD-SYN-001326,CUS-SYN-125,2025-11-24T12:18:00-03:00,2025-11-29T12:18:00-03:00,2025-11-29T12:18:00-03:00,fulfilled,B2B-V1-BASE,BLD-9102B6E8BF1ABFFC5F32,True
ORD-SYN-001327,CUS-SYN-141,2025-11-24T13:17:00-03:00,2025-11-27T13:17:00-03:00,2025-11-27T13:17:00-03:00,fulfilled,B2B-V1-BASE,BLD-9102B6E8BF1ABFFC5F32,True
ORD-SYN-001328,CUS-SYN-114,2025-11-24T15:03:00-03:00,2025-11-26T15:03:00-03:00,2025-11-27T15:03:00-03:00,fulfilled,B2B-V1-BASE,BLD-9102B6E8BF1ABFFC5F32,True
ORD-SYN-001329,CUS-SYN-113,2025-11-24T15:16:00-03:00,2025-11-26T15:16:00-03:00,2025-11-27T15:16:00-03:00,fulfilled,B2B-V1-BASE,BLD-9102B6E8BF1ABFFC5F32,True
ORD-SYN-001330,CUS-SYN-124,2025-11-24T17:28:00-03:00,,2025-11-29T17:28:00-03:00,fulfilled,B2B-V1-BASE,BLD-9102B6E8BF1ABFFC5F32,True
ORD-SYN-001331,CUS-SYN-047,2025-11-24T17:42:00-03:00,2025-11-29T17:42:00-03:00,2025-11-29T17:42:00-03:00,fulfilled,B2B-V1-BASE,BLD-9102B6E8BF1ABFFC5F32,True
ORD-SYN-001332,CUS-SYN-022,2025-11-24T17:51:00-03:00,2025-11-25T17:51:00-03:00,2025-11-28T17:51:00-03:00,fulfilled,B2B-V1-BASE,BLD-9102B6E8BF1ABFFC5F32,True
ORD-SYN-001333,CUS-SYN-142,2025-11-25T08:06:00-03:00,2025-11-26T08:06:00-03:00,2025-12-01T08:06:00-03:00,fulfilled,B2B-V1-BASE,BLD-9102B6E8BF1ABFFC5F32,True
ORD-SYN-001334,CUS-SYN-078,2025-11-25T08:18:00-03:00,2025-11-26T08:18:00-03:00,2025-12-01T08:18:00-03:00,fulfilled,B2B-V1-BASE,BLD-9102B6E8BF1ABFFC5F32,True
ORD-SYN-001335,CUS-SYN-042,2025-11-25T08:43:00-03:00,2025-11-27T08:43:00-03:00,2025-11-29T08:43:00-03:00,fulfilled,B2B-V1-BASE,BLD-9102B6E8BF1ABFFC5F32,True
ORD-SYN-001336,CUS-SYN-082,2025-11-25T09:33:00-03:00,2025-11-27T09:33:00-03:00,2025-11-29T09:33:00-03:00,partially_fulfilled,B2B-V1-BASE,BLD-9102B6E8BF1ABFFC5F32,True
ORD-SYN-001337,CUS-SYN-042,2025-11-25T10:03:00-03:00,2025-11-26T10:03:00-03:00,2025-11-28T10:03:00-03:00,fulfilled,B2B-V1-BASE,BLD-9102B6E8BF1ABFFC5F32,True
ORD-SYN-001338,CUS-SYN-042,2025-11-25T11:30:00-03:00,,2025-12-01T11:30:00-03:00,fulfilled,B2B-V1-BASE,BLD-9102B6E8BF1ABFFC5F32,True
ORD-SYN-001339,CUS-SYN-045,2025-11-25T11:58:00-03:00,2025-11-26T11:58:00-03:00,2025-11-27T11:58:00-03:00,fulfilled,B2B-V1-BASE,BLD-9102B6E8BF1ABFFC5F32,True
ORD-SYN-001340,CUS-SYN-083,2025-11-25T12:39:00-03:00,,2025-11-28T12:39:00-03:00,partially_fulfilled,B2B-V1-BASE,BLD-9102B6E8BF1ABFFC5F32,True
ORD-SYN-001341,CUS-SYN-125,2025-11-25T13:39:00-03:00,2025-11-28T13:39:00-03:00,2025-12-01T13:39:00-03:00,fulfilled,B2B-V1-BASE,BLD-9102B6E8BF1ABFFC5F32,True
ORD-SYN-001342,CUS-SYN-110,2025-11-25T14:26:00-03:00,2025-11-26T14:26:00-03:00,2025-11-28T14:26:00-03:00,fulfilled,B2B-V1-BASE,BLD-9102B6E8BF1ABFFC5F32,True
ORD-SYN-001343,CUS-SYN-133,2025-11-25T15:35:00-03:00,2025-11-27T15:35:00-03:00,2025-11-28T15:35:00-03:00,fulfilled,B2B-V1-BASE,BLD-9102B6E8BF1ABFFC5F32,True
ORD-SYN-001344,CUS-SYN-048,2025-11-25T15:48:00-03:00,2025-11-28T15:48:00-03:00,2025-12-01T15:48:00-03:00,fulfilled,B2B-V1-BASE,BLD-9102B6E8BF1ABFFC5F32,True
ORD-SYN-001345,CUS-SYN-073,2025-11-25T16:29:00-03:00,2025-11-30T16:29:00-03:00,2025-11-30T16:29:00-03:00,partially_fulfilled,B2B-V1-BASE,BLD-9102B6E8BF1ABFFC5F32,True
ORD-SYN-001346,CUS-SYN-041,2025-11-25T16:49:00-03:00,2025-12-01T16:49:00-03:00,2025-12-01T16:49:00-03:00,fulfilled,B2B-V1-BASE,BLD-9102B6E8BF1ABFFC5F32,True
ORD-SYN-001347,CUS-SYN-090,2025-11-26T08:31:00-03:00,,2025-11-28T08:31:00-03:00,fulfilled,B2B-V1-BASE,BLD-9102B6E8BF1ABFFC5F32,True
ORD-SYN-001348,CUS-SYN-116,2025-11-26T08:46:00-03:00,2025-11-28T08:46:00-03:00,2025-11-29T08:46:00-03:00,fulfilled,B2B-V1-BASE,BLD-9102B6E8BF1ABFFC5F32,True
ORD-SYN-001349,CUS-SYN-099,2025-11-26T08:48:00-03:00,2025-11-29T08:48:00-03:00,2025-12-02T08:48:00-03:00,partially_fulfilled,B2B-V1-BASE,BLD-9102B6E8BF1ABFFC5F32,True
ORD-SYN-001350,CUS-SYN-109,2025-11-26T12:03:00-03:00,2025-11-29T12:03:00-03:00,2025-11-29T12:03:00-03:00,fulfilled,B2B-V1-BASE,BLD-9102B6E8BF1ABFFC5F32,True
ORD-SYN-001351,CUS-SYN-063,2025-11-26T13:01:00-03:00,2025-11-28T13:01:00-03:00,2025-12-01T13:01:00-03:00,fulfilled,B2B-V1-BASE,BLD-9102B6E8BF1ABFFC5F32,True
ORD-SYN-001352,CUS-SYN-142,2025-11-26T13:05:00-03:00,,2025-12-01T13:05:00-03:00,partially_fulfilled,B2B-V1-BASE,BLD-9102B6E8BF1ABFFC5F32,True
ORD-SYN-001353,CUS-SYN-062,2025-11-26T13:30:00-03:00,2025-11-28T13:30:00-03:00,2025-11-29T13:30:00-03:00,fulfilled,B2B-V1-BASE,BLD-9102B6E8BF1ABFFC5F32,True
ORD-SYN-001354,CUS-SYN-063,2025-11-26T15:19:00-03:00,,2025-11-28T15:19:00-03:00,fulfilled,B2B-V1-BASE,BLD-9102B6E8BF1ABFFC5F32,True
ORD-SYN-001355,CUS-SYN-007,2025-11-26T15:42:00-03:00,2025-11-28T15:42:00-03:00,2025-11-29T15:42:00-03:00,fulfilled,B2B-V1-BASE,BLD-9102B6E8BF1ABFFC5F32,True
ORD-SYN-001356,CUS-SYN-059,2025-11-26T16:12:00-03:00,2025-11-29T16:12:00-03:00,2025-12-01T16:12:00-03:00,fulfilled,B2B-V1-BASE,BLD-9102B6E8BF1ABFFC5F32,True
ORD-SYN-001357,CUS-SYN-065,2025-11-26T17:44:00-03:00,,2025-11-28T17:44:00-03:00,partially_fulfilled,B2B-V1-BASE,BLD-9102B6E8BF1ABFFC5F32,True
ORD-SYN-001358,CUS-SYN-012,2025-11-26T17:45:00-03:00,2025-11-30T17:45:00-03:00,2025-11-30T17:45:00-03:00,fulfilled,B2B-V1-BASE,BLD-9102B6E8BF1ABFFC5F32,True
ORD-SYN-001359,CUS-SYN-034,2025-11-26T17:52:00-03:00,2025-11-28T17:52:00-03:00,2025-11-29T17:52:00-03:00,fulfilled,B2B-V1-BASE,BLD-9102B6E8BF1ABFFC5F32,True
ORD-SYN-001360,CUS-SYN-114,2025-11-27T11:24:00-03:00,2025-11-29T11:24:00-03:00,2025-12-01T11:24:00-03:00,fulfilled,B2B-V1-BASE,BLD-9102B6E8BF1ABFFC5F32,True
ORD-SYN-001361,CUS-SYN-143,2025-11-27T12:44:00-03:00,2025-11-28T12:44:00-03:00,2025-12-01T12:44:00-03:00,fulfilled,B2B-V1-BASE,BLD-9102B6E8BF1ABFFC5F32,True
ORD-SYN-001362,CUS-SYN-099,2025-11-27T15:54:00-03:00,2025-11-28T15:54:00-03:00,2025-12-02T15:54:00-03:00,partially_fulfilled,B2B-V1-BASE,BLD-9102B6E8BF1ABFFC5F32,True
ORD-SYN-001363,CUS-SYN-093,2025-11-27T17:15:00-03:00,2025-12-01T17:15:00-03:00,2025-12-01T17:15:00-03:00,fulfilled,B2B-V1-BASE,BLD-9102B6E8BF1ABFFC5F32,True
ORD-SYN-001364,CUS-SYN-108,2025-11-27T17:20:00-03:00,2025-12-02T17:20:00-03:00,2025-12-02T17:20:00-03:00,fulfilled,B2B-V1-BASE,BLD-9102B6E8BF1ABFFC5F32,True
ORD-SYN-001365,CUS-SYN-052,2025-11-27T17:32:00-03:00,2025-11-30T17:32:00-03:00,2025-12-01T17:32:00-03:00,fulfilled,B2B-V1-BASE,BLD-9102B6E8BF1ABFFC5F32,True
ORD-SYN-001366,CUS-SYN-030,2025-11-28T08:21:00-03:00,2025-12-04T08:21:00-03:00,2025-12-04T08:21:00-03:00,partially_fulfilled,B2B-V1-BASE,BLD-9102B6E8BF1ABFFC5F32,True
ORD-SYN-001367,CUS-SYN-143,2025-11-28T08:30:00-03:00,2025-11-29T08:30:00-03:00,2025-12-03T08:30:00-03:00,fulfilled,B2B-V1-BASE,BLD-9102B6E8BF1ABFFC5F32,True
ORD-SYN-001368,CUS-SYN-054,2025-11-28T08:36:00-03:00,2025-11-30T08:36:00-03:00,2025-12-01T08:36:00-03:00,fulfilled,B2B-V1-BASE,BLD-9102B6E8BF1ABFFC5F32,True
ORD-SYN-001369,CUS-SYN-076,2025-11-28T12:21:00-03:00,2025-12-01T12:21:00-03:00,2025-12-03T12:21:00-03:00,fulfilled,B2B-V1-BASE,BLD-9102B6E8BF1ABFFC5F32,True
ORD-SYN-001370,CUS-SYN-122,2025-11-28T12:23:00-03:00,2025-11-29T12:23:00-03:00,2025-12-01T12:23:00-03:00,fulfilled,B2B-V1-BASE,BLD-9102B6E8BF1ABFFC5F32,True
ORD-SYN-001371,CUS-SYN-026,2025-11-28T12:58:00-03:00,2025-11-29T12:58:00-03:00,2025-11-30T12:58:00-03:00,fulfilled,B2B-V1-BASE,BLD-9102B6E8BF1ABFFC5F32,True
ORD-SYN-001372,CUS-SYN-054,2025-11-28T13:04:00-03:00,2025-11-30T13:04:00-03:00,2025-12-03T13:04:00-03:00,fulfilled,B2B-V1-BASE,BLD-9102B6E8BF1ABFFC5F32,True
ORD-SYN-001373,CUS-SYN-006,2025-11-28T15:48:00-03:00,2025-11-30T15:48:00-03:00,2025-12-01T15:48:00-03:00,partially_fulfilled,B2B-V1-BASE,BLD-9102B6E8BF1ABFFC5F32,True
ORD-SYN-001374,CUS-SYN-132,2025-11-28T16:09:00-03:00,2025-12-03T16:09:00-03:00,2025-12-04T16:09:00-03:00,fulfilled,B2B-V1-BASE,BLD-9102B6E8BF1ABFFC5F32,True
ORD-SYN-001375,CUS-SYN-102,2025-11-28T16:15:00-03:00,2025-12-02T16:15:00-03:00,2025-12-04T16:15:00-03:00,partially_fulfilled,B2B-V1-BASE,BLD-9102B6E8BF1ABFFC5F32,True
ORD-SYN-001376,CUS-SYN-050,2025-11-28T17:21:00-03:00,2025-11-29T17:21:00-03:00,2025-12-02T17:21:00-03:00,fulfilled,B2B-V1-BASE,BLD-9102B6E8BF1ABFFC5F32,True
ORD-SYN-001377,CUS-SYN-042,2025-11-29T09:15:00-03:00,2025-12-03T09:15:00-03:00,2025-12-04T09:15:00-03:00,fulfilled,B2B-V1-BASE,BLD-9102B6E8BF1ABFFC5F32,True
ORD-SYN-001378,CUS-SYN-015,2025-11-29T12:21:00-03:00,,2025-12-02T12:21:00-03:00,fulfilled,B2B-V1-BASE,BLD-9102B6E8BF1ABFFC5F32,True
ORD-SYN-001379,CUS-SYN-115,2025-11-29T12:51:00-03:00,2025-11-30T12:51:00-03:00,2025-12-02T12:51:00-03:00,partially_fulfilled,B2B-V1-BASE,BLD-9102B6E8BF1ABFFC5F32,True
ORD-SYN-001380,CUS-SYN-129,2025-11-29T13:51:00-03:00,2025-11-30T13:51:00-03:00,2025-12-05T13:51:00-03:00,fulfilled,B2B-V1-BASE,BLD-9102B6E8BF1ABFFC5F32,True
ORD-SYN-001381,CUS-SYN-125,2025-11-29T13:55:00-03:00,2025-11-30T13:55:00-03:00,2025-12-03T13:55:00-03:00,fulfilled,B2B-V1-BASE,BLD-9102B6E8BF1ABFFC5F32,True
ORD-SYN-001382,CUS-SYN-099,2025-11-29T13:56:00-03:00,2025-12-01T13:56:00-03:00,2025-12-03T13:56:00-03:00,fulfilled,B2B-V1-BASE,BLD-9102B6E8BF1ABFFC5F32,True
ORD-SYN-001383,CUS-SYN-098,2025-11-29T14:37:00-03:00,2025-12-03T14:37:00-03:00,2025-12-03T14:37:00-03:00,fulfilled,B2B-V1-BASE,BLD-9102B6E8BF1ABFFC5F32,True
ORD-SYN-001384,CUS-SYN-046,2025-11-29T14:41:00-03:00,2025-11-30T14:41:00-03:00,2025-12-01T14:41:00-03:00,fulfilled,B2B-V1-BASE,BLD-9102B6E8BF1ABFFC5F32,True
ORD-SYN-001385,CUS-SYN-022,2025-11-29T15:56:00-03:00,2025-12-01T15:56:00-03:00,2025-12-02T15:56:00-03:00,fulfilled,B2B-V1-BASE,BLD-9102B6E8BF1ABFFC5F32,True
ORD-SYN-001386,CUS-SYN-040,2025-11-30T08:23:00-03:00,2025-12-03T08:23:00-03:00,2025-12-03T08:23:00-03:00,fulfilled,B2B-V1-BASE,BLD-9102B6E8BF1ABFFC5F32,True
ORD-SYN-001387,CUS-SYN-022,2025-11-30T08:39:00-03:00,2025-12-02T08:39:00-03:00,2025-12-02T08:39:00-03:00,partially_fulfilled,B2B-V1-BASE,BLD-9102B6E8BF1ABFFC5F32,True
ORD-SYN-001388,CUS-SYN-010,2025-11-30T09:38:00-03:00,2025-12-05T09:38:00-03:00,2025-12-05T09:38:00-03:00,fulfilled,B2B-V1-BASE,BLD-9102B6E8BF1ABFFC5F32,True
ORD-SYN-001389,CUS-SYN-135,2025-11-30T10:43:00-03:00,2025-12-01T10:43:00-03:00,2025-12-03T10:43:00-03:00,fulfilled,B2B-V1-BASE,BLD-9102B6E8BF1ABFFC5F32,True
ORD-SYN-001390,CUS-SYN-049,2025-11-30T11:20:00-03:00,2025-12-05T11:20:00-03:00,2025-12-06T11:20:00-03:00,fulfilled,B2B-V1-BASE,BLD-9102B6E8BF1ABFFC5F32,True
ORD-SYN-001391,CUS-SYN-034,2025-11-30T11:40:00-03:00,2025-12-01T11:40:00-03:00,2025-12-06T11:40:00-03:00,partially_fulfilled,B2B-V1-BASE,BLD-9102B6E8BF1ABFFC5F32,True
ORD-SYN-001392,CUS-SYN-030,2025-11-30T11:59:00-03:00,2025-12-01T11:59:00-03:00,2025-12-02T11:59:00-03:00,fulfilled,B2B-V1-BASE,BLD-9102B6E8BF1ABFFC5F32,True
ORD-SYN-001393,CUS-SYN-034,2025-11-30T12:35:00-03:00,2025-12-01T12:35:00-03:00,2025-12-03T12:35:00-03:00,partially_fulfilled,B2B-V1-BASE,BLD-9102B6E8BF1ABFFC5F32,True
ORD-SYN-001394,CUS-SYN-093,2025-11-30T12:37:00-03:00,2025-12-02T12:37:00-03:00,2025-12-05T12:37:00-03:00,fulfilled,B2B-V1-BASE,BLD-9102B6E8BF1ABFFC5F32,True
ORD-SYN-001395,CUS-SYN-138,2025-11-30T14:03:00-03:00,2025-12-01T14:03:00-03:00,2025-12-05T14:03:00-03:00,fulfilled,B2B-V1-BASE,BLD-9102B6E8BF1ABFFC5F32,True
ORD-SYN-001396,CUS-SYN-126,2025-11-30T15:11:00-03:00,2025-12-05T15:11:00-03:00,2025-12-06T15:11:00-03:00,fulfilled,B2B-V1-BASE,BLD-9102B6E8BF1ABFFC5F32,True
ORD-SYN-001397,CUS-SYN-070,2025-11-30T15:47:00-03:00,2025-12-01T15:47:00-03:00,2025-12-04T15:47:00-03:00,partially_fulfilled,B2B-V1-BASE,BLD-9102B6E8BF1ABFFC5F32,True
ORD-SYN-001398,CUS-SYN-098,2025-12-01T09:05:00-03:00,2025-12-03T09:05:00-03:00,2025-12-07T09:05:00-03:00,fulfilled,B2B-V1-BASE,BLD-9102B6E8BF1ABFFC5F32,True
ORD-SYN-001399,CUS-SYN-122,2025-12-01T09:26:00-03:00,2025-12-03T09:26:00-03:00,2025-12-03T09:26:00-03:00,fulfilled,B2B-V1-BASE,BLD-9102B6E8BF1ABFFC5F32,True
ORD-SYN-001400,CUS-SYN-133,2025-12-01T11:25:00-03:00,,2025-12-03T11:25:00-03:00,fulfilled,B2B-V1-BASE,BLD-9102B6E8BF1ABFFC5F32,True
ORD-SYN-001401,CUS-SYN-125,2025-12-01T16:47:00-03:00,,2025-12-07T16:47:00-03:00,partially_fulfilled,B2B-V1-BASE,BLD-9102B6E8BF1ABFFC5F32,True
ORD-SYN-001402,CUS-SYN-125,2025-12-01T16:47:00-03:00,2025-12-02T16:47:00-03:00,2025-12-06T16:47:00-03:00,partially_fulfilled,B2B-V1-BASE,BLD-9102B6E8BF1ABFFC5F32,True
ORD-SYN-001403,CUS-SYN-021,2025-12-01T17:10:00-03:00,2025-12-02T17:10:00-03:00,2025-12-07T17:10:00-03:00,fulfilled,B2B-V1-BASE,BLD-9102B6E8BF1ABFFC5F32,True
ORD-SYN-001404,CUS-SYN-082,2025-12-02T08:13:00-03:00,2025-12-03T08:13:00-03:00,2025-12-05T08:13:00-03:00,fulfilled,B2B-V1-BASE,BLD-9102B6E8BF1ABFFC5F32,True
ORD-SYN-001405,CUS-SYN-054,2025-12-02T09:36:00-03:00,2025-12-06T09:36:00-03:00,2025-12-06T09:36:00-03:00,fulfilled,B2B-V1-BASE,BLD-9102B6E8BF1ABFFC5F32,True
ORD-SYN-001406,CUS-SYN-118,2025-12-02T12:29:00-03:00,2025-12-05T12:29:00-03:00,2025-12-05T12:29:00-03:00,fulfilled,B2B-V1-BASE,BLD-9102B6E8BF1ABFFC5F32,True
ORD-SYN-001407,CUS-SYN-050,2025-12-02T13:21:00-03:00,2025-12-06T13:21:00-03:00,2025-12-06T13:21:00-03:00,fulfilled,B2B-V1-BASE,BLD-9102B6E8BF1ABFFC5F32,True
ORD-SYN-001408,CUS-SYN-138,2025-12-02T15:54:00-03:00,2025-12-04T15:54:00-03:00,2025-12-07T15:54:00-03:00,fulfilled,B2B-V1-BASE,BLD-9102B6E8BF1ABFFC5F32,True
ORD-SYN-001409,CUS-SYN-033,2025-12-02T16:25:00-03:00,2025-12-04T16:25:00-03:00,2025-12-04T16:25:00-03:00,fulfilled,B2B-V1-BASE,BLD-9102B6E8BF1ABFFC5F32,True
ORD-SYN-001410,CUS-SYN-053,2025-12-02T17:18:00-03:00,,2025-12-04T17:18:00-03:00,partially_fulfilled,B2B-V1-BASE,BLD-9102B6E8BF1ABFFC5F32,True
ORD-SYN-001411,CUS-SYN-019,2025-12-02T17:37:00-03:00,2025-12-04T17:37:00-03:00,2025-12-05T17:37:00-03:00,fulfilled,B2B-V1-BASE,BLD-9102B6E8BF1ABFFC5F32,True
ORD-SYN-001412,CUS-SYN-109,2025-12-03T08:36:00-03:00,2025-12-07T08:36:00-03:00,2025-12-08T08:36:00-03:00,fulfilled,B2B-V1-BASE,BLD-9102B6E8BF1ABFFC5F32,True
ORD-SYN-001413,CUS-SYN-018,2025-12-03T08:57:00-03:00,2025-12-05T08:57:00-03:00,2025-12-06T08:57:00-03:00,partially_fulfilled,B2B-V1-BASE,BLD-9102B6E8BF1ABFFC5F32,True
ORD-SYN-001414,CUS-SYN-141,2025-12-03T09:34:00-03:00,2025-12-06T09:34:00-03:00,2025-12-06T09:34:00-03:00,fulfilled,B2B-V1-BASE,BLD-9102B6E8BF1ABFFC5F32,True
ORD-SYN-001415,CUS-SYN-087,2025-12-03T09:40:00-03:00,2025-12-04T09:40:00-03:00,2025-12-05T09:40:00-03:00,fulfilled,B2B-V1-BASE,BLD-9102B6E8BF1ABFFC5F32,True
ORD-SYN-001416,CUS-SYN-022,2025-12-03T10:23:00-03:00,2025-12-06T10:23:00-03:00,2025-12-06T10:23:00-03:00,fulfilled,B2B-V1-BASE,BLD-9102B6E8BF1ABFFC5F32,True
ORD-SYN-001417,CUS-SYN-083,2025-12-03T11:11:00-03:00,,2025-12-08T11:11:00-03:00,fulfilled,B2B-V1-BASE,BLD-9102B6E8BF1ABFFC5F32,True
ORD-SYN-001418,CUS-SYN-114,2025-12-03T13:37:00-03:00,2025-12-08T13:37:00-03:00,2025-12-08T13:37:00-03:00,partially_fulfilled,B2B-V1-BASE,BLD-9102B6E8BF1ABFFC5F32,True
ORD-SYN-001419,CUS-SYN-048,2025-12-03T14:43:00-03:00,2025-12-05T14:43:00-03:00,2025-12-08T14:43:00-03:00,fulfilled,B2B-V1-BASE,BLD-9102B6E8BF1ABFFC5F32,True
ORD-SYN-001420,CUS-SYN-146,2025-12-03T16:30:00-03:00,2025-12-06T16:30:00-03:00,2025-12-07T16:30:00-03:00,fulfilled,B2B-V1-BASE,BLD-9102B6E8BF1ABFFC5F32,True
ORD-SYN-001421,CUS-SYN-110,2025-12-03T17:06:00-03:00,2025-12-08T17:06:00-03:00,2025-12-08T17:06:00-03:00,fulfilled,B2B-V1-BASE,BLD-9102B6E8BF1ABFFC5F32,True
ORD-SYN-001422,CUS-SYN-052,2025-12-03T17:44:00-03:00,2025-12-05T17:44:00-03:00,2025-12-06T17:44:00-03:00,fulfilled,B2B-V1-BASE,BLD-9102B6E8BF1ABFFC5F32,True
ORD-SYN-001423,CUS-SYN-137,2025-12-04T09:10:00-03:00,2025-12-07T09:10:00-03:00,2025-12-08T09:10:00-03:00,fulfilled,B2B-V1-BASE,BLD-9102B6E8BF1ABFFC5F32,True
ORD-SYN-001424,CUS-SYN-117,2025-12-04T09:25:00-03:00,,2025-12-09T09:25:00-03:00,fulfilled,B2B-V1-BASE,BLD-9102B6E8BF1ABFFC5F32,True
ORD-SYN-001425,CUS-SYN-143,2025-12-04T11:28:00-03:00,2025-12-07T11:28:00-03:00,2025-12-08T11:28:00-03:00,fulfilled,B2B-V1-BASE,BLD-9102B6E8BF1ABFFC5F32,True
ORD-SYN-001426,CUS-SYN-073,2025-12-04T11:54:00-03:00,2025-12-08T11:54:00-03:00,2025-12-09T11:54:00-03:00,fulfilled,B2B-V1-BASE,BLD-9102B6E8BF1ABFFC5F32,True
ORD-SYN-001427,CUS-SYN-069,2025-12-04T13:34:00-03:00,2025-12-07T13:34:00-03:00,2025-12-10T13:34:00-03:00,partially_fulfilled,B2B-V1-BASE,BLD-9102B6E8BF1ABFFC5F32,True
ORD-SYN-001428,CUS-SYN-122,2025-12-04T13:38:00-03:00,,2025-12-06T13:38:00-03:00,fulfilled,B2B-V1-BASE,BLD-9102B6E8BF1ABFFC5F32,True
ORD-SYN-001429,CUS-SYN-059,2025-12-04T14:06:00-03:00,2025-12-07T14:06:00-03:00,2025-12-07T14:06:00-03:00,fulfilled,B2B-V1-BASE,BLD-9102B6E8BF1ABFFC5F32,True
ORD-SYN-001430,CUS-SYN-002,2025-12-04T14:10:00-03:00,2025-12-06T14:10:00-03:00,2025-12-07T14:10:00-03:00,fulfilled,B2B-V1-BASE,BLD-9102B6E8BF1ABFFC5F32,True
ORD-SYN-001431,CUS-SYN-023,2025-12-04T16:00:00-03:00,2025-12-07T16:00:00-03:00,2025-12-08T16:00:00-03:00,fulfilled,B2B-V1-BASE,BLD-9102B6E8BF1ABFFC5F32,True
ORD-SYN-001432,CUS-SYN-018,2025-12-04T16:16:00-03:00,2025-12-07T16:16:00-03:00,2025-12-07T16:16:00-03:00,fulfilled,B2B-V1-BASE,BLD-9102B6E8BF1ABFFC5F32,True
ORD-SYN-001433,CUS-SYN-046,2025-12-04T16:34:00-03:00,2025-12-08T16:34:00-03:00,2025-12-08T16:34:00-03:00,fulfilled,B2B-V1-BASE,BLD-9102B6E8BF1ABFFC5F32,True
ORD-SYN-001434,CUS-SYN-031,2025-12-05T09:17:00-03:00,2025-12-06T09:17:00-03:00,2025-12-09T09:17:00-03:00,fulfilled,B2B-V1-BASE,BLD-9102B6E8BF1ABFFC5F32,True
ORD-SYN-001435,CUS-SYN-021,2025-12-05T09:39:00-03:00,,2025-12-10T09:39:00-03:00,fulfilled,B2B-V1-BASE,BLD-9102B6E8BF1ABFFC5F32,True
ORD-SYN-001436,CUS-SYN-129,2025-12-05T10:01:00-03:00,2025-12-07T10:01:00-03:00,2025-12-08T10:01:00-03:00,fulfilled,B2B-V1-BASE,BLD-9102B6E8BF1ABFFC5F32,True
ORD-SYN-001437,CUS-SYN-025,2025-12-05T10:12:00-03:00,2025-12-08T10:12:00-03:00,2025-12-08T10:12:00-03:00,partially_fulfilled,B2B-V1-BASE,BLD-9102B6E8BF1ABFFC5F32,True
ORD-SYN-001438,CUS-SYN-094,2025-12-05T10:43:00-03:00,2025-12-08T10:43:00-03:00,2025-12-08T10:43:00-03:00,fulfilled,B2B-V1-BASE,BLD-9102B6E8BF1ABFFC5F32,True
ORD-SYN-001439,CUS-SYN-010,2025-12-05T11:00:00-03:00,2025-12-11T11:00:00-03:00,2025-12-11T11:00:00-03:00,partially_fulfilled,B2B-V1-BASE,BLD-9102B6E8BF1ABFFC5F32,True
ORD-SYN-001440,CUS-SYN-047,2025-12-05T11:34:00-03:00,2025-12-07T11:34:00-03:00,2025-12-07T11:34:00-03:00,partially_fulfilled,B2B-V1-BASE,BLD-9102B6E8BF1ABFFC5F32,True
ORD-SYN-001441,CUS-SYN-101,2025-12-05T14:13:00-03:00,2025-12-06T14:13:00-03:00,2025-12-08T14:13:00-03:00,fulfilled,B2B-V1-BASE,BLD-9102B6E8BF1ABFFC5F32,True
ORD-SYN-001442,CUS-SYN-094,2025-12-05T14:39:00-03:00,2025-12-06T14:39:00-03:00,2025-12-08T14:39:00-03:00,partially_fulfilled,B2B-V1-BASE,BLD-9102B6E8BF1ABFFC5F32,True
ORD-SYN-001443,CUS-SYN-116,2025-12-05T15:53:00-03:00,,2025-12-08T15:53:00-03:00,fulfilled,B2B-V1-BASE,BLD-9102B6E8BF1ABFFC5F32,True
ORD-SYN-001444,CUS-SYN-069,2025-12-06T08:02:00-03:00,2025-12-09T08:02:00-03:00,2025-12-10T08:02:00-03:00,fulfilled,B2B-V1-BASE,BLD-9102B6E8BF1ABFFC5F32,True
ORD-SYN-001445,CUS-SYN-026,2025-12-06T08:06:00-03:00,2025-12-07T08:06:00-03:00,2025-12-11T08:06:00-03:00,partially_fulfilled,B2B-V1-BASE,BLD-9102B6E8BF1ABFFC5F32,True
ORD-SYN-001446,CUS-SYN-105,2025-12-06T08:06:00-03:00,2025-12-08T08:06:00-03:00,2025-12-09T08:06:00-03:00,partially_fulfilled,B2B-V1-BASE,BLD-9102B6E8BF1ABFFC5F32,True
ORD-SYN-001447,CUS-SYN-085,2025-12-06T10:12:00-03:00,2025-12-10T10:12:00-03:00,2025-12-10T10:12:00-03:00,partially_fulfilled,B2B-V1-BASE,BLD-9102B6E8BF1ABFFC5F32,True
ORD-SYN-001448,CUS-SYN-121,2025-12-06T11:40:00-03:00,2025-12-08T11:40:00-03:00,2025-12-12T11:40:00-03:00,fulfilled,B2B-V1-BASE,BLD-9102B6E8BF1ABFFC5F32,True
ORD-SYN-001449,CUS-SYN-089,2025-12-06T13:51:00-03:00,,2025-12-08T13:51:00-03:00,fulfilled,B2B-V1-BASE,BLD-9102B6E8BF1ABFFC5F32,True
ORD-SYN-001450,CUS-SYN-010,2025-12-06T14:21:00-03:00,2025-12-09T14:21:00-03:00,2025-12-09T14:21:00-03:00,fulfilled,B2B-V1-BASE,BLD-9102B6E8BF1ABFFC5F32,True
ORD-SYN-001451,CUS-SYN-053,2025-12-06T14:23:00-03:00,2025-12-10T14:23:00-03:00,2025-12-12T14:23:00-03:00,fulfilled,B2B-V1-BASE,BLD-9102B6E8BF1ABFFC5F32,True
ORD-SYN-001452,CUS-SYN-148,2025-12-06T14:32:00-03:00,2025-12-10T14:32:00-03:00,2025-12-10T14:32:00-03:00,fulfilled,B2B-V1-BASE,BLD-9102B6E8BF1ABFFC5F32,True
ORD-SYN-001453,CUS-SYN-022,2025-12-06T16:52:00-03:00,2025-12-12T16:52:00-03:00,2025-12-12T16:52:00-03:00,fulfilled,B2B-V1-BASE,BLD-9102B6E8BF1ABFFC5F32,True
ORD-SYN-001454,CUS-SYN-129,2025-12-06T17:10:00-03:00,2025-12-08T17:10:00-03:00,2025-12-09T17:10:00-03:00,fulfilled,B2B-V1-BASE,BLD-9102B6E8BF1ABFFC5F32,True
ORD-SYN-001455,CUS-SYN-088,2025-12-07T09:05:00-03:00,2025-12-10T09:05:00-03:00,2025-12-12T09:05:00-03:00,fulfilled,B2B-V1-BASE,BLD-9102B6E8BF1ABFFC5F32,True
ORD-SYN-001456,CUS-SYN-142,2025-12-07T09:21:00-03:00,2025-12-08T09:21:00-03:00,2025-12-12T09:21:00-03:00,partially_fulfilled,B2B-V1-BASE,BLD-9102B6E8BF1ABFFC5F32,True
ORD-SYN-001457,CUS-SYN-015,2025-12-07T10:07:00-03:00,2025-12-10T10:07:00-03:00,2025-12-12T10:07:00-03:00,fulfilled,B2B-V1-BASE,BLD-9102B6E8BF1ABFFC5F32,True
ORD-SYN-001458,CUS-SYN-088,2025-12-07T11:46:00-03:00,2025-12-08T11:46:00-03:00,2025-12-10T11:46:00-03:00,fulfilled,B2B-V1-BASE,BLD-9102B6E8BF1ABFFC5F32,True
ORD-SYN-001459,CUS-SYN-146,2025-12-07T14:00:00-03:00,,2025-12-09T14:00:00-03:00,fulfilled,B2B-V1-BASE,BLD-9102B6E8BF1ABFFC5F32,True
ORD-SYN-001460,CUS-SYN-009,2025-12-07T14:07:00-03:00,2025-12-12T14:07:00-03:00,2025-12-12T14:07:00-03:00,fulfilled,B2B-V1-BASE,BLD-9102B6E8BF1ABFFC5F32,True
ORD-SYN-001461,CUS-SYN-040,2025-12-07T14:43:00-03:00,2025-12-09T14:43:00-03:00,2025-12-10T14:43:00-03:00,fulfilled,B2B-V1-BASE,BLD-9102B6E8BF1ABFFC5F32,True
ORD-SYN-001462,CUS-SYN-014,2025-12-07T15:06:00-03:00,,2025-12-11T15:06:00-03:00,fulfilled,B2B-V1-BASE,BLD-9102B6E8BF1ABFFC5F32,True
ORD-SYN-001463,CUS-SYN-054,2025-12-07T16:19:00-03:00,,2025-12-11T16:19:00-03:00,partially_fulfilled,B2B-V1-BASE,BLD-9102B6E8BF1ABFFC5F32,True
ORD-SYN-001464,CUS-SYN-084,2025-12-08T08:26:00-03:00,2025-12-11T08:26:00-03:00,2025-12-11T08:26:00-03:00,fulfilled,B2B-V1-BASE,BLD-9102B6E8BF1ABFFC5F32,True
ORD-SYN-001465,CUS-SYN-097,2025-12-08T11:15:00-03:00,2025-12-09T11:15:00-03:00,2025-12-10T11:15:00-03:00,fulfilled,B2B-V1-BASE,BLD-9102B6E8BF1ABFFC5F32,True
ORD-SYN-001466,CUS-SYN-118,2025-12-08T13:32:00-03:00,2025-12-09T13:32:00-03:00,2025-12-10T13:32:00-03:00,partially_fulfilled,B2B-V1-BASE,BLD-9102B6E8BF1ABFFC5F32,True
ORD-SYN-001467,CUS-SYN-028,2025-12-08T14:43:00-03:00,2025-12-12T14:43:00-03:00,2025-12-13T14:43:00-03:00,fulfilled,B2B-V1-BASE,BLD-9102B6E8BF1ABFFC5F32,True
ORD-SYN-001468,CUS-SYN-130,2025-12-08T15:40:00-03:00,,2025-12-11T15:40:00-03:00,fulfilled,B2B-V1-BASE,BLD-9102B6E8BF1ABFFC5F32,True
ORD-SYN-001469,CUS-SYN-046,2025-12-08T16:17:00-03:00,2025-12-10T16:17:00-03:00,2025-12-13T16:17:00-03:00,fulfilled,B2B-V1-BASE,BLD-9102B6E8BF1ABFFC5F32,True
ORD-SYN-001470,CUS-SYN-114,2025-12-08T17:54:00-03:00,2025-12-13T17:54:00-03:00,2025-12-14T17:54:00-03:00,fulfilled,B2B-V1-BASE,BLD-9102B6E8BF1ABFFC5F32,True
ORD-SYN-001471,CUS-SYN-130,2025-12-09T10:51:00-03:00,2025-12-14T10:51:00-03:00,2025-12-15T10:51:00-03:00,fulfilled,B2B-V1-BASE,BLD-9102B6E8BF1ABFFC5F32,True
ORD-SYN-001472,CUS-SYN-112,2025-12-09T11:16:00-03:00,2025-12-11T11:16:00-03:00,2025-12-11T11:16:00-03:00,fulfilled,B2B-V1-BASE,BLD-9102B6E8BF1ABFFC5F32,True
ORD-SYN-001473,CUS-SYN-032,2025-12-09T13:07:00-03:00,2025-12-12T13:07:00-03:00,2025-12-12T13:07:00-03:00,fulfilled,B2B-V1-BASE,BLD-9102B6E8BF1ABFFC5F32,True
ORD-SYN-001474,CUS-SYN-001,2025-12-09T13:55:00-03:00,2025-12-11T13:55:00-03:00,2025-12-11T13:55:00-03:00,partially_fulfilled,B2B-V1-BASE,BLD-9102B6E8BF1ABFFC5F32,True
ORD-SYN-001475,CUS-SYN-017,2025-12-09T14:57:00-03:00,2025-12-10T14:57:00-03:00,2025-12-11T14:57:00-03:00,partially_fulfilled,B2B-V1-BASE,BLD-9102B6E8BF1ABFFC5F32,True
ORD-SYN-001476,CUS-SYN-062,2025-12-09T15:14:00-03:00,2025-12-10T15:14:00-03:00,2025-12-11T15:14:00-03:00,partially_fulfilled,B2B-V1-BASE,BLD-9102B6E8BF1ABFFC5F32,True
ORD-SYN-001477,CUS-SYN-149,2025-12-09T16:41:00-03:00,,2025-12-15T16:41:00-03:00,fulfilled,B2B-V1-BASE,BLD-9102B6E8BF1ABFFC5F32,True
ORD-SYN-001478,CUS-SYN-121,2025-12-10T08:30:00-03:00,2025-12-13T08:30:00-03:00,2025-12-14T08:30:00-03:00,fulfilled,B2B-V1-BASE,BLD-9102B6E8BF1ABFFC5F32,True
ORD-SYN-001479,CUS-SYN-121,2025-12-10T09:44:00-03:00,2025-12-14T09:44:00-03:00,2025-12-15T09:44:00-03:00,fulfilled,B2B-V1-BASE,BLD-9102B6E8BF1ABFFC5F32,True
ORD-SYN-001480,CUS-SYN-093,2025-12-10T11:02:00-03:00,2025-12-12T11:02:00-03:00,2025-12-14T11:02:00-03:00,partially_fulfilled,B2B-V1-BASE,BLD-9102B6E8BF1ABFFC5F32,True
ORD-SYN-001481,CUS-SYN-133,2025-12-10T11:22:00-03:00,2025-12-14T11:22:00-03:00,2025-12-16T11:22:00-03:00,fulfilled,B2B-V1-BASE,BLD-9102B6E8BF1ABFFC5F32,True
ORD-SYN-001482,CUS-SYN-070,2025-12-10T13:22:00-03:00,2025-12-11T13:22:00-03:00,2025-12-14T13:22:00-03:00,fulfilled,B2B-V1-BASE,BLD-9102B6E8BF1ABFFC5F32,True
ORD-SYN-001483,CUS-SYN-091,2025-12-10T14:13:00-03:00,2025-12-11T14:13:00-03:00,2025-12-13T14:13:00-03:00,fulfilled,B2B-V1-BASE,BLD-9102B6E8BF1ABFFC5F32,True
ORD-SYN-001484,CUS-SYN-014,2025-12-10T14:17:00-03:00,2025-12-12T14:17:00-03:00,2025-12-15T14:17:00-03:00,fulfilled,B2B-V1-BASE,BLD-9102B6E8BF1ABFFC5F32,True
ORD-SYN-001485,CUS-SYN-122,2025-12-10T15:38:00-03:00,2025-12-12T15:38:00-03:00,2025-12-16T15:38:00-03:00,fulfilled,B2B-V1-BASE,BLD-9102B6E8BF1ABFFC5F32,True
ORD-SYN-001486,CUS-SYN-097,2025-12-10T16:22:00-03:00,2025-12-11T16:22:00-03:00,2025-12-13T16:22:00-03:00,fulfilled,B2B-V1-BASE,BLD-9102B6E8BF1ABFFC5F32,True
ORD-SYN-001487,CUS-SYN-094,2025-12-10T16:51:00-03:00,2025-12-12T16:51:00-03:00,2025-12-12T16:51:00-03:00,fulfilled,B2B-V1-BASE,BLD-9102B6E8BF1ABFFC5F32,True
ORD-SYN-001488,CUS-SYN-037,2025-12-10T17:45:00-03:00,2025-12-11T17:45:00-03:00,2025-12-15T17:45:00-03:00,fulfilled,B2B-V1-BASE,BLD-9102B6E8BF1ABFFC5F32,True
ORD-SYN-001489,CUS-SYN-056,2025-12-10T17:57:00-03:00,,2025-12-13T17:57:00-03:00,fulfilled,B2B-V1-BASE,BLD-9102B6E8BF1ABFFC5F32,True
ORD-SYN-001490,CUS-SYN-030,2025-12-11T08:25:00-03:00,2025-12-15T08:25:00-03:00,2025-12-17T08:25:00-03:00,fulfilled,B2B-V1-BASE,BLD-9102B6E8BF1ABFFC5F32,True
ORD-SYN-001491,CUS-SYN-029,2025-12-11T09:17:00-03:00,2025-12-12T09:17:00-03:00,2025-12-13T09:17:00-03:00,partially_fulfilled,B2B-V1-BASE,BLD-9102B6E8BF1ABFFC5F32,True
ORD-SYN-001492,CUS-SYN-038,2025-12-11T09:28:00-03:00,2025-12-14T09:28:00-03:00,2025-12-17T09:28:00-03:00,fulfilled,B2B-V1-BASE,BLD-9102B6E8BF1ABFFC5F32,True
ORD-SYN-001493,CUS-SYN-013,2025-12-11T10:24:00-03:00,2025-12-14T10:24:00-03:00,2025-12-14T10:24:00-03:00,fulfilled,B2B-V1-BASE,BLD-9102B6E8BF1ABFFC5F32,True
ORD-SYN-001494,CUS-SYN-146,2025-12-11T11:08:00-03:00,2025-12-16T11:08:00-03:00,2025-12-16T11:08:00-03:00,fulfilled,B2B-V1-BASE,BLD-9102B6E8BF1ABFFC5F32,True
ORD-SYN-001495,CUS-SYN-068,2025-12-11T11:30:00-03:00,2025-12-14T11:30:00-03:00,2025-12-15T11:30:00-03:00,fulfilled,B2B-V1-BASE,BLD-9102B6E8BF1ABFFC5F32,True
ORD-SYN-001496,CUS-SYN-051,2025-12-11T13:07:00-03:00,2025-12-12T13:07:00-03:00,2025-12-13T13:07:00-03:00,fulfilled,B2B-V1-BASE,BLD-9102B6E8BF1ABFFC5F32,True
ORD-SYN-001497,CUS-SYN-005,2025-12-11T13:09:00-03:00,,2025-12-17T13:09:00-03:00,fulfilled,B2B-V1-BASE,BLD-9102B6E8BF1ABFFC5F32,True
ORD-SYN-001498,CUS-SYN-062,2025-12-11T13:57:00-03:00,2025-12-13T13:57:00-03:00,2025-12-14T13:57:00-03:00,fulfilled,B2B-V1-BASE,BLD-9102B6E8BF1ABFFC5F32,True
ORD-SYN-001499,CUS-SYN-100,2025-12-11T15:38:00-03:00,2025-12-15T15:38:00-03:00,2025-12-17T15:38:00-03:00,fulfilled,B2B-V1-BASE,BLD-9102B6E8BF1ABFFC5F32,True
ORD-SYN-001500,CUS-SYN-137,2025-12-11T17:19:00-03:00,2025-12-15T17:19:00-03:00,2025-12-15T17:19:00-03:00,fulfilled,B2B-V1-BASE,BLD-9102B6E8BF1ABFFC5F32,True
ORD-SYN-001501,CUS-SYN-068,2025-12-11T17:20:00-03:00,,2025-12-15T17:20:00-03:00,fulfilled,B2B-V1-BASE,BLD-9102B6E8BF1ABFFC5F32,True
ORD-SYN-001502,CUS-SYN-016,2025-12-12T08:47:00-03:00,2025-12-14T08:47:00-03:00,2025-12-15T08:47:00-03:00,partially_fulfilled,B2B-V1-BASE,BLD-9102B6E8BF1ABFFC5F32,True
ORD-SYN-001503,CUS-SYN-110,2025-12-12T09:34:00-03:00,2025-12-15T09:34:00-03:00,2025-12-16T09:34:00-03:00,fulfilled,B2B-V1-BASE,BLD-9102B6E8BF1ABFFC5F32,True
ORD-SYN-001504,CUS-SYN-017,2025-12-12T10:10:00-03:00,2025-12-13T10:10:00-03:00,2025-12-16T10:10:00-03:00,fulfilled,B2B-V1-BASE,BLD-9102B6E8BF1ABFFC5F32,True
ORD-SYN-001505,CUS-SYN-081,2025-12-12T10:49:00-03:00,2025-12-13T10:49:00-03:00,2025-12-17T10:49:00-03:00,fulfilled,B2B-V1-BASE,BLD-9102B6E8BF1ABFFC5F32,True
ORD-SYN-001506,CUS-SYN-077,2025-12-12T11:10:00-03:00,,2025-12-17T11:10:00-03:00,fulfilled,B2B-V1-BASE,BLD-9102B6E8BF1ABFFC5F32,True
ORD-SYN-001507,CUS-SYN-090,2025-12-12T11:31:00-03:00,,2025-12-18T11:31:00-03:00,fulfilled,B2B-V1-BASE,BLD-9102B6E8BF1ABFFC5F32,True
ORD-SYN-001508,CUS-SYN-082,2025-12-12T12:56:00-03:00,2025-12-14T12:56:00-03:00,2025-12-17T12:56:00-03:00,fulfilled,B2B-V1-BASE,BLD-9102B6E8BF1ABFFC5F32,True
ORD-SYN-001509,CUS-SYN-141,2025-12-12T13:54:00-03:00,2025-12-17T13:54:00-03:00,2025-12-17T13:54:00-03:00,fulfilled,B2B-V1-BASE,BLD-9102B6E8BF1ABFFC5F32,True
ORD-SYN-001510,CUS-SYN-023,2025-12-12T14:05:00-03:00,2025-12-13T14:05:00-03:00,2025-12-14T14:05:00-03:00,fulfilled,B2B-V1-BASE,BLD-9102B6E8BF1ABFFC5F32,True
ORD-SYN-001511,CUS-SYN-107,2025-12-12T14:30:00-03:00,2025-12-13T14:30:00-03:00,2025-12-15T14:30:00-03:00,fulfilled,B2B-V1-BASE,BLD-9102B6E8BF1ABFFC5F32,True
ORD-SYN-001512,CUS-SYN-062,2025-12-12T16:16:00-03:00,2025-12-13T16:16:00-03:00,2025-12-15T16:16:00-03:00,fulfilled,B2B-V1-BASE,BLD-9102B6E8BF1ABFFC5F32,True
ORD-SYN-001513,CUS-SYN-104,2025-12-12T17:01:00-03:00,2025-12-16T17:01:00-03:00,2025-12-16T17:01:00-03:00,fulfilled,B2B-V1-BASE,BLD-9102B6E8BF1ABFFC5F32,True
ORD-SYN-001514,CUS-SYN-119,2025-12-12T17:06:00-03:00,2025-12-13T17:06:00-03:00,2025-12-15T17:06:00-03:00,partially_fulfilled,B2B-V1-BASE,BLD-9102B6E8BF1ABFFC5F32,True
ORD-SYN-001515,CUS-SYN-058,2025-12-12T17:43:00-03:00,2025-12-14T17:43:00-03:00,2025-12-15T17:43:00-03:00,fulfilled,B2B-V1-BASE,BLD-9102B6E8BF1ABFFC5F32,True
ORD-SYN-001516,CUS-SYN-038,2025-12-13T08:27:00-03:00,2025-12-17T08:27:00-03:00,2025-12-18T08:27:00-03:00,fulfilled,B2B-V1-BASE,BLD-9102B6E8BF1ABFFC5F32,True
ORD-SYN-001517,CUS-SYN-028,2025-12-13T09:20:00-03:00,2025-12-17T09:20:00-03:00,2025-12-17T09:20:00-03:00,fulfilled,B2B-V1-BASE,BLD-9102B6E8BF1ABFFC5F32,True
ORD-SYN-001518,CUS-SYN-023,2025-12-13T09:36:00-03:00,2025-12-16T09:36:00-03:00,2025-12-18T09:36:00-03:00,fulfilled,B2B-V1-BASE,BLD-9102B6E8BF1ABFFC5F32,True
ORD-SYN-001519,CUS-SYN-020,2025-12-13T10:03:00-03:00,2025-12-15T10:03:00-03:00,2025-12-15T10:03:00-03:00,partially_fulfilled,B2B-V1-BASE,BLD-9102B6E8BF1ABFFC5F32,True
ORD-SYN-001520,CUS-SYN-010,2025-12-13T11:12:00-03:00,,2025-12-19T11:12:00-03:00,fulfilled,B2B-V1-BASE,BLD-9102B6E8BF1ABFFC5F32,True
ORD-SYN-001521,CUS-SYN-081,2025-12-13T13:24:00-03:00,2025-12-14T13:24:00-03:00,2025-12-19T13:24:00-03:00,fulfilled,B2B-V1-BASE,BLD-9102B6E8BF1ABFFC5F32,True
ORD-SYN-001522,CUS-SYN-122,2025-12-13T15:49:00-03:00,2025-12-19T15:49:00-03:00,2025-12-19T15:49:00-03:00,fulfilled,B2B-V1-BASE,BLD-9102B6E8BF1ABFFC5F32,True
ORD-SYN-001523,CUS-SYN-037,2025-12-13T15:55:00-03:00,2025-12-14T15:55:00-03:00,2025-12-17T15:55:00-03:00,partially_fulfilled,B2B-V1-BASE,BLD-9102B6E8BF1ABFFC5F32,True
ORD-SYN-001524,CUS-SYN-008,2025-12-13T17:31:00-03:00,2025-12-14T17:31:00-03:00,2025-12-17T17:31:00-03:00,partially_fulfilled,B2B-V1-BASE,BLD-9102B6E8BF1ABFFC5F32,True
ORD-SYN-001525,CUS-SYN-032,2025-12-14T09:47:00-03:00,2025-12-16T09:47:00-03:00,2025-12-17T09:47:00-03:00,fulfilled,B2B-V1-BASE,BLD-9102B6E8BF1ABFFC5F32,True
ORD-SYN-001526,CUS-SYN-135,2025-12-14T09:55:00-03:00,2025-12-18T09:55:00-03:00,2025-12-19T09:55:00-03:00,fulfilled,B2B-V1-BASE,BLD-9102B6E8BF1ABFFC5F32,True
ORD-SYN-001527,CUS-SYN-082,2025-12-14T11:06:00-03:00,2025-12-18T11:06:00-03:00,2025-12-20T11:06:00-03:00,fulfilled,B2B-V1-BASE,BLD-9102B6E8BF1ABFFC5F32,True
ORD-SYN-001528,CUS-SYN-021,2025-12-14T11:08:00-03:00,2025-12-19T11:08:00-03:00,2025-12-19T11:08:00-03:00,fulfilled,B2B-V1-BASE,BLD-9102B6E8BF1ABFFC5F32,True
ORD-SYN-001529,CUS-SYN-114,2025-12-14T11:20:00-03:00,2025-12-16T11:20:00-03:00,2025-12-16T11:20:00-03:00,fulfilled,B2B-V1-BASE,BLD-9102B6E8BF1ABFFC5F32,True
ORD-SYN-001530,CUS-SYN-087,2025-12-14T11:31:00-03:00,2025-12-18T11:31:00-03:00,2025-12-18T11:31:00-03:00,fulfilled,B2B-V1-BASE,BLD-9102B6E8BF1ABFFC5F32,True
ORD-SYN-001531,CUS-SYN-081,2025-12-14T11:33:00-03:00,2025-12-15T11:33:00-03:00,2025-12-16T11:33:00-03:00,fulfilled,B2B-V1-BASE,BLD-9102B6E8BF1ABFFC5F32,True
ORD-SYN-001532,CUS-SYN-041,2025-12-14T11:41:00-03:00,2025-12-16T11:41:00-03:00,2025-12-16T11:41:00-03:00,fulfilled,B2B-V1-BASE,BLD-9102B6E8BF1ABFFC5F32,True
ORD-SYN-001533,CUS-SYN-042,2025-12-14T12:03:00-03:00,2025-12-16T12:03:00-03:00,2025-12-16T12:03:00-03:00,fulfilled,B2B-V1-BASE,BLD-9102B6E8BF1ABFFC5F32,True
ORD-SYN-001534,CUS-SYN-075,2025-12-14T13:26:00-03:00,2025-12-15T13:26:00-03:00,2025-12-18T13:26:00-03:00,fulfilled,B2B-V1-BASE,BLD-9102B6E8BF1ABFFC5F32,True
ORD-SYN-001535,CUS-SYN-006,2025-12-14T13:43:00-03:00,2025-12-15T13:43:00-03:00,2025-12-18T13:43:00-03:00,fulfilled,B2B-V1-BASE,BLD-9102B6E8BF1ABFFC5F32,True
ORD-SYN-001536,CUS-SYN-077,2025-12-14T13:56:00-03:00,2025-12-16T13:56:00-03:00,2025-12-20T13:56:00-03:00,fulfilled,B2B-V1-BASE,BLD-9102B6E8BF1ABFFC5F32,True
ORD-SYN-001537,CUS-SYN-038,2025-12-14T15:57:00-03:00,2025-12-15T15:57:00-03:00,2025-12-16T15:57:00-03:00,fulfilled,B2B-V1-BASE,BLD-9102B6E8BF1ABFFC5F32,True
ORD-SYN-001538,CUS-SYN-141,2025-12-14T16:10:00-03:00,,2025-12-19T16:10:00-03:00,partially_fulfilled,B2B-V1-BASE,BLD-9102B6E8BF1ABFFC5F32,True
ORD-SYN-001539,CUS-SYN-138,2025-12-14T17:09:00-03:00,2025-12-15T17:09:00-03:00,2025-12-18T17:09:00-03:00,partially_fulfilled,B2B-V1-BASE,BLD-9102B6E8BF1ABFFC5F32,True
ORD-SYN-001540,CUS-SYN-054,2025-12-14T17:11:00-03:00,2025-12-17T17:11:00-03:00,2025-12-17T17:11:00-03:00,fulfilled,B2B-V1-BASE,BLD-9102B6E8BF1ABFFC5F32,True
ORD-SYN-001541,CUS-SYN-122,2025-12-14T17:57:00-03:00,2025-12-16T17:57:00-03:00,2025-12-17T17:57:00-03:00,fulfilled,B2B-V1-BASE,BLD-9102B6E8BF1ABFFC5F32,True
ORD-SYN-001542,CUS-SYN-146,2025-12-15T09:49:00-03:00,,2025-12-21T09:49:00-03:00,partially_fulfilled,B2B-V1-BASE,BLD-9102B6E8BF1ABFFC5F32,True
ORD-SYN-001543,CUS-SYN-090,2025-12-15T10:49:00-03:00,2025-12-17T10:49:00-03:00,2025-12-17T10:49:00-03:00,fulfilled,B2B-V1-BASE,BLD-9102B6E8BF1ABFFC5F32,True
ORD-SYN-001544,CUS-SYN-081,2025-12-15T11:58:00-03:00,2025-12-16T11:58:00-03:00,2025-12-17T11:58:00-03:00,fulfilled,B2B-V1-BASE,BLD-9102B6E8BF1ABFFC5F32,True
ORD-SYN-001545,CUS-SYN-045,2025-12-15T11:59:00-03:00,2025-12-17T11:59:00-03:00,2025-12-21T11:59:00-03:00,fulfilled,B2B-V1-BASE,BLD-9102B6E8BF1ABFFC5F32,True
ORD-SYN-001546,CUS-SYN-113,2025-12-15T12:00:00-03:00,,2025-12-18T12:00:00-03:00,fulfilled,B2B-V1-BASE,BLD-9102B6E8BF1ABFFC5F32,True
ORD-SYN-001547,CUS-SYN-138,2025-12-15T12:20:00-03:00,2025-12-16T12:20:00-03:00,2025-12-17T12:20:00-03:00,partially_fulfilled,B2B-V1-BASE,BLD-9102B6E8BF1ABFFC5F32,True
ORD-SYN-001548,CUS-SYN-145,2025-12-15T12:21:00-03:00,2025-12-17T12:21:00-03:00,2025-12-20T12:21:00-03:00,fulfilled,B2B-V1-BASE,BLD-9102B6E8BF1ABFFC5F32,True
ORD-SYN-001549,CUS-SYN-049,2025-12-15T14:30:00-03:00,2025-12-18T14:30:00-03:00,2025-12-20T14:30:00-03:00,fulfilled,B2B-V1-BASE,BLD-9102B6E8BF1ABFFC5F32,True
ORD-SYN-001550,CUS-SYN-061,2025-12-15T14:47:00-03:00,2025-12-17T14:47:00-03:00,2025-12-17T14:47:00-03:00,fulfilled,B2B-V1-BASE,BLD-9102B6E8BF1ABFFC5F32,True
ORD-SYN-001551,CUS-SYN-122,2025-12-15T15:49:00-03:00,2025-12-16T15:49:00-03:00,2025-12-21T15:49:00-03:00,fulfilled,B2B-V1-BASE,BLD-9102B6E8BF1ABFFC5F32,True
ORD-SYN-001552,CUS-SYN-126,2025-12-15T15:49:00-03:00,2025-12-20T15:49:00-03:00,2025-12-21T15:49:00-03:00,fulfilled,B2B-V1-BASE,BLD-9102B6E8BF1ABFFC5F32,True
ORD-SYN-001553,CUS-SYN-135,2025-12-15T15:54:00-03:00,,2025-12-17T15:54:00-03:00,fulfilled,B2B-V1-BASE,BLD-9102B6E8BF1ABFFC5F32,True
ORD-SYN-001554,CUS-SYN-048,2025-12-15T16:38:00-03:00,2025-12-17T16:38:00-03:00,2025-12-17T16:38:00-03:00,fulfilled,B2B-V1-BASE,BLD-9102B6E8BF1ABFFC5F32,True
ORD-SYN-001555,CUS-SYN-097,2025-12-15T17:26:00-03:00,2025-12-18T17:26:00-03:00,2025-12-20T17:26:00-03:00,fulfilled,B2B-V1-BASE,BLD-9102B6E8BF1ABFFC5F32,True
ORD-SYN-001556,CUS-SYN-070,2025-12-16T09:52:00-03:00,2025-12-19T09:52:00-03:00,2025-12-19T09:52:00-03:00,fulfilled,B2B-V1-BASE,BLD-9102B6E8BF1ABFFC5F32,True
ORD-SYN-001557,CUS-SYN-028,2025-12-16T09:58:00-03:00,2025-12-19T09:58:00-03:00,2025-12-19T09:58:00-03:00,fulfilled,B2B-V1-BASE,BLD-9102B6E8BF1ABFFC5F32,True
ORD-SYN-001558,CUS-SYN-112,2025-12-16T11:20:00-03:00,,2025-12-19T11:20:00-03:00,fulfilled,B2B-V1-BASE,BLD-9102B6E8BF1ABFFC5F32,True
ORD-SYN-001559,CUS-SYN-121,2025-12-16T11:48:00-03:00,2025-12-22T11:48:00-03:00,2025-12-22T11:48:00-03:00,fulfilled,B2B-V1-BASE,BLD-9102B6E8BF1ABFFC5F32,True
ORD-SYN-001560,CUS-SYN-050,2025-12-16T12:39:00-03:00,2025-12-18T12:39:00-03:00,2025-12-18T12:39:00-03:00,fulfilled,B2B-V1-BASE,BLD-9102B6E8BF1ABFFC5F32,True
ORD-SYN-001561,CUS-SYN-106,2025-12-16T12:53:00-03:00,2025-12-17T12:53:00-03:00,2025-12-18T12:53:00-03:00,partially_fulfilled,B2B-V1-BASE,BLD-9102B6E8BF1ABFFC5F32,True
ORD-SYN-001562,CUS-SYN-127,2025-12-16T13:06:00-03:00,2025-12-18T13:06:00-03:00,2025-12-21T13:06:00-03:00,fulfilled,B2B-V1-BASE,BLD-9102B6E8BF1ABFFC5F32,True
ORD-SYN-001563,CUS-SYN-050,2025-12-16T14:28:00-03:00,2025-12-18T14:28:00-03:00,2025-12-21T14:28:00-03:00,partially_fulfilled,B2B-V1-BASE,BLD-9102B6E8BF1ABFFC5F32,True
ORD-SYN-001564,CUS-SYN-133,2025-12-16T15:17:00-03:00,2025-12-17T15:17:00-03:00,2025-12-20T15:17:00-03:00,partially_fulfilled,B2B-V1-BASE,BLD-9102B6E8BF1ABFFC5F32,True
ORD-SYN-001565,CUS-SYN-038,2025-12-16T15:19:00-03:00,2025-12-18T15:19:00-03:00,2025-12-22T15:19:00-03:00,fulfilled,B2B-V1-BASE,BLD-9102B6E8BF1ABFFC5F32,True
ORD-SYN-001566,CUS-SYN-022,2025-12-16T15:21:00-03:00,,2025-12-22T15:21:00-03:00,fulfilled,B2B-V1-BASE,BLD-9102B6E8BF1ABFFC5F32,True
ORD-SYN-001567,CUS-SYN-074,2025-12-16T16:03:00-03:00,2025-12-18T16:03:00-03:00,2025-12-18T16:03:00-03:00,fulfilled,B2B-V1-BASE,BLD-9102B6E8BF1ABFFC5F32,True
ORD-SYN-001568,CUS-SYN-088,2025-12-16T17:38:00-03:00,,2025-12-20T17:38:00-03:00,partially_fulfilled,B2B-V1-BASE,BLD-9102B6E8BF1ABFFC5F32,True
ORD-SYN-001569,CUS-SYN-089,2025-12-17T09:12:00-03:00,2025-12-19T09:12:00-03:00,2025-12-22T09:12:00-03:00,partially_fulfilled,B2B-V1-BASE,BLD-9102B6E8BF1ABFFC5F32,True
ORD-SYN-001570,CUS-SYN-138,2025-12-17T09:15:00-03:00,2025-12-20T09:15:00-03:00,2025-12-22T09:15:00-03:00,fulfilled,B2B-V1-BASE,BLD-9102B6E8BF1ABFFC5F32,True
ORD-SYN-001571,CUS-SYN-082,2025-12-17T11:09:00-03:00,2025-12-19T11:09:00-03:00,2025-12-19T11:09:00-03:00,fulfilled,B2B-V1-BASE,BLD-9102B6E8BF1ABFFC5F32,True
ORD-SYN-001572,CUS-SYN-003,2025-12-17T12:12:00-03:00,2025-12-19T12:12:00-03:00,2025-12-22T12:12:00-03:00,fulfilled,B2B-V1-BASE,BLD-9102B6E8BF1ABFFC5F32,True
ORD-SYN-001573,CUS-SYN-008,2025-12-17T12:26:00-03:00,2025-12-19T12:26:00-03:00,2025-12-19T12:26:00-03:00,fulfilled,B2B-V1-BASE,BLD-9102B6E8BF1ABFFC5F32,True
ORD-SYN-001574,CUS-SYN-084,2025-12-17T13:11:00-03:00,2025-12-19T13:11:00-03:00,2025-12-20T13:11:00-03:00,fulfilled,B2B-V1-BASE,BLD-9102B6E8BF1ABFFC5F32,True
ORD-SYN-001575,CUS-SYN-150,2025-12-17T13:32:00-03:00,2025-12-20T13:32:00-03:00,2025-12-21T13:32:00-03:00,partially_fulfilled,B2B-V1-BASE,BLD-9102B6E8BF1ABFFC5F32,True
ORD-SYN-001576,CUS-SYN-142,2025-12-17T14:33:00-03:00,2025-12-19T14:33:00-03:00,2025-12-21T14:33:00-03:00,partially_fulfilled,B2B-V1-BASE,BLD-9102B6E8BF1ABFFC5F32,True
ORD-SYN-001577,CUS-SYN-105,2025-12-17T15:34:00-03:00,,2025-12-22T15:34:00-03:00,fulfilled,B2B-V1-BASE,BLD-9102B6E8BF1ABFFC5F32,True
ORD-SYN-001578,CUS-SYN-062,2025-12-17T17:43:00-03:00,2025-12-21T17:43:00-03:00,2025-12-23T17:43:00-03:00,fulfilled,B2B-V1-BASE,BLD-9102B6E8BF1ABFFC5F32,True
ORD-SYN-001579,CUS-SYN-123,2025-12-18T09:10:00-03:00,2025-12-21T09:10:00-03:00,2025-12-21T09:10:00-03:00,fulfilled,B2B-V1-BASE,BLD-9102B6E8BF1ABFFC5F32,True
ORD-SYN-001580,CUS-SYN-083,2025-12-18T10:35:00-03:00,2025-12-20T10:35:00-03:00,2025-12-21T10:35:00-03:00,fulfilled,B2B-V1-BASE,BLD-9102B6E8BF1ABFFC5F32,True
ORD-SYN-001581,CUS-SYN-100,2025-12-18T10:38:00-03:00,2025-12-22T10:38:00-03:00,2025-12-22T10:38:00-03:00,partially_fulfilled,B2B-V1-BASE,BLD-9102B6E8BF1ABFFC5F32,True
ORD-SYN-001582,CUS-SYN-023,2025-12-18T11:51:00-03:00,2025-12-20T11:51:00-03:00,2025-12-22T11:51:00-03:00,fulfilled,B2B-V1-BASE,BLD-9102B6E8BF1ABFFC5F32,True
ORD-SYN-001583,CUS-SYN-095,2025-12-18T12:07:00-03:00,2025-12-19T12:07:00-03:00,2025-12-21T12:07:00-03:00,fulfilled,B2B-V1-BASE,BLD-9102B6E8BF1ABFFC5F32,True
ORD-SYN-001584,CUS-SYN-020,2025-12-18T12:10:00-03:00,,2025-12-21T12:10:00-03:00,partially_fulfilled,B2B-V1-BASE,BLD-9102B6E8BF1ABFFC5F32,True
ORD-SYN-001585,CUS-SYN-053,2025-12-18T13:38:00-03:00,2025-12-22T13:38:00-03:00,2025-12-22T13:38:00-03:00,fulfilled,B2B-V1-BASE,BLD-9102B6E8BF1ABFFC5F32,True
ORD-SYN-001586,CUS-SYN-090,2025-12-18T14:02:00-03:00,,2025-12-22T14:02:00-03:00,fulfilled,B2B-V1-BASE,BLD-9102B6E8BF1ABFFC5F32,True
ORD-SYN-001587,CUS-SYN-139,2025-12-18T14:04:00-03:00,,2025-12-22T14:04:00-03:00,partially_fulfilled,B2B-V1-BASE,BLD-9102B6E8BF1ABFFC5F32,True
ORD-SYN-001588,CUS-SYN-139,2025-12-18T14:09:00-03:00,2025-12-21T14:09:00-03:00,2025-12-21T14:09:00-03:00,fulfilled,B2B-V1-BASE,BLD-9102B6E8BF1ABFFC5F32,True
ORD-SYN-001589,CUS-SYN-078,2025-12-18T14:50:00-03:00,2025-12-19T14:50:00-03:00,2025-12-20T14:50:00-03:00,partially_fulfilled,B2B-V1-BASE,BLD-9102B6E8BF1ABFFC5F32,True
ORD-SYN-001590,CUS-SYN-009,2025-12-18T15:13:00-03:00,2025-12-23T15:13:00-03:00,2025-12-23T15:13:00-03:00,fulfilled,B2B-V1-BASE,BLD-9102B6E8BF1ABFFC5F32,True
ORD-SYN-001591,CUS-SYN-099,2025-12-18T16:03:00-03:00,2025-12-20T16:03:00-03:00,2025-12-20T16:03:00-03:00,fulfilled,B2B-V1-BASE,BLD-9102B6E8BF1ABFFC5F32,True
ORD-SYN-001592,CUS-SYN-073,2025-12-18T16:17:00-03:00,2025-12-19T16:17:00-03:00,2025-12-20T16:17:00-03:00,fulfilled,B2B-V1-BASE,BLD-9102B6E8BF1ABFFC5F32,True
ORD-SYN-001593,CUS-SYN-048,2025-12-18T16:38:00-03:00,2025-12-20T16:38:00-03:00,2025-12-21T16:38:00-03:00,fulfilled,B2B-V1-BASE,BLD-9102B6E8BF1ABFFC5F32,True
ORD-SYN-001594,CUS-SYN-098,2025-12-18T17:23:00-03:00,2025-12-19T17:23:00-03:00,2025-12-20T17:23:00-03:00,fulfilled,B2B-V1-BASE,BLD-9102B6E8BF1ABFFC5F32,True
ORD-SYN-001595,CUS-SYN-034,2025-12-19T08:05:00-03:00,2025-12-25T08:05:00-03:00,2025-12-25T08:05:00-03:00,fulfilled,B2B-V1-BASE,BLD-9102B6E8BF1ABFFC5F32,True
ORD-SYN-001596,CUS-SYN-004,2025-12-19T08:28:00-03:00,2025-12-20T08:28:00-03:00,2025-12-22T08:28:00-03:00,fulfilled,B2B-V1-BASE,BLD-9102B6E8BF1ABFFC5F32,True
ORD-SYN-001597,CUS-SYN-097,2025-12-19T08:59:00-03:00,2025-12-20T08:59:00-03:00,2025-12-25T08:59:00-03:00,fulfilled,B2B-V1-BASE,BLD-9102B6E8BF1ABFFC5F32,True
ORD-SYN-001598,CUS-SYN-137,2025-12-19T09:19:00-03:00,2025-12-20T09:19:00-03:00,2025-12-22T09:19:00-03:00,partially_fulfilled,B2B-V1-BASE,BLD-9102B6E8BF1ABFFC5F32,True
ORD-SYN-001599,CUS-SYN-110,2025-12-19T13:30:00-03:00,2025-12-22T13:30:00-03:00,2025-12-24T13:30:00-03:00,fulfilled,B2B-V1-BASE,BLD-9102B6E8BF1ABFFC5F32,True
ORD-SYN-001600,CUS-SYN-046,2025-12-19T14:16:00-03:00,,2025-12-21T14:16:00-03:00,fulfilled,B2B-V1-BASE,BLD-9102B6E8BF1ABFFC5F32,True
ORD-SYN-001601,CUS-SYN-095,2025-12-19T15:34:00-03:00,2025-12-21T15:34:00-03:00,2025-12-25T15:34:00-03:00,fulfilled,B2B-V1-BASE,BLD-9102B6E8BF1ABFFC5F32,True
ORD-SYN-001602,CUS-SYN-026,2025-12-19T16:33:00-03:00,2025-12-21T16:33:00-03:00,2025-12-23T16:33:00-03:00,partially_fulfilled,B2B-V1-BASE,BLD-9102B6E8BF1ABFFC5F32,True
ORD-SYN-001603,CUS-SYN-050,2025-12-20T12:40:00-03:00,2025-12-26T12:40:00-03:00,2025-12-26T12:40:00-03:00,fulfilled,B2B-V1-BASE,BLD-9102B6E8BF1ABFFC5F32,True
ORD-SYN-001604,CUS-SYN-142,2025-12-20T13:23:00-03:00,2025-12-22T13:23:00-03:00,2025-12-22T13:23:00-03:00,fulfilled,B2B-V1-BASE,BLD-9102B6E8BF1ABFFC5F32,True
ORD-SYN-001605,CUS-SYN-043,2025-12-20T13:56:00-03:00,2025-12-22T13:56:00-03:00,2025-12-23T13:56:00-03:00,fulfilled,B2B-V1-BASE,BLD-9102B6E8BF1ABFFC5F32,True
ORD-SYN-001606,CUS-SYN-130,2025-12-20T15:57:00-03:00,2025-12-21T15:57:00-03:00,2025-12-25T15:57:00-03:00,fulfilled,B2B-V1-BASE,BLD-9102B6E8BF1ABFFC5F32,True
ORD-SYN-001607,CUS-SYN-118,2025-12-21T08:44:00-03:00,2025-12-24T08:44:00-03:00,2025-12-27T08:44:00-03:00,fulfilled,B2B-V1-BASE,BLD-9102B6E8BF1ABFFC5F32,True
ORD-SYN-001608,CUS-SYN-086,2025-12-21T09:13:00-03:00,2025-12-24T09:13:00-03:00,2025-12-27T09:13:00-03:00,fulfilled,B2B-V1-BASE,BLD-9102B6E8BF1ABFFC5F32,True
ORD-SYN-001609,CUS-SYN-126,2025-12-21T09:19:00-03:00,2025-12-24T09:19:00-03:00,2025-12-24T09:19:00-03:00,fulfilled,B2B-V1-BASE,BLD-9102B6E8BF1ABFFC5F32,True
ORD-SYN-001610,CUS-SYN-105,2025-12-21T11:45:00-03:00,2025-12-22T11:45:00-03:00,2025-12-26T11:45:00-03:00,fulfilled,B2B-V1-BASE,BLD-9102B6E8BF1ABFFC5F32,True
ORD-SYN-001611,CUS-SYN-150,2025-12-21T11:47:00-03:00,2025-12-24T11:47:00-03:00,2025-12-27T11:47:00-03:00,partially_fulfilled,B2B-V1-BASE,BLD-9102B6E8BF1ABFFC5F32,True
ORD-SYN-001612,CUS-SYN-029,2025-12-21T11:50:00-03:00,2025-12-23T11:50:00-03:00,2025-12-24T11:50:00-03:00,fulfilled,B2B-V1-BASE,BLD-9102B6E8BF1ABFFC5F32,True
ORD-SYN-001613,CUS-SYN-121,2025-12-21T13:34:00-03:00,2025-12-22T13:34:00-03:00,2025-12-27T13:34:00-03:00,partially_fulfilled,B2B-V1-BASE,BLD-9102B6E8BF1ABFFC5F32,True
ORD-SYN-001614,CUS-SYN-118,2025-12-21T16:19:00-03:00,2025-12-25T16:19:00-03:00,2025-12-25T16:19:00-03:00,partially_fulfilled,B2B-V1-BASE,BLD-9102B6E8BF1ABFFC5F32,True
ORD-SYN-001615,CUS-SYN-111,2025-12-21T16:19:00-03:00,2025-12-22T16:19:00-03:00,2025-12-23T16:19:00-03:00,partially_fulfilled,B2B-V1-BASE,BLD-9102B6E8BF1ABFFC5F32,True
ORD-SYN-001616,CUS-SYN-046,2025-12-21T17:08:00-03:00,2025-12-23T17:08:00-03:00,2025-12-26T17:08:00-03:00,fulfilled,B2B-V1-BASE,BLD-9102B6E8BF1ABFFC5F32,True
ORD-SYN-001617,CUS-SYN-027,2025-12-21T17:29:00-03:00,,2025-12-27T17:29:00-03:00,fulfilled,B2B-V1-BASE,BLD-9102B6E8BF1ABFFC5F32,True
ORD-SYN-001618,CUS-SYN-008,2025-12-22T08:27:00-03:00,2025-12-24T08:27:00-03:00,2025-12-24T08:27:00-03:00,fulfilled,B2B-V1-BASE,BLD-9102B6E8BF1ABFFC5F32,True
ORD-SYN-001619,CUS-SYN-048,2025-12-22T08:39:00-03:00,2025-12-23T08:39:00-03:00,2025-12-26T08:39:00-03:00,partially_fulfilled,B2B-V1-BASE,BLD-9102B6E8BF1ABFFC5F32,True
ORD-SYN-001620,CUS-SYN-138,2025-12-22T12:02:00-03:00,2025-12-26T12:02:00-03:00,2025-12-26T12:02:00-03:00,partially_fulfilled,B2B-V1-BASE,BLD-9102B6E8BF1ABFFC5F32,True
ORD-SYN-001621,CUS-SYN-049,2025-12-22T12:10:00-03:00,2025-12-25T12:10:00-03:00,2025-12-26T12:10:00-03:00,fulfilled,B2B-V1-BASE,BLD-9102B6E8BF1ABFFC5F32,True
ORD-SYN-001622,CUS-SYN-108,2025-12-22T14:18:00-03:00,2025-12-28T14:18:00-03:00,2025-12-28T14:18:00-03:00,fulfilled,B2B-V1-BASE,BLD-9102B6E8BF1ABFFC5F32,True
ORD-SYN-001623,CUS-SYN-089,2025-12-22T14:28:00-03:00,2025-12-27T14:28:00-03:00,2025-12-27T14:28:00-03:00,fulfilled,B2B-V1-BASE,BLD-9102B6E8BF1ABFFC5F32,True
ORD-SYN-001624,CUS-SYN-085,2025-12-22T15:01:00-03:00,2025-12-23T15:01:00-03:00,2025-12-25T15:01:00-03:00,fulfilled,B2B-V1-BASE,BLD-9102B6E8BF1ABFFC5F32,True
ORD-SYN-001625,CUS-SYN-137,2025-12-22T16:19:00-03:00,,2025-12-28T16:19:00-03:00,fulfilled,B2B-V1-BASE,BLD-9102B6E8BF1ABFFC5F32,True
ORD-SYN-001626,CUS-SYN-021,2025-12-22T17:35:00-03:00,2025-12-26T17:35:00-03:00,2025-12-26T17:35:00-03:00,fulfilled,B2B-V1-BASE,BLD-9102B6E8BF1ABFFC5F32,True
ORD-SYN-001627,CUS-SYN-081,2025-12-22T17:37:00-03:00,2025-12-25T17:37:00-03:00,2025-12-25T17:37:00-03:00,fulfilled,B2B-V1-BASE,BLD-9102B6E8BF1ABFFC5F32,True
ORD-SYN-001628,CUS-SYN-146,2025-12-22T17:45:00-03:00,2025-12-25T17:45:00-03:00,2025-12-27T17:45:00-03:00,fulfilled,B2B-V1-BASE,BLD-9102B6E8BF1ABFFC5F32,True
ORD-SYN-001629,CUS-SYN-063,2025-12-22T17:53:00-03:00,2025-12-23T17:53:00-03:00,2025-12-28T17:53:00-03:00,fulfilled,B2B-V1-BASE,BLD-9102B6E8BF1ABFFC5F32,True
ORD-SYN-001630,CUS-SYN-136,2025-12-22T17:58:00-03:00,2025-12-23T17:58:00-03:00,2025-12-25T17:58:00-03:00,fulfilled,B2B-V1-BASE,BLD-9102B6E8BF1ABFFC5F32,True
ORD-SYN-001631,CUS-SYN-090,2025-12-23T08:44:00-03:00,2025-12-25T08:44:00-03:00,2025-12-29T08:44:00-03:00,fulfilled,B2B-V1-BASE,BLD-9102B6E8BF1ABFFC5F32,True
ORD-SYN-001632,CUS-SYN-094,2025-12-23T09:20:00-03:00,2025-12-26T09:20:00-03:00,2025-12-26T09:20:00-03:00,fulfilled,B2B-V1-BASE,BLD-9102B6E8BF1ABFFC5F32,True
ORD-SYN-001633,CUS-SYN-050,2025-12-23T09:52:00-03:00,2025-12-27T09:52:00-03:00,2025-12-27T09:52:00-03:00,fulfilled,B2B-V1-BASE,BLD-9102B6E8BF1ABFFC5F32,True
ORD-SYN-001634,CUS-SYN-098,2025-12-23T11:04:00-03:00,2025-12-27T11:04:00-03:00,2025-12-27T11:04:00-03:00,fulfilled,B2B-V1-BASE,BLD-9102B6E8BF1ABFFC5F32,True
ORD-SYN-001635,CUS-SYN-126,2025-12-23T12:47:00-03:00,,2025-12-28T12:47:00-03:00,fulfilled,B2B-V1-BASE,BLD-9102B6E8BF1ABFFC5F32,True
ORD-SYN-001636,CUS-SYN-006,2025-12-23T14:09:00-03:00,2025-12-27T14:09:00-03:00,2025-12-29T14:09:00-03:00,fulfilled,B2B-V1-BASE,BLD-9102B6E8BF1ABFFC5F32,True
ORD-SYN-001637,CUS-SYN-043,2025-12-23T15:08:00-03:00,2025-12-27T15:08:00-03:00,2025-12-29T15:08:00-03:00,fulfilled,B2B-V1-BASE,BLD-9102B6E8BF1ABFFC5F32,True
ORD-SYN-001638,CUS-SYN-110,2025-12-23T15:43:00-03:00,2025-12-25T15:43:00-03:00,2025-12-29T15:43:00-03:00,fulfilled,B2B-V1-BASE,BLD-9102B6E8BF1ABFFC5F32,True
ORD-SYN-001639,CUS-SYN-150,2025-12-23T16:08:00-03:00,2025-12-25T16:08:00-03:00,2025-12-26T16:08:00-03:00,fulfilled,B2B-V1-BASE,BLD-9102B6E8BF1ABFFC5F32,True
ORD-SYN-001640,CUS-SYN-122,2025-12-23T16:40:00-03:00,2025-12-25T16:40:00-03:00,2025-12-27T16:40:00-03:00,fulfilled,B2B-V1-BASE,BLD-9102B6E8BF1ABFFC5F32,True
ORD-SYN-001641,CUS-SYN-006,2025-12-23T17:51:00-03:00,,2025-12-28T17:51:00-03:00,fulfilled,B2B-V1-BASE,BLD-9102B6E8BF1ABFFC5F32,True
ORD-SYN-001642,CUS-SYN-017,2025-12-24T09:20:00-03:00,2025-12-26T09:20:00-03:00,2025-12-28T09:20:00-03:00,fulfilled,B2B-V1-BASE,BLD-9102B6E8BF1ABFFC5F32,True
ORD-SYN-001643,CUS-SYN-137,2025-12-24T11:52:00-03:00,2025-12-27T11:52:00-03:00,2025-12-27T11:52:00-03:00,fulfilled,B2B-V1-BASE,BLD-9102B6E8BF1ABFFC5F32,True
ORD-SYN-001644,CUS-SYN-140,2025-12-24T11:54:00-03:00,2025-12-26T11:54:00-03:00,2025-12-27T11:54:00-03:00,fulfilled,B2B-V1-BASE,BLD-9102B6E8BF1ABFFC5F32,True
ORD-SYN-001645,CUS-SYN-091,2025-12-24T13:12:00-03:00,2025-12-26T13:12:00-03:00,2025-12-26T13:12:00-03:00,fulfilled,B2B-V1-BASE,BLD-9102B6E8BF1ABFFC5F32,True
ORD-SYN-001646,CUS-SYN-133,2025-12-24T13:18:00-03:00,2025-12-25T13:18:00-03:00,2025-12-28T13:18:00-03:00,fulfilled,B2B-V1-BASE,BLD-9102B6E8BF1ABFFC5F32,True
ORD-SYN-001647,CUS-SYN-122,2025-12-24T13:39:00-03:00,2025-12-28T13:39:00-03:00,2025-12-30T13:39:00-03:00,fulfilled,B2B-V1-BASE,BLD-9102B6E8BF1ABFFC5F32,True
ORD-SYN-001648,CUS-SYN-097,2025-12-24T16:10:00-03:00,2025-12-27T16:10:00-03:00,2025-12-27T16:10:00-03:00,fulfilled,B2B-V1-BASE,BLD-9102B6E8BF1ABFFC5F32,True
ORD-SYN-001649,CUS-SYN-014,2025-12-24T16:10:00-03:00,,2025-12-30T16:10:00-03:00,fulfilled,B2B-V1-BASE,BLD-9102B6E8BF1ABFFC5F32,True
ORD-SYN-001650,CUS-SYN-098,2025-12-24T16:21:00-03:00,2025-12-26T16:21:00-03:00,2025-12-27T16:21:00-03:00,fulfilled,B2B-V1-BASE,BLD-9102B6E8BF1ABFFC5F32,True
ORD-SYN-001651,CUS-SYN-149,2025-12-25T08:05:00-03:00,2025-12-30T08:05:00-03:00,2025-12-31T08:05:00-03:00,fulfilled,B2B-V1-BASE,BLD-9102B6E8BF1ABFFC5F32,True
ORD-SYN-001652,CUS-SYN-050,2025-12-25T08:36:00-03:00,2025-12-26T08:36:00-03:00,2025-12-28T08:36:00-03:00,fulfilled,B2B-V1-BASE,BLD-9102B6E8BF1ABFFC5F32,True
ORD-SYN-001653,CUS-SYN-084,2025-12-25T09:14:00-03:00,2025-12-26T09:14:00-03:00,2025-12-28T09:14:00-03:00,fulfilled,B2B-V1-BASE,BLD-9102B6E8BF1ABFFC5F32,True
ORD-SYN-001654,CUS-SYN-081,2025-12-25T09:25:00-03:00,2025-12-28T09:25:00-03:00,2025-12-29T09:25:00-03:00,fulfilled,B2B-V1-BASE,BLD-9102B6E8BF1ABFFC5F32,True
ORD-SYN-001655,CUS-SYN-002,2025-12-25T10:07:00-03:00,2025-12-26T10:07:00-03:00,2025-12-29T10:07:00-03:00,fulfilled,B2B-V1-BASE,BLD-9102B6E8BF1ABFFC5F32,True
ORD-SYN-001656,CUS-SYN-030,2025-12-25T12:21:00-03:00,2025-12-26T12:21:00-03:00,2025-12-31T12:21:00-03:00,partially_fulfilled,B2B-V1-BASE,BLD-9102B6E8BF1ABFFC5F32,True
ORD-SYN-001657,CUS-SYN-120,2025-12-25T12:33:00-03:00,,2025-12-28T12:33:00-03:00,fulfilled,B2B-V1-BASE,BLD-9102B6E8BF1ABFFC5F32,True
ORD-SYN-001658,CUS-SYN-143,2025-12-25T12:56:00-03:00,2025-12-27T12:56:00-03:00,2025-12-31T12:56:00-03:00,fulfilled,B2B-V1-BASE,BLD-9102B6E8BF1ABFFC5F32,True
ORD-SYN-001659,CUS-SYN-146,2025-12-25T13:05:00-03:00,,2025-12-28T13:05:00-03:00,fulfilled,B2B-V1-BASE,BLD-9102B6E8BF1ABFFC5F32,True
ORD-SYN-001660,CUS-SYN-051,2025-12-25T13:50:00-03:00,2025-12-27T13:50:00-03:00,2025-12-27T13:50:00-03:00,fulfilled,B2B-V1-BASE,BLD-9102B6E8BF1ABFFC5F32,True
ORD-SYN-001661,CUS-SYN-005,2025-12-25T13:52:00-03:00,2025-12-26T13:52:00-03:00,2025-12-27T13:52:00-03:00,fulfilled,B2B-V1-BASE,BLD-9102B6E8BF1ABFFC5F32,True
ORD-SYN-001662,CUS-SYN-031,2025-12-25T14:20:00-03:00,2025-12-28T14:20:00-03:00,2025-12-28T14:20:00-03:00,fulfilled,B2B-V1-BASE,BLD-9102B6E8BF1ABFFC5F32,True
ORD-SYN-001663,CUS-SYN-082,2025-12-25T14:26:00-03:00,2025-12-27T14:26:00-03:00,2025-12-30T14:26:00-03:00,fulfilled,B2B-V1-BASE,BLD-9102B6E8BF1ABFFC5F32,True
ORD-SYN-001664,CUS-SYN-117,2025-12-25T16:43:00-03:00,2025-12-27T16:43:00-03:00,2025-12-27T16:43:00-03:00,fulfilled,B2B-V1-BASE,BLD-9102B6E8BF1ABFFC5F32,True
ORD-SYN-001665,CUS-SYN-130,2025-12-25T16:56:00-03:00,2025-12-30T16:56:00-03:00,2025-12-30T16:56:00-03:00,partially_fulfilled,B2B-V1-BASE,BLD-9102B6E8BF1ABFFC5F32,True
ORD-SYN-001666,CUS-SYN-049,2025-12-26T09:12:00-03:00,2025-12-27T09:12:00-03:00,2025-12-29T09:12:00-03:00,fulfilled,B2B-V1-BASE,BLD-9102B6E8BF1ABFFC5F32,True
ORD-SYN-001667,CUS-SYN-024,2025-12-26T09:32:00-03:00,2025-12-29T09:32:00-03:00,2025-12-30T09:32:00-03:00,fulfilled,B2B-V1-BASE,BLD-9102B6E8BF1ABFFC5F32,True
ORD-SYN-001668,CUS-SYN-131,2025-12-26T10:18:00-03:00,2025-12-27T10:18:00-03:00,2025-12-30T10:18:00-03:00,partially_fulfilled,B2B-V1-BASE,BLD-9102B6E8BF1ABFFC5F32,True
ORD-SYN-001669,CUS-SYN-114,2025-12-26T11:57:00-03:00,2025-12-27T11:57:00-03:00,2025-12-31T11:57:00-03:00,fulfilled,B2B-V1-BASE,BLD-9102B6E8BF1ABFFC5F32,True
ORD-SYN-001670,CUS-SYN-130,2025-12-26T13:30:00-03:00,,2025-12-28T13:30:00-03:00,fulfilled,B2B-V1-BASE,BLD-9102B6E8BF1ABFFC5F32,True
ORD-SYN-001671,CUS-SYN-073,2025-12-26T13:40:00-03:00,2025-12-27T13:40:00-03:00,2025-12-30T13:40:00-03:00,partially_fulfilled,B2B-V1-BASE,BLD-9102B6E8BF1ABFFC5F32,True
ORD-SYN-001672,CUS-SYN-061,2025-12-26T14:58:00-03:00,2025-12-29T14:58:00-03:00,2025-12-30T14:58:00-03:00,partially_fulfilled,B2B-V1-BASE,BLD-9102B6E8BF1ABFFC5F32,True
ORD-SYN-001673,CUS-SYN-005,2025-12-26T17:49:00-03:00,2025-12-30T17:49:00-03:00,2025-12-31T17:49:00-03:00,fulfilled,B2B-V1-BASE,BLD-9102B6E8BF1ABFFC5F32,True
ORD-SYN-001674,CUS-SYN-133,2025-12-27T09:18:00-03:00,2025-12-28T09:18:00-03:00,2026-01-01T09:18:00-03:00,fulfilled,B2B-V1-BASE,BLD-9102B6E8BF1ABFFC5F32,True
ORD-SYN-001675,CUS-SYN-102,2025-12-27T09:48:00-03:00,,2026-01-02T09:48:00-03:00,fulfilled,B2B-V1-BASE,BLD-9102B6E8BF1ABFFC5F32,True
ORD-SYN-001676,CUS-SYN-013,2025-12-27T09:48:00-03:00,2026-01-02T09:48:00-03:00,2026-01-02T09:48:00-03:00,fulfilled,B2B-V1-BASE,BLD-9102B6E8BF1ABFFC5F32,True
ORD-SYN-001677,CUS-SYN-121,2025-12-27T11:31:00-03:00,2025-12-29T11:31:00-03:00,2026-01-02T11:31:00-03:00,fulfilled,B2B-V1-BASE,BLD-9102B6E8BF1ABFFC5F32,True
ORD-SYN-001678,CUS-SYN-081,2025-12-27T11:46:00-03:00,,2025-12-30T11:46:00-03:00,fulfilled,B2B-V1-BASE,BLD-9102B6E8BF1ABFFC5F32,True
ORD-SYN-001679,CUS-SYN-053,2025-12-27T12:30:00-03:00,2026-01-01T12:30:00-03:00,2026-01-02T12:30:00-03:00,fulfilled,B2B-V1-BASE,BLD-9102B6E8BF1ABFFC5F32,True
ORD-SYN-001680,CUS-SYN-112,2025-12-27T13:09:00-03:00,2025-12-28T13:09:00-03:00,2025-12-30T13:09:00-03:00,fulfilled,B2B-V1-BASE,BLD-9102B6E8BF1ABFFC5F32,True
ORD-SYN-001681,CUS-SYN-052,2025-12-27T14:09:00-03:00,2025-12-29T14:09:00-03:00,2025-12-29T14:09:00-03:00,fulfilled,B2B-V1-BASE,BLD-9102B6E8BF1ABFFC5F32,True
ORD-SYN-001682,CUS-SYN-109,2025-12-27T14:50:00-03:00,2025-12-30T14:50:00-03:00,2026-01-02T14:50:00-03:00,fulfilled,B2B-V1-BASE,BLD-9102B6E8BF1ABFFC5F32,True
ORD-SYN-001683,CUS-SYN-004,2025-12-27T15:02:00-03:00,2025-12-30T15:02:00-03:00,2025-12-30T15:02:00-03:00,fulfilled,B2B-V1-BASE,BLD-9102B6E8BF1ABFFC5F32,True
ORD-SYN-001684,CUS-SYN-036,2025-12-27T15:39:00-03:00,2025-12-28T15:39:00-03:00,2026-01-01T15:39:00-03:00,fulfilled,B2B-V1-BASE,BLD-9102B6E8BF1ABFFC5F32,True
ORD-SYN-001685,CUS-SYN-026,2025-12-27T16:28:00-03:00,2026-01-02T16:28:00-03:00,2026-01-02T16:28:00-03:00,partially_fulfilled,B2B-V1-BASE,BLD-9102B6E8BF1ABFFC5F32,True
ORD-SYN-001686,CUS-SYN-137,2025-12-27T16:33:00-03:00,2025-12-29T16:33:00-03:00,2025-12-31T16:33:00-03:00,fulfilled,B2B-V1-BASE,BLD-9102B6E8BF1ABFFC5F32,True
ORD-SYN-001687,CUS-SYN-139,2025-12-27T17:40:00-03:00,2025-12-31T17:40:00-03:00,2025-12-31T17:40:00-03:00,fulfilled,B2B-V1-BASE,BLD-9102B6E8BF1ABFFC5F32,True
ORD-SYN-001688,CUS-SYN-149,2025-12-28T08:10:00-03:00,,2025-12-30T08:10:00-03:00,fulfilled,B2B-V1-BASE,BLD-9102B6E8BF1ABFFC5F32,True
ORD-SYN-001689,CUS-SYN-034,2025-12-28T08:19:00-03:00,2025-12-30T08:19:00-03:00,2025-12-31T08:19:00-03:00,partially_fulfilled,B2B-V1-BASE,BLD-9102B6E8BF1ABFFC5F32,True
ORD-SYN-001690,CUS-SYN-108,2025-12-28T08:47:00-03:00,2025-12-29T08:47:00-03:00,2025-12-31T08:47:00-03:00,fulfilled,B2B-V1-BASE,BLD-9102B6E8BF1ABFFC5F32,True
ORD-SYN-001691,CUS-SYN-102,2025-12-28T09:15:00-03:00,2025-12-31T09:15:00-03:00,2026-01-01T09:15:00-03:00,fulfilled,B2B-V1-BASE,BLD-9102B6E8BF1ABFFC5F32,True
ORD-SYN-001692,CUS-SYN-040,2025-12-28T09:22:00-03:00,2025-12-30T09:22:00-03:00,2026-01-03T09:22:00-03:00,fulfilled,B2B-V1-BASE,BLD-9102B6E8BF1ABFFC5F32,True
ORD-SYN-001693,CUS-SYN-117,2025-12-28T12:27:00-03:00,,2026-01-03T12:27:00-03:00,fulfilled,B2B-V1-BASE,BLD-9102B6E8BF1ABFFC5F32,True
ORD-SYN-001694,CUS-SYN-073,2025-12-28T12:44:00-03:00,2026-01-02T12:44:00-03:00,2026-01-02T12:44:00-03:00,fulfilled,B2B-V1-BASE,BLD-9102B6E8BF1ABFFC5F32,True
ORD-SYN-001695,CUS-SYN-126,2025-12-28T12:48:00-03:00,2025-12-29T12:48:00-03:00,2025-12-30T12:48:00-03:00,partially_fulfilled,B2B-V1-BASE,BLD-9102B6E8BF1ABFFC5F32,True
ORD-SYN-001696,CUS-SYN-046,2025-12-28T12:58:00-03:00,2025-12-31T12:58:00-03:00,2026-01-01T12:58:00-03:00,fulfilled,B2B-V1-BASE,BLD-9102B6E8BF1ABFFC5F32,True
ORD-SYN-001697,CUS-SYN-105,2025-12-28T13:17:00-03:00,2025-12-31T13:17:00-03:00,2026-01-01T13:17:00-03:00,fulfilled,B2B-V1-BASE,BLD-9102B6E8BF1ABFFC5F32,True
ORD-SYN-001698,CUS-SYN-027,2025-12-28T14:31:00-03:00,2025-12-31T14:31:00-03:00,2025-12-31T14:31:00-03:00,fulfilled,B2B-V1-BASE,BLD-9102B6E8BF1ABFFC5F32,True
ORD-SYN-001699,CUS-SYN-019,2025-12-28T14:40:00-03:00,2025-12-29T14:40:00-03:00,2026-01-03T14:40:00-03:00,fulfilled,B2B-V1-BASE,BLD-9102B6E8BF1ABFFC5F32,True
ORD-SYN-001700,CUS-SYN-007,2025-12-28T14:54:00-03:00,2026-01-02T14:54:00-03:00,2026-01-03T14:54:00-03:00,fulfilled,B2B-V1-BASE,BLD-9102B6E8BF1ABFFC5F32,True
ORD-SYN-001701,CUS-SYN-091,2025-12-28T15:00:00-03:00,2025-12-31T15:00:00-03:00,2025-12-31T15:00:00-03:00,fulfilled,B2B-V1-BASE,BLD-9102B6E8BF1ABFFC5F32,True
ORD-SYN-001702,CUS-SYN-112,2025-12-28T16:02:00-03:00,2025-12-31T16:02:00-03:00,2025-12-31T16:02:00-03:00,fulfilled,B2B-V1-BASE,BLD-9102B6E8BF1ABFFC5F32,True
ORD-SYN-001703,CUS-SYN-057,2025-12-28T17:37:00-03:00,2026-01-02T17:37:00-03:00,2026-01-02T17:37:00-03:00,fulfilled,B2B-V1-BASE,BLD-9102B6E8BF1ABFFC5F32,True
ORD-SYN-001704,CUS-SYN-123,2025-12-28T17:59:00-03:00,2026-01-02T17:59:00-03:00,2026-01-02T17:59:00-03:00,fulfilled,B2B-V1-BASE,BLD-9102B6E8BF1ABFFC5F32,True
ORD-SYN-001705,CUS-SYN-045,2025-12-29T08:01:00-03:00,2026-01-03T08:01:00-03:00,2026-01-03T08:01:00-03:00,fulfilled,B2B-V1-BASE,BLD-9102B6E8BF1ABFFC5F32,True
ORD-SYN-001706,CUS-SYN-062,2025-12-29T09:10:00-03:00,2025-12-30T09:10:00-03:00,2026-01-01T09:10:00-03:00,fulfilled,B2B-V1-BASE,BLD-9102B6E8BF1ABFFC5F32,True
ORD-SYN-001707,CUS-SYN-002,2025-12-29T09:20:00-03:00,2026-01-03T09:20:00-03:00,2026-01-03T09:20:00-03:00,fulfilled,B2B-V1-BASE,BLD-9102B6E8BF1ABFFC5F32,True
ORD-SYN-001708,CUS-SYN-133,2025-12-29T09:47:00-03:00,2026-01-03T09:47:00-03:00,2026-01-04T09:47:00-03:00,fulfilled,B2B-V1-BASE,BLD-9102B6E8BF1ABFFC5F32,True
ORD-SYN-001709,CUS-SYN-100,2025-12-29T11:10:00-03:00,2025-12-31T11:10:00-03:00,2026-01-02T11:10:00-03:00,fulfilled,B2B-V1-BASE,BLD-9102B6E8BF1ABFFC5F32,True
ORD-SYN-001710,CUS-SYN-113,2025-12-29T13:55:00-03:00,,2026-01-02T13:55:00-03:00,fulfilled,B2B-V1-BASE,BLD-9102B6E8BF1ABFFC5F32,True
ORD-SYN-001711,CUS-SYN-142,2025-12-29T15:13:00-03:00,2025-12-31T15:13:00-03:00,2025-12-31T15:13:00-03:00,fulfilled,B2B-V1-BASE,BLD-9102B6E8BF1ABFFC5F32,True
ORD-SYN-001712,CUS-SYN-112,2025-12-29T16:08:00-03:00,2025-12-31T16:08:00-03:00,2026-01-03T16:08:00-03:00,partially_fulfilled,B2B-V1-BASE,BLD-9102B6E8BF1ABFFC5F32,True
ORD-SYN-001713,CUS-SYN-066,2025-12-29T16:20:00-03:00,2025-12-30T16:20:00-03:00,2026-01-03T16:20:00-03:00,partially_fulfilled,B2B-V1-BASE,BLD-9102B6E8BF1ABFFC5F32,True
ORD-SYN-001714,CUS-SYN-050,2025-12-29T16:39:00-03:00,2025-12-30T16:39:00-03:00,2026-01-03T16:39:00-03:00,partially_fulfilled,B2B-V1-BASE,BLD-9102B6E8BF1ABFFC5F32,True
ORD-SYN-001715,CUS-SYN-070,2025-12-30T08:07:00-03:00,2025-12-31T08:07:00-03:00,2026-01-01T08:07:00-03:00,fulfilled,B2B-V1-BASE,BLD-9102B6E8BF1ABFFC5F32,True
ORD-SYN-001716,CUS-SYN-105,2025-12-30T09:12:00-03:00,2026-01-02T09:12:00-03:00,2026-01-04T09:12:00-03:00,fulfilled,B2B-V1-BASE,BLD-9102B6E8BF1ABFFC5F32,True
ORD-SYN-001717,CUS-SYN-022,2025-12-30T10:05:00-03:00,2026-01-01T10:05:00-03:00,2026-01-02T10:05:00-03:00,partially_fulfilled,B2B-V1-BASE,BLD-9102B6E8BF1ABFFC5F32,True
ORD-SYN-001718,CUS-SYN-144,2025-12-30T11:05:00-03:00,2025-12-31T11:05:00-03:00,2026-01-02T11:05:00-03:00,fulfilled,B2B-V1-BASE,BLD-9102B6E8BF1ABFFC5F32,True
ORD-SYN-001719,CUS-SYN-096,2025-12-30T12:53:00-03:00,,2026-01-02T12:53:00-03:00,fulfilled,B2B-V1-BASE,BLD-9102B6E8BF1ABFFC5F32,True
ORD-SYN-001720,CUS-SYN-101,2025-12-30T12:54:00-03:00,,2026-01-04T12:54:00-03:00,fulfilled,B2B-V1-BASE,BLD-9102B6E8BF1ABFFC5F32,True
ORD-SYN-001721,CUS-SYN-070,2025-12-30T13:31:00-03:00,2026-01-01T13:31:00-03:00,2026-01-05T13:31:00-03:00,fulfilled,B2B-V1-BASE,BLD-9102B6E8BF1ABFFC5F32,True
ORD-SYN-001722,CUS-SYN-033,2025-12-30T14:10:00-03:00,2025-12-31T14:10:00-03:00,2026-01-01T14:10:00-03:00,fulfilled,B2B-V1-BASE,BLD-9102B6E8BF1ABFFC5F32,True
ORD-SYN-001723,CUS-SYN-004,2025-12-30T14:13:00-03:00,,2026-01-02T14:13:00-03:00,fulfilled,B2B-V1-BASE,BLD-9102B6E8BF1ABFFC5F32,True
ORD-SYN-001724,CUS-SYN-110,2025-12-30T15:26:00-03:00,,2026-01-02T15:26:00-03:00,fulfilled,B2B-V1-BASE,BLD-9102B6E8BF1ABFFC5F32,True
ORD-SYN-001725,CUS-SYN-114,2025-12-30T15:53:00-03:00,2026-01-03T15:53:00-03:00,2026-01-03T15:53:00-03:00,fulfilled,B2B-V1-BASE,BLD-9102B6E8BF1ABFFC5F32,True
ORD-SYN-001726,CUS-SYN-064,2025-12-30T16:56:00-03:00,2026-01-04T16:56:00-03:00,2026-01-04T16:56:00-03:00,fulfilled,B2B-V1-BASE,BLD-9102B6E8BF1ABFFC5F32,True
ORD-SYN-001727,CUS-SYN-055,2025-12-30T17:00:00-03:00,2026-01-03T17:00:00-03:00,2026-01-03T17:00:00-03:00,fulfilled,B2B-V1-BASE,BLD-9102B6E8BF1ABFFC5F32,True
ORD-SYN-001728,CUS-SYN-062,2025-12-30T17:08:00-03:00,2026-01-03T17:08:00-03:00,2026-01-04T17:08:00-03:00,fulfilled,B2B-V1-BASE,BLD-9102B6E8BF1ABFFC5F32,True
ORD-SYN-001729,CUS-SYN-105,2025-12-30T17:28:00-03:00,2026-01-02T17:28:00-03:00,2026-01-04T17:28:00-03:00,fulfilled,B2B-V1-BASE,BLD-9102B6E8BF1ABFFC5F32,True
ORD-SYN-001730,CUS-SYN-011,2025-12-30T17:34:00-03:00,2026-01-01T17:34:00-03:00,2026-01-04T17:34:00-03:00,fulfilled,B2B-V1-BASE,BLD-9102B6E8BF1ABFFC5F32,True
ORD-SYN-001731,CUS-SYN-057,2025-12-31T08:06:00-03:00,2026-01-03T08:06:00-03:00,2026-01-04T08:06:00-03:00,partially_fulfilled,B2B-V1-BASE,BLD-9102B6E8BF1ABFFC5F32,True
ORD-SYN-001732,CUS-SYN-076,2025-12-31T09:44:00-03:00,2026-01-02T09:44:00-03:00,2026-01-04T09:44:00-03:00,partially_fulfilled,B2B-V1-BASE,BLD-9102B6E8BF1ABFFC5F32,True
ORD-SYN-001733,CUS-SYN-076,2025-12-31T10:31:00-03:00,2026-01-05T10:31:00-03:00,2026-01-05T10:31:00-03:00,fulfilled,B2B-V1-BASE,BLD-9102B6E8BF1ABFFC5F32,True
ORD-SYN-001734,CUS-SYN-086,2025-12-31T11:10:00-03:00,2026-01-01T11:10:00-03:00,2026-01-05T11:10:00-03:00,fulfilled,B2B-V1-BASE,BLD-9102B6E8BF1ABFFC5F32,True
ORD-SYN-001735,CUS-SYN-081,2025-12-31T12:07:00-03:00,2026-01-03T12:07:00-03:00,2026-01-06T12:07:00-03:00,partially_fulfilled,B2B-V1-BASE,BLD-9102B6E8BF1ABFFC5F32,True
ORD-SYN-001736,CUS-SYN-046,2025-12-31T12:13:00-03:00,2026-01-01T12:13:00-03:00,2026-01-03T12:13:00-03:00,fulfilled,B2B-V1-BASE,BLD-9102B6E8BF1ABFFC5F32,True
ORD-SYN-001737,CUS-SYN-018,2025-12-31T15:22:00-03:00,2026-01-03T15:22:00-03:00,2026-01-04T15:22:00-03:00,fulfilled,B2B-V1-BASE,BLD-9102B6E8BF1ABFFC5F32,True
ORD-SYN-001738,CUS-SYN-027,2025-12-31T15:28:00-03:00,2026-01-03T15:28:00-03:00,2026-01-04T15:28:00-03:00,fulfilled,B2B-V1-BASE,BLD-9102B6E8BF1ABFFC5F32,True
ORD-SYN-001739,CUS-SYN-053,2025-12-31T15:35:00-03:00,2026-01-01T15:35:00-03:00,2026-01-02T15:35:00-03:00,fulfilled,B2B-V1-BASE,BLD-9102B6E8BF1ABFFC5F32,True
ORD-SYN-001740,CUS-SYN-140,2025-12-31T16:23:00-03:00,2026-01-01T16:23:00-03:00,2026-01-02T16:23:00-03:00,fulfilled,B2B-V1-BASE,BLD-9102B6E8BF1ABFFC5F32,True
ORD-SYN-001741,CUS-SYN-110,2025-12-31T16:24:00-03:00,2026-01-01T16:24:00-03:00,2026-01-02T16:24:00-03:00,fulfilled,B2B-V1-BASE,BLD-9102B6E8BF1ABFFC5F32,True
ORD-SYN-001742,CUS-SYN-067,2025-12-31T17:19:00-03:00,,2026-01-06T17:19:00-03:00,partially_fulfilled,B2B-V1-BASE,BLD-9102B6E8BF1ABFFC5F32,True
ORD-SYN-001743,CUS-SYN-042,2025-12-31T17:41:00-03:00,,2026-01-02T17:41:00-03:00,fulfilled,B2B-V1-BASE,BLD-9102B6E8BF1ABFFC5F32,True
ORD-SYN-001744,CUS-SYN-039,2026-01-01T08:58:00-03:00,,2026-01-04T08:58:00-03:00,partially_fulfilled,B2B-V1-BASE,BLD-9102B6E8BF1ABFFC5F32,True
ORD-SYN-001745,CUS-SYN-080,2026-01-01T10:09:00-03:00,2026-01-02T10:09:00-03:00,2026-01-03T10:09:00-03:00,fulfilled,B2B-V1-BASE,BLD-9102B6E8BF1ABFFC5F32,True
ORD-SYN-001746,CUS-SYN-082,2026-01-01T10:54:00-03:00,2026-01-02T10:54:00-03:00,2026-01-05T10:54:00-03:00,fulfilled,B2B-V1-BASE,BLD-9102B6E8BF1ABFFC5F32,True
ORD-SYN-001747,CUS-SYN-077,2026-01-01T12:44:00-03:00,,2026-01-04T12:44:00-03:00,partially_fulfilled,B2B-V1-BASE,BLD-9102B6E8BF1ABFFC5F32,True
ORD-SYN-001748,CUS-SYN-066,2026-01-01T13:52:00-03:00,2026-01-02T13:52:00-03:00,2026-01-03T13:52:00-03:00,fulfilled,B2B-V1-BASE,BLD-9102B6E8BF1ABFFC5F32,True
ORD-SYN-001749,CUS-SYN-048,2026-01-01T14:10:00-03:00,,2026-01-07T14:10:00-03:00,fulfilled,B2B-V1-BASE,BLD-9102B6E8BF1ABFFC5F32,True
ORD-SYN-001750,CUS-SYN-085,2026-01-01T14:13:00-03:00,2026-01-02T14:13:00-03:00,2026-01-05T14:13:00-03:00,fulfilled,B2B-V1-BASE,BLD-9102B6E8BF1ABFFC5F32,True
ORD-SYN-001751,CUS-SYN-061,2026-01-01T14:22:00-03:00,2026-01-06T14:22:00-03:00,2026-01-07T14:22:00-03:00,fulfilled,B2B-V1-BASE,BLD-9102B6E8BF1ABFFC5F32,True
ORD-SYN-001752,CUS-SYN-109,2026-01-01T14:38:00-03:00,2026-01-02T14:38:00-03:00,2026-01-06T14:38:00-03:00,fulfilled,B2B-V1-BASE,BLD-9102B6E8BF1ABFFC5F32,True
ORD-SYN-001753,CUS-SYN-090,2026-01-01T14:39:00-03:00,2026-01-03T14:39:00-03:00,2026-01-05T14:39:00-03:00,fulfilled,B2B-V1-BASE,BLD-9102B6E8BF1ABFFC5F32,True
ORD-SYN-001754,CUS-SYN-133,2026-01-01T14:51:00-03:00,2026-01-06T14:51:00-03:00,2026-01-06T14:51:00-03:00,fulfilled,B2B-V1-BASE,BLD-9102B6E8BF1ABFFC5F32,True
ORD-SYN-001755,CUS-SYN-034,2026-01-01T15:14:00-03:00,2026-01-02T15:14:00-03:00,2026-01-03T15:14:00-03:00,fulfilled,B2B-V1-BASE,BLD-9102B6E8BF1ABFFC5F32,True
ORD-SYN-001756,CUS-SYN-111,2026-01-01T16:53:00-03:00,2026-01-02T16:53:00-03:00,2026-01-03T16:53:00-03:00,fulfilled,B2B-V1-BASE,BLD-9102B6E8BF1ABFFC5F32,True
ORD-SYN-001757,CUS-SYN-135,2026-01-02T09:21:00-03:00,2026-01-04T09:21:00-03:00,2026-01-08T09:21:00-03:00,fulfilled,B2B-V1-BASE,BLD-9102B6E8BF1ABFFC5F32,True
ORD-SYN-001758,CUS-SYN-055,2026-01-02T11:31:00-03:00,2026-01-05T11:31:00-03:00,2026-01-06T11:31:00-03:00,fulfilled,B2B-V1-BASE,BLD-9102B6E8BF1ABFFC5F32,True
ORD-SYN-001759,CUS-SYN-125,2026-01-02T11:56:00-03:00,2026-01-03T11:56:00-03:00,2026-01-04T11:56:00-03:00,fulfilled,B2B-V1-BASE,BLD-9102B6E8BF1ABFFC5F32,True
ORD-SYN-001760,CUS-SYN-093,2026-01-02T12:48:00-03:00,2026-01-07T12:48:00-03:00,2026-01-08T12:48:00-03:00,partially_fulfilled,B2B-V1-BASE,BLD-9102B6E8BF1ABFFC5F32,True
ORD-SYN-001761,CUS-SYN-051,2026-01-02T14:13:00-03:00,2026-01-04T14:13:00-03:00,2026-01-08T14:13:00-03:00,fulfilled,B2B-V1-BASE,BLD-9102B6E8BF1ABFFC5F32,True
ORD-SYN-001762,CUS-SYN-005,2026-01-02T14:56:00-03:00,2026-01-04T14:56:00-03:00,2026-01-08T14:56:00-03:00,fulfilled,B2B-V1-BASE,BLD-9102B6E8BF1ABFFC5F32,True
ORD-SYN-001763,CUS-SYN-070,2026-01-02T15:19:00-03:00,2026-01-04T15:19:00-03:00,2026-01-04T15:19:00-03:00,fulfilled,B2B-V1-BASE,BLD-9102B6E8BF1ABFFC5F32,True
ORD-SYN-001764,CUS-SYN-094,2026-01-02T16:16:00-03:00,2026-01-03T16:16:00-03:00,2026-01-06T16:16:00-03:00,partially_fulfilled,B2B-V1-BASE,BLD-9102B6E8BF1ABFFC5F32,True
ORD-SYN-001765,CUS-SYN-009,2026-01-02T16:19:00-03:00,2026-01-05T16:19:00-03:00,2026-01-06T16:19:00-03:00,fulfilled,B2B-V1-BASE,BLD-9102B6E8BF1ABFFC5F32,True
ORD-SYN-001766,CUS-SYN-110,2026-01-02T16:31:00-03:00,2026-01-05T16:31:00-03:00,2026-01-06T16:31:00-03:00,fulfilled,B2B-V1-BASE,BLD-9102B6E8BF1ABFFC5F32,True
ORD-SYN-001767,CUS-SYN-007,2026-01-02T16:52:00-03:00,2026-01-04T16:52:00-03:00,2026-01-08T16:52:00-03:00,fulfilled,B2B-V1-BASE,BLD-9102B6E8BF1ABFFC5F32,True
ORD-SYN-001768,CUS-SYN-145,2026-01-02T17:29:00-03:00,2026-01-05T17:29:00-03:00,2026-01-06T17:29:00-03:00,fulfilled,B2B-V1-BASE,BLD-9102B6E8BF1ABFFC5F32,True
ORD-SYN-001769,CUS-SYN-082,2026-01-03T08:10:00-03:00,2026-01-04T08:10:00-03:00,2026-01-06T08:10:00-03:00,fulfilled,B2B-V1-BASE,BLD-9102B6E8BF1ABFFC5F32,True
ORD-SYN-001770,CUS-SYN-139,2026-01-03T08:22:00-03:00,2026-01-06T08:22:00-03:00,2026-01-07T08:22:00-03:00,fulfilled,B2B-V1-BASE,BLD-9102B6E8BF1ABFFC5F32,True
ORD-SYN-001771,CUS-SYN-066,2026-01-03T09:03:00-03:00,2026-01-07T09:03:00-03:00,2026-01-08T09:03:00-03:00,fulfilled,B2B-V1-BASE,BLD-9102B6E8BF1ABFFC5F32,True
ORD-SYN-001772,CUS-SYN-116,2026-01-03T09:21:00-03:00,2026-01-08T09:21:00-03:00,2026-01-08T09:21:00-03:00,fulfilled,B2B-V1-BASE,BLD-9102B6E8BF1ABFFC5F32,True
ORD-SYN-001773,CUS-SYN-077,2026-01-03T11:19:00-03:00,2026-01-04T11:19:00-03:00,2026-01-05T11:19:00-03:00,fulfilled,B2B-V1-BASE,BLD-9102B6E8BF1ABFFC5F32,True
ORD-SYN-001774,CUS-SYN-077,2026-01-03T11:45:00-03:00,2026-01-05T11:45:00-03:00,2026-01-05T11:45:00-03:00,fulfilled,B2B-V1-BASE,BLD-9102B6E8BF1ABFFC5F32,True
ORD-SYN-001775,CUS-SYN-113,2026-01-03T12:09:00-03:00,2026-01-09T12:09:00-03:00,2026-01-09T12:09:00-03:00,fulfilled,B2B-V1-BASE,BLD-9102B6E8BF1ABFFC5F32,True
ORD-SYN-001776,CUS-SYN-014,2026-01-03T13:49:00-03:00,2026-01-04T13:49:00-03:00,2026-01-09T13:49:00-03:00,fulfilled,B2B-V1-BASE,BLD-9102B6E8BF1ABFFC5F32,True
ORD-SYN-001777,CUS-SYN-100,2026-01-03T14:07:00-03:00,2026-01-04T14:07:00-03:00,2026-01-06T14:07:00-03:00,fulfilled,B2B-V1-BASE,BLD-9102B6E8BF1ABFFC5F32,True
ORD-SYN-001778,CUS-SYN-118,2026-01-03T16:07:00-03:00,,2026-01-09T16:07:00-03:00,partially_fulfilled,B2B-V1-BASE,BLD-9102B6E8BF1ABFFC5F32,True
ORD-SYN-001779,CUS-SYN-014,2026-01-03T16:27:00-03:00,,2026-01-06T16:27:00-03:00,fulfilled,B2B-V1-BASE,BLD-9102B6E8BF1ABFFC5F32,True
ORD-SYN-001780,CUS-SYN-098,2026-01-03T16:29:00-03:00,2026-01-06T16:29:00-03:00,2026-01-08T16:29:00-03:00,fulfilled,B2B-V1-BASE,BLD-9102B6E8BF1ABFFC5F32,True
ORD-SYN-001781,CUS-SYN-042,2026-01-03T16:48:00-03:00,2026-01-06T16:48:00-03:00,2026-01-06T16:48:00-03:00,fulfilled,B2B-V1-BASE,BLD-9102B6E8BF1ABFFC5F32,True
ORD-SYN-001782,CUS-SYN-125,2026-01-04T08:46:00-03:00,2026-01-06T08:46:00-03:00,2026-01-06T08:46:00-03:00,fulfilled,B2B-V1-BASE,BLD-9102B6E8BF1ABFFC5F32,True
ORD-SYN-001783,CUS-SYN-053,2026-01-04T08:57:00-03:00,,2026-01-08T08:57:00-03:00,partially_fulfilled,B2B-V1-BASE,BLD-9102B6E8BF1ABFFC5F32,True
ORD-SYN-001784,CUS-SYN-042,2026-01-04T10:19:00-03:00,2026-01-07T10:19:00-03:00,2026-01-07T10:19:00-03:00,partially_fulfilled,B2B-V1-BASE,BLD-9102B6E8BF1ABFFC5F32,True
ORD-SYN-001785,CUS-SYN-025,2026-01-04T10:54:00-03:00,2026-01-05T10:54:00-03:00,2026-01-08T10:54:00-03:00,fulfilled,B2B-V1-BASE,BLD-9102B6E8BF1ABFFC5F32,True
ORD-SYN-001786,CUS-SYN-089,2026-01-04T11:41:00-03:00,2026-01-09T11:41:00-03:00,2026-01-10T11:41:00-03:00,fulfilled,B2B-V1-BASE,BLD-9102B6E8BF1ABFFC5F32,True
ORD-SYN-001787,CUS-SYN-006,2026-01-04T12:11:00-03:00,2026-01-05T12:11:00-03:00,2026-01-09T12:11:00-03:00,partially_fulfilled,B2B-V1-BASE,BLD-9102B6E8BF1ABFFC5F32,True
ORD-SYN-001788,CUS-SYN-149,2026-01-04T13:42:00-03:00,2026-01-05T13:42:00-03:00,2026-01-09T13:42:00-03:00,fulfilled,B2B-V1-BASE,BLD-9102B6E8BF1ABFFC5F32,True
ORD-SYN-001789,CUS-SYN-085,2026-01-04T14:48:00-03:00,2026-01-05T14:48:00-03:00,2026-01-10T14:48:00-03:00,partially_fulfilled,B2B-V1-BASE,BLD-9102B6E8BF1ABFFC5F32,True
ORD-SYN-001790,CUS-SYN-014,2026-01-04T15:53:00-03:00,2026-01-05T15:53:00-03:00,2026-01-06T15:53:00-03:00,fulfilled,B2B-V1-BASE,BLD-9102B6E8BF1ABFFC5F32,True
ORD-SYN-001791,CUS-SYN-011,2026-01-04T16:15:00-03:00,2026-01-05T16:15:00-03:00,2026-01-08T16:15:00-03:00,partially_fulfilled,B2B-V1-BASE,BLD-9102B6E8BF1ABFFC5F32,True
ORD-SYN-001792,CUS-SYN-113,2026-01-05T08:19:00-03:00,2026-01-09T08:19:00-03:00,2026-01-10T08:19:00-03:00,partially_fulfilled,B2B-V1-BASE,BLD-9102B6E8BF1ABFFC5F32,True
ORD-SYN-001793,CUS-SYN-062,2026-01-05T08:19:00-03:00,2026-01-10T08:19:00-03:00,2026-01-10T08:19:00-03:00,fulfilled,B2B-V1-BASE,BLD-9102B6E8BF1ABFFC5F32,True
ORD-SYN-001794,CUS-SYN-138,2026-01-05T09:13:00-03:00,2026-01-06T09:13:00-03:00,2026-01-11T09:13:00-03:00,fulfilled,B2B-V1-BASE,BLD-9102B6E8BF1ABFFC5F32,True
ORD-SYN-001795,CUS-SYN-005,2026-01-05T10:02:00-03:00,2026-01-06T10:02:00-03:00,2026-01-07T10:02:00-03:00,partially_fulfilled,B2B-V1-BASE,BLD-9102B6E8BF1ABFFC5F32,True
ORD-SYN-001796,CUS-SYN-146,2026-01-05T11:34:00-03:00,,2026-01-10T11:34:00-03:00,fulfilled,B2B-V1-BASE,BLD-9102B6E8BF1ABFFC5F32,True
ORD-SYN-001797,CUS-SYN-049,2026-01-05T12:13:00-03:00,2026-01-07T12:13:00-03:00,2026-01-10T12:13:00-03:00,partially_fulfilled,B2B-V1-BASE,BLD-9102B6E8BF1ABFFC5F32,True
ORD-SYN-001798,CUS-SYN-010,2026-01-05T12:58:00-03:00,2026-01-10T12:58:00-03:00,2026-01-10T12:58:00-03:00,partially_fulfilled,B2B-V1-BASE,BLD-9102B6E8BF1ABFFC5F32,True
ORD-SYN-001799,CUS-SYN-094,2026-01-05T14:23:00-03:00,,2026-01-07T14:23:00-03:00,fulfilled,B2B-V1-BASE,BLD-9102B6E8BF1ABFFC5F32,True
ORD-SYN-001800,CUS-SYN-094,2026-01-05T14:38:00-03:00,2026-01-06T14:38:00-03:00,2026-01-08T14:38:00-03:00,fulfilled,B2B-V1-BASE,BLD-9102B6E8BF1ABFFC5F32,True
ORD-SYN-001801,CUS-SYN-065,2026-01-05T17:35:00-03:00,,2026-01-07T17:35:00-03:00,fulfilled,B2B-V1-BASE,BLD-9102B6E8BF1ABFFC5F32,True
ORD-SYN-001802,CUS-SYN-070,2026-01-05T17:57:00-03:00,2026-01-11T17:57:00-03:00,2026-01-11T17:57:00-03:00,fulfilled,B2B-V1-BASE,BLD-9102B6E8BF1ABFFC5F32,True
ORD-SYN-001803,CUS-SYN-137,2026-01-06T08:26:00-03:00,2026-01-08T08:26:00-03:00,2026-01-08T08:26:00-03:00,fulfilled,B2B-V1-BASE,BLD-9102B6E8BF1ABFFC5F32,True
ORD-SYN-001804,CUS-SYN-108,2026-01-06T08:30:00-03:00,2026-01-10T08:30:00-03:00,2026-01-12T08:30:00-03:00,partially_fulfilled,B2B-V1-BASE,BLD-9102B6E8BF1ABFFC5F32,True
ORD-SYN-001805,CUS-SYN-150,2026-01-06T08:30:00-03:00,,2026-01-09T08:30:00-03:00,fulfilled,B2B-V1-BASE,BLD-9102B6E8BF1ABFFC5F32,True
ORD-SYN-001806,CUS-SYN-110,2026-01-06T09:24:00-03:00,2026-01-10T09:24:00-03:00,2026-01-10T09:24:00-03:00,fulfilled,B2B-V1-BASE,BLD-9102B6E8BF1ABFFC5F32,True
ORD-SYN-001807,CUS-SYN-043,2026-01-06T09:56:00-03:00,2026-01-09T09:56:00-03:00,2026-01-10T09:56:00-03:00,fulfilled,B2B-V1-BASE,BLD-9102B6E8BF1ABFFC5F32,True
ORD-SYN-001808,CUS-SYN-066,2026-01-06T12:21:00-03:00,2026-01-07T12:21:00-03:00,2026-01-10T12:21:00-03:00,fulfilled,B2B-V1-BASE,BLD-9102B6E8BF1ABFFC5F32,True
ORD-SYN-001809,CUS-SYN-106,2026-01-06T12:54:00-03:00,2026-01-07T12:54:00-03:00,2026-01-08T12:54:00-03:00,partially_fulfilled,B2B-V1-BASE,BLD-9102B6E8BF1ABFFC5F32,True
ORD-SYN-001810,CUS-SYN-096,2026-01-06T14:25:00-03:00,2026-01-08T14:25:00-03:00,2026-01-12T14:25:00-03:00,fulfilled,B2B-V1-BASE,BLD-9102B6E8BF1ABFFC5F32,True
ORD-SYN-001811,CUS-SYN-106,2026-01-06T15:06:00-03:00,2026-01-08T15:06:00-03:00,2026-01-11T15:06:00-03:00,fulfilled,B2B-V1-BASE,BLD-9102B6E8BF1ABFFC5F32,True
ORD-SYN-001812,CUS-SYN-141,2026-01-06T15:14:00-03:00,2026-01-08T15:14:00-03:00,2026-01-09T15:14:00-03:00,fulfilled,B2B-V1-BASE,BLD-9102B6E8BF1ABFFC5F32,True
ORD-SYN-001813,CUS-SYN-135,2026-01-06T15:49:00-03:00,2026-01-11T15:49:00-03:00,2026-01-11T15:49:00-03:00,fulfilled,B2B-V1-BASE,BLD-9102B6E8BF1ABFFC5F32,True
ORD-SYN-001814,CUS-SYN-133,2026-01-06T15:50:00-03:00,2026-01-07T15:50:00-03:00,2026-01-08T15:50:00-03:00,partially_fulfilled,B2B-V1-BASE,BLD-9102B6E8BF1ABFFC5F32,True
ORD-SYN-001815,CUS-SYN-126,2026-01-07T09:05:00-03:00,2026-01-09T09:05:00-03:00,2026-01-10T09:05:00-03:00,fulfilled,B2B-V1-BASE,BLD-9102B6E8BF1ABFFC5F32,True
ORD-SYN-001816,CUS-SYN-083,2026-01-07T10:00:00-03:00,2026-01-09T10:00:00-03:00,2026-01-12T10:00:00-03:00,fulfilled,B2B-V1-BASE,BLD-9102B6E8BF1ABFFC5F32,True
ORD-SYN-001817,CUS-SYN-125,2026-01-07T10:09:00-03:00,2026-01-08T10:09:00-03:00,2026-01-10T10:09:00-03:00,fulfilled,B2B-V1-BASE,BLD-9102B6E8BF1ABFFC5F32,True
ORD-SYN-001818,CUS-SYN-079,2026-01-07T10:12:00-03:00,2026-01-09T10:12:00-03:00,2026-01-09T10:12:00-03:00,fulfilled,B2B-V1-BASE,BLD-9102B6E8BF1ABFFC5F32,True
ORD-SYN-001819,CUS-SYN-101,2026-01-07T10:41:00-03:00,2026-01-08T10:41:00-03:00,2026-01-10T10:41:00-03:00,fulfilled,B2B-V1-BASE,BLD-9102B6E8BF1ABFFC5F32,True
ORD-SYN-001820,CUS-SYN-017,2026-01-07T11:38:00-03:00,2026-01-08T11:38:00-03:00,2026-01-11T11:38:00-03:00,fulfilled,B2B-V1-BASE,BLD-9102B6E8BF1ABFFC5F32,True
ORD-SYN-001821,CUS-SYN-137,2026-01-07T11:44:00-03:00,2026-01-08T11:44:00-03:00,2026-01-12T11:44:00-03:00,partially_fulfilled,B2B-V1-BASE,BLD-9102B6E8BF1ABFFC5F32,True
ORD-SYN-001822,CUS-SYN-004,2026-01-07T11:49:00-03:00,2026-01-10T11:49:00-03:00,2026-01-12T11:49:00-03:00,fulfilled,B2B-V1-BASE,BLD-9102B6E8BF1ABFFC5F32,True
ORD-SYN-001823,CUS-SYN-114,2026-01-07T12:28:00-03:00,2026-01-13T12:28:00-03:00,2026-01-13T12:28:00-03:00,partially_fulfilled,B2B-V1-BASE,BLD-9102B6E8BF1ABFFC5F32,True
ORD-SYN-001824,CUS-SYN-014,2026-01-07T13:43:00-03:00,2026-01-11T13:43:00-03:00,2026-01-11T13:43:00-03:00,fulfilled,B2B-V1-BASE,BLD-9102B6E8BF1ABFFC5F32,True
ORD-SYN-001825,CUS-SYN-018,2026-01-07T14:55:00-03:00,2026-01-09T14:55:00-03:00,2026-01-10T14:55:00-03:00,fulfilled,B2B-V1-BASE,BLD-9102B6E8BF1ABFFC5F32,True
ORD-SYN-001826,CUS-SYN-049,2026-01-07T15:47:00-03:00,2026-01-10T15:47:00-03:00,2026-01-11T15:47:00-03:00,fulfilled,B2B-V1-BASE,BLD-9102B6E8BF1ABFFC5F32,True
ORD-SYN-001827,CUS-SYN-085,2026-01-08T09:20:00-03:00,,2026-01-12T09:20:00-03:00,fulfilled,B2B-V1-BASE,BLD-9102B6E8BF1ABFFC5F32,True
ORD-SYN-001828,CUS-SYN-150,2026-01-08T12:25:00-03:00,2026-01-10T12:25:00-03:00,2026-01-14T12:25:00-03:00,fulfilled,B2B-V1-BASE,BLD-9102B6E8BF1ABFFC5F32,True
ORD-SYN-001829,CUS-SYN-026,2026-01-08T12:40:00-03:00,,2026-01-13T12:40:00-03:00,fulfilled,B2B-V1-BASE,BLD-9102B6E8BF1ABFFC5F32,True
ORD-SYN-001830,CUS-SYN-122,2026-01-08T12:46:00-03:00,2026-01-10T12:46:00-03:00,2026-01-10T12:46:00-03:00,partially_fulfilled,B2B-V1-BASE,BLD-9102B6E8BF1ABFFC5F32,True
ORD-SYN-001831,CUS-SYN-120,2026-01-08T12:52:00-03:00,2026-01-10T12:52:00-03:00,2026-01-12T12:52:00-03:00,fulfilled,B2B-V1-BASE,BLD-9102B6E8BF1ABFFC5F32,True
ORD-SYN-001832,CUS-SYN-100,2026-01-08T13:16:00-03:00,2026-01-09T13:16:00-03:00,2026-01-10T13:16:00-03:00,partially_fulfilled,B2B-V1-BASE,BLD-9102B6E8BF1ABFFC5F32,True
ORD-SYN-001833,CUS-SYN-058,2026-01-08T13:45:00-03:00,2026-01-10T13:45:00-03:00,2026-01-11T13:45:00-03:00,partially_fulfilled,B2B-V1-BASE,BLD-9102B6E8BF1ABFFC5F32,True
ORD-SYN-001834,CUS-SYN-130,2026-01-08T15:00:00-03:00,,2026-01-12T15:00:00-03:00,fulfilled,B2B-V1-BASE,BLD-9102B6E8BF1ABFFC5F32,True
ORD-SYN-001835,CUS-SYN-014,2026-01-08T15:34:00-03:00,2026-01-14T15:34:00-03:00,2026-01-14T15:34:00-03:00,fulfilled,B2B-V1-BASE,BLD-9102B6E8BF1ABFFC5F32,True
ORD-SYN-001836,CUS-SYN-002,2026-01-08T16:01:00-03:00,2026-01-10T16:01:00-03:00,2026-01-10T16:01:00-03:00,fulfilled,B2B-V1-BASE,BLD-9102B6E8BF1ABFFC5F32,True
ORD-SYN-001837,CUS-SYN-065,2026-01-08T16:09:00-03:00,2026-01-09T16:09:00-03:00,2026-01-10T16:09:00-03:00,partially_fulfilled,B2B-V1-BASE,BLD-9102B6E8BF1ABFFC5F32,True
ORD-SYN-001838,CUS-SYN-014,2026-01-08T16:15:00-03:00,2026-01-12T16:15:00-03:00,2026-01-12T16:15:00-03:00,fulfilled,B2B-V1-BASE,BLD-9102B6E8BF1ABFFC5F32,True
ORD-SYN-001839,CUS-SYN-018,2026-01-08T16:18:00-03:00,2026-01-11T16:18:00-03:00,2026-01-13T16:18:00-03:00,fulfilled,B2B-V1-BASE,BLD-9102B6E8BF1ABFFC5F32,True
ORD-SYN-001840,CUS-SYN-090,2026-01-09T08:41:00-03:00,2026-01-10T08:41:00-03:00,2026-01-14T08:41:00-03:00,fulfilled,B2B-V1-BASE,BLD-9102B6E8BF1ABFFC5F32,True
ORD-SYN-001841,CUS-SYN-023,2026-01-09T08:42:00-03:00,2026-01-12T08:42:00-03:00,2026-01-14T08:42:00-03:00,fulfilled,B2B-V1-BASE,BLD-9102B6E8BF1ABFFC5F32,True
ORD-SYN-001842,CUS-SYN-146,2026-01-09T09:14:00-03:00,,2026-01-13T09:14:00-03:00,fulfilled,B2B-V1-BASE,BLD-9102B6E8BF1ABFFC5F32,True
ORD-SYN-001843,CUS-SYN-010,2026-01-09T09:17:00-03:00,2026-01-11T09:17:00-03:00,2026-01-11T09:17:00-03:00,fulfilled,B2B-V1-BASE,BLD-9102B6E8BF1ABFFC5F32,True
ORD-SYN-001844,CUS-SYN-073,2026-01-09T09:57:00-03:00,2026-01-11T09:57:00-03:00,2026-01-11T09:57:00-03:00,fulfilled,B2B-V1-BASE,BLD-9102B6E8BF1ABFFC5F32,True
ORD-SYN-001845,CUS-SYN-065,2026-01-09T10:47:00-03:00,,2026-01-11T10:47:00-03:00,fulfilled,B2B-V1-BASE,BLD-9102B6E8BF1ABFFC5F32,True
ORD-SYN-001846,CUS-SYN-050,2026-01-09T11:51:00-03:00,2026-01-14T11:51:00-03:00,2026-01-14T11:51:00-03:00,fulfilled,B2B-V1-BASE,BLD-9102B6E8BF1ABFFC5F32,True
ORD-SYN-001847,CUS-SYN-002,2026-01-09T12:17:00-03:00,2026-01-11T12:17:00-03:00,2026-01-15T12:17:00-03:00,partially_fulfilled,B2B-V1-BASE,BLD-9102B6E8BF1ABFFC5F32,True
ORD-SYN-001848,CUS-SYN-006,2026-01-09T12:27:00-03:00,2026-01-10T12:27:00-03:00,2026-01-11T12:27:00-03:00,fulfilled,B2B-V1-BASE,BLD-9102B6E8BF1ABFFC5F32,True
ORD-SYN-001849,CUS-SYN-034,2026-01-09T12:52:00-03:00,2026-01-11T12:52:00-03:00,2026-01-12T12:52:00-03:00,fulfilled,B2B-V1-BASE,BLD-9102B6E8BF1ABFFC5F32,True
ORD-SYN-001850,CUS-SYN-017,2026-01-09T13:07:00-03:00,,2026-01-11T13:07:00-03:00,fulfilled,B2B-V1-BASE,BLD-9102B6E8BF1ABFFC5F32,True
ORD-SYN-001851,CUS-SYN-029,2026-01-09T13:14:00-03:00,2026-01-10T13:14:00-03:00,2026-01-13T13:14:00-03:00,fulfilled,B2B-V1-BASE,BLD-9102B6E8BF1ABFFC5F32,True
ORD-SYN-001852,CUS-SYN-074,2026-01-09T15:55:00-03:00,,2026-01-11T15:55:00-03:00,fulfilled,B2B-V1-BASE,BLD-9102B6E8BF1ABFFC5F32,True
ORD-SYN-001853,CUS-SYN-030,2026-01-09T16:01:00-03:00,,2026-01-13T16:01:00-03:00,partially_fulfilled,B2B-V1-BASE,BLD-9102B6E8BF1ABFFC5F32,True
ORD-SYN-001854,CUS-SYN-060,2026-01-09T16:41:00-03:00,2026-01-11T16:41:00-03:00,2026-01-12T16:41:00-03:00,fulfilled,B2B-V1-BASE,BLD-9102B6E8BF1ABFFC5F32,True
ORD-SYN-001855,CUS-SYN-042,2026-01-09T17:42:00-03:00,,2026-01-15T17:42:00-03:00,fulfilled,B2B-V1-BASE,BLD-9102B6E8BF1ABFFC5F32,True
ORD-SYN-001856,CUS-SYN-077,2026-01-09T17:47:00-03:00,2026-01-11T17:47:00-03:00,2026-01-12T17:47:00-03:00,partially_fulfilled,B2B-V1-BASE,BLD-9102B6E8BF1ABFFC5F32,True
ORD-SYN-001857,CUS-SYN-083,2026-01-10T08:33:00-03:00,2026-01-13T08:33:00-03:00,2026-01-15T08:33:00-03:00,fulfilled,B2B-V1-BASE,BLD-9102B6E8BF1ABFFC5F32,True
ORD-SYN-001858,CUS-SYN-142,2026-01-10T09:26:00-03:00,,2026-01-13T09:26:00-03:00,fulfilled,B2B-V1-BASE,BLD-9102B6E8BF1ABFFC5F32,True
ORD-SYN-001859,CUS-SYN-129,2026-01-10T10:43:00-03:00,2026-01-13T10:43:00-03:00,2026-01-14T10:43:00-03:00,fulfilled,B2B-V1-BASE,BLD-9102B6E8BF1ABFFC5F32,True
ORD-SYN-001860,CUS-SYN-141,2026-01-10T15:39:00-03:00,,2026-01-12T15:39:00-03:00,fulfilled,B2B-V1-BASE,BLD-9102B6E8BF1ABFFC5F32,True
ORD-SYN-001861,CUS-SYN-125,2026-01-10T16:40:00-03:00,2026-01-12T16:40:00-03:00,2026-01-13T16:40:00-03:00,fulfilled,B2B-V1-BASE,BLD-9102B6E8BF1ABFFC5F32,True
ORD-SYN-001862,CUS-SYN-086,2026-01-10T17:08:00-03:00,2026-01-13T17:08:00-03:00,2026-01-15T17:08:00-03:00,fulfilled,B2B-V1-BASE,BLD-9102B6E8BF1ABFFC5F32,True
ORD-SYN-001863,CUS-SYN-141,2026-01-10T17:53:00-03:00,2026-01-12T17:53:00-03:00,2026-01-12T17:53:00-03:00,fulfilled,B2B-V1-BASE,BLD-9102B6E8BF1ABFFC5F32,True
ORD-SYN-001864,CUS-SYN-073,2026-01-11T08:10:00-03:00,2026-01-13T08:10:00-03:00,2026-01-14T08:10:00-03:00,fulfilled,B2B-V1-BASE,BLD-9102B6E8BF1ABFFC5F32,True
ORD-SYN-001865,CUS-SYN-140,2026-01-11T09:27:00-03:00,2026-01-12T09:27:00-03:00,2026-01-14T09:27:00-03:00,fulfilled,B2B-V1-BASE,BLD-9102B6E8BF1ABFFC5F32,True
ORD-SYN-001866,CUS-SYN-018,2026-01-11T09:27:00-03:00,2026-01-14T09:27:00-03:00,2026-01-14T09:27:00-03:00,fulfilled,B2B-V1-BASE,BLD-9102B6E8BF1ABFFC5F32,True
ORD-SYN-001867,CUS-SYN-110,2026-01-11T10:41:00-03:00,2026-01-12T10:41:00-03:00,2026-01-15T10:41:00-03:00,partially_fulfilled,B2B-V1-BASE,BLD-9102B6E8BF1ABFFC5F32,True
ORD-SYN-001868,CUS-SYN-049,2026-01-11T11:05:00-03:00,2026-01-12T11:05:00-03:00,2026-01-14T11:05:00-03:00,fulfilled,B2B-V1-BASE,BLD-9102B6E8BF1ABFFC5F32,True
ORD-SYN-001869,CUS-SYN-058,2026-01-11T13:44:00-03:00,2026-01-13T13:44:00-03:00,2026-01-16T13:44:00-03:00,fulfilled,B2B-V1-BASE,BLD-9102B6E8BF1ABFFC5F32,True
ORD-SYN-001870,CUS-SYN-029,2026-01-11T14:34:00-03:00,,2026-01-17T14:34:00-03:00,partially_fulfilled,B2B-V1-BASE,BLD-9102B6E8BF1ABFFC5F32,True
ORD-SYN-001871,CUS-SYN-149,2026-01-11T14:43:00-03:00,2026-01-13T14:43:00-03:00,2026-01-14T14:43:00-03:00,fulfilled,B2B-V1-BASE,BLD-9102B6E8BF1ABFFC5F32,True
ORD-SYN-001872,CUS-SYN-135,2026-01-11T15:10:00-03:00,,2026-01-15T15:10:00-03:00,fulfilled,B2B-V1-BASE,BLD-9102B6E8BF1ABFFC5F32,True
ORD-SYN-001873,CUS-SYN-097,2026-01-11T16:30:00-03:00,2026-01-12T16:30:00-03:00,2026-01-16T16:30:00-03:00,fulfilled,B2B-V1-BASE,BLD-9102B6E8BF1ABFFC5F32,True
ORD-SYN-001874,CUS-SYN-105,2026-01-11T17:10:00-03:00,2026-01-13T17:10:00-03:00,2026-01-13T17:10:00-03:00,fulfilled,B2B-V1-BASE,BLD-9102B6E8BF1ABFFC5F32,True
ORD-SYN-001875,CUS-SYN-094,2026-01-11T17:28:00-03:00,2026-01-13T17:28:00-03:00,2026-01-13T17:28:00-03:00,fulfilled,B2B-V1-BASE,BLD-9102B6E8BF1ABFFC5F32,True
ORD-SYN-001876,CUS-SYN-040,2026-01-12T08:41:00-03:00,2026-01-15T08:41:00-03:00,2026-01-15T08:41:00-03:00,fulfilled,B2B-V1-BASE,BLD-9102B6E8BF1ABFFC5F32,True
ORD-SYN-001877,CUS-SYN-029,2026-01-12T08:58:00-03:00,2026-01-13T08:58:00-03:00,2026-01-16T08:58:00-03:00,fulfilled,B2B-V1-BASE,BLD-9102B6E8BF1ABFFC5F32,True
ORD-SYN-001878,CUS-SYN-074,2026-01-12T09:45:00-03:00,2026-01-15T09:45:00-03:00,2026-01-15T09:45:00-03:00,fulfilled,B2B-V1-BASE,BLD-9102B6E8BF1ABFFC5F32,True
ORD-SYN-001879,CUS-SYN-038,2026-01-12T12:53:00-03:00,,2026-01-15T12:53:00-03:00,partially_fulfilled,B2B-V1-BASE,BLD-9102B6E8BF1ABFFC5F32,True
ORD-SYN-001880,CUS-SYN-141,2026-01-12T14:00:00-03:00,2026-01-14T14:00:00-03:00,2026-01-17T14:00:00-03:00,partially_fulfilled,B2B-V1-BASE,BLD-9102B6E8BF1ABFFC5F32,True
ORD-SYN-001881,CUS-SYN-129,2026-01-12T15:14:00-03:00,2026-01-17T15:14:00-03:00,2026-01-17T15:14:00-03:00,partially_fulfilled,B2B-V1-BASE,BLD-9102B6E8BF1ABFFC5F32,True
ORD-SYN-001882,CUS-SYN-005,2026-01-13T08:11:00-03:00,2026-01-15T08:11:00-03:00,2026-01-17T08:11:00-03:00,fulfilled,B2B-V1-BASE,BLD-9102B6E8BF1ABFFC5F32,True
ORD-SYN-001883,CUS-SYN-076,2026-01-13T08:54:00-03:00,2026-01-14T08:54:00-03:00,2026-01-15T08:54:00-03:00,fulfilled,B2B-V1-BASE,BLD-9102B6E8BF1ABFFC5F32,True
ORD-SYN-001884,CUS-SYN-019,2026-01-13T10:02:00-03:00,2026-01-16T10:02:00-03:00,2026-01-19T10:02:00-03:00,partially_fulfilled,B2B-V1-BASE,BLD-9102B6E8BF1ABFFC5F32,True
ORD-SYN-001885,CUS-SYN-113,2026-01-13T10:28:00-03:00,2026-01-14T10:28:00-03:00,2026-01-18T10:28:00-03:00,partially_fulfilled,B2B-V1-BASE,BLD-9102B6E8BF1ABFFC5F32,True
ORD-SYN-001886,CUS-SYN-106,2026-01-13T10:33:00-03:00,2026-01-18T10:33:00-03:00,2026-01-18T10:33:00-03:00,fulfilled,B2B-V1-BASE,BLD-9102B6E8BF1ABFFC5F32,True
ORD-SYN-001887,CUS-SYN-088,2026-01-13T10:50:00-03:00,2026-01-15T10:50:00-03:00,2026-01-15T10:50:00-03:00,fulfilled,B2B-V1-BASE,BLD-9102B6E8BF1ABFFC5F32,True
ORD-SYN-001888,CUS-SYN-033,2026-01-13T11:09:00-03:00,,2026-01-15T11:09:00-03:00,fulfilled,B2B-V1-BASE,BLD-9102B6E8BF1ABFFC5F32,True
ORD-SYN-001889,CUS-SYN-110,2026-01-13T13:26:00-03:00,,2026-01-17T13:26:00-03:00,fulfilled,B2B-V1-BASE,BLD-9102B6E8BF1ABFFC5F32,True
ORD-SYN-001890,CUS-SYN-018,2026-01-13T13:52:00-03:00,2026-01-14T13:52:00-03:00,2026-01-17T13:52:00-03:00,fulfilled,B2B-V1-BASE,BLD-9102B6E8BF1ABFFC5F32,True
ORD-SYN-001891,CUS-SYN-050,2026-01-13T14:22:00-03:00,2026-01-16T14:22:00-03:00,2026-01-16T14:22:00-03:00,fulfilled,B2B-V1-BASE,BLD-9102B6E8BF1ABFFC5F32,True
ORD-SYN-001892,CUS-SYN-091,2026-01-13T15:06:00-03:00,,2026-01-15T15:06:00-03:00,fulfilled,B2B-V1-BASE,BLD-9102B6E8BF1ABFFC5F32,True
ORD-SYN-001893,CUS-SYN-001,2026-01-13T15:08:00-03:00,2026-01-14T15:08:00-03:00,2026-01-19T15:08:00-03:00,fulfilled,B2B-V1-BASE,BLD-9102B6E8BF1ABFFC5F32,True
ORD-SYN-001894,CUS-SYN-061,2026-01-13T16:01:00-03:00,2026-01-19T16:01:00-03:00,2026-01-19T16:01:00-03:00,fulfilled,B2B-V1-BASE,BLD-9102B6E8BF1ABFFC5F32,True
ORD-SYN-001895,CUS-SYN-061,2026-01-13T16:20:00-03:00,2026-01-14T16:20:00-03:00,2026-01-15T16:20:00-03:00,fulfilled,B2B-V1-BASE,BLD-9102B6E8BF1ABFFC5F32,True
ORD-SYN-001896,CUS-SYN-086,2026-01-13T16:43:00-03:00,2026-01-17T16:43:00-03:00,2026-01-19T16:43:00-03:00,fulfilled,B2B-V1-BASE,BLD-9102B6E8BF1ABFFC5F32,True
ORD-SYN-001897,CUS-SYN-115,2026-01-14T08:39:00-03:00,2026-01-18T08:39:00-03:00,2026-01-18T08:39:00-03:00,fulfilled,B2B-V1-BASE,BLD-9102B6E8BF1ABFFC5F32,True
ORD-SYN-001898,CUS-SYN-092,2026-01-14T09:24:00-03:00,2026-01-18T09:24:00-03:00,2026-01-18T09:24:00-03:00,fulfilled,B2B-V1-BASE,BLD-9102B6E8BF1ABFFC5F32,True
ORD-SYN-001899,CUS-SYN-068,2026-01-14T09:52:00-03:00,,2026-01-17T09:52:00-03:00,fulfilled,B2B-V1-BASE,BLD-9102B6E8BF1ABFFC5F32,True
ORD-SYN-001900,CUS-SYN-014,2026-01-14T10:17:00-03:00,2026-01-15T10:17:00-03:00,2026-01-19T10:17:00-03:00,fulfilled,B2B-V1-BASE,BLD-9102B6E8BF1ABFFC5F32,True
ORD-SYN-001901,CUS-SYN-034,2026-01-14T12:13:00-03:00,2026-01-16T12:13:00-03:00,2026-01-17T12:13:00-03:00,fulfilled,B2B-V1-BASE,BLD-9102B6E8BF1ABFFC5F32,True
ORD-SYN-001902,CUS-SYN-073,2026-01-14T12:17:00-03:00,2026-01-17T12:17:00-03:00,2026-01-18T12:17:00-03:00,fulfilled,B2B-V1-BASE,BLD-9102B6E8BF1ABFFC5F32,True
ORD-SYN-001903,CUS-SYN-133,2026-01-14T12:41:00-03:00,2026-01-20T12:41:00-03:00,2026-01-20T12:41:00-03:00,fulfilled,B2B-V1-BASE,BLD-9102B6E8BF1ABFFC5F32,True
ORD-SYN-001904,CUS-SYN-065,2026-01-14T13:02:00-03:00,2026-01-16T13:02:00-03:00,2026-01-16T13:02:00-03:00,fulfilled,B2B-V1-BASE,BLD-9102B6E8BF1ABFFC5F32,True
ORD-SYN-001905,CUS-SYN-099,2026-01-14T13:02:00-03:00,2026-01-19T13:02:00-03:00,2026-01-19T13:02:00-03:00,partially_fulfilled,B2B-V1-BASE,BLD-9102B6E8BF1ABFFC5F32,True
ORD-SYN-001906,CUS-SYN-126,2026-01-14T13:02:00-03:00,2026-01-17T13:02:00-03:00,2026-01-19T13:02:00-03:00,partially_fulfilled,B2B-V1-BASE,BLD-9102B6E8BF1ABFFC5F32,True
ORD-SYN-001907,CUS-SYN-033,2026-01-14T13:24:00-03:00,2026-01-15T13:24:00-03:00,2026-01-18T13:24:00-03:00,partially_fulfilled,B2B-V1-BASE,BLD-9102B6E8BF1ABFFC5F32,True
ORD-SYN-001908,CUS-SYN-069,2026-01-14T15:46:00-03:00,2026-01-16T15:46:00-03:00,2026-01-16T15:46:00-03:00,fulfilled,B2B-V1-BASE,BLD-9102B6E8BF1ABFFC5F32,True
ORD-SYN-001909,CUS-SYN-142,2026-01-14T16:31:00-03:00,2026-01-18T16:31:00-03:00,2026-01-18T16:31:00-03:00,fulfilled,B2B-V1-BASE,BLD-9102B6E8BF1ABFFC5F32,True
ORD-SYN-001910,CUS-SYN-085,2026-01-14T17:57:00-03:00,,2026-01-16T17:57:00-03:00,partially_fulfilled,B2B-V1-BASE,BLD-9102B6E8BF1ABFFC5F32,True
ORD-SYN-001911,CUS-SYN-105,2026-01-15T11:04:00-03:00,2026-01-18T11:04:00-03:00,2026-01-20T11:04:00-03:00,fulfilled,B2B-V1-BASE,BLD-9102B6E8BF1ABFFC5F32,True
ORD-SYN-001912,CUS-SYN-024,2026-01-15T11:09:00-03:00,2026-01-17T11:09:00-03:00,2026-01-18T11:09:00-03:00,fulfilled,B2B-V1-BASE,BLD-9102B6E8BF1ABFFC5F32,True
ORD-SYN-001913,CUS-SYN-041,2026-01-15T13:14:00-03:00,,2026-01-20T13:14:00-03:00,partially_fulfilled,B2B-V1-BASE,BLD-9102B6E8BF1ABFFC5F32,True
ORD-SYN-001914,CUS-SYN-058,2026-01-15T14:15:00-03:00,2026-01-17T14:15:00-03:00,2026-01-17T14:15:00-03:00,fulfilled,B2B-V1-BASE,BLD-9102B6E8BF1ABFFC5F32,True
ORD-SYN-001915,CUS-SYN-042,2026-01-15T15:13:00-03:00,,2026-01-20T15:13:00-03:00,fulfilled,B2B-V1-BASE,BLD-9102B6E8BF1ABFFC5F32,True
ORD-SYN-001916,CUS-SYN-039,2026-01-15T15:23:00-03:00,,2026-01-18T15:23:00-03:00,fulfilled,B2B-V1-BASE,BLD-9102B6E8BF1ABFFC5F32,True
ORD-SYN-001917,CUS-SYN-057,2026-01-16T08:04:00-03:00,2026-01-17T08:04:00-03:00,2026-01-20T08:04:00-03:00,fulfilled,B2B-V1-BASE,BLD-9102B6E8BF1ABFFC5F32,True
ORD-SYN-001918,CUS-SYN-142,2026-01-16T08:22:00-03:00,,2026-01-19T08:22:00-03:00,fulfilled,B2B-V1-BASE,BLD-9102B6E8BF1ABFFC5F32,True
ORD-SYN-001919,CUS-SYN-081,2026-01-16T08:46:00-03:00,2026-01-19T08:46:00-03:00,2026-01-20T08:46:00-03:00,fulfilled,B2B-V1-BASE,BLD-9102B6E8BF1ABFFC5F32,True
ORD-SYN-001920,CUS-SYN-029,2026-01-16T08:59:00-03:00,2026-01-20T08:59:00-03:00,2026-01-22T08:59:00-03:00,fulfilled,B2B-V1-BASE,BLD-9102B6E8BF1ABFFC5F32,True
ORD-SYN-001921,CUS-SYN-034,2026-01-16T09:07:00-03:00,2026-01-17T09:07:00-03:00,2026-01-18T09:07:00-03:00,fulfilled,B2B-V1-BASE,BLD-9102B6E8BF1ABFFC5F32,True
ORD-SYN-001922,CUS-SYN-051,2026-01-16T09:27:00-03:00,2026-01-18T09:27:00-03:00,2026-01-20T09:27:00-03:00,fulfilled,B2B-V1-BASE,BLD-9102B6E8BF1ABFFC5F32,True
ORD-SYN-001923,CUS-SYN-030,2026-01-16T09:59:00-03:00,2026-01-22T09:59:00-03:00,2026-01-22T09:59:00-03:00,fulfilled,B2B-V1-BASE,BLD-9102B6E8BF1ABFFC5F32,True
ORD-SYN-001924,CUS-SYN-011,2026-01-16T10:48:00-03:00,2026-01-17T10:48:00-03:00,2026-01-19T10:48:00-03:00,fulfilled,B2B-V1-BASE,BLD-9102B6E8BF1ABFFC5F32,True
ORD-SYN-001925,CUS-SYN-031,2026-01-16T12:38:00-03:00,,2026-01-18T12:38:00-03:00,fulfilled,B2B-V1-BASE,BLD-9102B6E8BF1ABFFC5F32,True
ORD-SYN-001926,CUS-SYN-067,2026-01-16T13:44:00-03:00,2026-01-17T13:44:00-03:00,2026-01-22T13:44:00-03:00,fulfilled,B2B-V1-BASE,BLD-9102B6E8BF1ABFFC5F32,True
ORD-SYN-001927,CUS-SYN-097,2026-01-16T14:23:00-03:00,2026-01-18T14:23:00-03:00,2026-01-21T14:23:00-03:00,fulfilled,B2B-V1-BASE,BLD-9102B6E8BF1ABFFC5F32,True
ORD-SYN-001928,CUS-SYN-075,2026-01-16T16:48:00-03:00,2026-01-19T16:48:00-03:00,2026-01-21T16:48:00-03:00,fulfilled,B2B-V1-BASE,BLD-9102B6E8BF1ABFFC5F32,True
ORD-SYN-001929,CUS-SYN-042,2026-01-17T08:25:00-03:00,2026-01-19T08:25:00-03:00,2026-01-23T08:25:00-03:00,partially_fulfilled,B2B-V1-BASE,BLD-9102B6E8BF1ABFFC5F32,True
ORD-SYN-001930,CUS-SYN-101,2026-01-17T10:32:00-03:00,2026-01-19T10:32:00-03:00,2026-01-19T10:32:00-03:00,fulfilled,B2B-V1-BASE,BLD-9102B6E8BF1ABFFC5F32,True
ORD-SYN-001931,CUS-SYN-013,2026-01-17T13:20:00-03:00,2026-01-19T13:20:00-03:00,2026-01-20T13:20:00-03:00,fulfilled,B2B-V1-BASE,BLD-9102B6E8BF1ABFFC5F32,True
ORD-SYN-001932,CUS-SYN-009,2026-01-17T13:48:00-03:00,2026-01-20T13:48:00-03:00,2026-01-22T13:48:00-03:00,fulfilled,B2B-V1-BASE,BLD-9102B6E8BF1ABFFC5F32,True
ORD-SYN-001933,CUS-SYN-038,2026-01-17T14:43:00-03:00,2026-01-19T14:43:00-03:00,2026-01-19T14:43:00-03:00,fulfilled,B2B-V1-BASE,BLD-9102B6E8BF1ABFFC5F32,True
ORD-SYN-001934,CUS-SYN-074,2026-01-17T16:37:00-03:00,2026-01-18T16:37:00-03:00,2026-01-19T16:37:00-03:00,partially_fulfilled,B2B-V1-BASE,BLD-9102B6E8BF1ABFFC5F32,True
ORD-SYN-001935,CUS-SYN-108,2026-01-18T08:02:00-03:00,2026-01-23T08:02:00-03:00,2026-01-24T08:02:00-03:00,fulfilled,B2B-V1-BASE,BLD-9102B6E8BF1ABFFC5F32,True
ORD-SYN-001936,CUS-SYN-046,2026-01-18T08:31:00-03:00,2026-01-19T08:31:00-03:00,2026-01-24T08:31:00-03:00,fulfilled,B2B-V1-BASE,BLD-9102B6E8BF1ABFFC5F32,True
ORD-SYN-001937,CUS-SYN-119,2026-01-18T08:39:00-03:00,2026-01-21T08:39:00-03:00,2026-01-21T08:39:00-03:00,fulfilled,B2B-V1-BASE,BLD-9102B6E8BF1ABFFC5F32,True
ORD-SYN-001938,CUS-SYN-054,2026-01-18T09:58:00-03:00,2026-01-20T09:58:00-03:00,2026-01-21T09:58:00-03:00,fulfilled,B2B-V1-BASE,BLD-9102B6E8BF1ABFFC5F32,True
ORD-SYN-001939,CUS-SYN-133,2026-01-18T10:43:00-03:00,2026-01-23T10:43:00-03:00,2026-01-24T10:43:00-03:00,partially_fulfilled,B2B-V1-BASE,BLD-9102B6E8BF1ABFFC5F32,True
ORD-SYN-001940,CUS-SYN-109,2026-01-18T10:55:00-03:00,2026-01-20T10:55:00-03:00,2026-01-23T10:55:00-03:00,fulfilled,B2B-V1-BASE,BLD-9102B6E8BF1ABFFC5F32,True
ORD-SYN-001941,CUS-SYN-130,2026-01-18T12:05:00-03:00,2026-01-19T12:05:00-03:00,2026-01-20T12:05:00-03:00,fulfilled,B2B-V1-BASE,BLD-9102B6E8BF1ABFFC5F32,True
ORD-SYN-001942,CUS-SYN-107,2026-01-18T12:28:00-03:00,2026-01-21T12:28:00-03:00,2026-01-21T12:28:00-03:00,fulfilled,B2B-V1-BASE,BLD-9102B6E8BF1ABFFC5F32,True
ORD-SYN-001943,CUS-SYN-086,2026-01-18T14:43:00-03:00,,2026-01-23T14:43:00-03:00,fulfilled,B2B-V1-BASE,BLD-9102B6E8BF1ABFFC5F32,True
ORD-SYN-001944,CUS-SYN-076,2026-01-18T14:45:00-03:00,2026-01-20T14:45:00-03:00,2026-01-21T14:45:00-03:00,fulfilled,B2B-V1-BASE,BLD-9102B6E8BF1ABFFC5F32,True
ORD-SYN-001945,CUS-SYN-141,2026-01-18T14:46:00-03:00,2026-01-21T14:46:00-03:00,2026-01-24T14:46:00-03:00,fulfilled,B2B-V1-BASE,BLD-9102B6E8BF1ABFFC5F32,True
ORD-SYN-001946,CUS-SYN-095,2026-01-18T14:50:00-03:00,2026-01-19T14:50:00-03:00,2026-01-20T14:50:00-03:00,fulfilled,B2B-V1-BASE,BLD-9102B6E8BF1ABFFC5F32,True
ORD-SYN-001947,CUS-SYN-101,2026-01-18T14:59:00-03:00,2026-01-20T14:59:00-03:00,2026-01-20T14:59:00-03:00,fulfilled,B2B-V1-BASE,BLD-9102B6E8BF1ABFFC5F32,True
ORD-SYN-001948,CUS-SYN-010,2026-01-18T15:57:00-03:00,2026-01-20T15:57:00-03:00,2026-01-24T15:57:00-03:00,partially_fulfilled,B2B-V1-BASE,BLD-9102B6E8BF1ABFFC5F32,True
ORD-SYN-001949,CUS-SYN-118,2026-01-18T17:15:00-03:00,2026-01-23T17:15:00-03:00,2026-01-24T17:15:00-03:00,partially_fulfilled,B2B-V1-BASE,BLD-9102B6E8BF1ABFFC5F32,True
ORD-SYN-001950,CUS-SYN-061,2026-01-18T17:46:00-03:00,2026-01-20T17:46:00-03:00,2026-01-21T17:46:00-03:00,fulfilled,B2B-V1-BASE,BLD-9102B6E8BF1ABFFC5F32,True
ORD-SYN-001951,CUS-SYN-118,2026-01-19T08:14:00-03:00,2026-01-21T08:14:00-03:00,2026-01-21T08:14:00-03:00,fulfilled,B2B-V1-BASE,BLD-9102B6E8BF1ABFFC5F32,True
ORD-SYN-001952,CUS-SYN-078,2026-01-19T08:43:00-03:00,2026-01-21T08:43:00-03:00,2026-01-25T08:43:00-03:00,fulfilled,B2B-V1-BASE,BLD-9102B6E8BF1ABFFC5F32,True
ORD-SYN-001953,CUS-SYN-146,2026-01-19T09:45:00-03:00,2026-01-21T09:45:00-03:00,2026-01-21T09:45:00-03:00,fulfilled,B2B-V1-BASE,BLD-9102B6E8BF1ABFFC5F32,True
ORD-SYN-001954,CUS-SYN-083,2026-01-19T12:08:00-03:00,,2026-01-25T12:08:00-03:00,fulfilled,B2B-V1-BASE,BLD-9102B6E8BF1ABFFC5F32,True
ORD-SYN-001955,CUS-SYN-066,2026-01-19T12:40:00-03:00,,2026-01-23T12:40:00-03:00,fulfilled,B2B-V1-BASE,BLD-9102B6E8BF1ABFFC5F32,True
ORD-SYN-001956,CUS-SYN-025,2026-01-19T14:37:00-03:00,2026-01-21T14:37:00-03:00,2026-01-21T14:37:00-03:00,fulfilled,B2B-V1-BASE,BLD-9102B6E8BF1ABFFC5F32,True
ORD-SYN-001957,CUS-SYN-149,2026-01-19T15:50:00-03:00,,2026-01-23T15:50:00-03:00,fulfilled,B2B-V1-BASE,BLD-9102B6E8BF1ABFFC5F32,True
ORD-SYN-001958,CUS-SYN-122,2026-01-19T16:09:00-03:00,2026-01-22T16:09:00-03:00,2026-01-25T16:09:00-03:00,fulfilled,B2B-V1-BASE,BLD-9102B6E8BF1ABFFC5F32,True
ORD-SYN-001959,CUS-SYN-067,2026-01-20T09:32:00-03:00,,2026-01-26T09:32:00-03:00,fulfilled,B2B-V1-BASE,BLD-9102B6E8BF1ABFFC5F32,True
ORD-SYN-001960,CUS-SYN-048,2026-01-20T10:48:00-03:00,2026-01-23T10:48:00-03:00,2026-01-26T10:48:00-03:00,fulfilled,B2B-V1-BASE,BLD-9102B6E8BF1ABFFC5F32,True
ORD-SYN-001961,CUS-SYN-032,2026-01-20T11:09:00-03:00,2026-01-21T11:09:00-03:00,2026-01-22T11:09:00-03:00,fulfilled,B2B-V1-BASE,BLD-9102B6E8BF1ABFFC5F32,True
ORD-SYN-001962,CUS-SYN-046,2026-01-20T12:26:00-03:00,2026-01-22T12:26:00-03:00,2026-01-23T12:26:00-03:00,fulfilled,B2B-V1-BASE,BLD-9102B6E8BF1ABFFC5F32,True
ORD-SYN-001963,CUS-SYN-070,2026-01-20T14:51:00-03:00,,2026-01-22T14:51:00-03:00,fulfilled,B2B-V1-BASE,BLD-9102B6E8BF1ABFFC5F32,True
ORD-SYN-001964,CUS-SYN-013,2026-01-20T15:03:00-03:00,2026-01-21T15:03:00-03:00,2026-01-23T15:03:00-03:00,fulfilled,B2B-V1-BASE,BLD-9102B6E8BF1ABFFC5F32,True
ORD-SYN-001965,CUS-SYN-110,2026-01-20T15:10:00-03:00,,2026-01-25T15:10:00-03:00,fulfilled,B2B-V1-BASE,BLD-9102B6E8BF1ABFFC5F32,True
ORD-SYN-001966,CUS-SYN-095,2026-01-20T17:25:00-03:00,2026-01-22T17:25:00-03:00,2026-01-22T17:25:00-03:00,fulfilled,B2B-V1-BASE,BLD-9102B6E8BF1ABFFC5F32,True
ORD-SYN-001967,CUS-SYN-090,2026-01-20T17:30:00-03:00,,2026-01-26T17:30:00-03:00,partially_fulfilled,B2B-V1-BASE,BLD-9102B6E8BF1ABFFC5F32,True
ORD-SYN-001968,CUS-SYN-141,2026-01-21T08:05:00-03:00,2026-01-23T08:05:00-03:00,2026-01-23T08:05:00-03:00,fulfilled,B2B-V1-BASE,BLD-9102B6E8BF1ABFFC5F32,True
ORD-SYN-001969,CUS-SYN-108,2026-01-21T08:44:00-03:00,,2026-01-25T08:44:00-03:00,partially_fulfilled,B2B-V1-BASE,BLD-9102B6E8BF1ABFFC5F32,True
ORD-SYN-001970,CUS-SYN-138,2026-01-21T09:09:00-03:00,2026-01-25T09:09:00-03:00,2026-01-26T09:09:00-03:00,fulfilled,B2B-V1-BASE,BLD-9102B6E8BF1ABFFC5F32,True
ORD-SYN-001971,CUS-SYN-009,2026-01-21T09:53:00-03:00,2026-01-24T09:53:00-03:00,2026-01-26T09:53:00-03:00,fulfilled,B2B-V1-BASE,BLD-9102B6E8BF1ABFFC5F32,True
ORD-SYN-001972,CUS-SYN-037,2026-01-21T10:59:00-03:00,2026-01-25T10:59:00-03:00,2026-01-26T10:59:00-03:00,partially_fulfilled,B2B-V1-BASE,BLD-9102B6E8BF1ABFFC5F32,True
ORD-SYN-001973,CUS-SYN-027,2026-01-21T11:20:00-03:00,2026-01-22T11:20:00-03:00,2026-01-23T11:20:00-03:00,fulfilled,B2B-V1-BASE,BLD-9102B6E8BF1ABFFC5F32,True
ORD-SYN-001974,CUS-SYN-060,2026-01-21T13:59:00-03:00,2026-01-23T13:59:00-03:00,2026-01-23T13:59:00-03:00,fulfilled,B2B-V1-BASE,BLD-9102B6E8BF1ABFFC5F32,True
ORD-SYN-001975,CUS-SYN-098,2026-01-21T15:28:00-03:00,2026-01-25T15:28:00-03:00,2026-01-25T15:28:00-03:00,fulfilled,B2B-V1-BASE,BLD-9102B6E8BF1ABFFC5F32,True
ORD-SYN-001976,CUS-SYN-018,2026-01-21T16:25:00-03:00,2026-01-22T16:25:00-03:00,2026-01-27T16:25:00-03:00,fulfilled,B2B-V1-BASE,BLD-9102B6E8BF1ABFFC5F32,True
ORD-SYN-001977,CUS-SYN-085,2026-01-22T11:43:00-03:00,2026-01-23T11:43:00-03:00,2026-01-24T11:43:00-03:00,partially_fulfilled,B2B-V1-BASE,BLD-9102B6E8BF1ABFFC5F32,True
ORD-SYN-001978,CUS-SYN-001,2026-01-22T11:45:00-03:00,2026-01-23T11:45:00-03:00,2026-01-24T11:45:00-03:00,fulfilled,B2B-V1-BASE,BLD-9102B6E8BF1ABFFC5F32,True
ORD-SYN-001979,CUS-SYN-115,2026-01-22T12:50:00-03:00,2026-01-23T12:50:00-03:00,2026-01-24T12:50:00-03:00,fulfilled,B2B-V1-BASE,BLD-9102B6E8BF1ABFFC5F32,True
ORD-SYN-001980,CUS-SYN-058,2026-01-22T14:34:00-03:00,2026-01-23T14:34:00-03:00,2026-01-24T14:34:00-03:00,fulfilled,B2B-V1-BASE,BLD-9102B6E8BF1ABFFC5F32,True
ORD-SYN-001981,CUS-SYN-115,2026-01-22T15:00:00-03:00,2026-01-26T15:00:00-03:00,2026-01-26T15:00:00-03:00,partially_fulfilled,B2B-V1-BASE,BLD-9102B6E8BF1ABFFC5F32,True
ORD-SYN-001982,CUS-SYN-042,2026-01-22T15:16:00-03:00,2026-01-24T15:16:00-03:00,2026-01-25T15:16:00-03:00,fulfilled,B2B-V1-BASE,BLD-9102B6E8BF1ABFFC5F32,True
ORD-SYN-001983,CUS-SYN-042,2026-01-22T16:44:00-03:00,2026-01-24T16:44:00-03:00,2026-01-24T16:44:00-03:00,fulfilled,B2B-V1-BASE,BLD-9102B6E8BF1ABFFC5F32,True
ORD-SYN-001984,CUS-SYN-006,2026-01-23T08:17:00-03:00,2026-01-26T08:17:00-03:00,2026-01-26T08:17:00-03:00,partially_fulfilled,B2B-V1-BASE,BLD-9102B6E8BF1ABFFC5F32,True
ORD-SYN-001985,CUS-SYN-054,2026-01-23T08:39:00-03:00,2026-01-25T08:39:00-03:00,2026-01-29T08:39:00-03:00,fulfilled,B2B-V1-BASE,BLD-9102B6E8BF1ABFFC5F32,True
ORD-SYN-001986,CUS-SYN-078,2026-01-23T09:35:00-03:00,2026-01-26T09:35:00-03:00,2026-01-27T09:35:00-03:00,fulfilled,B2B-V1-BASE,BLD-9102B6E8BF1ABFFC5F32,True
ORD-SYN-001987,CUS-SYN-137,2026-01-23T10:22:00-03:00,,2026-01-28T10:22:00-03:00,fulfilled,B2B-V1-BASE,BLD-9102B6E8BF1ABFFC5F32,True
ORD-SYN-001988,CUS-SYN-021,2026-01-23T11:32:00-03:00,,2026-01-29T11:32:00-03:00,partially_fulfilled,B2B-V1-BASE,BLD-9102B6E8BF1ABFFC5F32,True
ORD-SYN-001989,CUS-SYN-086,2026-01-23T12:50:00-03:00,,2026-01-28T12:50:00-03:00,fulfilled,B2B-V1-BASE,BLD-9102B6E8BF1ABFFC5F32,True
ORD-SYN-001990,CUS-SYN-053,2026-01-23T17:49:00-03:00,2026-01-25T17:49:00-03:00,2026-01-28T17:49:00-03:00,fulfilled,B2B-V1-BASE,BLD-9102B6E8BF1ABFFC5F32,True
ORD-SYN-001991,CUS-SYN-051,2026-01-24T08:26:00-03:00,2026-01-27T08:26:00-03:00,2026-01-27T08:26:00-03:00,fulfilled,B2B-V1-BASE,BLD-9102B6E8BF1ABFFC5F32,True
ORD-SYN-001992,CUS-SYN-027,2026-01-24T09:08:00-03:00,,2026-01-28T09:08:00-03:00,fulfilled,B2B-V1-BASE,BLD-9102B6E8BF1ABFFC5F32,True
ORD-SYN-001993,CUS-SYN-120,2026-01-24T09:18:00-03:00,2026-01-26T09:18:00-03:00,2026-01-30T09:18:00-03:00,fulfilled,B2B-V1-BASE,BLD-9102B6E8BF1ABFFC5F32,True
ORD-SYN-001994,CUS-SYN-110,2026-01-24T10:52:00-03:00,2026-01-25T10:52:00-03:00,2026-01-26T10:52:00-03:00,fulfilled,B2B-V1-BASE,BLD-9102B6E8BF1ABFFC5F32,True
ORD-SYN-001995,CUS-SYN-007,2026-01-24T10:58:00-03:00,2026-01-25T10:58:00-03:00,2026-01-27T10:58:00-03:00,fulfilled,B2B-V1-BASE,BLD-9102B6E8BF1ABFFC5F32,True
ORD-SYN-001996,CUS-SYN-116,2026-01-24T12:25:00-03:00,2026-01-25T12:25:00-03:00,2026-01-27T12:25:00-03:00,partially_fulfilled,B2B-V1-BASE,BLD-9102B6E8BF1ABFFC5F32,True
ORD-SYN-001997,CUS-SYN-038,2026-01-24T12:48:00-03:00,,2026-01-27T12:48:00-03:00,partially_fulfilled,B2B-V1-BASE,BLD-9102B6E8BF1ABFFC5F32,True
ORD-SYN-001998,CUS-SYN-106,2026-01-24T14:06:00-03:00,2026-01-30T14:06:00-03:00,2026-01-30T14:06:00-03:00,partially_fulfilled,B2B-V1-BASE,BLD-9102B6E8BF1ABFFC5F32,True
ORD-SYN-001999,CUS-SYN-101,2026-01-24T14:50:00-03:00,2026-01-25T14:50:00-03:00,2026-01-26T14:50:00-03:00,fulfilled,B2B-V1-BASE,BLD-9102B6E8BF1ABFFC5F32,True
ORD-SYN-002000,CUS-SYN-125,2026-01-24T15:55:00-03:00,,2026-01-29T15:55:00-03:00,fulfilled,B2B-V1-BASE,BLD-9102B6E8BF1ABFFC5F32,True
ORD-SYN-002001,CUS-SYN-033,2026-01-24T17:41:00-03:00,,2026-01-27T17:41:00-03:00,fulfilled,B2B-V1-BASE,BLD-9102B6E8BF1ABFFC5F32,True
ORD-SYN-002002,CUS-SYN-079,2026-01-25T09:34:00-03:00,2026-01-27T09:34:00-03:00,2026-01-27T09:34:00-03:00,fulfilled,B2B-V1-BASE,BLD-9102B6E8BF1ABFFC5F32,True
ORD-SYN-002003,CUS-SYN-069,2026-01-25T11:56:00-03:00,,2026-01-29T11:56:00-03:00,partially_fulfilled,B2B-V1-BASE,BLD-9102B6E8BF1ABFFC5F32,True
ORD-SYN-002004,CUS-SYN-137,2026-01-25T12:34:00-03:00,2026-01-28T12:34:00-03:00,2026-01-31T12:34:00-03:00,fulfilled,B2B-V1-BASE,BLD-9102B6E8BF1ABFFC5F32,True
ORD-SYN-002005,CUS-SYN-096,2026-01-25T13:51:00-03:00,2026-01-27T13:51:00-03:00,2026-01-31T13:51:00-03:00,partially_fulfilled,B2B-V1-BASE,BLD-9102B6E8BF1ABFFC5F32,True
ORD-SYN-002006,CUS-SYN-079,2026-01-25T13:52:00-03:00,2026-01-26T13:52:00-03:00,2026-01-27T13:52:00-03:00,fulfilled,B2B-V1-BASE,BLD-9102B6E8BF1ABFFC5F32,True
ORD-SYN-002007,CUS-SYN-142,2026-01-25T14:23:00-03:00,2026-01-26T14:23:00-03:00,2026-01-30T14:23:00-03:00,partially_fulfilled,B2B-V1-BASE,BLD-9102B6E8BF1ABFFC5F32,True
ORD-SYN-002008,CUS-SYN-099,2026-01-25T14:28:00-03:00,2026-01-30T14:28:00-03:00,2026-01-31T14:28:00-03:00,partially_fulfilled,B2B-V1-BASE,BLD-9102B6E8BF1ABFFC5F32,True
ORD-SYN-002009,CUS-SYN-021,2026-01-25T15:17:00-03:00,2026-01-27T15:17:00-03:00,2026-01-27T15:17:00-03:00,fulfilled,B2B-V1-BASE,BLD-9102B6E8BF1ABFFC5F32,True
ORD-SYN-002010,CUS-SYN-042,2026-01-25T15:23:00-03:00,2026-01-27T15:23:00-03:00,2026-01-29T15:23:00-03:00,fulfilled,B2B-V1-BASE,BLD-9102B6E8BF1ABFFC5F32,True
ORD-SYN-002011,CUS-SYN-047,2026-01-25T15:53:00-03:00,,2026-01-27T15:53:00-03:00,fulfilled,B2B-V1-BASE,BLD-9102B6E8BF1ABFFC5F32,True
ORD-SYN-002012,CUS-SYN-014,2026-01-25T16:45:00-03:00,2026-01-27T16:45:00-03:00,2026-01-28T16:45:00-03:00,fulfilled,B2B-V1-BASE,BLD-9102B6E8BF1ABFFC5F32,True
ORD-SYN-002013,CUS-SYN-028,2026-01-25T17:25:00-03:00,2026-01-27T17:25:00-03:00,2026-01-30T17:25:00-03:00,fulfilled,B2B-V1-BASE,BLD-9102B6E8BF1ABFFC5F32,True
ORD-SYN-002014,CUS-SYN-126,2026-01-26T09:10:00-03:00,2026-01-30T09:10:00-03:00,2026-01-31T09:10:00-03:00,fulfilled,B2B-V1-BASE,BLD-9102B6E8BF1ABFFC5F32,True
ORD-SYN-002015,CUS-SYN-062,2026-01-26T09:48:00-03:00,2026-01-29T09:48:00-03:00,2026-01-29T09:48:00-03:00,fulfilled,B2B-V1-BASE,BLD-9102B6E8BF1ABFFC5F32,True
ORD-SYN-002016,CUS-SYN-148,2026-01-26T10:05:00-03:00,2026-01-28T10:05:00-03:00,2026-01-30T10:05:00-03:00,fulfilled,B2B-V1-BASE,BLD-9102B6E8BF1ABFFC5F32,True
ORD-SYN-002017,CUS-SYN-133,2026-01-26T11:18:00-03:00,2026-01-28T11:18:00-03:00,2026-01-28T11:18:00-03:00,fulfilled,B2B-V1-BASE,BLD-9102B6E8BF1ABFFC5F32,True
ORD-SYN-002018,CUS-SYN-049,2026-01-26T12:07:00-03:00,,2026-01-30T12:07:00-03:00,fulfilled,B2B-V1-BASE,BLD-9102B6E8BF1ABFFC5F32,True
ORD-SYN-002019,CUS-SYN-048,2026-01-26T13:37:00-03:00,,2026-01-29T13:37:00-03:00,fulfilled,B2B-V1-BASE,BLD-9102B6E8BF1ABFFC5F32,True
ORD-SYN-002020,CUS-SYN-136,2026-01-26T14:05:00-03:00,2026-01-29T14:05:00-03:00,2026-02-01T14:05:00-03:00,fulfilled,B2B-V1-BASE,BLD-9102B6E8BF1ABFFC5F32,True
ORD-SYN-002021,CUS-SYN-117,2026-01-26T14:27:00-03:00,2026-01-27T14:27:00-03:00,2026-01-28T14:27:00-03:00,fulfilled,B2B-V1-BASE,BLD-9102B6E8BF1ABFFC5F32,True
ORD-SYN-002022,CUS-SYN-065,2026-01-26T14:58:00-03:00,2026-01-27T14:58:00-03:00,2026-01-30T14:58:00-03:00,fulfilled,B2B-V1-BASE,BLD-9102B6E8BF1ABFFC5F32,True
ORD-SYN-002023,CUS-SYN-046,2026-01-26T15:12:00-03:00,2026-01-27T15:12:00-03:00,2026-01-29T15:12:00-03:00,fulfilled,B2B-V1-BASE,BLD-9102B6E8BF1ABFFC5F32,True
ORD-SYN-002024,CUS-SYN-111,2026-01-26T15:58:00-03:00,2026-01-31T15:58:00-03:00,2026-01-31T15:58:00-03:00,fulfilled,B2B-V1-BASE,BLD-9102B6E8BF1ABFFC5F32,True
ORD-SYN-002025,CUS-SYN-098,2026-01-26T16:34:00-03:00,2026-01-28T16:34:00-03:00,2026-01-29T16:34:00-03:00,fulfilled,B2B-V1-BASE,BLD-9102B6E8BF1ABFFC5F32,True
ORD-SYN-002026,CUS-SYN-022,2026-01-26T17:05:00-03:00,2026-01-28T17:05:00-03:00,2026-01-28T17:05:00-03:00,fulfilled,B2B-V1-BASE,BLD-9102B6E8BF1ABFFC5F32,True
ORD-SYN-002027,CUS-SYN-037,2026-01-26T17:06:00-03:00,2026-01-28T17:06:00-03:00,2026-01-30T17:06:00-03:00,fulfilled,B2B-V1-BASE,BLD-9102B6E8BF1ABFFC5F32,True
ORD-SYN-002028,CUS-SYN-066,2026-01-27T08:15:00-03:00,2026-01-28T08:15:00-03:00,2026-02-02T08:15:00-03:00,fulfilled,B2B-V1-BASE,BLD-9102B6E8BF1ABFFC5F32,True
ORD-SYN-002029,CUS-SYN-033,2026-01-27T08:38:00-03:00,2026-01-29T08:38:00-03:00,2026-01-29T08:38:00-03:00,fulfilled,B2B-V1-BASE,BLD-9102B6E8BF1ABFFC5F32,True
ORD-SYN-002030,CUS-SYN-096,2026-01-27T09:14:00-03:00,2026-01-29T09:14:00-03:00,2026-01-29T09:14:00-03:00,fulfilled,B2B-V1-BASE,BLD-9102B6E8BF1ABFFC5F32,True
ORD-SYN-002031,CUS-SYN-045,2026-01-27T11:26:00-03:00,2026-02-02T11:26:00-03:00,2026-02-02T11:26:00-03:00,fulfilled,B2B-V1-BASE,BLD-9102B6E8BF1ABFFC5F32,True
ORD-SYN-002032,CUS-SYN-066,2026-01-27T11:34:00-03:00,2026-01-30T11:34:00-03:00,2026-02-02T11:34:00-03:00,fulfilled,B2B-V1-BASE,BLD-9102B6E8BF1ABFFC5F32,True
ORD-SYN-002033,CUS-SYN-123,2026-01-27T11:50:00-03:00,2026-01-31T11:50:00-03:00,2026-02-01T11:50:00-03:00,partially_fulfilled,B2B-V1-BASE,BLD-9102B6E8BF1ABFFC5F32,True
ORD-SYN-002034,CUS-SYN-129,2026-01-27T12:01:00-03:00,2026-01-28T12:01:00-03:00,2026-01-29T12:01:00-03:00,fulfilled,B2B-V1-BASE,BLD-9102B6E8BF1ABFFC5F32,True
ORD-SYN-002035,CUS-SYN-133,2026-01-27T12:11:00-03:00,2026-01-28T12:11:00-03:00,2026-01-29T12:11:00-03:00,fulfilled,B2B-V1-BASE,BLD-9102B6E8BF1ABFFC5F32,True
ORD-SYN-002036,CUS-SYN-110,2026-01-27T12:27:00-03:00,2026-01-31T12:27:00-03:00,2026-02-01T12:27:00-03:00,fulfilled,B2B-V1-BASE,BLD-9102B6E8BF1ABFFC5F32,True
ORD-SYN-002037,CUS-SYN-118,2026-01-27T12:46:00-03:00,,2026-01-30T12:46:00-03:00,fulfilled,B2B-V1-BASE,BLD-9102B6E8BF1ABFFC5F32,True
ORD-SYN-002038,CUS-SYN-090,2026-01-27T13:05:00-03:00,,2026-01-29T13:05:00-03:00,partially_fulfilled,B2B-V1-BASE,BLD-9102B6E8BF1ABFFC5F32,True
ORD-SYN-002039,CUS-SYN-036,2026-01-27T13:32:00-03:00,2026-02-01T13:32:00-03:00,2026-02-02T13:32:00-03:00,partially_fulfilled,B2B-V1-BASE,BLD-9102B6E8BF1ABFFC5F32,True
ORD-SYN-002040,CUS-SYN-007,2026-01-27T13:54:00-03:00,2026-02-02T13:54:00-03:00,2026-02-02T13:54:00-03:00,partially_fulfilled,B2B-V1-BASE,BLD-9102B6E8BF1ABFFC5F32,True
ORD-SYN-002041,CUS-SYN-102,2026-01-27T14:45:00-03:00,2026-02-02T14:45:00-03:00,2026-02-02T14:45:00-03:00,fulfilled,B2B-V1-BASE,BLD-9102B6E8BF1ABFFC5F32,True
ORD-SYN-002042,CUS-SYN-078,2026-01-27T15:42:00-03:00,2026-01-28T15:42:00-03:00,2026-01-29T15:42:00-03:00,fulfilled,B2B-V1-BASE,BLD-9102B6E8BF1ABFFC5F32,True
ORD-SYN-002043,CUS-SYN-029,2026-01-27T16:12:00-03:00,2026-01-28T16:12:00-03:00,2026-01-29T16:12:00-03:00,fulfilled,B2B-V1-BASE,BLD-9102B6E8BF1ABFFC5F32,True
ORD-SYN-002044,CUS-SYN-103,2026-01-27T17:07:00-03:00,2026-01-28T17:07:00-03:00,2026-01-30T17:07:00-03:00,fulfilled,B2B-V1-BASE,BLD-9102B6E8BF1ABFFC5F32,True
ORD-SYN-002045,CUS-SYN-127,2026-01-28T08:24:00-03:00,2026-01-30T08:24:00-03:00,2026-02-02T08:24:00-03:00,fulfilled,B2B-V1-BASE,BLD-9102B6E8BF1ABFFC5F32,True
ORD-SYN-002046,CUS-SYN-065,2026-01-28T08:28:00-03:00,,2026-02-01T08:28:00-03:00,fulfilled,B2B-V1-BASE,BLD-9102B6E8BF1ABFFC5F32,True
ORD-SYN-002047,CUS-SYN-088,2026-01-28T09:51:00-03:00,2026-01-29T09:51:00-03:00,2026-02-03T09:51:00-03:00,fulfilled,B2B-V1-BASE,BLD-9102B6E8BF1ABFFC5F32,True
ORD-SYN-002048,CUS-SYN-001,2026-01-28T10:31:00-03:00,,2026-02-02T10:31:00-03:00,fulfilled,B2B-V1-BASE,BLD-9102B6E8BF1ABFFC5F32,True
ORD-SYN-002049,CUS-SYN-049,2026-01-28T10:55:00-03:00,2026-01-30T10:55:00-03:00,2026-01-30T10:55:00-03:00,fulfilled,B2B-V1-BASE,BLD-9102B6E8BF1ABFFC5F32,True
ORD-SYN-002050,CUS-SYN-134,2026-01-28T11:33:00-03:00,2026-01-30T11:33:00-03:00,2026-02-02T11:33:00-03:00,fulfilled,B2B-V1-BASE,BLD-9102B6E8BF1ABFFC5F32,True
ORD-SYN-002051,CUS-SYN-018,2026-01-28T11:59:00-03:00,2026-01-29T11:59:00-03:00,2026-01-31T11:59:00-03:00,partially_fulfilled,B2B-V1-BASE,BLD-9102B6E8BF1ABFFC5F32,True
ORD-SYN-002052,CUS-SYN-117,2026-01-28T13:35:00-03:00,2026-01-31T13:35:00-03:00,2026-02-02T13:35:00-03:00,partially_fulfilled,B2B-V1-BASE,BLD-9102B6E8BF1ABFFC5F32,True
ORD-SYN-002053,CUS-SYN-051,2026-01-28T14:05:00-03:00,2026-01-30T14:05:00-03:00,2026-01-31T14:05:00-03:00,partially_fulfilled,B2B-V1-BASE,BLD-9102B6E8BF1ABFFC5F32,True
ORD-SYN-002054,CUS-SYN-077,2026-01-28T15:35:00-03:00,2026-01-29T15:35:00-03:00,2026-01-31T15:35:00-03:00,fulfilled,B2B-V1-BASE,BLD-9102B6E8BF1ABFFC5F32,True
ORD-SYN-002055,CUS-SYN-037,2026-01-28T16:05:00-03:00,2026-01-31T16:05:00-03:00,2026-02-03T16:05:00-03:00,fulfilled,B2B-V1-BASE,BLD-9102B6E8BF1ABFFC5F32,True
ORD-SYN-002056,CUS-SYN-133,2026-01-28T17:39:00-03:00,2026-01-30T17:39:00-03:00,2026-01-30T17:39:00-03:00,partially_fulfilled,B2B-V1-BASE,BLD-9102B6E8BF1ABFFC5F32,True
ORD-SYN-002057,CUS-SYN-077,2026-01-29T08:46:00-03:00,2026-01-31T08:46:00-03:00,2026-02-04T08:46:00-03:00,fulfilled,B2B-V1-BASE,BLD-9102B6E8BF1ABFFC5F32,True
ORD-SYN-002058,CUS-SYN-042,2026-01-29T09:22:00-03:00,2026-02-01T09:22:00-03:00,2026-02-04T09:22:00-03:00,fulfilled,B2B-V1-BASE,BLD-9102B6E8BF1ABFFC5F32,True
ORD-SYN-002059,CUS-SYN-038,2026-01-29T10:10:00-03:00,,2026-02-01T10:10:00-03:00,fulfilled,B2B-V1-BASE,BLD-9102B6E8BF1ABFFC5F32,True
ORD-SYN-002060,CUS-SYN-145,2026-01-29T11:17:00-03:00,2026-02-01T11:17:00-03:00,2026-02-01T11:17:00-03:00,fulfilled,B2B-V1-BASE,BLD-9102B6E8BF1ABFFC5F32,True
ORD-SYN-002061,CUS-SYN-114,2026-01-29T11:31:00-03:00,2026-01-31T11:31:00-03:00,2026-02-04T11:31:00-03:00,fulfilled,B2B-V1-BASE,BLD-9102B6E8BF1ABFFC5F32,True
ORD-SYN-002062,CUS-SYN-077,2026-01-29T13:48:00-03:00,2026-02-02T13:48:00-03:00,2026-02-02T13:48:00-03:00,fulfilled,B2B-V1-BASE,BLD-9102B6E8BF1ABFFC5F32,True
ORD-SYN-002063,CUS-SYN-125,2026-01-29T16:36:00-03:00,2026-02-04T16:36:00-03:00,2026-02-04T16:36:00-03:00,fulfilled,B2B-V1-BASE,BLD-9102B6E8BF1ABFFC5F32,True
ORD-SYN-002064,CUS-SYN-074,2026-01-29T17:28:00-03:00,2026-01-30T17:28:00-03:00,2026-02-01T17:28:00-03:00,fulfilled,B2B-V1-BASE,BLD-9102B6E8BF1ABFFC5F32,True
ORD-SYN-002065,CUS-SYN-041,2026-01-29T17:52:00-03:00,2026-02-02T17:52:00-03:00,2026-02-04T17:52:00-03:00,partially_fulfilled,B2B-V1-BASE,BLD-9102B6E8BF1ABFFC5F32,True
ORD-SYN-002066,CUS-SYN-035,2026-01-29T17:56:00-03:00,2026-01-30T17:56:00-03:00,2026-02-03T17:56:00-03:00,fulfilled,B2B-V1-BASE,BLD-9102B6E8BF1ABFFC5F32,True
ORD-SYN-002067,CUS-SYN-126,2026-01-30T09:22:00-03:00,2026-01-31T09:22:00-03:00,2026-02-03T09:22:00-03:00,partially_fulfilled,B2B-V1-BASE,BLD-9102B6E8BF1ABFFC5F32,True
ORD-SYN-002068,CUS-SYN-095,2026-01-30T10:43:00-03:00,2026-02-02T10:43:00-03:00,2026-02-03T10:43:00-03:00,fulfilled,B2B-V1-BASE,BLD-9102B6E8BF1ABFFC5F32,True
ORD-SYN-002069,CUS-SYN-140,2026-01-30T11:38:00-03:00,2026-02-01T11:38:00-03:00,2026-02-03T11:38:00-03:00,partially_fulfilled,B2B-V1-BASE,BLD-9102B6E8BF1ABFFC5F32,True
ORD-SYN-002070,CUS-SYN-010,2026-01-30T11:55:00-03:00,2026-02-02T11:55:00-03:00,2026-02-02T11:55:00-03:00,fulfilled,B2B-V1-BASE,BLD-9102B6E8BF1ABFFC5F32,True
ORD-SYN-002071,CUS-SYN-114,2026-01-30T12:17:00-03:00,2026-02-01T12:17:00-03:00,2026-02-02T12:17:00-03:00,fulfilled,B2B-V1-BASE,BLD-9102B6E8BF1ABFFC5F32,True
ORD-SYN-002072,CUS-SYN-009,2026-01-30T12:57:00-03:00,2026-02-01T12:57:00-03:00,2026-02-04T12:57:00-03:00,partially_fulfilled,B2B-V1-BASE,BLD-9102B6E8BF1ABFFC5F32,True
ORD-SYN-002073,CUS-SYN-117,2026-01-30T13:23:00-03:00,2026-02-03T13:23:00-03:00,2026-02-03T13:23:00-03:00,fulfilled,B2B-V1-BASE,BLD-9102B6E8BF1ABFFC5F32,True
ORD-SYN-002074,CUS-SYN-090,2026-01-30T15:03:00-03:00,,2026-02-03T15:03:00-03:00,partially_fulfilled,B2B-V1-BASE,BLD-9102B6E8BF1ABFFC5F32,True
ORD-SYN-002075,CUS-SYN-029,2026-01-30T16:11:00-03:00,2026-02-01T16:11:00-03:00,2026-02-01T16:11:00-03:00,fulfilled,B2B-V1-BASE,BLD-9102B6E8BF1ABFFC5F32,True
ORD-SYN-002076,CUS-SYN-062,2026-01-30T16:33:00-03:00,2026-02-02T16:33:00-03:00,2026-02-05T16:33:00-03:00,partially_fulfilled,B2B-V1-BASE,BLD-9102B6E8BF1ABFFC5F32,True
ORD-SYN-002077,CUS-SYN-069,2026-01-31T08:16:00-03:00,2026-02-01T08:16:00-03:00,2026-02-02T08:16:00-03:00,partially_fulfilled,B2B-V1-BASE,BLD-9102B6E8BF1ABFFC5F32,True
ORD-SYN-002078,CUS-SYN-005,2026-01-31T08:39:00-03:00,,2026-02-06T08:39:00-03:00,fulfilled,B2B-V1-BASE,BLD-9102B6E8BF1ABFFC5F32,True
ORD-SYN-002079,CUS-SYN-053,2026-01-31T08:43:00-03:00,2026-02-01T08:43:00-03:00,2026-02-02T08:43:00-03:00,fulfilled,B2B-V1-BASE,BLD-9102B6E8BF1ABFFC5F32,True
ORD-SYN-002080,CUS-SYN-037,2026-01-31T09:15:00-03:00,2026-02-02T09:15:00-03:00,2026-02-04T09:15:00-03:00,fulfilled,B2B-V1-BASE,BLD-9102B6E8BF1ABFFC5F32,True
ORD-SYN-002081,CUS-SYN-017,2026-01-31T09:45:00-03:00,,2026-02-02T09:45:00-03:00,fulfilled,B2B-V1-BASE,BLD-9102B6E8BF1ABFFC5F32,True
ORD-SYN-002082,CUS-SYN-009,2026-01-31T10:01:00-03:00,,2026-02-03T10:01:00-03:00,fulfilled,B2B-V1-BASE,BLD-9102B6E8BF1ABFFC5F32,True
ORD-SYN-002083,CUS-SYN-078,2026-01-31T12:04:00-03:00,,2026-02-06T12:04:00-03:00,partially_fulfilled,B2B-V1-BASE,BLD-9102B6E8BF1ABFFC5F32,True
ORD-SYN-002084,CUS-SYN-027,2026-01-31T12:05:00-03:00,2026-02-03T12:05:00-03:00,2026-02-04T12:05:00-03:00,fulfilled,B2B-V1-BASE,BLD-9102B6E8BF1ABFFC5F32,True
ORD-SYN-002085,CUS-SYN-014,2026-01-31T12:06:00-03:00,2026-02-02T12:06:00-03:00,2026-02-06T12:06:00-03:00,fulfilled,B2B-V1-BASE,BLD-9102B6E8BF1ABFFC5F32,True
ORD-SYN-002086,CUS-SYN-126,2026-01-31T13:32:00-03:00,2026-02-03T13:32:00-03:00,2026-02-03T13:32:00-03:00,fulfilled,B2B-V1-BASE,BLD-9102B6E8BF1ABFFC5F32,True
ORD-SYN-002087,CUS-SYN-072,2026-01-31T14:04:00-03:00,,2026-02-02T14:04:00-03:00,fulfilled,B2B-V1-BASE,BLD-9102B6E8BF1ABFFC5F32,True
ORD-SYN-002088,CUS-SYN-105,2026-01-31T17:32:00-03:00,2026-02-03T17:32:00-03:00,2026-02-05T17:32:00-03:00,fulfilled,B2B-V1-BASE,BLD-9102B6E8BF1ABFFC5F32,True
ORD-SYN-002089,CUS-SYN-070,2026-02-01T09:30:00-03:00,2026-02-03T09:30:00-03:00,2026-02-04T09:30:00-03:00,fulfilled,B2B-V1-BASE,BLD-9102B6E8BF1ABFFC5F32,True
ORD-SYN-002090,CUS-SYN-042,2026-02-01T09:47:00-03:00,2026-02-02T09:47:00-03:00,2026-02-05T09:47:00-03:00,fulfilled,B2B-V1-BASE,BLD-9102B6E8BF1ABFFC5F32,True
ORD-SYN-002091,CUS-SYN-058,2026-02-01T09:52:00-03:00,2026-02-03T09:52:00-03:00,2026-02-03T09:52:00-03:00,fulfilled,B2B-V1-BASE,BLD-9102B6E8BF1ABFFC5F32,True
ORD-SYN-002092,CUS-SYN-123,2026-02-01T09:58:00-03:00,2026-02-02T09:58:00-03:00,2026-02-04T09:58:00-03:00,fulfilled,B2B-V1-BASE,BLD-9102B6E8BF1ABFFC5F32,True
ORD-SYN-002093,CUS-SYN-009,2026-02-01T11:31:00-03:00,,2026-02-03T11:31:00-03:00,fulfilled,B2B-V1-BASE,BLD-9102B6E8BF1ABFFC5F32,True
ORD-SYN-002094,CUS-SYN-106,2026-02-01T13:28:00-03:00,2026-02-02T13:28:00-03:00,2026-02-03T13:28:00-03:00,fulfilled,B2B-V1-BASE,BLD-9102B6E8BF1ABFFC5F32,True
ORD-SYN-002095,CUS-SYN-136,2026-02-01T14:17:00-03:00,2026-02-04T14:17:00-03:00,2026-02-05T14:17:00-03:00,fulfilled,B2B-V1-BASE,BLD-9102B6E8BF1ABFFC5F32,True
ORD-SYN-002096,CUS-SYN-057,2026-02-01T14:38:00-03:00,2026-02-02T14:38:00-03:00,2026-02-04T14:38:00-03:00,fulfilled,B2B-V1-BASE,BLD-9102B6E8BF1ABFFC5F32,True
ORD-SYN-002097,CUS-SYN-005,2026-02-01T14:38:00-03:00,2026-02-06T14:38:00-03:00,2026-02-06T14:38:00-03:00,fulfilled,B2B-V1-BASE,BLD-9102B6E8BF1ABFFC5F32,True
ORD-SYN-002098,CUS-SYN-046,2026-02-01T16:12:00-03:00,2026-02-02T16:12:00-03:00,2026-02-06T16:12:00-03:00,fulfilled,B2B-V1-BASE,BLD-9102B6E8BF1ABFFC5F32,True
ORD-SYN-002099,CUS-SYN-126,2026-02-01T17:17:00-03:00,2026-02-02T17:17:00-03:00,2026-02-03T17:17:00-03:00,partially_fulfilled,B2B-V1-BASE,BLD-9102B6E8BF1ABFFC5F32,True
ORD-SYN-002100,CUS-SYN-110,2026-02-02T08:22:00-03:00,,2026-02-07T08:22:00-03:00,partially_fulfilled,B2B-V1-BASE,BLD-9102B6E8BF1ABFFC5F32,True
ORD-SYN-002101,CUS-SYN-067,2026-02-02T09:50:00-03:00,,2026-02-07T09:50:00-03:00,partially_fulfilled,B2B-V1-BASE,BLD-9102B6E8BF1ABFFC5F32,True
ORD-SYN-002102,CUS-SYN-046,2026-02-02T09:56:00-03:00,2026-02-04T09:56:00-03:00,2026-02-04T09:56:00-03:00,fulfilled,B2B-V1-BASE,BLD-9102B6E8BF1ABFFC5F32,True
ORD-SYN-002103,CUS-SYN-026,2026-02-02T11:13:00-03:00,2026-02-03T11:13:00-03:00,2026-02-04T11:13:00-03:00,fulfilled,B2B-V1-BASE,BLD-9102B6E8BF1ABFFC5F32,True
ORD-SYN-002104,CUS-SYN-069,2026-02-02T11:32:00-03:00,2026-02-08T11:32:00-03:00,2026-02-08T11:32:00-03:00,fulfilled,B2B-V1-BASE,BLD-9102B6E8BF1ABFFC5F32,True
ORD-SYN-002105,CUS-SYN-041,2026-02-02T12:44:00-03:00,2026-02-06T12:44:00-03:00,2026-02-08T12:44:00-03:00,fulfilled,B2B-V1-BASE,BLD-9102B6E8BF1ABFFC5F32,True
ORD-SYN-002106,CUS-SYN-064,2026-02-02T14:21:00-03:00,2026-02-03T14:21:00-03:00,2026-02-04T14:21:00-03:00,fulfilled,B2B-V1-BASE,BLD-9102B6E8BF1ABFFC5F32,True
ORD-SYN-002107,CUS-SYN-137,2026-02-02T14:26:00-03:00,2026-02-03T14:26:00-03:00,2026-02-06T14:26:00-03:00,fulfilled,B2B-V1-BASE,BLD-9102B6E8BF1ABFFC5F32,True
ORD-SYN-002108,CUS-SYN-032,2026-02-02T15:40:00-03:00,,2026-02-08T15:40:00-03:00,fulfilled,B2B-V1-BASE,BLD-9102B6E8BF1ABFFC5F32,True
ORD-SYN-002109,CUS-SYN-078,2026-02-02T16:35:00-03:00,2026-02-04T16:35:00-03:00,2026-02-06T16:35:00-03:00,partially_fulfilled,B2B-V1-BASE,BLD-9102B6E8BF1ABFFC5F32,True
ORD-SYN-002110,CUS-SYN-041,2026-02-03T08:46:00-03:00,2026-02-05T08:46:00-03:00,2026-02-05T08:46:00-03:00,fulfilled,B2B-V1-BASE,BLD-9102B6E8BF1ABFFC5F32,True
ORD-SYN-002111,CUS-SYN-098,2026-02-03T09:08:00-03:00,2026-02-05T09:08:00-03:00,2026-02-06T09:08:00-03:00,fulfilled,B2B-V1-BASE,BLD-9102B6E8BF1ABFFC5F32,True
ORD-SYN-002112,CUS-SYN-122,2026-02-03T09:15:00-03:00,,2026-02-07T09:15:00-03:00,fulfilled,B2B-V1-BASE,BLD-9102B6E8BF1ABFFC5F32,True
ORD-SYN-002113,CUS-SYN-114,2026-02-03T09:29:00-03:00,2026-02-04T09:29:00-03:00,2026-02-07T09:29:00-03:00,partially_fulfilled,B2B-V1-BASE,BLD-9102B6E8BF1ABFFC5F32,True
ORD-SYN-002114,CUS-SYN-105,2026-02-03T09:56:00-03:00,,2026-02-06T09:56:00-03:00,fulfilled,B2B-V1-BASE,BLD-9102B6E8BF1ABFFC5F32,True
ORD-SYN-002115,CUS-SYN-085,2026-02-03T10:19:00-03:00,2026-02-05T10:19:00-03:00,2026-02-08T10:19:00-03:00,fulfilled,B2B-V1-BASE,BLD-9102B6E8BF1ABFFC5F32,True
ORD-SYN-002116,CUS-SYN-013,2026-02-03T15:27:00-03:00,,2026-02-05T15:27:00-03:00,fulfilled,B2B-V1-BASE,BLD-9102B6E8BF1ABFFC5F32,True
ORD-SYN-002117,CUS-SYN-033,2026-02-04T08:30:00-03:00,,2026-02-08T08:30:00-03:00,partially_fulfilled,B2B-V1-BASE,BLD-9102B6E8BF1ABFFC5F32,True
ORD-SYN-002118,CUS-SYN-049,2026-02-04T08:37:00-03:00,2026-02-09T08:37:00-03:00,2026-02-09T08:37:00-03:00,fulfilled,B2B-V1-BASE,BLD-9102B6E8BF1ABFFC5F32,True
ORD-SYN-002119,CUS-SYN-113,2026-02-04T13:20:00-03:00,2026-02-06T13:20:00-03:00,2026-02-06T13:20:00-03:00,fulfilled,B2B-V1-BASE,BLD-9102B6E8BF1ABFFC5F32,True
ORD-SYN-002120,CUS-SYN-089,2026-02-04T13:55:00-03:00,2026-02-06T13:55:00-03:00,2026-02-06T13:55:00-03:00,fulfilled,B2B-V1-BASE,BLD-9102B6E8BF1ABFFC5F32,True
ORD-SYN-002121,CUS-SYN-018,2026-02-04T14:49:00-03:00,2026-02-05T14:49:00-03:00,2026-02-06T14:49:00-03:00,fulfilled,B2B-V1-BASE,BLD-9102B6E8BF1ABFFC5F32,True
ORD-SYN-002122,CUS-SYN-117,2026-02-04T15:41:00-03:00,2026-02-08T15:41:00-03:00,2026-02-08T15:41:00-03:00,fulfilled,B2B-V1-BASE,BLD-9102B6E8BF1ABFFC5F32,True
ORD-SYN-002123,CUS-SYN-041,2026-02-04T16:12:00-03:00,,2026-02-08T16:12:00-03:00,partially_fulfilled,B2B-V1-BASE,BLD-9102B6E8BF1ABFFC5F32,True
ORD-SYN-002124,CUS-SYN-132,2026-02-04T16:34:00-03:00,,2026-02-09T16:34:00-03:00,fulfilled,B2B-V1-BASE,BLD-9102B6E8BF1ABFFC5F32,True
ORD-SYN-002125,CUS-SYN-065,2026-02-05T08:34:00-03:00,2026-02-07T08:34:00-03:00,2026-02-11T08:34:00-03:00,fulfilled,B2B-V1-BASE,BLD-9102B6E8BF1ABFFC5F32,True
ORD-SYN-002126,CUS-SYN-084,2026-02-05T10:00:00-03:00,2026-02-07T10:00:00-03:00,2026-02-07T10:00:00-03:00,fulfilled,B2B-V1-BASE,BLD-9102B6E8BF1ABFFC5F32,True
ORD-SYN-002127,CUS-SYN-064,2026-02-05T12:35:00-03:00,2026-02-06T12:35:00-03:00,2026-02-07T12:35:00-03:00,fulfilled,B2B-V1-BASE,BLD-9102B6E8BF1ABFFC5F32,True
ORD-SYN-002128,CUS-SYN-033,2026-02-05T12:47:00-03:00,2026-02-06T12:47:00-03:00,2026-02-09T12:47:00-03:00,fulfilled,B2B-V1-BASE,BLD-9102B6E8BF1ABFFC5F32,True
ORD-SYN-002129,CUS-SYN-030,2026-02-05T13:30:00-03:00,2026-02-10T13:30:00-03:00,2026-02-10T13:30:00-03:00,fulfilled,B2B-V1-BASE,BLD-9102B6E8BF1ABFFC5F32,True
ORD-SYN-002130,CUS-SYN-099,2026-02-05T13:53:00-03:00,2026-02-06T13:53:00-03:00,2026-02-08T13:53:00-03:00,fulfilled,B2B-V1-BASE,BLD-9102B6E8BF1ABFFC5F32,True
ORD-SYN-002131,CUS-SYN-126,2026-02-05T15:33:00-03:00,2026-02-06T15:33:00-03:00,2026-02-10T15:33:00-03:00,fulfilled,B2B-V1-BASE,BLD-9102B6E8BF1ABFFC5F32,True
ORD-SYN-002132,CUS-SYN-074,2026-02-06T10:02:00-03:00,2026-02-10T10:02:00-03:00,2026-02-11T10:02:00-03:00,fulfilled,B2B-V1-BASE,BLD-9102B6E8BF1ABFFC5F32,True
ORD-SYN-002133,CUS-SYN-149,2026-02-06T11:12:00-03:00,2026-02-09T11:12:00-03:00,2026-02-09T11:12:00-03:00,fulfilled,B2B-V1-BASE,BLD-9102B6E8BF1ABFFC5F32,True
ORD-SYN-002134,CUS-SYN-091,2026-02-06T11:23:00-03:00,2026-02-09T11:23:00-03:00,2026-02-09T11:23:00-03:00,fulfilled,B2B-V1-BASE,BLD-9102B6E8BF1ABFFC5F32,True
ORD-SYN-002135,CUS-SYN-049,2026-02-06T11:31:00-03:00,2026-02-11T11:31:00-03:00,2026-02-12T11:31:00-03:00,fulfilled,B2B-V1-BASE,BLD-9102B6E8BF1ABFFC5F32,True
ORD-SYN-002136,CUS-SYN-041,2026-02-06T11:44:00-03:00,2026-02-09T11:44:00-03:00,2026-02-10T11:44:00-03:00,fulfilled,B2B-V1-BASE,BLD-9102B6E8BF1ABFFC5F32,True
ORD-SYN-002137,CUS-SYN-053,2026-02-06T13:17:00-03:00,2026-02-09T13:17:00-03:00,2026-02-09T13:17:00-03:00,fulfilled,B2B-V1-BASE,BLD-9102B6E8BF1ABFFC5F32,True
ORD-SYN-002138,CUS-SYN-056,2026-02-06T15:17:00-03:00,2026-02-07T15:17:00-03:00,2026-02-11T15:17:00-03:00,partially_fulfilled,B2B-V1-BASE,BLD-9102B6E8BF1ABFFC5F32,True
ORD-SYN-002139,CUS-SYN-026,2026-02-06T15:25:00-03:00,2026-02-08T15:25:00-03:00,2026-02-08T15:25:00-03:00,fulfilled,B2B-V1-BASE,BLD-9102B6E8BF1ABFFC5F32,True
ORD-SYN-002140,CUS-SYN-006,2026-02-06T15:53:00-03:00,2026-02-11T15:53:00-03:00,2026-02-12T15:53:00-03:00,fulfilled,B2B-V1-BASE,BLD-9102B6E8BF1ABFFC5F32,True
ORD-SYN-002141,CUS-SYN-093,2026-02-06T16:30:00-03:00,2026-02-07T16:30:00-03:00,2026-02-11T16:30:00-03:00,fulfilled,B2B-V1-BASE,BLD-9102B6E8BF1ABFFC5F32,True
ORD-SYN-002142,CUS-SYN-129,2026-02-06T16:32:00-03:00,2026-02-08T16:32:00-03:00,2026-02-09T16:32:00-03:00,fulfilled,B2B-V1-BASE,BLD-9102B6E8BF1ABFFC5F32,True
ORD-SYN-002143,CUS-SYN-121,2026-02-06T16:56:00-03:00,2026-02-11T16:56:00-03:00,2026-02-11T16:56:00-03:00,partially_fulfilled,B2B-V1-BASE,BLD-9102B6E8BF1ABFFC5F32,True
ORD-SYN-002144,CUS-SYN-053,2026-02-07T08:08:00-03:00,,2026-02-12T08:08:00-03:00,fulfilled,B2B-V1-BASE,BLD-9102B6E8BF1ABFFC5F32,True
ORD-SYN-002145,CUS-SYN-102,2026-02-07T08:11:00-03:00,,2026-02-13T08:11:00-03:00,fulfilled,B2B-V1-BASE,BLD-9102B6E8BF1ABFFC5F32,True
ORD-SYN-002146,CUS-SYN-118,2026-02-07T08:31:00-03:00,,2026-02-09T08:31:00-03:00,fulfilled,B2B-V1-BASE,BLD-9102B6E8BF1ABFFC5F32,True
ORD-SYN-002147,CUS-SYN-049,2026-02-07T09:47:00-03:00,2026-02-10T09:47:00-03:00,2026-02-11T09:47:00-03:00,fulfilled,B2B-V1-BASE,BLD-9102B6E8BF1ABFFC5F32,True
ORD-SYN-002148,CUS-SYN-110,2026-02-07T09:58:00-03:00,2026-02-09T09:58:00-03:00,2026-02-11T09:58:00-03:00,fulfilled,B2B-V1-BASE,BLD-9102B6E8BF1ABFFC5F32,True
ORD-SYN-002149,CUS-SYN-126,2026-02-07T11:17:00-03:00,2026-02-11T11:17:00-03:00,2026-02-12T11:17:00-03:00,fulfilled,B2B-V1-BASE,BLD-9102B6E8BF1ABFFC5F32,True
ORD-SYN-002150,CUS-SYN-032,2026-02-07T11:36:00-03:00,2026-02-09T11:36:00-03:00,2026-02-09T11:36:00-03:00,fulfilled,B2B-V1-BASE,BLD-9102B6E8BF1ABFFC5F32,True
ORD-SYN-002151,CUS-SYN-130,2026-02-07T11:42:00-03:00,2026-02-09T11:42:00-03:00,2026-02-09T11:42:00-03:00,fulfilled,B2B-V1-BASE,BLD-9102B6E8BF1ABFFC5F32,True
ORD-SYN-002152,CUS-SYN-006,2026-02-07T11:43:00-03:00,2026-02-12T11:43:00-03:00,2026-02-12T11:43:00-03:00,fulfilled,B2B-V1-BASE,BLD-9102B6E8BF1ABFFC5F32,True
ORD-SYN-002153,CUS-SYN-023,2026-02-07T13:23:00-03:00,2026-02-09T13:23:00-03:00,2026-02-11T13:23:00-03:00,partially_fulfilled,B2B-V1-BASE,BLD-9102B6E8BF1ABFFC5F32,True
ORD-SYN-002154,CUS-SYN-021,2026-02-07T13:34:00-03:00,2026-02-11T13:34:00-03:00,2026-02-11T13:34:00-03:00,fulfilled,B2B-V1-BASE,BLD-9102B6E8BF1ABFFC5F32,True
ORD-SYN-002155,CUS-SYN-069,2026-02-07T13:49:00-03:00,2026-02-08T13:49:00-03:00,2026-02-13T13:49:00-03:00,fulfilled,B2B-V1-BASE,BLD-9102B6E8BF1ABFFC5F32,True
ORD-SYN-002156,CUS-SYN-120,2026-02-07T13:55:00-03:00,,2026-02-12T13:55:00-03:00,fulfilled,B2B-V1-BASE,BLD-9102B6E8BF1ABFFC5F32,True
ORD-SYN-002157,CUS-SYN-051,2026-02-07T14:33:00-03:00,2026-02-09T14:33:00-03:00,2026-02-09T14:33:00-03:00,fulfilled,B2B-V1-BASE,BLD-9102B6E8BF1ABFFC5F32,True
ORD-SYN-002158,CUS-SYN-058,2026-02-07T14:57:00-03:00,2026-02-12T14:57:00-03:00,2026-02-12T14:57:00-03:00,fulfilled,B2B-V1-BASE,BLD-9102B6E8BF1ABFFC5F32,True
ORD-SYN-002159,CUS-SYN-049,2026-02-07T15:21:00-03:00,2026-02-11T15:21:00-03:00,2026-02-12T15:21:00-03:00,partially_fulfilled,B2B-V1-BASE,BLD-9102B6E8BF1ABFFC5F32,True
ORD-SYN-002160,CUS-SYN-058,2026-02-07T16:03:00-03:00,,2026-02-10T16:03:00-03:00,fulfilled,B2B-V1-BASE,BLD-9102B6E8BF1ABFFC5F32,True
ORD-SYN-002161,CUS-SYN-077,2026-02-07T16:42:00-03:00,,2026-02-12T16:42:00-03:00,partially_fulfilled,B2B-V1-BASE,BLD-9102B6E8BF1ABFFC5F32,True
ORD-SYN-002162,CUS-SYN-031,2026-02-08T08:45:00-03:00,2026-02-09T08:45:00-03:00,2026-02-11T08:45:00-03:00,fulfilled,B2B-V1-BASE,BLD-9102B6E8BF1ABFFC5F32,True
ORD-SYN-002163,CUS-SYN-037,2026-02-08T09:13:00-03:00,2026-02-13T09:13:00-03:00,2026-02-13T09:13:00-03:00,partially_fulfilled,B2B-V1-BASE,BLD-9102B6E8BF1ABFFC5F32,True
ORD-SYN-002164,CUS-SYN-006,2026-02-08T09:44:00-03:00,2026-02-10T09:44:00-03:00,2026-02-13T09:44:00-03:00,fulfilled,B2B-V1-BASE,BLD-9102B6E8BF1ABFFC5F32,True
ORD-SYN-002165,CUS-SYN-073,2026-02-08T09:53:00-03:00,,2026-02-10T09:53:00-03:00,fulfilled,B2B-V1-BASE,BLD-9102B6E8BF1ABFFC5F32,True
ORD-SYN-002166,CUS-SYN-050,2026-02-08T10:23:00-03:00,2026-02-09T10:23:00-03:00,2026-02-11T10:23:00-03:00,fulfilled,B2B-V1-BASE,BLD-9102B6E8BF1ABFFC5F32,True
ORD-SYN-002167,CUS-SYN-145,2026-02-08T11:04:00-03:00,2026-02-09T11:04:00-03:00,2026-02-10T11:04:00-03:00,fulfilled,B2B-V1-BASE,BLD-9102B6E8BF1ABFFC5F32,True
ORD-SYN-002168,CUS-SYN-070,2026-02-08T11:05:00-03:00,,2026-02-12T11:05:00-03:00,fulfilled,B2B-V1-BASE,BLD-9102B6E8BF1ABFFC5F32,True
ORD-SYN-002169,CUS-SYN-018,2026-02-08T11:16:00-03:00,2026-02-11T11:16:00-03:00,2026-02-13T11:16:00-03:00,fulfilled,B2B-V1-BASE,BLD-9102B6E8BF1ABFFC5F32,True
ORD-SYN-002170,CUS-SYN-032,2026-02-08T11:32:00-03:00,2026-02-09T11:32:00-03:00,2026-02-12T11:32:00-03:00,fulfilled,B2B-V1-BASE,BLD-9102B6E8BF1ABFFC5F32,True
ORD-SYN-002171,CUS-SYN-125,2026-02-08T11:36:00-03:00,2026-02-13T11:36:00-03:00,2026-02-14T11:36:00-03:00,fulfilled,B2B-V1-BASE,BLD-9102B6E8BF1ABFFC5F32,True
ORD-SYN-002172,CUS-SYN-007,2026-02-08T11:46:00-03:00,,2026-02-14T11:46:00-03:00,fulfilled,B2B-V1-BASE,BLD-9102B6E8BF1ABFFC5F32,True
ORD-SYN-002173,CUS-SYN-026,2026-02-08T13:19:00-03:00,2026-02-10T13:19:00-03:00,2026-02-10T13:19:00-03:00,fulfilled,B2B-V1-BASE,BLD-9102B6E8BF1ABFFC5F32,True
ORD-SYN-002174,CUS-SYN-146,2026-02-08T14:11:00-03:00,2026-02-13T14:11:00-03:00,2026-02-13T14:11:00-03:00,partially_fulfilled,B2B-V1-BASE,BLD-9102B6E8BF1ABFFC5F32,True
ORD-SYN-002175,CUS-SYN-033,2026-02-08T14:36:00-03:00,2026-02-09T14:36:00-03:00,2026-02-10T14:36:00-03:00,fulfilled,B2B-V1-BASE,BLD-9102B6E8BF1ABFFC5F32,True
ORD-SYN-002176,CUS-SYN-019,2026-02-08T15:43:00-03:00,2026-02-09T15:43:00-03:00,2026-02-14T15:43:00-03:00,fulfilled,B2B-V1-BASE,BLD-9102B6E8BF1ABFFC5F32,True
ORD-SYN-002177,CUS-SYN-017,2026-02-08T16:21:00-03:00,2026-02-14T16:21:00-03:00,2026-02-14T16:21:00-03:00,fulfilled,B2B-V1-BASE,BLD-9102B6E8BF1ABFFC5F32,True
ORD-SYN-002178,CUS-SYN-122,2026-02-08T16:51:00-03:00,2026-02-11T16:51:00-03:00,2026-02-12T16:51:00-03:00,partially_fulfilled,B2B-V1-BASE,BLD-9102B6E8BF1ABFFC5F32,True
ORD-SYN-002179,CUS-SYN-086,2026-02-08T17:58:00-03:00,2026-02-09T17:58:00-03:00,2026-02-10T17:58:00-03:00,fulfilled,B2B-V1-BASE,BLD-9102B6E8BF1ABFFC5F32,True
ORD-SYN-002180,CUS-SYN-125,2026-02-09T09:32:00-03:00,,2026-02-15T09:32:00-03:00,fulfilled,B2B-V1-BASE,BLD-9102B6E8BF1ABFFC5F32,True
ORD-SYN-002181,CUS-SYN-145,2026-02-09T09:39:00-03:00,2026-02-10T09:39:00-03:00,2026-02-12T09:39:00-03:00,fulfilled,B2B-V1-BASE,BLD-9102B6E8BF1ABFFC5F32,True
ORD-SYN-002182,CUS-SYN-069,2026-02-09T09:47:00-03:00,,2026-02-11T09:47:00-03:00,fulfilled,B2B-V1-BASE,BLD-9102B6E8BF1ABFFC5F32,True
ORD-SYN-002183,CUS-SYN-130,2026-02-09T11:11:00-03:00,,2026-02-11T11:11:00-03:00,fulfilled,B2B-V1-BASE,BLD-9102B6E8BF1ABFFC5F32,True
ORD-SYN-002184,CUS-SYN-066,2026-02-09T11:24:00-03:00,,2026-02-15T11:24:00-03:00,fulfilled,B2B-V1-BASE,BLD-9102B6E8BF1ABFFC5F32,True
ORD-SYN-002185,CUS-SYN-083,2026-02-09T11:38:00-03:00,2026-02-13T11:38:00-03:00,2026-02-14T11:38:00-03:00,partially_fulfilled,B2B-V1-BASE,BLD-9102B6E8BF1ABFFC5F32,True
ORD-SYN-002186,CUS-SYN-005,2026-02-09T12:30:00-03:00,,2026-02-14T12:30:00-03:00,fulfilled,B2B-V1-BASE,BLD-9102B6E8BF1ABFFC5F32,True
ORD-SYN-002187,CUS-SYN-046,2026-02-09T13:00:00-03:00,2026-02-10T13:00:00-03:00,2026-02-12T13:00:00-03:00,fulfilled,B2B-V1-BASE,BLD-9102B6E8BF1ABFFC5F32,True
ORD-SYN-002188,CUS-SYN-005,2026-02-09T14:37:00-03:00,,2026-02-15T14:37:00-03:00,fulfilled,B2B-V1-BASE,BLD-9102B6E8BF1ABFFC5F32,True
ORD-SYN-002189,CUS-SYN-121,2026-02-09T15:01:00-03:00,2026-02-12T15:01:00-03:00,2026-02-15T15:01:00-03:00,fulfilled,B2B-V1-BASE,BLD-9102B6E8BF1ABFFC5F32,True
ORD-SYN-002190,CUS-SYN-146,2026-02-09T15:45:00-03:00,2026-02-11T15:45:00-03:00,2026-02-11T15:45:00-03:00,fulfilled,B2B-V1-BASE,BLD-9102B6E8BF1ABFFC5F32,True
ORD-SYN-002191,CUS-SYN-086,2026-02-09T16:33:00-03:00,2026-02-12T16:33:00-03:00,2026-02-12T16:33:00-03:00,fulfilled,B2B-V1-BASE,BLD-9102B6E8BF1ABFFC5F32,True
ORD-SYN-002192,CUS-SYN-002,2026-02-09T16:58:00-03:00,2026-02-10T16:58:00-03:00,2026-02-12T16:58:00-03:00,fulfilled,B2B-V1-BASE,BLD-9102B6E8BF1ABFFC5F32,True
ORD-SYN-002193,CUS-SYN-073,2026-02-09T17:16:00-03:00,2026-02-12T17:16:00-03:00,2026-02-15T17:16:00-03:00,fulfilled,B2B-V1-BASE,BLD-9102B6E8BF1ABFFC5F32,True
ORD-SYN-002194,CUS-SYN-053,2026-02-09T17:32:00-03:00,,2026-02-13T17:32:00-03:00,fulfilled,B2B-V1-BASE,BLD-9102B6E8BF1ABFFC5F32,True
ORD-SYN-002195,CUS-SYN-135,2026-02-09T17:33:00-03:00,,2026-02-15T17:33:00-03:00,fulfilled,B2B-V1-BASE,BLD-9102B6E8BF1ABFFC5F32,True
ORD-SYN-002196,CUS-SYN-078,2026-02-10T08:23:00-03:00,2026-02-13T08:23:00-03:00,2026-02-16T08:23:00-03:00,fulfilled,B2B-V1-BASE,BLD-9102B6E8BF1ABFFC5F32,True
ORD-SYN-002197,CUS-SYN-071,2026-02-10T08:57:00-03:00,2026-02-11T08:57:00-03:00,2026-02-14T08:57:00-03:00,partially_fulfilled,B2B-V1-BASE,BLD-9102B6E8BF1ABFFC5F32,True
ORD-SYN-002198,CUS-SYN-009,2026-02-10T08:58:00-03:00,2026-02-12T08:58:00-03:00,2026-02-15T08:58:00-03:00,partially_fulfilled,B2B-V1-BASE,BLD-9102B6E8BF1ABFFC5F32,True
ORD-SYN-002199,CUS-SYN-121,2026-02-10T10:07:00-03:00,2026-02-11T10:07:00-03:00,2026-02-13T10:07:00-03:00,fulfilled,B2B-V1-BASE,BLD-9102B6E8BF1ABFFC5F32,True
ORD-SYN-002200,CUS-SYN-043,2026-02-10T11:49:00-03:00,2026-02-13T11:49:00-03:00,2026-02-14T11:49:00-03:00,fulfilled,B2B-V1-BASE,BLD-9102B6E8BF1ABFFC5F32,True
ORD-SYN-002201,CUS-SYN-117,2026-02-10T12:36:00-03:00,,2026-02-12T12:36:00-03:00,fulfilled,B2B-V1-BASE,BLD-9102B6E8BF1ABFFC5F32,True
ORD-SYN-002202,CUS-SYN-060,2026-02-10T12:49:00-03:00,2026-02-13T12:49:00-03:00,2026-02-13T12:49:00-03:00,fulfilled,B2B-V1-BASE,BLD-9102B6E8BF1ABFFC5F32,True
ORD-SYN-002203,CUS-SYN-133,2026-02-10T14:10:00-03:00,2026-02-11T14:10:00-03:00,2026-02-13T14:10:00-03:00,fulfilled,B2B-V1-BASE,BLD-9102B6E8BF1ABFFC5F32,True
ORD-SYN-002204,CUS-SYN-077,2026-02-10T14:58:00-03:00,2026-02-13T14:58:00-03:00,2026-02-16T14:58:00-03:00,fulfilled,B2B-V1-BASE,BLD-9102B6E8BF1ABFFC5F32,True
ORD-SYN-002205,CUS-SYN-040,2026-02-10T14:59:00-03:00,,2026-02-14T14:59:00-03:00,fulfilled,B2B-V1-BASE,BLD-9102B6E8BF1ABFFC5F32,True
ORD-SYN-002206,CUS-SYN-118,2026-02-10T15:03:00-03:00,2026-02-11T15:03:00-03:00,2026-02-14T15:03:00-03:00,fulfilled,B2B-V1-BASE,BLD-9102B6E8BF1ABFFC5F32,True
ORD-SYN-002207,CUS-SYN-001,2026-02-10T15:16:00-03:00,2026-02-14T15:16:00-03:00,2026-02-16T15:16:00-03:00,fulfilled,B2B-V1-BASE,BLD-9102B6E8BF1ABFFC5F32,True
ORD-SYN-002208,CUS-SYN-019,2026-02-10T16:20:00-03:00,2026-02-14T16:20:00-03:00,2026-02-14T16:20:00-03:00,fulfilled,B2B-V1-BASE,BLD-9102B6E8BF1ABFFC5F32,True
ORD-SYN-002209,CUS-SYN-117,2026-02-10T16:30:00-03:00,2026-02-13T16:30:00-03:00,2026-02-15T16:30:00-03:00,fulfilled,B2B-V1-BASE,BLD-9102B6E8BF1ABFFC5F32,True
ORD-SYN-002210,CUS-SYN-013,2026-02-10T16:38:00-03:00,,2026-02-12T16:38:00-03:00,fulfilled,B2B-V1-BASE,BLD-9102B6E8BF1ABFFC5F32,True
ORD-SYN-002211,CUS-SYN-043,2026-02-10T16:51:00-03:00,2026-02-13T16:51:00-03:00,2026-02-15T16:51:00-03:00,fulfilled,B2B-V1-BASE,BLD-9102B6E8BF1ABFFC5F32,True
ORD-SYN-002212,CUS-SYN-070,2026-02-10T17:29:00-03:00,2026-02-11T17:29:00-03:00,2026-02-13T17:29:00-03:00,fulfilled,B2B-V1-BASE,BLD-9102B6E8BF1ABFFC5F32,True
ORD-SYN-002213,CUS-SYN-003,2026-02-11T09:06:00-03:00,,2026-02-15T09:06:00-03:00,fulfilled,B2B-V1-BASE,BLD-9102B6E8BF1ABFFC5F32,True
ORD-SYN-002214,CUS-SYN-041,2026-02-11T09:31:00-03:00,2026-02-14T09:31:00-03:00,2026-02-15T09:31:00-03:00,fulfilled,B2B-V1-BASE,BLD-9102B6E8BF1ABFFC5F32,True
ORD-SYN-002215,CUS-SYN-093,2026-02-11T10:03:00-03:00,2026-02-12T10:03:00-03:00,2026-02-16T10:03:00-03:00,fulfilled,B2B-V1-BASE,BLD-9102B6E8BF1ABFFC5F32,True
ORD-SYN-002216,CUS-SYN-089,2026-02-11T10:19:00-03:00,2026-02-13T10:19:00-03:00,2026-02-15T10:19:00-03:00,fulfilled,B2B-V1-BASE,BLD-9102B6E8BF1ABFFC5F32,True
ORD-SYN-002217,CUS-SYN-010,2026-02-11T10:37:00-03:00,2026-02-13T10:37:00-03:00,2026-02-16T10:37:00-03:00,fulfilled,B2B-V1-BASE,BLD-9102B6E8BF1ABFFC5F32,True
ORD-SYN-002218,CUS-SYN-013,2026-02-11T11:36:00-03:00,2026-02-12T11:36:00-03:00,2026-02-13T11:36:00-03:00,partially_fulfilled,B2B-V1-BASE,BLD-9102B6E8BF1ABFFC5F32,True
ORD-SYN-002219,CUS-SYN-090,2026-02-11T12:41:00-03:00,,2026-02-13T12:41:00-03:00,fulfilled,B2B-V1-BASE,BLD-9102B6E8BF1ABFFC5F32,True
ORD-SYN-002220,CUS-SYN-097,2026-02-11T14:17:00-03:00,2026-02-12T14:17:00-03:00,2026-02-16T14:17:00-03:00,fulfilled,B2B-V1-BASE,BLD-9102B6E8BF1ABFFC5F32,True
ORD-SYN-002221,CUS-SYN-077,2026-02-11T17:04:00-03:00,2026-02-13T17:04:00-03:00,2026-02-14T17:04:00-03:00,fulfilled,B2B-V1-BASE,BLD-9102B6E8BF1ABFFC5F32,True
ORD-SYN-002222,CUS-SYN-005,2026-02-12T08:35:00-03:00,2026-02-14T08:35:00-03:00,2026-02-17T08:35:00-03:00,fulfilled,B2B-V1-BASE,BLD-9102B6E8BF1ABFFC5F32,True
ORD-SYN-002223,CUS-SYN-142,2026-02-12T09:05:00-03:00,2026-02-15T09:05:00-03:00,2026-02-17T09:05:00-03:00,fulfilled,B2B-V1-BASE,BLD-9102B6E8BF1ABFFC5F32,True
ORD-SYN-002224,CUS-SYN-040,2026-02-12T10:28:00-03:00,2026-02-14T10:28:00-03:00,2026-02-15T10:28:00-03:00,partially_fulfilled,B2B-V1-BASE,BLD-9102B6E8BF1ABFFC5F32,True
ORD-SYN-002225,CUS-SYN-002,2026-02-12T11:04:00-03:00,2026-02-14T11:04:00-03:00,2026-02-16T11:04:00-03:00,fulfilled,B2B-V1-BASE,BLD-9102B6E8BF1ABFFC5F32,True
ORD-SYN-002226,CUS-SYN-087,2026-02-12T13:32:00-03:00,2026-02-16T13:32:00-03:00,2026-02-16T13:32:00-03:00,fulfilled,B2B-V1-BASE,BLD-9102B6E8BF1ABFFC5F32,True
ORD-SYN-002227,CUS-SYN-033,2026-02-12T13:56:00-03:00,2026-02-16T13:56:00-03:00,2026-02-16T13:56:00-03:00,fulfilled,B2B-V1-BASE,BLD-9102B6E8BF1ABFFC5F32,True
ORD-SYN-002228,CUS-SYN-022,2026-02-12T14:11:00-03:00,2026-02-18T14:11:00-03:00,2026-02-18T14:11:00-03:00,partially_fulfilled,B2B-V1-BASE,BLD-9102B6E8BF1ABFFC5F32,True
ORD-SYN-002229,CUS-SYN-114,2026-02-12T15:27:00-03:00,2026-02-14T15:27:00-03:00,2026-02-14T15:27:00-03:00,fulfilled,B2B-V1-BASE,BLD-9102B6E8BF1ABFFC5F32,True
ORD-SYN-002230,CUS-SYN-087,2026-02-12T16:24:00-03:00,2026-02-14T16:24:00-03:00,2026-02-14T16:24:00-03:00,fulfilled,B2B-V1-BASE,BLD-9102B6E8BF1ABFFC5F32,True
ORD-SYN-002231,CUS-SYN-002,2026-02-12T16:56:00-03:00,2026-02-14T16:56:00-03:00,2026-02-16T16:56:00-03:00,fulfilled,B2B-V1-BASE,BLD-9102B6E8BF1ABFFC5F32,True
ORD-SYN-002232,CUS-SYN-148,2026-02-13T08:38:00-03:00,2026-02-15T08:38:00-03:00,2026-02-18T08:38:00-03:00,fulfilled,B2B-V1-BASE,BLD-9102B6E8BF1ABFFC5F32,True
ORD-SYN-002233,CUS-SYN-061,2026-02-13T11:52:00-03:00,2026-02-16T11:52:00-03:00,2026-02-19T11:52:00-03:00,fulfilled,B2B-V1-BASE,BLD-9102B6E8BF1ABFFC5F32,True
ORD-SYN-002234,CUS-SYN-026,2026-02-13T11:55:00-03:00,2026-02-14T11:55:00-03:00,2026-02-16T11:55:00-03:00,partially_fulfilled,B2B-V1-BASE,BLD-9102B6E8BF1ABFFC5F32,True
ORD-SYN-002235,CUS-SYN-094,2026-02-13T12:15:00-03:00,,2026-02-17T12:15:00-03:00,fulfilled,B2B-V1-BASE,BLD-9102B6E8BF1ABFFC5F32,True
ORD-SYN-002236,CUS-SYN-004,2026-02-13T12:19:00-03:00,2026-02-16T12:19:00-03:00,2026-02-19T12:19:00-03:00,partially_fulfilled,B2B-V1-BASE,BLD-9102B6E8BF1ABFFC5F32,True
ORD-SYN-002237,CUS-SYN-033,2026-02-13T13:25:00-03:00,,2026-02-17T13:25:00-03:00,fulfilled,B2B-V1-BASE,BLD-9102B6E8BF1ABFFC5F32,True
ORD-SYN-002238,CUS-SYN-093,2026-02-13T14:19:00-03:00,2026-02-14T14:19:00-03:00,2026-02-15T14:19:00-03:00,partially_fulfilled,B2B-V1-BASE,BLD-9102B6E8BF1ABFFC5F32,True
ORD-SYN-002239,CUS-SYN-006,2026-02-13T16:45:00-03:00,2026-02-17T16:45:00-03:00,2026-02-19T16:45:00-03:00,fulfilled,B2B-V1-BASE,BLD-9102B6E8BF1ABFFC5F32,True
ORD-SYN-002240,CUS-SYN-142,2026-02-13T17:38:00-03:00,2026-02-15T17:38:00-03:00,2026-02-15T17:38:00-03:00,fulfilled,B2B-V1-BASE,BLD-9102B6E8BF1ABFFC5F32,True
ORD-SYN-002241,CUS-SYN-032,2026-02-13T17:42:00-03:00,2026-02-15T17:42:00-03:00,2026-02-15T17:42:00-03:00,fulfilled,B2B-V1-BASE,BLD-9102B6E8BF1ABFFC5F32,True
ORD-SYN-002242,CUS-SYN-124,2026-02-13T17:50:00-03:00,2026-02-16T17:50:00-03:00,2026-02-16T17:50:00-03:00,fulfilled,B2B-V1-BASE,BLD-9102B6E8BF1ABFFC5F32,True
ORD-SYN-002243,CUS-SYN-095,2026-02-14T10:32:00-03:00,2026-02-17T10:32:00-03:00,2026-02-19T10:32:00-03:00,fulfilled,B2B-V1-BASE,BLD-9102B6E8BF1ABFFC5F32,True
ORD-SYN-002244,CUS-SYN-135,2026-02-14T10:36:00-03:00,2026-02-16T10:36:00-03:00,2026-02-18T10:36:00-03:00,fulfilled,B2B-V1-BASE,BLD-9102B6E8BF1ABFFC5F32,True
ORD-SYN-002245,CUS-SYN-122,2026-02-14T10:48:00-03:00,2026-02-19T10:48:00-03:00,2026-02-20T10:48:00-03:00,fulfilled,B2B-V1-BASE,BLD-9102B6E8BF1ABFFC5F32,True
ORD-SYN-002246,CUS-SYN-096,2026-02-14T13:34:00-03:00,,2026-02-18T13:34:00-03:00,partially_fulfilled,B2B-V1-BASE,BLD-9102B6E8BF1ABFFC5F32,True
ORD-SYN-002247,CUS-SYN-013,2026-02-14T13:39:00-03:00,,2026-02-19T13:39:00-03:00,fulfilled,B2B-V1-BASE,BLD-9102B6E8BF1ABFFC5F32,True
ORD-SYN-002248,CUS-SYN-063,2026-02-14T17:57:00-03:00,2026-02-15T17:57:00-03:00,2026-02-17T17:57:00-03:00,fulfilled,B2B-V1-BASE,BLD-9102B6E8BF1ABFFC5F32,True
ORD-SYN-002249,CUS-SYN-104,2026-02-15T08:55:00-03:00,2026-02-17T08:55:00-03:00,2026-02-18T08:55:00-03:00,fulfilled,B2B-V1-BASE,BLD-9102B6E8BF1ABFFC5F32,True
ORD-SYN-002250,CUS-SYN-006,2026-02-15T09:00:00-03:00,,2026-02-19T09:00:00-03:00,fulfilled,B2B-V1-BASE,BLD-9102B6E8BF1ABFFC5F32,True
ORD-SYN-002251,CUS-SYN-136,2026-02-15T09:36:00-03:00,2026-02-16T09:36:00-03:00,2026-02-18T09:36:00-03:00,fulfilled,B2B-V1-BASE,BLD-9102B6E8BF1ABFFC5F32,True
ORD-SYN-002252,CUS-SYN-094,2026-02-15T11:31:00-03:00,2026-02-18T11:31:00-03:00,2026-02-21T11:31:00-03:00,partially_fulfilled,B2B-V1-BASE,BLD-9102B6E8BF1ABFFC5F32,True
ORD-SYN-002253,CUS-SYN-101,2026-02-15T11:35:00-03:00,2026-02-19T11:35:00-03:00,2026-02-19T11:35:00-03:00,fulfilled,B2B-V1-BASE,BLD-9102B6E8BF1ABFFC5F32,True
ORD-SYN-002254,CUS-SYN-021,2026-02-15T12:06:00-03:00,2026-02-17T12:06:00-03:00,2026-02-17T12:06:00-03:00,partially_fulfilled,B2B-V1-BASE,BLD-9102B6E8BF1ABFFC5F32,True
ORD-SYN-002255,CUS-SYN-086,2026-02-15T12:24:00-03:00,,2026-02-19T12:24:00-03:00,partially_fulfilled,B2B-V1-BASE,BLD-9102B6E8BF1ABFFC5F32,True
ORD-SYN-002256,CUS-SYN-130,2026-02-15T12:30:00-03:00,2026-02-18T12:30:00-03:00,2026-02-20T12:30:00-03:00,fulfilled,B2B-V1-BASE,BLD-9102B6E8BF1ABFFC5F32,True
ORD-SYN-002257,CUS-SYN-001,2026-02-15T13:38:00-03:00,2026-02-19T13:38:00-03:00,2026-02-19T13:38:00-03:00,fulfilled,B2B-V1-BASE,BLD-9102B6E8BF1ABFFC5F32,True
ORD-SYN-002258,CUS-SYN-077,2026-02-15T14:00:00-03:00,,2026-02-20T14:00:00-03:00,fulfilled,B2B-V1-BASE,BLD-9102B6E8BF1ABFFC5F32,True
ORD-SYN-002259,CUS-SYN-122,2026-02-15T14:10:00-03:00,2026-02-18T14:10:00-03:00,2026-02-19T14:10:00-03:00,partially_fulfilled,B2B-V1-BASE,BLD-9102B6E8BF1ABFFC5F32,True
ORD-SYN-002260,CUS-SYN-105,2026-02-15T14:40:00-03:00,,2026-02-19T14:40:00-03:00,fulfilled,B2B-V1-BASE,BLD-9102B6E8BF1ABFFC5F32,True
ORD-SYN-002261,CUS-SYN-090,2026-02-15T15:30:00-03:00,2026-02-17T15:30:00-03:00,2026-02-19T15:30:00-03:00,fulfilled,B2B-V1-BASE,BLD-9102B6E8BF1ABFFC5F32,True
ORD-SYN-002262,CUS-SYN-073,2026-02-15T16:02:00-03:00,2026-02-21T16:02:00-03:00,2026-02-21T16:02:00-03:00,fulfilled,B2B-V1-BASE,BLD-9102B6E8BF1ABFFC5F32,True
ORD-SYN-002263,CUS-SYN-075,2026-02-15T17:02:00-03:00,2026-02-16T17:02:00-03:00,2026-02-20T17:02:00-03:00,fulfilled,B2B-V1-BASE,BLD-9102B6E8BF1ABFFC5F32,True
ORD-SYN-002264,CUS-SYN-133,2026-02-15T17:47:00-03:00,2026-02-18T17:47:00-03:00,2026-02-20T17:47:00-03:00,partially_fulfilled,B2B-V1-BASE,BLD-9102B6E8BF1ABFFC5F32,True
ORD-SYN-002265,CUS-SYN-011,2026-02-15T17:51:00-03:00,2026-02-16T17:51:00-03:00,2026-02-17T17:51:00-03:00,fulfilled,B2B-V1-BASE,BLD-9102B6E8BF1ABFFC5F32,True
ORD-SYN-002266,CUS-SYN-146,2026-02-15T17:54:00-03:00,2026-02-16T17:54:00-03:00,2026-02-18T17:54:00-03:00,partially_fulfilled,B2B-V1-BASE,BLD-9102B6E8BF1ABFFC5F32,True
ORD-SYN-002267,CUS-SYN-074,2026-02-16T10:20:00-03:00,2026-02-20T10:20:00-03:00,2026-02-22T10:20:00-03:00,fulfilled,B2B-V1-BASE,BLD-9102B6E8BF1ABFFC5F32,True
ORD-SYN-002268,CUS-SYN-078,2026-02-16T12:59:00-03:00,2026-02-18T12:59:00-03:00,2026-02-20T12:59:00-03:00,fulfilled,B2B-V1-BASE,BLD-9102B6E8BF1ABFFC5F32,True
ORD-SYN-002269,CUS-SYN-025,2026-02-16T14:36:00-03:00,2026-02-18T14:36:00-03:00,2026-02-19T14:36:00-03:00,partially_fulfilled,B2B-V1-BASE,BLD-9102B6E8BF1ABFFC5F32,True
ORD-SYN-002270,CUS-SYN-010,2026-02-16T14:48:00-03:00,2026-02-17T14:48:00-03:00,2026-02-18T14:48:00-03:00,fulfilled,B2B-V1-BASE,BLD-9102B6E8BF1ABFFC5F32,True
ORD-SYN-002271,CUS-SYN-077,2026-02-16T15:34:00-03:00,2026-02-17T15:34:00-03:00,2026-02-19T15:34:00-03:00,partially_fulfilled,B2B-V1-BASE,BLD-9102B6E8BF1ABFFC5F32,True
ORD-SYN-002272,CUS-SYN-063,2026-02-16T16:43:00-03:00,2026-02-20T16:43:00-03:00,2026-02-20T16:43:00-03:00,partially_fulfilled,B2B-V1-BASE,BLD-9102B6E8BF1ABFFC5F32,True
ORD-SYN-002273,CUS-SYN-045,2026-02-16T17:19:00-03:00,2026-02-21T17:19:00-03:00,2026-02-22T17:19:00-03:00,partially_fulfilled,B2B-V1-BASE,BLD-9102B6E8BF1ABFFC5F32,True
ORD-SYN-002274,CUS-SYN-090,2026-02-17T09:04:00-03:00,2026-02-18T09:04:00-03:00,2026-02-20T09:04:00-03:00,fulfilled,B2B-V1-BASE,BLD-9102B6E8BF1ABFFC5F32,True
ORD-SYN-002275,CUS-SYN-117,2026-02-17T11:18:00-03:00,,2026-02-22T11:18:00-03:00,fulfilled,B2B-V1-BASE,BLD-9102B6E8BF1ABFFC5F32,True
ORD-SYN-002276,CUS-SYN-019,2026-02-17T13:19:00-03:00,,2026-02-20T13:19:00-03:00,fulfilled,B2B-V1-BASE,BLD-9102B6E8BF1ABFFC5F32,True
ORD-SYN-002277,CUS-SYN-073,2026-02-17T15:24:00-03:00,2026-02-20T15:24:00-03:00,2026-02-22T15:24:00-03:00,fulfilled,B2B-V1-BASE,BLD-9102B6E8BF1ABFFC5F32,True
ORD-SYN-002278,CUS-SYN-017,2026-02-17T16:07:00-03:00,2026-02-18T16:07:00-03:00,2026-02-21T16:07:00-03:00,fulfilled,B2B-V1-BASE,BLD-9102B6E8BF1ABFFC5F32,True
ORD-SYN-002279,CUS-SYN-148,2026-02-17T16:47:00-03:00,2026-02-18T16:47:00-03:00,2026-02-23T16:47:00-03:00,fulfilled,B2B-V1-BASE,BLD-9102B6E8BF1ABFFC5F32,True
ORD-SYN-002280,CUS-SYN-149,2026-02-17T16:55:00-03:00,2026-02-18T16:55:00-03:00,2026-02-21T16:55:00-03:00,partially_fulfilled,B2B-V1-BASE,BLD-9102B6E8BF1ABFFC5F32,True
ORD-SYN-002281,CUS-SYN-078,2026-02-17T17:52:00-03:00,2026-02-18T17:52:00-03:00,2026-02-21T17:52:00-03:00,fulfilled,B2B-V1-BASE,BLD-9102B6E8BF1ABFFC5F32,True
ORD-SYN-002282,CUS-SYN-038,2026-02-18T08:07:00-03:00,2026-02-22T08:07:00-03:00,2026-02-22T08:07:00-03:00,fulfilled,B2B-V1-BASE,BLD-9102B6E8BF1ABFFC5F32,True
ORD-SYN-002283,CUS-SYN-149,2026-02-18T08:47:00-03:00,2026-02-21T08:47:00-03:00,2026-02-24T08:47:00-03:00,partially_fulfilled,B2B-V1-BASE,BLD-9102B6E8BF1ABFFC5F32,True
ORD-SYN-002284,CUS-SYN-026,2026-02-18T10:05:00-03:00,2026-02-19T10:05:00-03:00,2026-02-21T10:05:00-03:00,partially_fulfilled,B2B-V1-BASE,BLD-9102B6E8BF1ABFFC5F32,True
ORD-SYN-002285,CUS-SYN-018,2026-02-18T10:58:00-03:00,2026-02-20T10:58:00-03:00,2026-02-20T10:58:00-03:00,fulfilled,B2B-V1-BASE,BLD-9102B6E8BF1ABFFC5F32,True
ORD-SYN-002286,CUS-SYN-108,2026-02-18T11:51:00-03:00,2026-02-20T11:51:00-03:00,2026-02-21T11:51:00-03:00,fulfilled,B2B-V1-BASE,BLD-9102B6E8BF1ABFFC5F32,True
ORD-SYN-002287,CUS-SYN-099,2026-02-18T12:27:00-03:00,2026-02-20T12:27:00-03:00,2026-02-23T12:27:00-03:00,fulfilled,B2B-V1-BASE,BLD-9102B6E8BF1ABFFC5F32,True
ORD-SYN-002288,CUS-SYN-110,2026-02-18T13:23:00-03:00,2026-02-20T13:23:00-03:00,2026-02-21T13:23:00-03:00,partially_fulfilled,B2B-V1-BASE,BLD-9102B6E8BF1ABFFC5F32,True
ORD-SYN-002289,CUS-SYN-070,2026-02-18T14:01:00-03:00,,2026-02-21T14:01:00-03:00,fulfilled,B2B-V1-BASE,BLD-9102B6E8BF1ABFFC5F32,True
ORD-SYN-002290,CUS-SYN-001,2026-02-18T14:19:00-03:00,2026-02-22T14:19:00-03:00,2026-02-22T14:19:00-03:00,fulfilled,B2B-V1-BASE,BLD-9102B6E8BF1ABFFC5F32,True
ORD-SYN-002291,CUS-SYN-061,2026-02-18T15:41:00-03:00,2026-02-20T15:41:00-03:00,2026-02-23T15:41:00-03:00,fulfilled,B2B-V1-BASE,BLD-9102B6E8BF1ABFFC5F32,True
ORD-SYN-002292,CUS-SYN-122,2026-02-18T16:32:00-03:00,2026-02-20T16:32:00-03:00,2026-02-22T16:32:00-03:00,fulfilled,B2B-V1-BASE,BLD-9102B6E8BF1ABFFC5F32,True
ORD-SYN-002293,CUS-SYN-010,2026-02-18T16:42:00-03:00,2026-02-19T16:42:00-03:00,2026-02-20T16:42:00-03:00,partially_fulfilled,B2B-V1-BASE,BLD-9102B6E8BF1ABFFC5F32,True
ORD-SYN-002294,CUS-SYN-079,2026-02-19T08:50:00-03:00,,2026-02-21T08:50:00-03:00,fulfilled,B2B-V1-BASE,BLD-9102B6E8BF1ABFFC5F32,True
ORD-SYN-002295,CUS-SYN-127,2026-02-19T10:35:00-03:00,2026-02-21T10:35:00-03:00,2026-02-23T10:35:00-03:00,fulfilled,B2B-V1-BASE,BLD-9102B6E8BF1ABFFC5F32,True
ORD-SYN-002296,CUS-SYN-130,2026-02-19T11:05:00-03:00,2026-02-21T11:05:00-03:00,2026-02-23T11:05:00-03:00,fulfilled,B2B-V1-BASE,BLD-9102B6E8BF1ABFFC5F32,True
ORD-SYN-002297,CUS-SYN-122,2026-02-19T11:10:00-03:00,,2026-02-21T11:10:00-03:00,fulfilled,B2B-V1-BASE,BLD-9102B6E8BF1ABFFC5F32,True
ORD-SYN-002298,CUS-SYN-143,2026-02-19T12:01:00-03:00,2026-02-25T12:01:00-03:00,2026-02-25T12:01:00-03:00,partially_fulfilled,B2B-V1-BASE,BLD-9102B6E8BF1ABFFC5F32,True
ORD-SYN-002299,CUS-SYN-135,2026-02-19T13:19:00-03:00,2026-02-23T13:19:00-03:00,2026-02-23T13:19:00-03:00,fulfilled,B2B-V1-BASE,BLD-9102B6E8BF1ABFFC5F32,True
ORD-SYN-002300,CUS-SYN-145,2026-02-19T15:12:00-03:00,,2026-02-25T15:12:00-03:00,fulfilled,B2B-V1-BASE,BLD-9102B6E8BF1ABFFC5F32,True
ORD-SYN-002301,CUS-SYN-070,2026-02-19T17:14:00-03:00,2026-02-24T17:14:00-03:00,2026-02-25T17:14:00-03:00,partially_fulfilled,B2B-V1-BASE,BLD-9102B6E8BF1ABFFC5F32,True
ORD-SYN-002302,CUS-SYN-021,2026-02-19T17:53:00-03:00,2026-02-20T17:53:00-03:00,2026-02-24T17:53:00-03:00,partially_fulfilled,B2B-V1-BASE,BLD-9102B6E8BF1ABFFC5F32,True
ORD-SYN-002303,CUS-SYN-126,2026-02-20T08:09:00-03:00,2026-02-23T08:09:00-03:00,2026-02-25T08:09:00-03:00,fulfilled,B2B-V1-BASE,BLD-9102B6E8BF1ABFFC5F32,True
ORD-SYN-002304,CUS-SYN-097,2026-02-20T08:19:00-03:00,2026-02-22T08:19:00-03:00,2026-02-23T08:19:00-03:00,partially_fulfilled,B2B-V1-BASE,BLD-9102B6E8BF1ABFFC5F32,True
ORD-SYN-002305,CUS-SYN-018,2026-02-20T08:31:00-03:00,2026-02-24T08:31:00-03:00,2026-02-24T08:31:00-03:00,fulfilled,B2B-V1-BASE,BLD-9102B6E8BF1ABFFC5F32,True
ORD-SYN-002306,CUS-SYN-024,2026-02-20T09:04:00-03:00,2026-02-24T09:04:00-03:00,2026-02-26T09:04:00-03:00,fulfilled,B2B-V1-BASE,BLD-9102B6E8BF1ABFFC5F32,True
ORD-SYN-002307,CUS-SYN-141,2026-02-20T10:27:00-03:00,2026-02-24T10:27:00-03:00,2026-02-24T10:27:00-03:00,fulfilled,B2B-V1-BASE,BLD-9102B6E8BF1ABFFC5F32,True
ORD-SYN-002308,CUS-SYN-048,2026-02-20T10:50:00-03:00,2026-02-22T10:50:00-03:00,2026-02-22T10:50:00-03:00,fulfilled,B2B-V1-BASE,BLD-9102B6E8BF1ABFFC5F32,True
ORD-SYN-002309,CUS-SYN-070,2026-02-20T10:50:00-03:00,2026-02-22T10:50:00-03:00,2026-02-22T10:50:00-03:00,partially_fulfilled,B2B-V1-BASE,BLD-9102B6E8BF1ABFFC5F32,True
ORD-SYN-002310,CUS-SYN-150,2026-02-20T11:01:00-03:00,2026-02-23T11:01:00-03:00,2026-02-24T11:01:00-03:00,fulfilled,B2B-V1-BASE,BLD-9102B6E8BF1ABFFC5F32,True
ORD-SYN-002311,CUS-SYN-066,2026-02-20T12:32:00-03:00,,2026-02-25T12:32:00-03:00,partially_fulfilled,B2B-V1-BASE,BLD-9102B6E8BF1ABFFC5F32,True
ORD-SYN-002312,CUS-SYN-077,2026-02-20T13:29:00-03:00,2026-02-22T13:29:00-03:00,2026-02-22T13:29:00-03:00,fulfilled,B2B-V1-BASE,BLD-9102B6E8BF1ABFFC5F32,True
ORD-SYN-002313,CUS-SYN-005,2026-02-20T14:34:00-03:00,2026-02-21T14:34:00-03:00,2026-02-24T14:34:00-03:00,fulfilled,B2B-V1-BASE,BLD-9102B6E8BF1ABFFC5F32,True
ORD-SYN-002314,CUS-SYN-145,2026-02-20T15:17:00-03:00,2026-02-24T15:17:00-03:00,2026-02-26T15:17:00-03:00,fulfilled,B2B-V1-BASE,BLD-9102B6E8BF1ABFFC5F32,True
ORD-SYN-002315,CUS-SYN-085,2026-02-20T15:19:00-03:00,,2026-02-22T15:19:00-03:00,fulfilled,B2B-V1-BASE,BLD-9102B6E8BF1ABFFC5F32,True
ORD-SYN-002316,CUS-SYN-081,2026-02-20T15:47:00-03:00,2026-02-22T15:47:00-03:00,2026-02-23T15:47:00-03:00,fulfilled,B2B-V1-BASE,BLD-9102B6E8BF1ABFFC5F32,True
ORD-SYN-002317,CUS-SYN-025,2026-02-20T16:22:00-03:00,2026-02-25T16:22:00-03:00,2026-02-26T16:22:00-03:00,fulfilled,B2B-V1-BASE,BLD-9102B6E8BF1ABFFC5F32,True
ORD-SYN-002318,CUS-SYN-120,2026-02-20T16:40:00-03:00,2026-02-22T16:40:00-03:00,2026-02-25T16:40:00-03:00,partially_fulfilled,B2B-V1-BASE,BLD-9102B6E8BF1ABFFC5F32,True
ORD-SYN-002319,CUS-SYN-082,2026-02-20T16:59:00-03:00,2026-02-23T16:59:00-03:00,2026-02-23T16:59:00-03:00,fulfilled,B2B-V1-BASE,BLD-9102B6E8BF1ABFFC5F32,True
ORD-SYN-002320,CUS-SYN-086,2026-02-21T08:03:00-03:00,2026-02-24T08:03:00-03:00,2026-02-24T08:03:00-03:00,fulfilled,B2B-V1-BASE,BLD-9102B6E8BF1ABFFC5F32,True
ORD-SYN-002321,CUS-SYN-057,2026-02-21T09:42:00-03:00,,2026-02-26T09:42:00-03:00,partially_fulfilled,B2B-V1-BASE,BLD-9102B6E8BF1ABFFC5F32,True
ORD-SYN-002322,CUS-SYN-099,2026-02-21T10:55:00-03:00,2026-02-25T10:55:00-03:00,2026-02-27T10:55:00-03:00,fulfilled,B2B-V1-BASE,BLD-9102B6E8BF1ABFFC5F32,True
ORD-SYN-002323,CUS-SYN-150,2026-02-21T11:23:00-03:00,2026-02-23T11:23:00-03:00,2026-02-24T11:23:00-03:00,fulfilled,B2B-V1-BASE,BLD-9102B6E8BF1ABFFC5F32,True
ORD-SYN-002324,CUS-SYN-126,2026-02-21T11:49:00-03:00,2026-02-25T11:49:00-03:00,2026-02-27T11:49:00-03:00,fulfilled,B2B-V1-BASE,BLD-9102B6E8BF1ABFFC5F32,True
ORD-SYN-002325,CUS-SYN-100,2026-02-21T11:56:00-03:00,2026-02-23T11:56:00-03:00,2026-02-25T11:56:00-03:00,partially_fulfilled,B2B-V1-BASE,BLD-9102B6E8BF1ABFFC5F32,True
ORD-SYN-002326,CUS-SYN-101,2026-02-21T12:11:00-03:00,2026-02-22T12:11:00-03:00,2026-02-23T12:11:00-03:00,fulfilled,B2B-V1-BASE,BLD-9102B6E8BF1ABFFC5F32,True
ORD-SYN-002327,CUS-SYN-010,2026-02-21T16:46:00-03:00,2026-02-22T16:46:00-03:00,2026-02-24T16:46:00-03:00,fulfilled,B2B-V1-BASE,BLD-9102B6E8BF1ABFFC5F32,True
ORD-SYN-002328,CUS-SYN-016,2026-02-21T17:42:00-03:00,2026-02-27T17:42:00-03:00,2026-02-27T17:42:00-03:00,fulfilled,B2B-V1-BASE,BLD-9102B6E8BF1ABFFC5F32,True
ORD-SYN-002329,CUS-SYN-121,2026-02-21T17:44:00-03:00,2026-02-23T17:44:00-03:00,2026-02-26T17:44:00-03:00,partially_fulfilled,B2B-V1-BASE,BLD-9102B6E8BF1ABFFC5F32,True
ORD-SYN-002330,CUS-SYN-133,2026-02-22T08:48:00-03:00,2026-02-26T08:48:00-03:00,2026-02-28T08:48:00-03:00,partially_fulfilled,B2B-V1-BASE,BLD-9102B6E8BF1ABFFC5F32,True
ORD-SYN-002331,CUS-SYN-110,2026-02-22T09:30:00-03:00,2026-02-23T09:30:00-03:00,2026-02-26T09:30:00-03:00,fulfilled,B2B-V1-BASE,BLD-9102B6E8BF1ABFFC5F32,True
ORD-SYN-002332,CUS-SYN-049,2026-02-22T12:03:00-03:00,2026-02-24T12:03:00-03:00,2026-02-26T12:03:00-03:00,fulfilled,B2B-V1-BASE,BLD-9102B6E8BF1ABFFC5F32,True
ORD-SYN-002333,CUS-SYN-084,2026-02-22T12:56:00-03:00,2026-02-24T12:56:00-03:00,2026-02-27T12:56:00-03:00,fulfilled,B2B-V1-BASE,BLD-9102B6E8BF1ABFFC5F32,True
ORD-SYN-002334,CUS-SYN-145,2026-02-22T13:31:00-03:00,2026-02-23T13:31:00-03:00,2026-02-26T13:31:00-03:00,fulfilled,B2B-V1-BASE,BLD-9102B6E8BF1ABFFC5F32,True
ORD-SYN-002335,CUS-SYN-148,2026-02-22T13:36:00-03:00,2026-02-25T13:36:00-03:00,2026-02-25T13:36:00-03:00,fulfilled,B2B-V1-BASE,BLD-9102B6E8BF1ABFFC5F32,True
ORD-SYN-002336,CUS-SYN-040,2026-02-22T13:37:00-03:00,2026-02-24T13:37:00-03:00,2026-02-28T13:37:00-03:00,fulfilled,B2B-V1-BASE,BLD-9102B6E8BF1ABFFC5F32,True
ORD-SYN-002337,CUS-SYN-070,2026-02-22T14:08:00-03:00,,2026-02-27T14:08:00-03:00,fulfilled,B2B-V1-BASE,BLD-9102B6E8BF1ABFFC5F32,True
ORD-SYN-002338,CUS-SYN-032,2026-02-22T14:12:00-03:00,2026-02-23T14:12:00-03:00,2026-02-24T14:12:00-03:00,fulfilled,B2B-V1-BASE,BLD-9102B6E8BF1ABFFC5F32,True
ORD-SYN-002339,CUS-SYN-066,2026-02-22T14:24:00-03:00,2026-02-26T14:24:00-03:00,2026-02-28T14:24:00-03:00,fulfilled,B2B-V1-BASE,BLD-9102B6E8BF1ABFFC5F32,True
ORD-SYN-002340,CUS-SYN-101,2026-02-22T15:01:00-03:00,2026-02-25T15:01:00-03:00,2026-02-28T15:01:00-03:00,fulfilled,B2B-V1-BASE,BLD-9102B6E8BF1ABFFC5F32,True
ORD-SYN-002341,CUS-SYN-005,2026-02-22T15:31:00-03:00,2026-02-24T15:31:00-03:00,2026-02-27T15:31:00-03:00,fulfilled,B2B-V1-BASE,BLD-9102B6E8BF1ABFFC5F32,True
ORD-SYN-002342,CUS-SYN-139,2026-02-22T15:53:00-03:00,,2026-02-28T15:53:00-03:00,partially_fulfilled,B2B-V1-BASE,BLD-9102B6E8BF1ABFFC5F32,True
ORD-SYN-002343,CUS-SYN-114,2026-02-22T17:34:00-03:00,2026-02-24T17:34:00-03:00,2026-02-26T17:34:00-03:00,fulfilled,B2B-V1-BASE,BLD-9102B6E8BF1ABFFC5F32,True
ORD-SYN-002344,CUS-SYN-069,2026-02-23T08:48:00-03:00,2026-02-25T08:48:00-03:00,2026-02-25T08:48:00-03:00,partially_fulfilled,B2B-V1-BASE,BLD-9102B6E8BF1ABFFC5F32,True
ORD-SYN-002345,CUS-SYN-058,2026-02-23T08:48:00-03:00,2026-02-26T08:48:00-03:00,2026-02-26T08:48:00-03:00,fulfilled,B2B-V1-BASE,BLD-9102B6E8BF1ABFFC5F32,True
ORD-SYN-002346,CUS-SYN-029,2026-02-23T09:23:00-03:00,2026-02-25T09:23:00-03:00,2026-02-27T09:23:00-03:00,fulfilled,B2B-V1-BASE,BLD-9102B6E8BF1ABFFC5F32,True
ORD-SYN-002347,CUS-SYN-131,2026-02-23T09:50:00-03:00,2026-02-24T09:50:00-03:00,2026-02-25T09:50:00-03:00,fulfilled,B2B-V1-BASE,BLD-9102B6E8BF1ABFFC5F32,True
ORD-SYN-002348,CUS-SYN-054,2026-02-23T10:44:00-03:00,2026-02-28T10:44:00-03:00,2026-02-28T10:44:00-03:00,fulfilled,B2B-V1-BASE,BLD-9102B6E8BF1ABFFC5F32,True
ORD-SYN-002349,CUS-SYN-045,2026-02-23T11:26:00-03:00,2026-02-27T11:26:00-03:00,2026-02-27T11:26:00-03:00,partially_fulfilled,B2B-V1-BASE,BLD-9102B6E8BF1ABFFC5F32,True
ORD-SYN-002350,CUS-SYN-009,2026-02-23T11:34:00-03:00,,2026-02-25T11:34:00-03:00,fulfilled,B2B-V1-BASE,BLD-9102B6E8BF1ABFFC5F32,True
ORD-SYN-002351,CUS-SYN-005,2026-02-23T11:58:00-03:00,2026-02-24T11:58:00-03:00,2026-03-01T11:58:00-03:00,fulfilled,B2B-V1-BASE,BLD-9102B6E8BF1ABFFC5F32,True
ORD-SYN-002352,CUS-SYN-132,2026-02-23T12:14:00-03:00,,2026-03-01T12:14:00-03:00,fulfilled,B2B-V1-BASE,BLD-9102B6E8BF1ABFFC5F32,True
ORD-SYN-002353,CUS-SYN-146,2026-02-23T12:14:00-03:00,,2026-02-27T12:14:00-03:00,fulfilled,B2B-V1-BASE,BLD-9102B6E8BF1ABFFC5F32,True
ORD-SYN-002354,CUS-SYN-010,2026-02-23T15:14:00-03:00,2026-02-25T15:14:00-03:00,2026-02-27T15:14:00-03:00,fulfilled,B2B-V1-BASE,BLD-9102B6E8BF1ABFFC5F32,True
ORD-SYN-002355,CUS-SYN-053,2026-02-23T15:28:00-03:00,2026-02-26T15:28:00-03:00,2026-02-26T15:28:00-03:00,fulfilled,B2B-V1-BASE,BLD-9102B6E8BF1ABFFC5F32,True
ORD-SYN-002356,CUS-SYN-078,2026-02-23T16:02:00-03:00,2026-02-28T16:02:00-03:00,2026-03-01T16:02:00-03:00,partially_fulfilled,B2B-V1-BASE,BLD-9102B6E8BF1ABFFC5F32,True
ORD-SYN-002357,CUS-SYN-106,2026-02-23T16:19:00-03:00,2026-02-25T16:19:00-03:00,2026-03-01T16:19:00-03:00,fulfilled,B2B-V1-BASE,BLD-9102B6E8BF1ABFFC5F32,True
ORD-SYN-002358,CUS-SYN-105,2026-02-23T17:02:00-03:00,2026-02-25T17:02:00-03:00,2026-02-27T17:02:00-03:00,fulfilled,B2B-V1-BASE,BLD-9102B6E8BF1ABFFC5F32,True
ORD-SYN-002359,CUS-SYN-093,2026-02-24T08:30:00-03:00,2026-02-26T08:30:00-03:00,2026-02-26T08:30:00-03:00,fulfilled,B2B-V1-BASE,BLD-9102B6E8BF1ABFFC5F32,True
ORD-SYN-002360,CUS-SYN-022,2026-02-24T09:04:00-03:00,2026-02-27T09:04:00-03:00,2026-03-01T09:04:00-03:00,fulfilled,B2B-V1-BASE,BLD-9102B6E8BF1ABFFC5F32,True
ORD-SYN-002361,CUS-SYN-089,2026-02-24T10:47:00-03:00,2026-02-25T10:47:00-03:00,2026-02-26T10:47:00-03:00,partially_fulfilled,B2B-V1-BASE,BLD-9102B6E8BF1ABFFC5F32,True
ORD-SYN-002362,CUS-SYN-085,2026-02-24T12:00:00-03:00,2026-02-26T12:00:00-03:00,2026-02-27T12:00:00-03:00,fulfilled,B2B-V1-BASE,BLD-9102B6E8BF1ABFFC5F32,True
ORD-SYN-002363,CUS-SYN-073,2026-02-24T12:08:00-03:00,2026-02-26T12:08:00-03:00,2026-02-27T12:08:00-03:00,partially_fulfilled,B2B-V1-BASE,BLD-9102B6E8BF1ABFFC5F32,True
ORD-SYN-002364,CUS-SYN-029,2026-02-24T12:29:00-03:00,,2026-02-26T12:29:00-03:00,fulfilled,B2B-V1-BASE,BLD-9102B6E8BF1ABFFC5F32,True
ORD-SYN-002365,CUS-SYN-089,2026-02-24T14:01:00-03:00,2026-02-28T14:01:00-03:00,2026-03-02T14:01:00-03:00,fulfilled,B2B-V1-BASE,BLD-9102B6E8BF1ABFFC5F32,True
ORD-SYN-002366,CUS-SYN-093,2026-02-24T14:25:00-03:00,2026-02-26T14:25:00-03:00,2026-02-27T14:25:00-03:00,fulfilled,B2B-V1-BASE,BLD-9102B6E8BF1ABFFC5F32,True
ORD-SYN-002367,CUS-SYN-082,2026-02-24T15:47:00-03:00,2026-02-27T15:47:00-03:00,2026-03-01T15:47:00-03:00,fulfilled,B2B-V1-BASE,BLD-9102B6E8BF1ABFFC5F32,True
ORD-SYN-002368,CUS-SYN-060,2026-02-24T16:20:00-03:00,,2026-02-28T16:20:00-03:00,partially_fulfilled,B2B-V1-BASE,BLD-9102B6E8BF1ABFFC5F32,True
ORD-SYN-002369,CUS-SYN-013,2026-02-24T16:30:00-03:00,,2026-02-27T16:30:00-03:00,fulfilled,B2B-V1-BASE,BLD-9102B6E8BF1ABFFC5F32,True
ORD-SYN-002370,CUS-SYN-149,2026-02-24T16:40:00-03:00,2026-02-26T16:40:00-03:00,2026-02-26T16:40:00-03:00,fulfilled,B2B-V1-BASE,BLD-9102B6E8BF1ABFFC5F32,True
ORD-SYN-002371,CUS-SYN-110,2026-02-24T17:51:00-03:00,2026-02-25T17:51:00-03:00,2026-02-27T17:51:00-03:00,fulfilled,B2B-V1-BASE,BLD-9102B6E8BF1ABFFC5F32,True
ORD-SYN-002372,CUS-SYN-117,2026-02-25T08:56:00-03:00,2026-02-26T08:56:00-03:00,2026-03-03T08:56:00-03:00,fulfilled,B2B-V1-BASE,BLD-9102B6E8BF1ABFFC5F32,True
ORD-SYN-002373,CUS-SYN-006,2026-02-25T08:59:00-03:00,2026-03-03T08:59:00-03:00,2026-03-03T08:59:00-03:00,fulfilled,B2B-V1-BASE,BLD-9102B6E8BF1ABFFC5F32,True
ORD-SYN-002374,CUS-SYN-092,2026-02-25T09:15:00-03:00,2026-02-27T09:15:00-03:00,2026-03-02T09:15:00-03:00,fulfilled,B2B-V1-BASE,BLD-9102B6E8BF1ABFFC5F32,True
ORD-SYN-002375,CUS-SYN-062,2026-02-25T10:07:00-03:00,,2026-03-03T10:07:00-03:00,fulfilled,B2B-V1-BASE,BLD-9102B6E8BF1ABFFC5F32,True
ORD-SYN-002376,CUS-SYN-065,2026-02-25T10:22:00-03:00,2026-02-27T10:22:00-03:00,2026-02-28T10:22:00-03:00,fulfilled,B2B-V1-BASE,BLD-9102B6E8BF1ABFFC5F32,True
ORD-SYN-002377,CUS-SYN-010,2026-02-25T11:10:00-03:00,2026-02-28T11:10:00-03:00,2026-02-28T11:10:00-03:00,fulfilled,B2B-V1-BASE,BLD-9102B6E8BF1ABFFC5F32,True
ORD-SYN-002378,CUS-SYN-107,2026-02-25T13:56:00-03:00,2026-02-26T13:56:00-03:00,2026-03-02T13:56:00-03:00,fulfilled,B2B-V1-BASE,BLD-9102B6E8BF1ABFFC5F32,True
ORD-SYN-002379,CUS-SYN-105,2026-02-25T14:01:00-03:00,2026-02-28T14:01:00-03:00,2026-03-01T14:01:00-03:00,fulfilled,B2B-V1-BASE,BLD-9102B6E8BF1ABFFC5F32,True
ORD-SYN-002380,CUS-SYN-034,2026-02-25T14:37:00-03:00,2026-02-27T14:37:00-03:00,2026-02-27T14:37:00-03:00,fulfilled,B2B-V1-BASE,BLD-9102B6E8BF1ABFFC5F32,True
ORD-SYN-002381,CUS-SYN-056,2026-02-25T15:28:00-03:00,,2026-02-28T15:28:00-03:00,fulfilled,B2B-V1-BASE,BLD-9102B6E8BF1ABFFC5F32,True
ORD-SYN-002382,CUS-SYN-109,2026-02-25T16:04:00-03:00,2026-02-26T16:04:00-03:00,2026-02-27T16:04:00-03:00,fulfilled,B2B-V1-BASE,BLD-9102B6E8BF1ABFFC5F32,True
ORD-SYN-002383,CUS-SYN-050,2026-02-25T16:12:00-03:00,2026-02-28T16:12:00-03:00,2026-02-28T16:12:00-03:00,fulfilled,B2B-V1-BASE,BLD-9102B6E8BF1ABFFC5F32,True
ORD-SYN-002384,CUS-SYN-050,2026-02-25T16:20:00-03:00,2026-02-28T16:20:00-03:00,2026-03-02T16:20:00-03:00,fulfilled,B2B-V1-BASE,BLD-9102B6E8BF1ABFFC5F32,True
ORD-SYN-002385,CUS-SYN-141,2026-02-26T08:20:00-03:00,2026-02-27T08:20:00-03:00,2026-02-28T08:20:00-03:00,fulfilled,B2B-V1-BASE,BLD-9102B6E8BF1ABFFC5F32,True
ORD-SYN-002386,CUS-SYN-077,2026-02-26T10:03:00-03:00,2026-02-27T10:03:00-03:00,2026-03-02T10:03:00-03:00,fulfilled,B2B-V1-BASE,BLD-9102B6E8BF1ABFFC5F32,True
ORD-SYN-002387,CUS-SYN-123,2026-02-26T11:24:00-03:00,2026-02-27T11:24:00-03:00,2026-03-02T11:24:00-03:00,fulfilled,B2B-V1-BASE,BLD-9102B6E8BF1ABFFC5F32,True
ORD-SYN-002388,CUS-SYN-134,2026-02-26T12:04:00-03:00,2026-03-02T12:04:00-03:00,2026-03-02T12:04:00-03:00,partially_fulfilled,B2B-V1-BASE,BLD-9102B6E8BF1ABFFC5F32,True
ORD-SYN-002389,CUS-SYN-021,2026-02-26T12:39:00-03:00,,2026-02-28T12:39:00-03:00,fulfilled,B2B-V1-BASE,BLD-9102B6E8BF1ABFFC5F32,True
ORD-SYN-002390,CUS-SYN-100,2026-02-26T13:08:00-03:00,,2026-02-28T13:08:00-03:00,fulfilled,B2B-V1-BASE,BLD-9102B6E8BF1ABFFC5F32,True
ORD-SYN-002391,CUS-SYN-134,2026-02-26T15:16:00-03:00,2026-02-27T15:16:00-03:00,2026-03-03T15:16:00-03:00,partially_fulfilled,B2B-V1-BASE,BLD-9102B6E8BF1ABFFC5F32,True
ORD-SYN-002392,CUS-SYN-022,2026-02-26T15:41:00-03:00,2026-03-02T15:41:00-03:00,2026-03-02T15:41:00-03:00,fulfilled,B2B-V1-BASE,BLD-9102B6E8BF1ABFFC5F32,True
ORD-SYN-002393,CUS-SYN-109,2026-02-26T16:48:00-03:00,2026-02-28T16:48:00-03:00,2026-03-04T16:48:00-03:00,fulfilled,B2B-V1-BASE,BLD-9102B6E8BF1ABFFC5F32,True
ORD-SYN-002394,CUS-SYN-112,2026-02-26T17:41:00-03:00,2026-03-01T17:41:00-03:00,2026-03-04T17:41:00-03:00,fulfilled,B2B-V1-BASE,BLD-9102B6E8BF1ABFFC5F32,True
ORD-SYN-002395,CUS-SYN-144,2026-02-27T09:43:00-03:00,2026-03-02T09:43:00-03:00,2026-03-03T09:43:00-03:00,fulfilled,B2B-V1-BASE,BLD-9102B6E8BF1ABFFC5F32,True
ORD-SYN-002396,CUS-SYN-082,2026-02-27T11:04:00-03:00,2026-02-28T11:04:00-03:00,2026-03-02T11:04:00-03:00,partially_fulfilled,B2B-V1-BASE,BLD-9102B6E8BF1ABFFC5F32,True
ORD-SYN-002397,CUS-SYN-113,2026-02-27T11:54:00-03:00,,2026-03-03T11:54:00-03:00,fulfilled,B2B-V1-BASE,BLD-9102B6E8BF1ABFFC5F32,True
ORD-SYN-002398,CUS-SYN-009,2026-02-27T12:03:00-03:00,2026-03-01T12:03:00-03:00,2026-03-03T12:03:00-03:00,fulfilled,B2B-V1-BASE,BLD-9102B6E8BF1ABFFC5F32,True
ORD-SYN-002399,CUS-SYN-117,2026-02-27T13:31:00-03:00,2026-03-04T13:31:00-03:00,2026-03-05T13:31:00-03:00,fulfilled,B2B-V1-BASE,BLD-9102B6E8BF1ABFFC5F32,True
ORD-SYN-002400,CUS-SYN-092,2026-02-27T13:44:00-03:00,2026-02-28T13:44:00-03:00,2026-03-02T13:44:00-03:00,fulfilled,B2B-V1-BASE,BLD-9102B6E8BF1ABFFC5F32,True
ORD-SYN-002401,CUS-SYN-062,2026-02-27T13:44:00-03:00,2026-03-01T13:44:00-03:00,2026-03-01T13:44:00-03:00,fulfilled,B2B-V1-BASE,BLD-9102B6E8BF1ABFFC5F32,True
ORD-SYN-002402,CUS-SYN-116,2026-02-27T14:12:00-03:00,2026-03-03T14:12:00-03:00,2026-03-05T14:12:00-03:00,fulfilled,B2B-V1-BASE,BLD-9102B6E8BF1ABFFC5F32,True
ORD-SYN-002403,CUS-SYN-128,2026-02-27T14:33:00-03:00,2026-03-02T14:33:00-03:00,2026-03-02T14:33:00-03:00,fulfilled,B2B-V1-BASE,BLD-9102B6E8BF1ABFFC5F32,True
ORD-SYN-002404,CUS-SYN-037,2026-02-27T16:04:00-03:00,2026-02-28T16:04:00-03:00,2026-03-01T16:04:00-03:00,fulfilled,B2B-V1-BASE,BLD-9102B6E8BF1ABFFC5F32,True
ORD-SYN-002405,CUS-SYN-042,2026-02-27T16:10:00-03:00,,2026-03-01T16:10:00-03:00,fulfilled,B2B-V1-BASE,BLD-9102B6E8BF1ABFFC5F32,True
ORD-SYN-002406,CUS-SYN-073,2026-02-27T16:28:00-03:00,2026-02-28T16:28:00-03:00,2026-03-01T16:28:00-03:00,fulfilled,B2B-V1-BASE,BLD-9102B6E8BF1ABFFC5F32,True
ORD-SYN-002407,CUS-SYN-114,2026-02-27T16:34:00-03:00,2026-02-28T16:34:00-03:00,2026-03-02T16:34:00-03:00,fulfilled,B2B-V1-BASE,BLD-9102B6E8BF1ABFFC5F32,True
ORD-SYN-002408,CUS-SYN-058,2026-02-27T16:44:00-03:00,2026-02-28T16:44:00-03:00,2026-03-01T16:44:00-03:00,fulfilled,B2B-V1-BASE,BLD-9102B6E8BF1ABFFC5F32,True
ORD-SYN-002409,CUS-SYN-122,2026-02-28T08:00:00-03:00,2026-03-02T08:00:00-03:00,2026-03-05T08:00:00-03:00,fulfilled,B2B-V1-BASE,BLD-9102B6E8BF1ABFFC5F32,True
ORD-SYN-002410,CUS-SYN-054,2026-02-28T10:07:00-03:00,2026-03-03T10:07:00-03:00,2026-03-05T10:07:00-03:00,fulfilled,B2B-V1-BASE,BLD-9102B6E8BF1ABFFC5F32,True
ORD-SYN-002411,CUS-SYN-114,2026-02-28T10:14:00-03:00,2026-03-03T10:14:00-03:00,2026-03-05T10:14:00-03:00,fulfilled,B2B-V1-BASE,BLD-9102B6E8BF1ABFFC5F32,True
ORD-SYN-002412,CUS-SYN-100,2026-02-28T10:16:00-03:00,2026-03-01T10:16:00-03:00,2026-03-02T10:16:00-03:00,fulfilled,B2B-V1-BASE,BLD-9102B6E8BF1ABFFC5F32,True
ORD-SYN-002413,CUS-SYN-012,2026-02-28T10:54:00-03:00,,2026-03-03T10:54:00-03:00,fulfilled,B2B-V1-BASE,BLD-9102B6E8BF1ABFFC5F32,True
ORD-SYN-002414,CUS-SYN-141,2026-02-28T12:09:00-03:00,2026-03-01T12:09:00-03:00,2026-03-02T12:09:00-03:00,fulfilled,B2B-V1-BASE,BLD-9102B6E8BF1ABFFC5F32,True
ORD-SYN-002415,CUS-SYN-027,2026-02-28T15:24:00-03:00,,2026-03-03T15:24:00-03:00,partially_fulfilled,B2B-V1-BASE,BLD-9102B6E8BF1ABFFC5F32,True
ORD-SYN-002416,CUS-SYN-073,2026-02-28T16:12:00-03:00,,2026-03-04T16:12:00-03:00,fulfilled,B2B-V1-BASE,BLD-9102B6E8BF1ABFFC5F32,True
ORD-SYN-002417,CUS-SYN-057,2026-03-01T08:48:00-03:00,2026-03-02T08:48:00-03:00,2026-03-07T08:48:00-03:00,partially_fulfilled,B2B-V1-BASE,BLD-9102B6E8BF1ABFFC5F32,True
ORD-SYN-002418,CUS-SYN-017,2026-03-01T09:38:00-03:00,2026-03-05T09:38:00-03:00,2026-03-06T09:38:00-03:00,fulfilled,B2B-V1-BASE,BLD-9102B6E8BF1ABFFC5F32,True
ORD-SYN-002419,CUS-SYN-114,2026-03-01T10:27:00-03:00,,2026-03-07T10:27:00-03:00,fulfilled,B2B-V1-BASE,BLD-9102B6E8BF1ABFFC5F32,True
ORD-SYN-002420,CUS-SYN-077,2026-03-01T10:50:00-03:00,2026-03-04T10:50:00-03:00,2026-03-04T10:50:00-03:00,fulfilled,B2B-V1-BASE,BLD-9102B6E8BF1ABFFC5F32,True
ORD-SYN-002421,CUS-SYN-001,2026-03-01T10:58:00-03:00,2026-03-03T10:58:00-03:00,2026-03-05T10:58:00-03:00,fulfilled,B2B-V1-BASE,BLD-9102B6E8BF1ABFFC5F32,True
ORD-SYN-002422,CUS-SYN-068,2026-03-01T12:00:00-03:00,,2026-03-06T12:00:00-03:00,fulfilled,B2B-V1-BASE,BLD-9102B6E8BF1ABFFC5F32,True
ORD-SYN-002423,CUS-SYN-141,2026-03-01T12:44:00-03:00,2026-03-02T12:44:00-03:00,2026-03-04T12:44:00-03:00,fulfilled,B2B-V1-BASE,BLD-9102B6E8BF1ABFFC5F32,True
ORD-SYN-002424,CUS-SYN-125,2026-03-01T14:50:00-03:00,2026-03-02T14:50:00-03:00,2026-03-05T14:50:00-03:00,partially_fulfilled,B2B-V1-BASE,BLD-9102B6E8BF1ABFFC5F32,True
ORD-SYN-002425,CUS-SYN-114,2026-03-01T16:57:00-03:00,2026-03-03T16:57:00-03:00,2026-03-03T16:57:00-03:00,fulfilled,B2B-V1-BASE,BLD-9102B6E8BF1ABFFC5F32,True
ORD-SYN-002426,CUS-SYN-050,2026-03-02T08:53:00-03:00,2026-03-05T08:53:00-03:00,2026-03-05T08:53:00-03:00,fulfilled,B2B-V1-BASE,BLD-9102B6E8BF1ABFFC5F32,True
ORD-SYN-002427,CUS-SYN-086,2026-03-02T10:52:00-03:00,2026-03-04T10:52:00-03:00,2026-03-06T10:52:00-03:00,partially_fulfilled,B2B-V1-BASE,BLD-9102B6E8BF1ABFFC5F32,True
ORD-SYN-002428,CUS-SYN-122,2026-03-02T11:18:00-03:00,2026-03-03T11:18:00-03:00,2026-03-07T11:18:00-03:00,partially_fulfilled,B2B-V1-BASE,BLD-9102B6E8BF1ABFFC5F32,True
ORD-SYN-002429,CUS-SYN-066,2026-03-02T12:20:00-03:00,2026-03-05T12:20:00-03:00,2026-03-06T12:20:00-03:00,partially_fulfilled,B2B-V1-BASE,BLD-9102B6E8BF1ABFFC5F32,True
ORD-SYN-002430,CUS-SYN-101,2026-03-02T12:49:00-03:00,2026-03-03T12:49:00-03:00,2026-03-06T12:49:00-03:00,fulfilled,B2B-V1-BASE,BLD-9102B6E8BF1ABFFC5F32,True
ORD-SYN-002431,CUS-SYN-066,2026-03-02T14:37:00-03:00,2026-03-08T14:37:00-03:00,2026-03-08T14:37:00-03:00,fulfilled,B2B-V1-BASE,BLD-9102B6E8BF1ABFFC5F32,True
ORD-SYN-002432,CUS-SYN-041,2026-03-02T15:37:00-03:00,2026-03-03T15:37:00-03:00,2026-03-05T15:37:00-03:00,fulfilled,B2B-V1-BASE,BLD-9102B6E8BF1ABFFC5F32,True
ORD-SYN-002433,CUS-SYN-011,2026-03-02T15:40:00-03:00,2026-03-03T15:40:00-03:00,2026-03-04T15:40:00-03:00,fulfilled,B2B-V1-BASE,BLD-9102B6E8BF1ABFFC5F32,True
ORD-SYN-002434,CUS-SYN-138,2026-03-02T16:59:00-03:00,2026-03-03T16:59:00-03:00,2026-03-05T16:59:00-03:00,partially_fulfilled,B2B-V1-BASE,BLD-9102B6E8BF1ABFFC5F32,True
ORD-SYN-002435,CUS-SYN-141,2026-03-02T17:59:00-03:00,2026-03-06T17:59:00-03:00,2026-03-07T17:59:00-03:00,fulfilled,B2B-V1-BASE,BLD-9102B6E8BF1ABFFC5F32,True
ORD-SYN-002436,CUS-SYN-110,2026-03-03T09:19:00-03:00,2026-03-05T09:19:00-03:00,2026-03-06T09:19:00-03:00,fulfilled,B2B-V1-BASE,BLD-9102B6E8BF1ABFFC5F32,True
ORD-SYN-002437,CUS-SYN-009,2026-03-03T10:41:00-03:00,2026-03-05T10:41:00-03:00,2026-03-08T10:41:00-03:00,fulfilled,B2B-V1-BASE,BLD-9102B6E8BF1ABFFC5F32,True
ORD-SYN-002438,CUS-SYN-122,2026-03-03T10:48:00-03:00,,2026-03-07T10:48:00-03:00,fulfilled,B2B-V1-BASE,BLD-9102B6E8BF1ABFFC5F32,True
ORD-SYN-002439,CUS-SYN-101,2026-03-03T11:02:00-03:00,2026-03-05T11:02:00-03:00,2026-03-09T11:02:00-03:00,fulfilled,B2B-V1-BASE,BLD-9102B6E8BF1ABFFC5F32,True
ORD-SYN-002440,CUS-SYN-098,2026-03-03T11:14:00-03:00,2026-03-05T11:14:00-03:00,2026-03-06T11:14:00-03:00,fulfilled,B2B-V1-BASE,BLD-9102B6E8BF1ABFFC5F32,True
ORD-SYN-002441,CUS-SYN-001,2026-03-03T11:16:00-03:00,2026-03-04T11:16:00-03:00,2026-03-05T11:16:00-03:00,fulfilled,B2B-V1-BASE,BLD-9102B6E8BF1ABFFC5F32,True
ORD-SYN-002442,CUS-SYN-061,2026-03-03T11:22:00-03:00,,2026-03-05T11:22:00-03:00,partially_fulfilled,B2B-V1-BASE,BLD-9102B6E8BF1ABFFC5F32,True
ORD-SYN-002443,CUS-SYN-102,2026-03-03T11:43:00-03:00,2026-03-04T11:43:00-03:00,2026-03-09T11:43:00-03:00,partially_fulfilled,B2B-V1-BASE,BLD-9102B6E8BF1ABFFC5F32,True
ORD-SYN-002444,CUS-SYN-062,2026-03-03T12:09:00-03:00,2026-03-04T12:09:00-03:00,2026-03-06T12:09:00-03:00,fulfilled,B2B-V1-BASE,BLD-9102B6E8BF1ABFFC5F32,True
ORD-SYN-002445,CUS-SYN-117,2026-03-03T12:30:00-03:00,2026-03-06T12:30:00-03:00,2026-03-08T12:30:00-03:00,partially_fulfilled,B2B-V1-BASE,BLD-9102B6E8BF1ABFFC5F32,True
ORD-SYN-002446,CUS-SYN-049,2026-03-03T12:46:00-03:00,2026-03-09T12:46:00-03:00,2026-03-09T12:46:00-03:00,fulfilled,B2B-V1-BASE,BLD-9102B6E8BF1ABFFC5F32,True
ORD-SYN-002447,CUS-SYN-057,2026-03-03T14:14:00-03:00,2026-03-09T14:14:00-03:00,2026-03-09T14:14:00-03:00,fulfilled,B2B-V1-BASE,BLD-9102B6E8BF1ABFFC5F32,True
ORD-SYN-002448,CUS-SYN-102,2026-03-03T14:59:00-03:00,,2026-03-06T14:59:00-03:00,fulfilled,B2B-V1-BASE,BLD-9102B6E8BF1ABFFC5F32,True
ORD-SYN-002449,CUS-SYN-050,2026-03-03T16:46:00-03:00,2026-03-06T16:46:00-03:00,2026-03-09T16:46:00-03:00,fulfilled,B2B-V1-BASE,BLD-9102B6E8BF1ABFFC5F32,True
ORD-SYN-002450,CUS-SYN-114,2026-03-04T09:09:00-03:00,2026-03-06T09:09:00-03:00,2026-03-06T09:09:00-03:00,partially_fulfilled,B2B-V1-BASE,BLD-9102B6E8BF1ABFFC5F32,True
ORD-SYN-002451,CUS-SYN-078,2026-03-04T09:13:00-03:00,2026-03-05T09:13:00-03:00,2026-03-07T09:13:00-03:00,fulfilled,B2B-V1-BASE,BLD-9102B6E8BF1ABFFC5F32,True
ORD-SYN-002452,CUS-SYN-037,2026-03-04T11:22:00-03:00,2026-03-06T11:22:00-03:00,2026-03-07T11:22:00-03:00,fulfilled,B2B-V1-BASE,BLD-9102B6E8BF1ABFFC5F32,True
ORD-SYN-002453,CUS-SYN-097,2026-03-04T12:55:00-03:00,2026-03-07T12:55:00-03:00,2026-03-08T12:55:00-03:00,fulfilled,B2B-V1-BASE,BLD-9102B6E8BF1ABFFC5F32,True
ORD-SYN-002454,CUS-SYN-097,2026-03-04T13:20:00-03:00,2026-03-09T13:20:00-03:00,2026-03-10T13:20:00-03:00,fulfilled,B2B-V1-BASE,BLD-9102B6E8BF1ABFFC5F32,True
ORD-SYN-002455,CUS-SYN-099,2026-03-04T14:40:00-03:00,2026-03-06T14:40:00-03:00,2026-03-06T14:40:00-03:00,partially_fulfilled,B2B-V1-BASE,BLD-9102B6E8BF1ABFFC5F32,True
ORD-SYN-002456,CUS-SYN-030,2026-03-04T15:39:00-03:00,2026-03-05T15:39:00-03:00,2026-03-07T15:39:00-03:00,fulfilled,B2B-V1-BASE,BLD-9102B6E8BF1ABFFC5F32,True
ORD-SYN-002457,CUS-SYN-133,2026-03-04T15:53:00-03:00,2026-03-06T15:53:00-03:00,2026-03-07T15:53:00-03:00,fulfilled,B2B-V1-BASE,BLD-9102B6E8BF1ABFFC5F32,True
ORD-SYN-002458,CUS-SYN-101,2026-03-04T16:48:00-03:00,2026-03-06T16:48:00-03:00,2026-03-06T16:48:00-03:00,fulfilled,B2B-V1-BASE,BLD-9102B6E8BF1ABFFC5F32,True
ORD-SYN-002459,CUS-SYN-095,2026-03-05T08:16:00-03:00,2026-03-07T08:16:00-03:00,2026-03-07T08:16:00-03:00,fulfilled,B2B-V1-BASE,BLD-9102B6E8BF1ABFFC5F32,True
ORD-SYN-002460,CUS-SYN-102,2026-03-05T14:12:00-03:00,,2026-03-09T14:12:00-03:00,fulfilled,B2B-V1-BASE,BLD-9102B6E8BF1ABFFC5F32,True
ORD-SYN-002461,CUS-SYN-070,2026-03-05T15:50:00-03:00,2026-03-08T15:50:00-03:00,2026-03-09T15:50:00-03:00,fulfilled,B2B-V1-BASE,BLD-9102B6E8BF1ABFFC5F32,True
ORD-SYN-002462,CUS-SYN-045,2026-03-05T16:12:00-03:00,,2026-03-08T16:12:00-03:00,partially_fulfilled,B2B-V1-BASE,BLD-9102B6E8BF1ABFFC5F32,True
ORD-SYN-002463,CUS-SYN-097,2026-03-05T16:59:00-03:00,,2026-03-09T16:59:00-03:00,fulfilled,B2B-V1-BASE,BLD-9102B6E8BF1ABFFC5F32,True
ORD-SYN-002464,CUS-SYN-094,2026-03-05T17:19:00-03:00,2026-03-07T17:19:00-03:00,2026-03-11T17:19:00-03:00,fulfilled,B2B-V1-BASE,BLD-9102B6E8BF1ABFFC5F32,True
ORD-SYN-002465,CUS-SYN-057,2026-03-06T09:27:00-03:00,2026-03-08T09:27:00-03:00,2026-03-10T09:27:00-03:00,fulfilled,B2B-V1-BASE,BLD-9102B6E8BF1ABFFC5F32,True
ORD-SYN-002466,CUS-SYN-010,2026-03-06T09:28:00-03:00,2026-03-08T09:28:00-03:00,2026-03-08T09:28:00-03:00,fulfilled,B2B-V1-BASE,BLD-9102B6E8BF1ABFFC5F32,True
ORD-SYN-002467,CUS-SYN-107,2026-03-06T09:33:00-03:00,2026-03-08T09:33:00-03:00,2026-03-12T09:33:00-03:00,fulfilled,B2B-V1-BASE,BLD-9102B6E8BF1ABFFC5F32,True
ORD-SYN-002468,CUS-SYN-130,2026-03-06T09:46:00-03:00,2026-03-08T09:46:00-03:00,2026-03-08T09:46:00-03:00,fulfilled,B2B-V1-BASE,BLD-9102B6E8BF1ABFFC5F32,True
ORD-SYN-002469,CUS-SYN-137,2026-03-06T12:46:00-03:00,,2026-03-12T12:46:00-03:00,fulfilled,B2B-V1-BASE,BLD-9102B6E8BF1ABFFC5F32,True
ORD-SYN-002470,CUS-SYN-102,2026-03-06T13:01:00-03:00,2026-03-08T13:01:00-03:00,2026-03-08T13:01:00-03:00,fulfilled,B2B-V1-BASE,BLD-9102B6E8BF1ABFFC5F32,True
ORD-SYN-002471,CUS-SYN-029,2026-03-06T13:31:00-03:00,2026-03-10T13:31:00-03:00,2026-03-10T13:31:00-03:00,partially_fulfilled,B2B-V1-BASE,BLD-9102B6E8BF1ABFFC5F32,True
ORD-SYN-002472,CUS-SYN-007,2026-03-06T15:05:00-03:00,2026-03-09T15:05:00-03:00,2026-03-09T15:05:00-03:00,fulfilled,B2B-V1-BASE,BLD-9102B6E8BF1ABFFC5F32,True
ORD-SYN-002473,CUS-SYN-079,2026-03-06T15:12:00-03:00,2026-03-07T15:12:00-03:00,2026-03-09T15:12:00-03:00,partially_fulfilled,B2B-V1-BASE,BLD-9102B6E8BF1ABFFC5F32,True
ORD-SYN-002474,CUS-SYN-129,2026-03-06T16:19:00-03:00,2026-03-08T16:19:00-03:00,2026-03-08T16:19:00-03:00,fulfilled,B2B-V1-BASE,BLD-9102B6E8BF1ABFFC5F32,True
ORD-SYN-002475,CUS-SYN-126,2026-03-06T17:54:00-03:00,2026-03-09T17:54:00-03:00,2026-03-09T17:54:00-03:00,partially_fulfilled,B2B-V1-BASE,BLD-9102B6E8BF1ABFFC5F32,True
ORD-SYN-002476,CUS-SYN-029,2026-03-07T08:23:00-03:00,2026-03-08T08:23:00-03:00,2026-03-09T08:23:00-03:00,fulfilled,B2B-V1-BASE,BLD-9102B6E8BF1ABFFC5F32,True
ORD-SYN-002477,CUS-SYN-013,2026-03-07T10:01:00-03:00,,2026-03-12T10:01:00-03:00,fulfilled,B2B-V1-BASE,BLD-9102B6E8BF1ABFFC5F32,True
ORD-SYN-002478,CUS-SYN-026,2026-03-07T10:20:00-03:00,2026-03-10T10:20:00-03:00,2026-03-10T10:20:00-03:00,fulfilled,B2B-V1-BASE,BLD-9102B6E8BF1ABFFC5F32,True
ORD-SYN-002479,CUS-SYN-078,2026-03-07T10:38:00-03:00,2026-03-13T10:38:00-03:00,2026-03-13T10:38:00-03:00,fulfilled,B2B-V1-BASE,BLD-9102B6E8BF1ABFFC5F32,True
ORD-SYN-002480,CUS-SYN-079,2026-03-07T10:39:00-03:00,2026-03-09T10:39:00-03:00,2026-03-10T10:39:00-03:00,partially_fulfilled,B2B-V1-BASE,BLD-9102B6E8BF1ABFFC5F32,True
ORD-SYN-002481,CUS-SYN-105,2026-03-07T11:48:00-03:00,2026-03-09T11:48:00-03:00,2026-03-12T11:48:00-03:00,fulfilled,B2B-V1-BASE,BLD-9102B6E8BF1ABFFC5F32,True
ORD-SYN-002482,CUS-SYN-066,2026-03-07T12:10:00-03:00,2026-03-11T12:10:00-03:00,2026-03-12T12:10:00-03:00,fulfilled,B2B-V1-BASE,BLD-9102B6E8BF1ABFFC5F32,True
ORD-SYN-002483,CUS-SYN-134,2026-03-07T12:31:00-03:00,2026-03-09T12:31:00-03:00,2026-03-13T12:31:00-03:00,fulfilled,B2B-V1-BASE,BLD-9102B6E8BF1ABFFC5F32,True
ORD-SYN-002484,CUS-SYN-010,2026-03-07T13:21:00-03:00,2026-03-09T13:21:00-03:00,2026-03-11T13:21:00-03:00,partially_fulfilled,B2B-V1-BASE,BLD-9102B6E8BF1ABFFC5F32,True
ORD-SYN-002485,CUS-SYN-109,2026-03-07T13:53:00-03:00,2026-03-09T13:53:00-03:00,2026-03-09T13:53:00-03:00,partially_fulfilled,B2B-V1-BASE,BLD-9102B6E8BF1ABFFC5F32,True
ORD-SYN-002486,CUS-SYN-118,2026-03-07T14:03:00-03:00,2026-03-09T14:03:00-03:00,2026-03-09T14:03:00-03:00,fulfilled,B2B-V1-BASE,BLD-9102B6E8BF1ABFFC5F32,True
ORD-SYN-002487,CUS-SYN-141,2026-03-07T15:35:00-03:00,2026-03-12T15:35:00-03:00,2026-03-13T15:35:00-03:00,fulfilled,B2B-V1-BASE,BLD-9102B6E8BF1ABFFC5F32,True
ORD-SYN-002488,CUS-SYN-146,2026-03-07T17:30:00-03:00,2026-03-10T17:30:00-03:00,2026-03-11T17:30:00-03:00,partially_fulfilled,B2B-V1-BASE,BLD-9102B6E8BF1ABFFC5F32,True
ORD-SYN-002489,CUS-SYN-041,2026-03-08T08:23:00-03:00,2026-03-12T08:23:00-03:00,2026-03-13T08:23:00-03:00,fulfilled,B2B-V1-BASE,BLD-9102B6E8BF1ABFFC5F32,True
ORD-SYN-002490,CUS-SYN-023,2026-03-08T08:25:00-03:00,2026-03-11T08:25:00-03:00,2026-03-12T08:25:00-03:00,partially_fulfilled,B2B-V1-BASE,BLD-9102B6E8BF1ABFFC5F32,True
ORD-SYN-002491,CUS-SYN-116,2026-03-08T10:29:00-03:00,2026-03-13T10:29:00-03:00,2026-03-14T10:29:00-03:00,fulfilled,B2B-V1-BASE,BLD-9102B6E8BF1ABFFC5F32,True
ORD-SYN-002492,CUS-SYN-122,2026-03-08T12:34:00-03:00,,2026-03-14T12:34:00-03:00,fulfilled,B2B-V1-BASE,BLD-9102B6E8BF1ABFFC5F32,True
ORD-SYN-002493,CUS-SYN-037,2026-03-08T13:13:00-03:00,2026-03-10T13:13:00-03:00,2026-03-10T13:13:00-03:00,fulfilled,B2B-V1-BASE,BLD-9102B6E8BF1ABFFC5F32,True
ORD-SYN-002494,CUS-SYN-085,2026-03-08T14:36:00-03:00,2026-03-10T14:36:00-03:00,2026-03-10T14:36:00-03:00,fulfilled,B2B-V1-BASE,BLD-9102B6E8BF1ABFFC5F32,True
ORD-SYN-002495,CUS-SYN-078,2026-03-08T15:15:00-03:00,,2026-03-12T15:15:00-03:00,fulfilled,B2B-V1-BASE,BLD-9102B6E8BF1ABFFC5F32,True
ORD-SYN-002496,CUS-SYN-007,2026-03-08T16:33:00-03:00,2026-03-10T16:33:00-03:00,2026-03-12T16:33:00-03:00,partially_fulfilled,B2B-V1-BASE,BLD-9102B6E8BF1ABFFC5F32,True
ORD-SYN-002497,CUS-SYN-122,2026-03-08T16:42:00-03:00,,2026-03-14T16:42:00-03:00,fulfilled,B2B-V1-BASE,BLD-9102B6E8BF1ABFFC5F32,True
ORD-SYN-002498,CUS-SYN-049,2026-03-08T16:55:00-03:00,,2026-03-11T16:55:00-03:00,fulfilled,B2B-V1-BASE,BLD-9102B6E8BF1ABFFC5F32,True
ORD-SYN-002499,CUS-SYN-149,2026-03-09T08:59:00-03:00,2026-03-11T08:59:00-03:00,2026-03-13T08:59:00-03:00,fulfilled,B2B-V1-BASE,BLD-9102B6E8BF1ABFFC5F32,True
ORD-SYN-002500,CUS-SYN-047,2026-03-09T09:14:00-03:00,2026-03-13T09:14:00-03:00,2026-03-13T09:14:00-03:00,fulfilled,B2B-V1-BASE,BLD-9102B6E8BF1ABFFC5F32,True
ORD-SYN-002501,CUS-SYN-149,2026-03-09T09:37:00-03:00,2026-03-10T09:37:00-03:00,2026-03-14T09:37:00-03:00,partially_fulfilled,B2B-V1-BASE,BLD-9102B6E8BF1ABFFC5F32,True
ORD-SYN-002502,CUS-SYN-031,2026-03-09T10:15:00-03:00,,2026-03-11T10:15:00-03:00,partially_fulfilled,B2B-V1-BASE,BLD-9102B6E8BF1ABFFC5F32,True
ORD-SYN-002503,CUS-SYN-086,2026-03-09T11:24:00-03:00,2026-03-11T11:24:00-03:00,2026-03-11T11:24:00-03:00,fulfilled,B2B-V1-BASE,BLD-9102B6E8BF1ABFFC5F32,True
ORD-SYN-002504,CUS-SYN-118,2026-03-09T12:05:00-03:00,2026-03-12T12:05:00-03:00,2026-03-14T12:05:00-03:00,partially_fulfilled,B2B-V1-BASE,BLD-9102B6E8BF1ABFFC5F32,True
ORD-SYN-002505,CUS-SYN-063,2026-03-09T13:29:00-03:00,2026-03-10T13:29:00-03:00,2026-03-14T13:29:00-03:00,fulfilled,B2B-V1-BASE,BLD-9102B6E8BF1ABFFC5F32,True
ORD-SYN-002506,CUS-SYN-141,2026-03-09T16:18:00-03:00,2026-03-15T16:18:00-03:00,2026-03-15T16:18:00-03:00,fulfilled,B2B-V1-BASE,BLD-9102B6E8BF1ABFFC5F32,True
ORD-SYN-002507,CUS-SYN-065,2026-03-10T09:47:00-03:00,2026-03-12T09:47:00-03:00,2026-03-13T09:47:00-03:00,fulfilled,B2B-V1-BASE,BLD-9102B6E8BF1ABFFC5F32,True
ORD-SYN-002508,CUS-SYN-136,2026-03-10T13:24:00-03:00,2026-03-11T13:24:00-03:00,2026-03-14T13:24:00-03:00,fulfilled,B2B-V1-BASE,BLD-9102B6E8BF1ABFFC5F32,True
ORD-SYN-002509,CUS-SYN-042,2026-03-10T13:52:00-03:00,2026-03-14T13:52:00-03:00,2026-03-15T13:52:00-03:00,fulfilled,B2B-V1-BASE,BLD-9102B6E8BF1ABFFC5F32,True
ORD-SYN-002510,CUS-SYN-019,2026-03-10T15:18:00-03:00,,2026-03-14T15:18:00-03:00,partially_fulfilled,B2B-V1-BASE,BLD-9102B6E8BF1ABFFC5F32,True
ORD-SYN-002511,CUS-SYN-079,2026-03-10T15:22:00-03:00,,2026-03-14T15:22:00-03:00,fulfilled,B2B-V1-BASE,BLD-9102B6E8BF1ABFFC5F32,True
ORD-SYN-002512,CUS-SYN-085,2026-03-10T15:43:00-03:00,2026-03-11T15:43:00-03:00,2026-03-14T15:43:00-03:00,fulfilled,B2B-V1-BASE,BLD-9102B6E8BF1ABFFC5F32,True
ORD-SYN-002513,CUS-SYN-122,2026-03-10T15:50:00-03:00,2026-03-14T15:50:00-03:00,2026-03-15T15:50:00-03:00,partially_fulfilled,B2B-V1-BASE,BLD-9102B6E8BF1ABFFC5F32,True
ORD-SYN-002514,CUS-SYN-066,2026-03-10T16:20:00-03:00,2026-03-13T16:20:00-03:00,2026-03-14T16:20:00-03:00,fulfilled,B2B-V1-BASE,BLD-9102B6E8BF1ABFFC5F32,True
ORD-SYN-002515,CUS-SYN-106,2026-03-10T17:03:00-03:00,2026-03-13T17:03:00-03:00,2026-03-15T17:03:00-03:00,fulfilled,B2B-V1-BASE,BLD-9102B6E8BF1ABFFC5F32,True
ORD-SYN-002516,CUS-SYN-083,2026-03-11T11:57:00-03:00,2026-03-14T11:57:00-03:00,2026-03-17T11:57:00-03:00,fulfilled,B2B-V1-BASE,BLD-9102B6E8BF1ABFFC5F32,True
ORD-SYN-002517,CUS-SYN-129,2026-03-11T13:33:00-03:00,2026-03-14T13:33:00-03:00,2026-03-16T13:33:00-03:00,fulfilled,B2B-V1-BASE,BLD-9102B6E8BF1ABFFC5F32,True
ORD-SYN-002518,CUS-SYN-028,2026-03-11T13:38:00-03:00,2026-03-12T13:38:00-03:00,2026-03-14T13:38:00-03:00,fulfilled,B2B-V1-BASE,BLD-9102B6E8BF1ABFFC5F32,True
ORD-SYN-002519,CUS-SYN-053,2026-03-11T13:48:00-03:00,,2026-03-13T13:48:00-03:00,fulfilled,B2B-V1-BASE,BLD-9102B6E8BF1ABFFC5F32,True
ORD-SYN-002520,CUS-SYN-082,2026-03-11T13:49:00-03:00,2026-03-15T13:49:00-03:00,2026-03-17T13:49:00-03:00,fulfilled,B2B-V1-BASE,BLD-9102B6E8BF1ABFFC5F32,True
ORD-SYN-002521,CUS-SYN-058,2026-03-11T14:40:00-03:00,2026-03-13T14:40:00-03:00,2026-03-17T14:40:00-03:00,fulfilled,B2B-V1-BASE,BLD-9102B6E8BF1ABFFC5F32,True
ORD-SYN-002522,CUS-SYN-049,2026-03-11T14:55:00-03:00,2026-03-15T14:55:00-03:00,2026-03-16T14:55:00-03:00,fulfilled,B2B-V1-BASE,BLD-9102B6E8BF1ABFFC5F32,True
ORD-SYN-002523,CUS-SYN-022,2026-03-11T16:53:00-03:00,,2026-03-15T16:53:00-03:00,fulfilled,B2B-V1-BASE,BLD-9102B6E8BF1ABFFC5F32,True
ORD-SYN-002524,CUS-SYN-091,2026-03-11T17:25:00-03:00,,2026-03-15T17:25:00-03:00,fulfilled,B2B-V1-BASE,BLD-9102B6E8BF1ABFFC5F32,True
ORD-SYN-002525,CUS-SYN-053,2026-03-12T09:34:00-03:00,2026-03-14T09:34:00-03:00,2026-03-18T09:34:00-03:00,partially_fulfilled,B2B-V1-BASE,BLD-9102B6E8BF1ABFFC5F32,True
ORD-SYN-002526,CUS-SYN-127,2026-03-12T13:31:00-03:00,2026-03-16T13:31:00-03:00,2026-03-17T13:31:00-03:00,partially_fulfilled,B2B-V1-BASE,BLD-9102B6E8BF1ABFFC5F32,True
ORD-SYN-002527,CUS-SYN-032,2026-03-12T14:42:00-03:00,,2026-03-14T14:42:00-03:00,fulfilled,B2B-V1-BASE,BLD-9102B6E8BF1ABFFC5F32,True
ORD-SYN-002528,CUS-SYN-077,2026-03-12T15:00:00-03:00,2026-03-14T15:00:00-03:00,2026-03-15T15:00:00-03:00,fulfilled,B2B-V1-BASE,BLD-9102B6E8BF1ABFFC5F32,True
ORD-SYN-002529,CUS-SYN-042,2026-03-12T17:09:00-03:00,2026-03-18T17:09:00-03:00,2026-03-18T17:09:00-03:00,partially_fulfilled,B2B-V1-BASE,BLD-9102B6E8BF1ABFFC5F32,True
ORD-SYN-002530,CUS-SYN-052,2026-03-13T08:25:00-03:00,,2026-03-15T08:25:00-03:00,fulfilled,B2B-V1-BASE,BLD-9102B6E8BF1ABFFC5F32,True
ORD-SYN-002531,CUS-SYN-030,2026-03-13T09:32:00-03:00,2026-03-14T09:32:00-03:00,2026-03-15T09:32:00-03:00,fulfilled,B2B-V1-BASE,BLD-9102B6E8BF1ABFFC5F32,True
ORD-SYN-002532,CUS-SYN-006,2026-03-13T09:34:00-03:00,2026-03-15T09:34:00-03:00,2026-03-16T09:34:00-03:00,fulfilled,B2B-V1-BASE,BLD-9102B6E8BF1ABFFC5F32,True
ORD-SYN-002533,CUS-SYN-132,2026-03-13T09:58:00-03:00,2026-03-17T09:58:00-03:00,2026-03-17T09:58:00-03:00,fulfilled,B2B-V1-BASE,BLD-9102B6E8BF1ABFFC5F32,True
ORD-SYN-002534,CUS-SYN-038,2026-03-13T10:02:00-03:00,2026-03-14T10:02:00-03:00,2026-03-17T10:02:00-03:00,fulfilled,B2B-V1-BASE,BLD-9102B6E8BF1ABFFC5F32,True
ORD-SYN-002535,CUS-SYN-002,2026-03-13T10:09:00-03:00,2026-03-16T10:09:00-03:00,2026-03-16T10:09:00-03:00,fulfilled,B2B-V1-BASE,BLD-9102B6E8BF1ABFFC5F32,True
ORD-SYN-002536,CUS-SYN-054,2026-03-13T13:37:00-03:00,2026-03-15T13:37:00-03:00,2026-03-19T13:37:00-03:00,partially_fulfilled,B2B-V1-BASE,BLD-9102B6E8BF1ABFFC5F32,True
ORD-SYN-002537,CUS-SYN-041,2026-03-13T13:52:00-03:00,2026-03-18T13:52:00-03:00,2026-03-19T13:52:00-03:00,fulfilled,B2B-V1-BASE,BLD-9102B6E8BF1ABFFC5F32,True
ORD-SYN-002538,CUS-SYN-131,2026-03-13T14:33:00-03:00,2026-03-14T14:33:00-03:00,2026-03-15T14:33:00-03:00,fulfilled,B2B-V1-BASE,BLD-9102B6E8BF1ABFFC5F32,True
ORD-SYN-002539,CUS-SYN-130,2026-03-13T15:02:00-03:00,,2026-03-15T15:02:00-03:00,fulfilled,B2B-V1-BASE,BLD-9102B6E8BF1ABFFC5F32,True
ORD-SYN-002540,CUS-SYN-041,2026-03-13T15:26:00-03:00,2026-03-14T15:26:00-03:00,2026-03-15T15:26:00-03:00,fulfilled,B2B-V1-BASE,BLD-9102B6E8BF1ABFFC5F32,True
ORD-SYN-002541,CUS-SYN-030,2026-03-13T15:43:00-03:00,2026-03-16T15:43:00-03:00,2026-03-19T15:43:00-03:00,fulfilled,B2B-V1-BASE,BLD-9102B6E8BF1ABFFC5F32,True
ORD-SYN-002542,CUS-SYN-117,2026-03-13T17:31:00-03:00,2026-03-14T17:31:00-03:00,2026-03-18T17:31:00-03:00,fulfilled,B2B-V1-BASE,BLD-9102B6E8BF1ABFFC5F32,True
ORD-SYN-002543,CUS-SYN-003,2026-03-13T17:43:00-03:00,2026-03-17T17:43:00-03:00,2026-03-19T17:43:00-03:00,fulfilled,B2B-V1-BASE,BLD-9102B6E8BF1ABFFC5F32,True
ORD-SYN-002544,CUS-SYN-149,2026-03-14T09:47:00-03:00,2026-03-16T09:47:00-03:00,2026-03-20T09:47:00-03:00,partially_fulfilled,B2B-V1-BASE,BLD-9102B6E8BF1ABFFC5F32,True
ORD-SYN-002545,CUS-SYN-137,2026-03-14T10:38:00-03:00,2026-03-18T10:38:00-03:00,2026-03-18T10:38:00-03:00,fulfilled,B2B-V1-BASE,BLD-9102B6E8BF1ABFFC5F32,True
ORD-SYN-002546,CUS-SYN-069,2026-03-14T11:35:00-03:00,,2026-03-18T11:35:00-03:00,fulfilled,B2B-V1-BASE,BLD-9102B6E8BF1ABFFC5F32,True
ORD-SYN-002547,CUS-SYN-051,2026-03-14T13:00:00-03:00,2026-03-16T13:00:00-03:00,2026-03-17T13:00:00-03:00,fulfilled,B2B-V1-BASE,BLD-9102B6E8BF1ABFFC5F32,True
ORD-SYN-002548,CUS-SYN-020,2026-03-14T13:55:00-03:00,2026-03-16T13:55:00-03:00,2026-03-18T13:55:00-03:00,fulfilled,B2B-V1-BASE,BLD-9102B6E8BF1ABFFC5F32,True
ORD-SYN-002549,CUS-SYN-090,2026-03-14T14:05:00-03:00,2026-03-15T14:05:00-03:00,2026-03-19T14:05:00-03:00,fulfilled,B2B-V1-BASE,BLD-9102B6E8BF1ABFFC5F32,True
ORD-SYN-002550,CUS-SYN-025,2026-03-14T14:10:00-03:00,2026-03-15T14:10:00-03:00,2026-03-16T14:10:00-03:00,fulfilled,B2B-V1-BASE,BLD-9102B6E8BF1ABFFC5F32,True
ORD-SYN-002551,CUS-SYN-148,2026-03-14T14:51:00-03:00,2026-03-19T14:51:00-03:00,2026-03-19T14:51:00-03:00,fulfilled,B2B-V1-BASE,BLD-9102B6E8BF1ABFFC5F32,True
ORD-SYN-002552,CUS-SYN-120,2026-03-14T15:41:00-03:00,2026-03-16T15:41:00-03:00,2026-03-17T15:41:00-03:00,fulfilled,B2B-V1-BASE,BLD-9102B6E8BF1ABFFC5F32,True
ORD-SYN-002553,CUS-SYN-005,2026-03-14T16:19:00-03:00,2026-03-17T16:19:00-03:00,2026-03-18T16:19:00-03:00,fulfilled,B2B-V1-BASE,BLD-9102B6E8BF1ABFFC5F32,True
ORD-SYN-002554,CUS-SYN-093,2026-03-14T16:25:00-03:00,2026-03-15T16:25:00-03:00,2026-03-18T16:25:00-03:00,fulfilled,B2B-V1-BASE,BLD-9102B6E8BF1ABFFC5F32,True
ORD-SYN-002555,CUS-SYN-100,2026-03-14T16:53:00-03:00,2026-03-17T16:53:00-03:00,2026-03-17T16:53:00-03:00,fulfilled,B2B-V1-BASE,BLD-9102B6E8BF1ABFFC5F32,True
ORD-SYN-002556,CUS-SYN-030,2026-03-14T17:19:00-03:00,,2026-03-20T17:19:00-03:00,fulfilled,B2B-V1-BASE,BLD-9102B6E8BF1ABFFC5F32,True
ORD-SYN-002557,CUS-SYN-033,2026-03-15T11:21:00-03:00,2026-03-17T11:21:00-03:00,2026-03-17T11:21:00-03:00,fulfilled,B2B-V1-BASE,BLD-9102B6E8BF1ABFFC5F32,True
ORD-SYN-002558,CUS-SYN-009,2026-03-15T11:43:00-03:00,2026-03-19T11:43:00-03:00,2026-03-20T11:43:00-03:00,fulfilled,B2B-V1-BASE,BLD-9102B6E8BF1ABFFC5F32,True
ORD-SYN-002559,CUS-SYN-010,2026-03-15T11:47:00-03:00,2026-03-20T11:47:00-03:00,2026-03-21T11:47:00-03:00,fulfilled,B2B-V1-BASE,BLD-9102B6E8BF1ABFFC5F32,True
ORD-SYN-002560,CUS-SYN-002,2026-03-15T12:06:00-03:00,2026-03-16T12:06:00-03:00,2026-03-17T12:06:00-03:00,fulfilled,B2B-V1-BASE,BLD-9102B6E8BF1ABFFC5F32,True
ORD-SYN-002561,CUS-SYN-019,2026-03-15T13:35:00-03:00,,2026-03-19T13:35:00-03:00,fulfilled,B2B-V1-BASE,BLD-9102B6E8BF1ABFFC5F32,True
ORD-SYN-002562,CUS-SYN-018,2026-03-15T13:51:00-03:00,2026-03-16T13:51:00-03:00,2026-03-18T13:51:00-03:00,fulfilled,B2B-V1-BASE,BLD-9102B6E8BF1ABFFC5F32,True
ORD-SYN-002563,CUS-SYN-133,2026-03-15T13:55:00-03:00,2026-03-18T13:55:00-03:00,2026-03-18T13:55:00-03:00,fulfilled,B2B-V1-BASE,BLD-9102B6E8BF1ABFFC5F32,True
ORD-SYN-002564,CUS-SYN-094,2026-03-15T14:07:00-03:00,2026-03-16T14:07:00-03:00,2026-03-17T14:07:00-03:00,fulfilled,B2B-V1-BASE,BLD-9102B6E8BF1ABFFC5F32,True
ORD-SYN-002565,CUS-SYN-003,2026-03-15T15:43:00-03:00,2026-03-17T15:43:00-03:00,2026-03-20T15:43:00-03:00,fulfilled,B2B-V1-BASE,BLD-9102B6E8BF1ABFFC5F32,True
ORD-SYN-002566,CUS-SYN-074,2026-03-15T16:12:00-03:00,2026-03-17T16:12:00-03:00,2026-03-19T16:12:00-03:00,fulfilled,B2B-V1-BASE,BLD-9102B6E8BF1ABFFC5F32,True
ORD-SYN-002567,CUS-SYN-077,2026-03-15T16:42:00-03:00,2026-03-20T16:42:00-03:00,2026-03-20T16:42:00-03:00,fulfilled,B2B-V1-BASE,BLD-9102B6E8BF1ABFFC5F32,True
ORD-SYN-002568,CUS-SYN-034,2026-03-15T17:14:00-03:00,2026-03-19T17:14:00-03:00,2026-03-20T17:14:00-03:00,partially_fulfilled,B2B-V1-BASE,BLD-9102B6E8BF1ABFFC5F32,True
ORD-SYN-002569,CUS-SYN-110,2026-03-15T17:34:00-03:00,2026-03-19T17:34:00-03:00,2026-03-21T17:34:00-03:00,fulfilled,B2B-V1-BASE,BLD-9102B6E8BF1ABFFC5F32,True
ORD-SYN-002570,CUS-SYN-130,2026-03-16T08:22:00-03:00,2026-03-21T08:22:00-03:00,2026-03-22T08:22:00-03:00,fulfilled,B2B-V1-BASE,BLD-9102B6E8BF1ABFFC5F32,True
ORD-SYN-002571,CUS-SYN-134,2026-03-16T08:34:00-03:00,2026-03-18T08:34:00-03:00,2026-03-21T08:34:00-03:00,fulfilled,B2B-V1-BASE,BLD-9102B6E8BF1ABFFC5F32,True
ORD-SYN-002572,CUS-SYN-026,2026-03-16T09:11:00-03:00,2026-03-18T09:11:00-03:00,2026-03-18T09:11:00-03:00,fulfilled,B2B-V1-BASE,BLD-9102B6E8BF1ABFFC5F32,True
ORD-SYN-002573,CUS-SYN-018,2026-03-16T09:12:00-03:00,2026-03-20T09:12:00-03:00,2026-03-21T09:12:00-03:00,fulfilled,B2B-V1-BASE,BLD-9102B6E8BF1ABFFC5F32,True
ORD-SYN-002574,CUS-SYN-085,2026-03-16T09:42:00-03:00,2026-03-20T09:42:00-03:00,2026-03-20T09:42:00-03:00,partially_fulfilled,B2B-V1-BASE,BLD-9102B6E8BF1ABFFC5F32,True
ORD-SYN-002575,CUS-SYN-058,2026-03-16T10:13:00-03:00,2026-03-18T10:13:00-03:00,2026-03-18T10:13:00-03:00,fulfilled,B2B-V1-BASE,BLD-9102B6E8BF1ABFFC5F32,True
ORD-SYN-002576,CUS-SYN-017,2026-03-16T10:38:00-03:00,2026-03-19T10:38:00-03:00,2026-03-19T10:38:00-03:00,fulfilled,B2B-V1-BASE,BLD-9102B6E8BF1ABFFC5F32,True
ORD-SYN-002577,CUS-SYN-011,2026-03-16T13:00:00-03:00,2026-03-18T13:00:00-03:00,2026-03-19T13:00:00-03:00,fulfilled,B2B-V1-BASE,BLD-9102B6E8BF1ABFFC5F32,True
ORD-SYN-002578,CUS-SYN-073,2026-03-16T13:18:00-03:00,2026-03-20T13:18:00-03:00,2026-03-20T13:18:00-03:00,fulfilled,B2B-V1-BASE,BLD-9102B6E8BF1ABFFC5F32,True
ORD-SYN-002579,CUS-SYN-129,2026-03-16T13:45:00-03:00,2026-03-19T13:45:00-03:00,2026-03-22T13:45:00-03:00,partially_fulfilled,B2B-V1-BASE,BLD-9102B6E8BF1ABFFC5F32,True
ORD-SYN-002580,CUS-SYN-082,2026-03-16T13:54:00-03:00,2026-03-17T13:54:00-03:00,2026-03-18T13:54:00-03:00,fulfilled,B2B-V1-BASE,BLD-9102B6E8BF1ABFFC5F32,True
ORD-SYN-002581,CUS-SYN-139,2026-03-16T14:22:00-03:00,2026-03-20T14:22:00-03:00,2026-03-21T14:22:00-03:00,fulfilled,B2B-V1-BASE,BLD-9102B6E8BF1ABFFC5F32,True
ORD-SYN-002582,CUS-SYN-093,2026-03-16T14:28:00-03:00,2026-03-21T14:28:00-03:00,2026-03-21T14:28:00-03:00,fulfilled,B2B-V1-BASE,BLD-9102B6E8BF1ABFFC5F32,True
ORD-SYN-002583,CUS-SYN-025,2026-03-16T14:35:00-03:00,2026-03-18T14:35:00-03:00,2026-03-22T14:35:00-03:00,partially_fulfilled,B2B-V1-BASE,BLD-9102B6E8BF1ABFFC5F32,True
ORD-SYN-002584,CUS-SYN-065,2026-03-16T17:36:00-03:00,2026-03-18T17:36:00-03:00,2026-03-20T17:36:00-03:00,fulfilled,B2B-V1-BASE,BLD-9102B6E8BF1ABFFC5F32,True
ORD-SYN-002585,CUS-SYN-011,2026-03-17T08:54:00-03:00,,2026-03-19T08:54:00-03:00,fulfilled,B2B-V1-BASE,BLD-9102B6E8BF1ABFFC5F32,True
ORD-SYN-002586,CUS-SYN-150,2026-03-17T09:15:00-03:00,2026-03-22T09:15:00-03:00,2026-03-22T09:15:00-03:00,fulfilled,B2B-V1-BASE,BLD-9102B6E8BF1ABFFC5F32,True
ORD-SYN-002587,CUS-SYN-067,2026-03-17T09:27:00-03:00,2026-03-21T09:27:00-03:00,2026-03-22T09:27:00-03:00,fulfilled,B2B-V1-BASE,BLD-9102B6E8BF1ABFFC5F32,True
ORD-SYN-002588,CUS-SYN-122,2026-03-17T10:11:00-03:00,2026-03-21T10:11:00-03:00,2026-03-22T10:11:00-03:00,fulfilled,B2B-V1-BASE,BLD-9102B6E8BF1ABFFC5F32,True
ORD-SYN-002589,CUS-SYN-021,2026-03-17T10:14:00-03:00,2026-03-19T10:14:00-03:00,2026-03-19T10:14:00-03:00,fulfilled,B2B-V1-BASE,BLD-9102B6E8BF1ABFFC5F32,True
ORD-SYN-002590,CUS-SYN-073,2026-03-17T10:33:00-03:00,2026-03-18T10:33:00-03:00,2026-03-19T10:33:00-03:00,fulfilled,B2B-V1-BASE,BLD-9102B6E8BF1ABFFC5F32,True
ORD-SYN-002591,CUS-SYN-149,2026-03-17T11:26:00-03:00,2026-03-19T11:26:00-03:00,2026-03-20T11:26:00-03:00,fulfilled,B2B-V1-BASE,BLD-9102B6E8BF1ABFFC5F32,True
ORD-SYN-002592,CUS-SYN-048,2026-03-17T13:57:00-03:00,,2026-03-23T13:57:00-03:00,fulfilled,B2B-V1-BASE,BLD-9102B6E8BF1ABFFC5F32,True
ORD-SYN-002593,CUS-SYN-132,2026-03-17T14:07:00-03:00,2026-03-18T14:07:00-03:00,2026-03-20T14:07:00-03:00,partially_fulfilled,B2B-V1-BASE,BLD-9102B6E8BF1ABFFC5F32,True
ORD-SYN-002594,CUS-SYN-129,2026-03-17T14:52:00-03:00,2026-03-20T14:52:00-03:00,2026-03-21T14:52:00-03:00,fulfilled,B2B-V1-BASE,BLD-9102B6E8BF1ABFFC5F32,True
ORD-SYN-002595,CUS-SYN-077,2026-03-17T15:22:00-03:00,,2026-03-22T15:22:00-03:00,fulfilled,B2B-V1-BASE,BLD-9102B6E8BF1ABFFC5F32,True
ORD-SYN-002596,CUS-SYN-025,2026-03-17T17:13:00-03:00,2026-03-18T17:13:00-03:00,2026-03-22T17:13:00-03:00,fulfilled,B2B-V1-BASE,BLD-9102B6E8BF1ABFFC5F32,True
ORD-SYN-002597,CUS-SYN-102,2026-03-18T09:09:00-03:00,2026-03-19T09:09:00-03:00,2026-03-20T09:09:00-03:00,fulfilled,B2B-V1-BASE,BLD-9102B6E8BF1ABFFC5F32,True
ORD-SYN-002598,CUS-SYN-017,2026-03-18T09:44:00-03:00,2026-03-21T09:44:00-03:00,2026-03-21T09:44:00-03:00,fulfilled,B2B-V1-BASE,BLD-9102B6E8BF1ABFFC5F32,True
ORD-SYN-002599,CUS-SYN-008,2026-03-18T09:54:00-03:00,2026-03-21T09:54:00-03:00,2026-03-21T09:54:00-03:00,fulfilled,B2B-V1-BASE,BLD-9102B6E8BF1ABFFC5F32,True
ORD-SYN-002600,CUS-SYN-005,2026-03-18T10:10:00-03:00,2026-03-20T10:10:00-03:00,2026-03-20T10:10:00-03:00,partially_fulfilled,B2B-V1-BASE,BLD-9102B6E8BF1ABFFC5F32,True
ORD-SYN-002601,CUS-SYN-093,2026-03-18T13:11:00-03:00,2026-03-20T13:11:00-03:00,2026-03-20T13:11:00-03:00,partially_fulfilled,B2B-V1-BASE,BLD-9102B6E8BF1ABFFC5F32,True
ORD-SYN-002602,CUS-SYN-018,2026-03-18T13:32:00-03:00,2026-03-23T13:32:00-03:00,2026-03-23T13:32:00-03:00,fulfilled,B2B-V1-BASE,BLD-9102B6E8BF1ABFFC5F32,True
ORD-SYN-002603,CUS-SYN-125,2026-03-18T14:37:00-03:00,2026-03-19T14:37:00-03:00,2026-03-22T14:37:00-03:00,fulfilled,B2B-V1-BASE,BLD-9102B6E8BF1ABFFC5F32,True
ORD-SYN-002604,CUS-SYN-037,2026-03-18T15:32:00-03:00,,2026-03-23T15:32:00-03:00,fulfilled,B2B-V1-BASE,BLD-9102B6E8BF1ABFFC5F32,True
ORD-SYN-002605,CUS-SYN-091,2026-03-18T15:33:00-03:00,2026-03-20T15:33:00-03:00,2026-03-22T15:33:00-03:00,fulfilled,B2B-V1-BASE,BLD-9102B6E8BF1ABFFC5F32,True
ORD-SYN-002606,CUS-SYN-118,2026-03-18T17:47:00-03:00,2026-03-23T17:47:00-03:00,2026-03-24T17:47:00-03:00,fulfilled,B2B-V1-BASE,BLD-9102B6E8BF1ABFFC5F32,True
ORD-SYN-002607,CUS-SYN-100,2026-03-19T08:02:00-03:00,2026-03-21T08:02:00-03:00,2026-03-22T08:02:00-03:00,fulfilled,B2B-V1-BASE,BLD-9102B6E8BF1ABFFC5F32,True
ORD-SYN-002608,CUS-SYN-118,2026-03-19T08:53:00-03:00,2026-03-22T08:53:00-03:00,2026-03-23T08:53:00-03:00,fulfilled,B2B-V1-BASE,BLD-9102B6E8BF1ABFFC5F32,True
ORD-SYN-002609,CUS-SYN-078,2026-03-19T11:35:00-03:00,2026-03-21T11:35:00-03:00,2026-03-23T11:35:00-03:00,fulfilled,B2B-V1-BASE,BLD-9102B6E8BF1ABFFC5F32,True
ORD-SYN-002610,CUS-SYN-045,2026-03-19T12:18:00-03:00,2026-03-22T12:18:00-03:00,2026-03-24T12:18:00-03:00,partially_fulfilled,B2B-V1-BASE,BLD-9102B6E8BF1ABFFC5F32,True
ORD-SYN-002611,CUS-SYN-106,2026-03-19T12:38:00-03:00,2026-03-21T12:38:00-03:00,2026-03-21T12:38:00-03:00,fulfilled,B2B-V1-BASE,BLD-9102B6E8BF1ABFFC5F32,True
ORD-SYN-002612,CUS-SYN-022,2026-03-19T13:29:00-03:00,2026-03-24T13:29:00-03:00,2026-03-25T13:29:00-03:00,fulfilled,B2B-V1-BASE,BLD-9102B6E8BF1ABFFC5F32,True
ORD-SYN-002613,CUS-SYN-096,2026-03-19T13:54:00-03:00,2026-03-22T13:54:00-03:00,2026-03-22T13:54:00-03:00,partially_fulfilled,B2B-V1-BASE,BLD-9102B6E8BF1ABFFC5F32,True
ORD-SYN-002614,CUS-SYN-003,2026-03-19T16:31:00-03:00,,2026-03-21T16:31:00-03:00,fulfilled,B2B-V1-BASE,BLD-9102B6E8BF1ABFFC5F32,True
ORD-SYN-002615,CUS-SYN-097,2026-03-19T17:38:00-03:00,2026-03-20T17:38:00-03:00,2026-03-21T17:38:00-03:00,fulfilled,B2B-V1-BASE,BLD-9102B6E8BF1ABFFC5F32,True
ORD-SYN-002616,CUS-SYN-134,2026-03-19T17:43:00-03:00,2026-03-20T17:43:00-03:00,2026-03-25T17:43:00-03:00,fulfilled,B2B-V1-BASE,BLD-9102B6E8BF1ABFFC5F32,True
ORD-SYN-002617,CUS-SYN-110,2026-03-19T17:44:00-03:00,,2026-03-24T17:44:00-03:00,partially_fulfilled,B2B-V1-BASE,BLD-9102B6E8BF1ABFFC5F32,True
ORD-SYN-002618,CUS-SYN-150,2026-03-20T08:43:00-03:00,2026-03-21T08:43:00-03:00,2026-03-23T08:43:00-03:00,fulfilled,B2B-V1-BASE,BLD-9102B6E8BF1ABFFC5F32,True
ORD-SYN-002619,CUS-SYN-101,2026-03-20T08:55:00-03:00,2026-03-25T08:55:00-03:00,2026-03-26T08:55:00-03:00,fulfilled,B2B-V1-BASE,BLD-9102B6E8BF1ABFFC5F32,True
ORD-SYN-002620,CUS-SYN-010,2026-03-20T09:39:00-03:00,2026-03-21T09:39:00-03:00,2026-03-23T09:39:00-03:00,fulfilled,B2B-V1-BASE,BLD-9102B6E8BF1ABFFC5F32,True
ORD-SYN-002621,CUS-SYN-093,2026-03-20T10:35:00-03:00,2026-03-21T10:35:00-03:00,2026-03-22T10:35:00-03:00,partially_fulfilled,B2B-V1-BASE,BLD-9102B6E8BF1ABFFC5F32,True
ORD-SYN-002622,CUS-SYN-018,2026-03-20T10:46:00-03:00,2026-03-23T10:46:00-03:00,2026-03-24T10:46:00-03:00,fulfilled,B2B-V1-BASE,BLD-9102B6E8BF1ABFFC5F32,True
ORD-SYN-002623,CUS-SYN-146,2026-03-20T10:49:00-03:00,2026-03-23T10:49:00-03:00,2026-03-24T10:49:00-03:00,fulfilled,B2B-V1-BASE,BLD-9102B6E8BF1ABFFC5F32,True
ORD-SYN-002624,CUS-SYN-142,2026-03-20T12:50:00-03:00,2026-03-22T12:50:00-03:00,2026-03-25T12:50:00-03:00,fulfilled,B2B-V1-BASE,BLD-9102B6E8BF1ABFFC5F32,True
ORD-SYN-002625,CUS-SYN-101,2026-03-20T13:03:00-03:00,2026-03-23T13:03:00-03:00,2026-03-23T13:03:00-03:00,partially_fulfilled,B2B-V1-BASE,BLD-9102B6E8BF1ABFFC5F32,True
ORD-SYN-002626,CUS-SYN-146,2026-03-20T13:56:00-03:00,2026-03-23T13:56:00-03:00,2026-03-26T13:56:00-03:00,partially_fulfilled,B2B-V1-BASE,BLD-9102B6E8BF1ABFFC5F32,True
ORD-SYN-002627,CUS-SYN-069,2026-03-20T14:33:00-03:00,2026-03-23T14:33:00-03:00,2026-03-26T14:33:00-03:00,fulfilled,B2B-V1-BASE,BLD-9102B6E8BF1ABFFC5F32,True
ORD-SYN-002628,CUS-SYN-078,2026-03-20T15:21:00-03:00,2026-03-24T15:21:00-03:00,2026-03-24T15:21:00-03:00,fulfilled,B2B-V1-BASE,BLD-9102B6E8BF1ABFFC5F32,True
ORD-SYN-002629,CUS-SYN-015,2026-03-20T15:53:00-03:00,2026-03-25T15:53:00-03:00,2026-03-25T15:53:00-03:00,fulfilled,B2B-V1-BASE,BLD-9102B6E8BF1ABFFC5F32,True
ORD-SYN-002630,CUS-SYN-079,2026-03-20T17:25:00-03:00,2026-03-26T17:25:00-03:00,2026-03-26T17:25:00-03:00,fulfilled,B2B-V1-BASE,BLD-9102B6E8BF1ABFFC5F32,True
ORD-SYN-002631,CUS-SYN-128,2026-03-20T17:31:00-03:00,,2026-03-23T17:31:00-03:00,fulfilled,B2B-V1-BASE,BLD-9102B6E8BF1ABFFC5F32,True
ORD-SYN-002632,CUS-SYN-080,2026-03-21T09:02:00-03:00,2026-03-24T09:02:00-03:00,2026-03-24T09:02:00-03:00,fulfilled,B2B-V1-BASE,BLD-9102B6E8BF1ABFFC5F32,True
ORD-SYN-002633,CUS-SYN-009,2026-03-21T09:42:00-03:00,2026-03-23T09:42:00-03:00,2026-03-23T09:42:00-03:00,partially_fulfilled,B2B-V1-BASE,BLD-9102B6E8BF1ABFFC5F32,True
ORD-SYN-002634,CUS-SYN-071,2026-03-21T10:35:00-03:00,,2026-03-24T10:35:00-03:00,fulfilled,B2B-V1-BASE,BLD-9102B6E8BF1ABFFC5F32,True
ORD-SYN-002635,CUS-SYN-097,2026-03-21T12:52:00-03:00,2026-03-22T12:52:00-03:00,2026-03-24T12:52:00-03:00,fulfilled,B2B-V1-BASE,BLD-9102B6E8BF1ABFFC5F32,True
ORD-SYN-002636,CUS-SYN-054,2026-03-21T13:11:00-03:00,2026-03-22T13:11:00-03:00,2026-03-24T13:11:00-03:00,fulfilled,B2B-V1-BASE,BLD-9102B6E8BF1ABFFC5F32,True
ORD-SYN-002637,CUS-SYN-134,2026-03-21T13:17:00-03:00,2026-03-23T13:17:00-03:00,2026-03-24T13:17:00-03:00,fulfilled,B2B-V1-BASE,BLD-9102B6E8BF1ABFFC5F32,True
ORD-SYN-002638,CUS-SYN-144,2026-03-21T14:01:00-03:00,2026-03-24T14:01:00-03:00,2026-03-25T14:01:00-03:00,partially_fulfilled,B2B-V1-BASE,BLD-9102B6E8BF1ABFFC5F32,True
ORD-SYN-002639,CUS-SYN-038,2026-03-21T14:36:00-03:00,2026-03-22T14:36:00-03:00,2026-03-24T14:36:00-03:00,fulfilled,B2B-V1-BASE,BLD-9102B6E8BF1ABFFC5F32,True
ORD-SYN-002640,CUS-SYN-149,2026-03-21T14:45:00-03:00,2026-03-24T14:45:00-03:00,2026-03-25T14:45:00-03:00,partially_fulfilled,B2B-V1-BASE,BLD-9102B6E8BF1ABFFC5F32,True
ORD-SYN-002641,CUS-SYN-025,2026-03-21T15:43:00-03:00,2026-03-24T15:43:00-03:00,2026-03-25T15:43:00-03:00,fulfilled,B2B-V1-BASE,BLD-9102B6E8BF1ABFFC5F32,True
ORD-SYN-002642,CUS-SYN-062,2026-03-21T16:16:00-03:00,2026-03-23T16:16:00-03:00,2026-03-25T16:16:00-03:00,fulfilled,B2B-V1-BASE,BLD-9102B6E8BF1ABFFC5F32,True
ORD-SYN-002643,CUS-SYN-119,2026-03-21T16:21:00-03:00,2026-03-22T16:21:00-03:00,2026-03-23T16:21:00-03:00,fulfilled,B2B-V1-BASE,BLD-9102B6E8BF1ABFFC5F32,True
ORD-SYN-002644,CUS-SYN-034,2026-03-21T16:45:00-03:00,2026-03-22T16:45:00-03:00,2026-03-23T16:45:00-03:00,fulfilled,B2B-V1-BASE,BLD-9102B6E8BF1ABFFC5F32,True
ORD-SYN-002645,CUS-SYN-006,2026-03-21T17:26:00-03:00,2026-03-25T17:26:00-03:00,2026-03-25T17:26:00-03:00,partially_fulfilled,B2B-V1-BASE,BLD-9102B6E8BF1ABFFC5F32,True
ORD-SYN-002646,CUS-SYN-115,2026-03-22T08:36:00-03:00,2026-03-23T08:36:00-03:00,2026-03-28T08:36:00-03:00,partially_fulfilled,B2B-V1-BASE,BLD-9102B6E8BF1ABFFC5F32,True
ORD-SYN-002647,CUS-SYN-066,2026-03-22T08:43:00-03:00,2026-03-24T08:43:00-03:00,2026-03-28T08:43:00-03:00,fulfilled,B2B-V1-BASE,BLD-9102B6E8BF1ABFFC5F32,True
ORD-SYN-002648,CUS-SYN-047,2026-03-22T10:14:00-03:00,2026-03-27T10:14:00-03:00,2026-03-27T10:14:00-03:00,partially_fulfilled,B2B-V1-BASE,BLD-9102B6E8BF1ABFFC5F32,True
ORD-SYN-002649,CUS-SYN-116,2026-03-22T10:32:00-03:00,2026-03-23T10:32:00-03:00,2026-03-25T10:32:00-03:00,fulfilled,B2B-V1-BASE,BLD-9102B6E8BF1ABFFC5F32,True
ORD-SYN-002650,CUS-SYN-074,2026-03-22T10:56:00-03:00,2026-03-27T10:56:00-03:00,2026-03-28T10:56:00-03:00,fulfilled,B2B-V1-BASE,BLD-9102B6E8BF1ABFFC5F32,True
ORD-SYN-002651,CUS-SYN-136,2026-03-22T11:09:00-03:00,2026-03-25T11:09:00-03:00,2026-03-26T11:09:00-03:00,fulfilled,B2B-V1-BASE,BLD-9102B6E8BF1ABFFC5F32,True
ORD-SYN-002652,CUS-SYN-119,2026-03-22T13:20:00-03:00,2026-03-24T13:20:00-03:00,2026-03-24T13:20:00-03:00,fulfilled,B2B-V1-BASE,BLD-9102B6E8BF1ABFFC5F32,True
ORD-SYN-002653,CUS-SYN-089,2026-03-22T14:30:00-03:00,2026-03-24T14:30:00-03:00,2026-03-24T14:30:00-03:00,fulfilled,B2B-V1-BASE,BLD-9102B6E8BF1ABFFC5F32,True
ORD-SYN-002654,CUS-SYN-003,2026-03-22T14:38:00-03:00,,2026-03-27T14:38:00-03:00,fulfilled,B2B-V1-BASE,BLD-9102B6E8BF1ABFFC5F32,True
ORD-SYN-002655,CUS-SYN-093,2026-03-22T15:21:00-03:00,2026-03-25T15:21:00-03:00,2026-03-25T15:21:00-03:00,fulfilled,B2B-V1-BASE,BLD-9102B6E8BF1ABFFC5F32,True
ORD-SYN-002656,CUS-SYN-141,2026-03-23T09:41:00-03:00,,2026-03-27T09:41:00-03:00,fulfilled,B2B-V1-BASE,BLD-9102B6E8BF1ABFFC5F32,True
ORD-SYN-002657,CUS-SYN-031,2026-03-23T10:41:00-03:00,2026-03-25T10:41:00-03:00,2026-03-27T10:41:00-03:00,fulfilled,B2B-V1-BASE,BLD-9102B6E8BF1ABFFC5F32,True
ORD-SYN-002658,CUS-SYN-075,2026-03-23T11:27:00-03:00,,2026-03-29T11:27:00-03:00,fulfilled,B2B-V1-BASE,BLD-9102B6E8BF1ABFFC5F32,True
ORD-SYN-002659,CUS-SYN-129,2026-03-23T12:35:00-03:00,2026-03-24T12:35:00-03:00,2026-03-25T12:35:00-03:00,fulfilled,B2B-V1-BASE,BLD-9102B6E8BF1ABFFC5F32,True
ORD-SYN-002660,CUS-SYN-057,2026-03-23T12:37:00-03:00,2026-03-25T12:37:00-03:00,2026-03-25T12:37:00-03:00,fulfilled,B2B-V1-BASE,BLD-9102B6E8BF1ABFFC5F32,True
ORD-SYN-002661,CUS-SYN-053,2026-03-23T12:49:00-03:00,,2026-03-25T12:49:00-03:00,partially_fulfilled,B2B-V1-BASE,BLD-9102B6E8BF1ABFFC5F32,True
ORD-SYN-002662,CUS-SYN-119,2026-03-23T12:51:00-03:00,2026-03-28T12:51:00-03:00,2026-03-29T12:51:00-03:00,fulfilled,B2B-V1-BASE,BLD-9102B6E8BF1ABFFC5F32,True
ORD-SYN-002663,CUS-SYN-110,2026-03-23T13:13:00-03:00,2026-03-24T13:13:00-03:00,2026-03-27T13:13:00-03:00,fulfilled,B2B-V1-BASE,BLD-9102B6E8BF1ABFFC5F32,True
ORD-SYN-002664,CUS-SYN-141,2026-03-23T14:54:00-03:00,2026-03-27T14:54:00-03:00,2026-03-27T14:54:00-03:00,fulfilled,B2B-V1-BASE,BLD-9102B6E8BF1ABFFC5F32,True
ORD-SYN-002665,CUS-SYN-134,2026-03-23T15:07:00-03:00,2026-03-24T15:07:00-03:00,2026-03-26T15:07:00-03:00,fulfilled,B2B-V1-BASE,BLD-9102B6E8BF1ABFFC5F32,True
ORD-SYN-002666,CUS-SYN-123,2026-03-23T15:27:00-03:00,,2026-03-25T15:27:00-03:00,fulfilled,B2B-V1-BASE,BLD-9102B6E8BF1ABFFC5F32,True
ORD-SYN-002667,CUS-SYN-049,2026-03-23T16:25:00-03:00,2026-03-24T16:25:00-03:00,2026-03-26T16:25:00-03:00,fulfilled,B2B-V1-BASE,BLD-9102B6E8BF1ABFFC5F32,True
ORD-SYN-002668,CUS-SYN-059,2026-03-23T17:54:00-03:00,2026-03-27T17:54:00-03:00,2026-03-27T17:54:00-03:00,fulfilled,B2B-V1-BASE,BLD-9102B6E8BF1ABFFC5F32,True
ORD-SYN-002669,CUS-SYN-077,2026-03-24T09:15:00-03:00,2026-03-26T09:15:00-03:00,2026-03-29T09:15:00-03:00,partially_fulfilled,B2B-V1-BASE,BLD-9102B6E8BF1ABFFC5F32,True
ORD-SYN-002670,CUS-SYN-127,2026-03-24T09:52:00-03:00,2026-03-25T09:52:00-03:00,2026-03-26T09:52:00-03:00,fulfilled,B2B-V1-BASE,BLD-9102B6E8BF1ABFFC5F32,True
ORD-SYN-002671,CUS-SYN-009,2026-03-24T11:47:00-03:00,,2026-03-30T11:47:00-03:00,fulfilled,B2B-V1-BASE,BLD-9102B6E8BF1ABFFC5F32,True
ORD-SYN-002672,CUS-SYN-125,2026-03-24T12:51:00-03:00,2026-03-26T12:51:00-03:00,2026-03-27T12:51:00-03:00,fulfilled,B2B-V1-BASE,BLD-9102B6E8BF1ABFFC5F32,True
ORD-SYN-002673,CUS-SYN-063,2026-03-24T13:28:00-03:00,2026-03-26T13:28:00-03:00,2026-03-27T13:28:00-03:00,fulfilled,B2B-V1-BASE,BLD-9102B6E8BF1ABFFC5F32,True
ORD-SYN-002674,CUS-SYN-064,2026-03-24T15:15:00-03:00,2026-03-27T15:15:00-03:00,2026-03-29T15:15:00-03:00,fulfilled,B2B-V1-BASE,BLD-9102B6E8BF1ABFFC5F32,True
ORD-SYN-002675,CUS-SYN-142,2026-03-24T16:05:00-03:00,2026-03-25T16:05:00-03:00,2026-03-27T16:05:00-03:00,partially_fulfilled,B2B-V1-BASE,BLD-9102B6E8BF1ABFFC5F32,True
ORD-SYN-002676,CUS-SYN-075,2026-03-24T17:08:00-03:00,2026-03-25T17:08:00-03:00,2026-03-26T17:08:00-03:00,fulfilled,B2B-V1-BASE,BLD-9102B6E8BF1ABFFC5F32,True
ORD-SYN-002677,CUS-SYN-103,2026-03-24T17:12:00-03:00,,2026-03-30T17:12:00-03:00,fulfilled,B2B-V1-BASE,BLD-9102B6E8BF1ABFFC5F32,True
ORD-SYN-002678,CUS-SYN-015,2026-03-24T17:45:00-03:00,2026-03-27T17:45:00-03:00,2026-03-28T17:45:00-03:00,partially_fulfilled,B2B-V1-BASE,BLD-9102B6E8BF1ABFFC5F32,True
ORD-SYN-002679,CUS-SYN-045,2026-03-25T08:16:00-03:00,2026-03-29T08:16:00-03:00,2026-03-29T08:16:00-03:00,fulfilled,B2B-V1-BASE,BLD-9102B6E8BF1ABFFC5F32,True
ORD-SYN-002680,CUS-SYN-066,2026-03-25T10:55:00-03:00,2026-03-28T10:55:00-03:00,2026-03-31T10:55:00-03:00,fulfilled,B2B-V1-BASE,BLD-9102B6E8BF1ABFFC5F32,True
ORD-SYN-002681,CUS-SYN-096,2026-03-25T11:06:00-03:00,2026-03-27T11:06:00-03:00,2026-03-28T11:06:00-03:00,fulfilled,B2B-V1-BASE,BLD-9102B6E8BF1ABFFC5F32,True
ORD-SYN-002682,CUS-SYN-061,2026-03-25T15:30:00-03:00,2026-03-27T15:30:00-03:00,2026-03-29T15:30:00-03:00,fulfilled,B2B-V1-BASE,BLD-9102B6E8BF1ABFFC5F32,True
ORD-SYN-002683,CUS-SYN-033,2026-03-25T16:32:00-03:00,,2026-03-31T16:32:00-03:00,partially_fulfilled,B2B-V1-BASE,BLD-9102B6E8BF1ABFFC5F32,True
ORD-SYN-002684,CUS-SYN-009,2026-03-25T17:26:00-03:00,,2026-03-27T17:26:00-03:00,fulfilled,B2B-V1-BASE,BLD-9102B6E8BF1ABFFC5F32,True
ORD-SYN-002685,CUS-SYN-149,2026-03-26T08:51:00-03:00,,2026-03-30T08:51:00-03:00,fulfilled,B2B-V1-BASE,BLD-9102B6E8BF1ABFFC5F32,True
ORD-SYN-002686,CUS-SYN-133,2026-03-26T08:52:00-03:00,2026-03-28T08:52:00-03:00,2026-03-30T08:52:00-03:00,fulfilled,B2B-V1-BASE,BLD-9102B6E8BF1ABFFC5F32,True
ORD-SYN-002687,CUS-SYN-025,2026-03-26T09:16:00-03:00,2026-03-27T09:16:00-03:00,2026-03-31T09:16:00-03:00,fulfilled,B2B-V1-BASE,BLD-9102B6E8BF1ABFFC5F32,True
ORD-SYN-002688,CUS-SYN-087,2026-03-26T09:24:00-03:00,,2026-03-28T09:24:00-03:00,fulfilled,B2B-V1-BASE,BLD-9102B6E8BF1ABFFC5F32,True
ORD-SYN-002689,CUS-SYN-135,2026-03-26T10:53:00-03:00,2026-03-27T10:53:00-03:00,2026-03-29T10:53:00-03:00,fulfilled,B2B-V1-BASE,BLD-9102B6E8BF1ABFFC5F32,True
ORD-SYN-002690,CUS-SYN-111,2026-03-26T11:14:00-03:00,,2026-03-31T11:14:00-03:00,fulfilled,B2B-V1-BASE,BLD-9102B6E8BF1ABFFC5F32,True
ORD-SYN-002691,CUS-SYN-077,2026-03-26T11:53:00-03:00,2026-03-28T11:53:00-03:00,2026-03-29T11:53:00-03:00,partially_fulfilled,B2B-V1-BASE,BLD-9102B6E8BF1ABFFC5F32,True
ORD-SYN-002692,CUS-SYN-106,2026-03-26T14:02:00-03:00,2026-03-29T14:02:00-03:00,2026-03-30T14:02:00-03:00,fulfilled,B2B-V1-BASE,BLD-9102B6E8BF1ABFFC5F32,True
ORD-SYN-002693,CUS-SYN-006,2026-03-26T14:21:00-03:00,2026-03-30T14:21:00-03:00,2026-03-31T14:21:00-03:00,fulfilled,B2B-V1-BASE,BLD-9102B6E8BF1ABFFC5F32,True
ORD-SYN-002694,CUS-SYN-015,2026-03-26T14:27:00-03:00,,2026-04-01T14:27:00-03:00,fulfilled,B2B-V1-BASE,BLD-9102B6E8BF1ABFFC5F32,True
ORD-SYN-002695,CUS-SYN-145,2026-03-26T15:47:00-03:00,2026-03-30T15:47:00-03:00,2026-03-30T15:47:00-03:00,fulfilled,B2B-V1-BASE,BLD-9102B6E8BF1ABFFC5F32,True
ORD-SYN-002696,CUS-SYN-111,2026-03-26T16:51:00-03:00,2026-03-27T16:51:00-03:00,2026-03-28T16:51:00-03:00,fulfilled,B2B-V1-BASE,BLD-9102B6E8BF1ABFFC5F32,True
ORD-SYN-002697,CUS-SYN-130,2026-03-26T17:15:00-03:00,2026-03-28T17:15:00-03:00,2026-03-29T17:15:00-03:00,fulfilled,B2B-V1-BASE,BLD-9102B6E8BF1ABFFC5F32,True
ORD-SYN-002698,CUS-SYN-081,2026-03-27T08:37:00-03:00,2026-03-28T08:37:00-03:00,2026-03-29T08:37:00-03:00,fulfilled,B2B-V1-BASE,BLD-9102B6E8BF1ABFFC5F32,True
ORD-SYN-002699,CUS-SYN-042,2026-03-27T09:31:00-03:00,2026-03-28T09:31:00-03:00,2026-03-29T09:31:00-03:00,fulfilled,B2B-V1-BASE,BLD-9102B6E8BF1ABFFC5F32,True
ORD-SYN-002700,CUS-SYN-106,2026-03-27T13:47:00-03:00,2026-03-31T13:47:00-03:00,2026-03-31T13:47:00-03:00,fulfilled,B2B-V1-BASE,BLD-9102B6E8BF1ABFFC5F32,True
ORD-SYN-002701,CUS-SYN-019,2026-03-27T14:00:00-03:00,2026-03-31T14:00:00-03:00,2026-03-31T14:00:00-03:00,fulfilled,B2B-V1-BASE,BLD-9102B6E8BF1ABFFC5F32,True
ORD-SYN-002702,CUS-SYN-019,2026-03-27T14:01:00-03:00,2026-03-28T14:01:00-03:00,2026-03-29T14:01:00-03:00,fulfilled,B2B-V1-BASE,BLD-9102B6E8BF1ABFFC5F32,True
ORD-SYN-002703,CUS-SYN-045,2026-03-27T14:43:00-03:00,2026-03-28T14:43:00-03:00,2026-04-02T14:43:00-03:00,fulfilled,B2B-V1-BASE,BLD-9102B6E8BF1ABFFC5F32,True
ORD-SYN-002704,CUS-SYN-054,2026-03-27T15:12:00-03:00,2026-03-31T15:12:00-03:00,2026-03-31T15:12:00-03:00,fulfilled,B2B-V1-BASE,BLD-9102B6E8BF1ABFFC5F32,True
ORD-SYN-002705,CUS-SYN-046,2026-03-27T17:15:00-03:00,2026-03-30T17:15:00-03:00,2026-04-01T17:15:00-03:00,fulfilled,B2B-V1-BASE,BLD-9102B6E8BF1ABFFC5F32,True
ORD-SYN-002706,CUS-SYN-045,2026-03-28T08:33:00-03:00,2026-03-30T08:33:00-03:00,2026-03-30T08:33:00-03:00,partially_fulfilled,B2B-V1-BASE,BLD-9102B6E8BF1ABFFC5F32,True
ORD-SYN-002707,CUS-SYN-139,2026-03-28T09:13:00-03:00,,2026-03-31T09:13:00-03:00,partially_fulfilled,B2B-V1-BASE,BLD-9102B6E8BF1ABFFC5F32,True
ORD-SYN-002708,CUS-SYN-061,2026-03-28T09:48:00-03:00,2026-03-31T09:48:00-03:00,2026-04-03T09:48:00-03:00,fulfilled,B2B-V1-BASE,BLD-9102B6E8BF1ABFFC5F32,True
ORD-SYN-002709,CUS-SYN-043,2026-03-28T10:09:00-03:00,2026-03-29T10:09:00-03:00,2026-03-30T10:09:00-03:00,partially_fulfilled,B2B-V1-BASE,BLD-9102B6E8BF1ABFFC5F32,True
ORD-SYN-002710,CUS-SYN-081,2026-03-28T12:29:00-03:00,,2026-03-31T12:29:00-03:00,fulfilled,B2B-V1-BASE,BLD-9102B6E8BF1ABFFC5F32,True
ORD-SYN-002711,CUS-SYN-130,2026-03-28T12:52:00-03:00,2026-03-30T12:52:00-03:00,2026-04-01T12:52:00-03:00,partially_fulfilled,B2B-V1-BASE,BLD-9102B6E8BF1ABFFC5F32,True
ORD-SYN-002712,CUS-SYN-030,2026-03-28T12:59:00-03:00,2026-03-29T12:59:00-03:00,2026-03-31T12:59:00-03:00,fulfilled,B2B-V1-BASE,BLD-9102B6E8BF1ABFFC5F32,True
ORD-SYN-002713,CUS-SYN-134,2026-03-28T13:45:00-03:00,2026-03-30T13:45:00-03:00,2026-04-03T13:45:00-03:00,partially_fulfilled,B2B-V1-BASE,BLD-9102B6E8BF1ABFFC5F32,True
ORD-SYN-002714,CUS-SYN-050,2026-03-28T14:50:00-03:00,2026-03-30T14:50:00-03:00,2026-04-01T14:50:00-03:00,fulfilled,B2B-V1-BASE,BLD-9102B6E8BF1ABFFC5F32,True
ORD-SYN-002715,CUS-SYN-018,2026-03-28T15:57:00-03:00,,2026-03-30T15:57:00-03:00,fulfilled,B2B-V1-BASE,BLD-9102B6E8BF1ABFFC5F32,True
ORD-SYN-002716,CUS-SYN-094,2026-03-29T09:27:00-03:00,2026-04-01T09:27:00-03:00,2026-04-01T09:27:00-03:00,fulfilled,B2B-V1-BASE,BLD-9102B6E8BF1ABFFC5F32,True
ORD-SYN-002717,CUS-SYN-149,2026-03-29T09:46:00-03:00,,2026-04-04T09:46:00-03:00,fulfilled,B2B-V1-BASE,BLD-9102B6E8BF1ABFFC5F32,True
ORD-SYN-002718,CUS-SYN-033,2026-03-29T09:47:00-03:00,2026-04-01T09:47:00-03:00,2026-04-03T09:47:00-03:00,fulfilled,B2B-V1-BASE,BLD-9102B6E8BF1ABFFC5F32,True
ORD-SYN-002719,CUS-SYN-053,2026-03-29T10:37:00-03:00,,2026-04-04T10:37:00-03:00,fulfilled,B2B-V1-BASE,BLD-9102B6E8BF1ABFFC5F32,True
ORD-SYN-002720,CUS-SYN-061,2026-03-29T12:14:00-03:00,,2026-04-03T12:14:00-03:00,fulfilled,B2B-V1-BASE,BLD-9102B6E8BF1ABFFC5F32,True
ORD-SYN-002721,CUS-SYN-060,2026-03-29T12:20:00-03:00,2026-04-02T12:20:00-03:00,2026-04-04T12:20:00-03:00,fulfilled,B2B-V1-BASE,BLD-9102B6E8BF1ABFFC5F32,True
ORD-SYN-002722,CUS-SYN-022,2026-03-29T12:27:00-03:00,2026-04-01T12:27:00-03:00,2026-04-03T12:27:00-03:00,fulfilled,B2B-V1-BASE,BLD-9102B6E8BF1ABFFC5F32,True
ORD-SYN-002723,CUS-SYN-017,2026-03-29T14:03:00-03:00,2026-03-31T14:03:00-03:00,2026-04-03T14:03:00-03:00,fulfilled,B2B-V1-BASE,BLD-9102B6E8BF1ABFFC5F32,True
ORD-SYN-002724,CUS-SYN-108,2026-03-29T15:49:00-03:00,2026-03-30T15:49:00-03:00,2026-04-03T15:49:00-03:00,fulfilled,B2B-V1-BASE,BLD-9102B6E8BF1ABFFC5F32,True
ORD-SYN-002725,CUS-SYN-107,2026-03-30T08:55:00-03:00,2026-04-01T08:55:00-03:00,2026-04-03T08:55:00-03:00,fulfilled,B2B-V1-BASE,BLD-9102B6E8BF1ABFFC5F32,True
ORD-SYN-002726,CUS-SYN-127,2026-03-30T10:50:00-03:00,2026-04-02T10:50:00-03:00,2026-04-04T10:50:00-03:00,fulfilled,B2B-V1-BASE,BLD-9102B6E8BF1ABFFC5F32,True
ORD-SYN-002727,CUS-SYN-104,2026-03-30T11:44:00-03:00,,2026-04-01T11:44:00-03:00,partially_fulfilled,B2B-V1-BASE,BLD-9102B6E8BF1ABFFC5F32,True
ORD-SYN-002728,CUS-SYN-017,2026-03-30T14:42:00-03:00,2026-04-02T14:42:00-03:00,2026-04-02T14:42:00-03:00,partially_fulfilled,B2B-V1-BASE,BLD-9102B6E8BF1ABFFC5F32,True
ORD-SYN-002729,CUS-SYN-051,2026-03-30T14:59:00-03:00,2026-04-02T14:59:00-03:00,2026-04-02T14:59:00-03:00,fulfilled,B2B-V1-BASE,BLD-9102B6E8BF1ABFFC5F32,True
ORD-SYN-002730,CUS-SYN-046,2026-03-30T17:28:00-03:00,2026-04-01T17:28:00-03:00,2026-04-02T17:28:00-03:00,fulfilled,B2B-V1-BASE,BLD-9102B6E8BF1ABFFC5F32,True
ORD-SYN-002731,CUS-SYN-141,2026-03-31T09:20:00-03:00,2026-04-03T09:20:00-03:00,2026-04-06T09:20:00-04:00,fulfilled,B2B-V1-BASE,BLD-9102B6E8BF1ABFFC5F32,True
ORD-SYN-002732,CUS-SYN-140,2026-03-31T13:27:00-03:00,,2026-04-05T13:27:00-04:00,fulfilled,B2B-V1-BASE,BLD-9102B6E8BF1ABFFC5F32,True
ORD-SYN-002733,CUS-SYN-121,2026-03-31T15:02:00-03:00,,2026-04-03T15:02:00-03:00,fulfilled,B2B-V1-BASE,BLD-9102B6E8BF1ABFFC5F32,True
ORD-SYN-002734,CUS-SYN-093,2026-03-31T16:42:00-03:00,2026-04-02T16:42:00-03:00,2026-04-04T16:42:00-03:00,fulfilled,B2B-V1-BASE,BLD-9102B6E8BF1ABFFC5F32,True
ORD-SYN-002735,CUS-SYN-117,2026-03-31T17:02:00-03:00,2026-04-05T17:02:00-04:00,2026-04-06T17:02:00-04:00,fulfilled,B2B-V1-BASE,BLD-9102B6E8BF1ABFFC5F32,True
ORD-SYN-002736,CUS-SYN-004,2026-04-01T08:40:00-03:00,2026-04-02T08:40:00-03:00,2026-04-05T08:40:00-04:00,fulfilled,B2B-V1-BASE,BLD-9102B6E8BF1ABFFC5F32,True
ORD-SYN-002737,CUS-SYN-114,2026-04-01T09:10:00-03:00,2026-04-02T09:10:00-03:00,2026-04-03T09:10:00-03:00,fulfilled,B2B-V1-BASE,BLD-9102B6E8BF1ABFFC5F32,True
ORD-SYN-002738,CUS-SYN-119,2026-04-01T10:59:00-03:00,2026-04-04T10:59:00-03:00,2026-04-04T10:59:00-03:00,fulfilled,B2B-V1-BASE,BLD-9102B6E8BF1ABFFC5F32,True
ORD-SYN-002739,CUS-SYN-149,2026-04-01T11:20:00-03:00,2026-04-05T11:20:00-04:00,2026-04-07T11:20:00-04:00,fulfilled,B2B-V1-BASE,BLD-9102B6E8BF1ABFFC5F32,True
ORD-SYN-002740,CUS-SYN-076,2026-04-01T11:43:00-03:00,2026-04-02T11:43:00-03:00,2026-04-03T11:43:00-03:00,partially_fulfilled,B2B-V1-BASE,BLD-9102B6E8BF1ABFFC5F32,True
ORD-SYN-002741,CUS-SYN-098,2026-04-01T12:40:00-03:00,2026-04-03T12:40:00-03:00,2026-04-05T12:40:00-04:00,fulfilled,B2B-V1-BASE,BLD-9102B6E8BF1ABFFC5F32,True
ORD-SYN-002742,CUS-SYN-138,2026-04-01T13:28:00-03:00,2026-04-02T13:28:00-03:00,2026-04-03T13:28:00-03:00,fulfilled,B2B-V1-BASE,BLD-9102B6E8BF1ABFFC5F32,True
ORD-SYN-002743,CUS-SYN-038,2026-04-01T14:45:00-03:00,2026-04-04T14:45:00-03:00,2026-04-05T14:45:00-04:00,fulfilled,B2B-V1-BASE,BLD-9102B6E8BF1ABFFC5F32,True
ORD-SYN-002744,CUS-SYN-150,2026-04-01T16:49:00-03:00,2026-04-06T16:49:00-04:00,2026-04-07T16:49:00-04:00,partially_fulfilled,B2B-V1-BASE,BLD-9102B6E8BF1ABFFC5F32,True
ORD-SYN-002745,CUS-SYN-082,2026-04-01T17:13:00-03:00,2026-04-04T17:13:00-03:00,2026-04-05T17:13:00-04:00,fulfilled,B2B-V1-BASE,BLD-9102B6E8BF1ABFFC5F32,True
ORD-SYN-002746,CUS-SYN-062,2026-04-02T08:05:00-03:00,2026-04-04T08:05:00-03:00,2026-04-04T08:05:00-03:00,fulfilled,B2B-V1-BASE,BLD-9102B6E8BF1ABFFC5F32,True
ORD-SYN-002747,CUS-SYN-059,2026-04-02T08:53:00-03:00,2026-04-03T08:53:00-03:00,2026-04-04T08:53:00-03:00,partially_fulfilled,B2B-V1-BASE,BLD-9102B6E8BF1ABFFC5F32,True
ORD-SYN-002748,CUS-SYN-046,2026-04-02T11:34:00-03:00,2026-04-05T11:34:00-04:00,2026-04-06T11:34:00-04:00,fulfilled,B2B-V1-BASE,BLD-9102B6E8BF1ABFFC5F32,True
ORD-SYN-002749,CUS-SYN-125,2026-04-02T12:39:00-03:00,2026-04-03T12:39:00-03:00,2026-04-05T12:39:00-04:00,fulfilled,B2B-V1-BASE,BLD-9102B6E8BF1ABFFC5F32,True
ORD-SYN-002750,CUS-SYN-101,2026-04-02T17:21:00-03:00,2026-04-04T17:21:00-03:00,2026-04-04T17:21:00-03:00,fulfilled,B2B-V1-BASE,BLD-9102B6E8BF1ABFFC5F32,True
ORD-SYN-002751,CUS-SYN-016,2026-04-03T10:07:00-03:00,2026-04-05T10:07:00-04:00,2026-04-07T10:07:00-04:00,fulfilled,B2B-V1-BASE,BLD-9102B6E8BF1ABFFC5F32,True
ORD-SYN-002752,CUS-SYN-082,2026-04-03T10:08:00-03:00,2026-04-05T10:08:00-04:00,2026-04-08T10:08:00-04:00,fulfilled,B2B-V1-BASE,BLD-9102B6E8BF1ABFFC5F32,True
ORD-SYN-002753,CUS-SYN-098,2026-04-03T11:32:00-03:00,2026-04-06T11:32:00-04:00,2026-04-08T11:32:00-04:00,fulfilled,B2B-V1-BASE,BLD-9102B6E8BF1ABFFC5F32,True
ORD-SYN-002754,CUS-SYN-006,2026-04-03T12:12:00-03:00,2026-04-05T12:12:00-04:00,2026-04-05T12:12:00-04:00,fulfilled,B2B-V1-BASE,BLD-9102B6E8BF1ABFFC5F32,True
ORD-SYN-002755,CUS-SYN-110,2026-04-03T12:21:00-03:00,2026-04-04T12:21:00-03:00,2026-04-08T12:21:00-04:00,fulfilled,B2B-V1-BASE,BLD-9102B6E8BF1ABFFC5F32,True
ORD-SYN-002756,CUS-SYN-108,2026-04-03T12:26:00-03:00,,2026-04-05T12:26:00-04:00,fulfilled,B2B-V1-BASE,BLD-9102B6E8BF1ABFFC5F32,True
ORD-SYN-002757,CUS-SYN-125,2026-04-03T13:52:00-03:00,2026-04-08T13:52:00-04:00,2026-04-09T13:52:00-04:00,fulfilled,B2B-V1-BASE,BLD-9102B6E8BF1ABFFC5F32,True
ORD-SYN-002758,CUS-SYN-024,2026-04-03T15:01:00-03:00,2026-04-05T15:01:00-04:00,2026-04-06T15:01:00-04:00,fulfilled,B2B-V1-BASE,BLD-9102B6E8BF1ABFFC5F32,True
ORD-SYN-002759,CUS-SYN-149,2026-04-03T17:01:00-03:00,2026-04-05T17:01:00-04:00,2026-04-06T17:01:00-04:00,fulfilled,B2B-V1-BASE,BLD-9102B6E8BF1ABFFC5F32,True
ORD-SYN-002760,CUS-SYN-102,2026-04-04T10:31:00-03:00,2026-04-05T10:31:00-04:00,2026-04-08T10:31:00-04:00,fulfilled,B2B-V1-BASE,BLD-9102B6E8BF1ABFFC5F32,True
ORD-SYN-002761,CUS-SYN-106,2026-04-04T11:34:00-03:00,2026-04-06T11:34:00-04:00,2026-04-06T11:34:00-04:00,fulfilled,B2B-V1-BASE,BLD-9102B6E8BF1ABFFC5F32,True
ORD-SYN-002762,CUS-SYN-033,2026-04-04T12:33:00-03:00,2026-04-08T12:33:00-04:00,2026-04-10T12:33:00-04:00,partially_fulfilled,B2B-V1-BASE,BLD-9102B6E8BF1ABFFC5F32,True
ORD-SYN-002763,CUS-SYN-089,2026-04-04T14:25:00-03:00,2026-04-10T14:25:00-04:00,2026-04-10T14:25:00-04:00,fulfilled,B2B-V1-BASE,BLD-9102B6E8BF1ABFFC5F32,True
ORD-SYN-002764,CUS-SYN-125,2026-04-04T14:29:00-03:00,,2026-04-07T14:29:00-04:00,fulfilled,B2B-V1-BASE,BLD-9102B6E8BF1ABFFC5F32,True
ORD-SYN-002765,CUS-SYN-032,2026-04-04T14:39:00-03:00,2026-04-05T14:39:00-04:00,2026-04-08T14:39:00-04:00,fulfilled,B2B-V1-BASE,BLD-9102B6E8BF1ABFFC5F32,True
ORD-SYN-002766,CUS-SYN-085,2026-04-04T15:03:00-03:00,2026-04-05T15:03:00-04:00,2026-04-10T15:03:00-04:00,fulfilled,B2B-V1-BASE,BLD-9102B6E8BF1ABFFC5F32,True
ORD-SYN-002767,CUS-SYN-077,2026-04-04T16:10:00-03:00,2026-04-08T16:10:00-04:00,2026-04-10T16:10:00-04:00,fulfilled,B2B-V1-BASE,BLD-9102B6E8BF1ABFFC5F32,True
ORD-SYN-002768,CUS-SYN-088,2026-04-04T16:33:00-03:00,2026-04-06T16:33:00-04:00,2026-04-08T16:33:00-04:00,fulfilled,B2B-V1-BASE,BLD-9102B6E8BF1ABFFC5F32,True
ORD-SYN-002769,CUS-SYN-071,2026-04-04T17:44:00-03:00,2026-04-05T17:44:00-04:00,2026-04-06T17:44:00-04:00,fulfilled,B2B-V1-BASE,BLD-9102B6E8BF1ABFFC5F32,True
ORD-SYN-002770,CUS-SYN-041,2026-04-04T17:46:00-03:00,2026-04-09T17:46:00-04:00,2026-04-10T17:46:00-04:00,fulfilled,B2B-V1-BASE,BLD-9102B6E8BF1ABFFC5F32,True
ORD-SYN-002771,CUS-SYN-048,2026-04-05T09:18:00-04:00,2026-04-06T09:18:00-04:00,2026-04-09T09:18:00-04:00,fulfilled,B2B-V1-BASE,BLD-9102B6E8BF1ABFFC5F32,True
ORD-SYN-002772,CUS-SYN-066,2026-04-05T09:35:00-04:00,2026-04-06T09:35:00-04:00,2026-04-08T09:35:00-04:00,fulfilled,B2B-V1-BASE,BLD-9102B6E8BF1ABFFC5F32,True
ORD-SYN-002773,CUS-SYN-126,2026-04-05T11:28:00-04:00,,2026-04-11T11:28:00-04:00,fulfilled,B2B-V1-BASE,BLD-9102B6E8BF1ABFFC5F32,True
ORD-SYN-002774,CUS-SYN-121,2026-04-05T12:36:00-04:00,,2026-04-11T12:36:00-04:00,partially_fulfilled,B2B-V1-BASE,BLD-9102B6E8BF1ABFFC5F32,True
ORD-SYN-002775,CUS-SYN-037,2026-04-05T13:09:00-04:00,2026-04-07T13:09:00-04:00,2026-04-11T13:09:00-04:00,fulfilled,B2B-V1-BASE,BLD-9102B6E8BF1ABFFC5F32,True
ORD-SYN-002776,CUS-SYN-137,2026-04-05T14:26:00-04:00,2026-04-06T14:26:00-04:00,2026-04-11T14:26:00-04:00,partially_fulfilled,B2B-V1-BASE,BLD-9102B6E8BF1ABFFC5F32,True
ORD-SYN-002777,CUS-SYN-057,2026-04-05T14:54:00-04:00,2026-04-07T14:54:00-04:00,2026-04-07T14:54:00-04:00,fulfilled,B2B-V1-BASE,BLD-9102B6E8BF1ABFFC5F32,True
ORD-SYN-002778,CUS-SYN-120,2026-04-05T15:30:00-04:00,2026-04-07T15:30:00-04:00,2026-04-07T15:30:00-04:00,fulfilled,B2B-V1-BASE,BLD-9102B6E8BF1ABFFC5F32,True
ORD-SYN-002779,CUS-SYN-082,2026-04-05T15:58:00-04:00,2026-04-08T15:58:00-04:00,2026-04-08T15:58:00-04:00,fulfilled,B2B-V1-BASE,BLD-9102B6E8BF1ABFFC5F32,True
ORD-SYN-002780,CUS-SYN-069,2026-04-05T17:23:00-04:00,2026-04-08T17:23:00-04:00,2026-04-08T17:23:00-04:00,fulfilled,B2B-V1-BASE,BLD-9102B6E8BF1ABFFC5F32,True
ORD-SYN-002781,CUS-SYN-102,2026-04-05T17:41:00-04:00,2026-04-08T17:41:00-04:00,2026-04-10T17:41:00-04:00,partially_fulfilled,B2B-V1-BASE,BLD-9102B6E8BF1ABFFC5F32,True
ORD-SYN-002782,CUS-SYN-024,2026-04-06T08:04:00-04:00,,2026-04-08T08:04:00-04:00,fulfilled,B2B-V1-BASE,BLD-9102B6E8BF1ABFFC5F32,True
ORD-SYN-002783,CUS-SYN-086,2026-04-06T09:40:00-04:00,2026-04-07T09:40:00-04:00,2026-04-10T09:40:00-04:00,fulfilled,B2B-V1-BASE,BLD-9102B6E8BF1ABFFC5F32,True
ORD-SYN-002784,CUS-SYN-137,2026-04-06T10:47:00-04:00,,2026-04-10T10:47:00-04:00,fulfilled,B2B-V1-BASE,BLD-9102B6E8BF1ABFFC5F32,True
ORD-SYN-002785,CUS-SYN-049,2026-04-06T11:04:00-04:00,2026-04-11T11:04:00-04:00,2026-04-11T11:04:00-04:00,fulfilled,B2B-V1-BASE,BLD-9102B6E8BF1ABFFC5F32,True
ORD-SYN-002786,CUS-SYN-002,2026-04-06T14:01:00-04:00,2026-04-08T14:01:00-04:00,2026-04-09T14:01:00-04:00,fulfilled,B2B-V1-BASE,BLD-9102B6E8BF1ABFFC5F32,True
ORD-SYN-002787,CUS-SYN-008,2026-04-06T16:19:00-04:00,2026-04-09T16:19:00-04:00,2026-04-11T16:19:00-04:00,partially_fulfilled,B2B-V1-BASE,BLD-9102B6E8BF1ABFFC5F32,True
ORD-SYN-002788,CUS-SYN-098,2026-04-06T16:51:00-04:00,,2026-04-10T16:51:00-04:00,partially_fulfilled,B2B-V1-BASE,BLD-9102B6E8BF1ABFFC5F32,True
ORD-SYN-002789,CUS-SYN-037,2026-04-07T08:35:00-04:00,2026-04-08T08:35:00-04:00,2026-04-09T08:35:00-04:00,fulfilled,B2B-V1-BASE,BLD-9102B6E8BF1ABFFC5F32,True
ORD-SYN-002790,CUS-SYN-045,2026-04-07T10:50:00-04:00,2026-04-09T10:50:00-04:00,2026-04-09T10:50:00-04:00,fulfilled,B2B-V1-BASE,BLD-9102B6E8BF1ABFFC5F32,True
ORD-SYN-002791,CUS-SYN-105,2026-04-07T11:33:00-04:00,2026-04-12T11:33:00-04:00,2026-04-12T11:33:00-04:00,fulfilled,B2B-V1-BASE,BLD-9102B6E8BF1ABFFC5F32,True
ORD-SYN-002792,CUS-SYN-050,2026-04-07T11:41:00-04:00,2026-04-08T11:41:00-04:00,2026-04-13T11:41:00-04:00,partially_fulfilled,B2B-V1-BASE,BLD-9102B6E8BF1ABFFC5F32,True
ORD-SYN-002793,CUS-SYN-045,2026-04-07T12:58:00-04:00,2026-04-08T12:58:00-04:00,2026-04-10T12:58:00-04:00,fulfilled,B2B-V1-BASE,BLD-9102B6E8BF1ABFFC5F32,True
ORD-SYN-002794,CUS-SYN-021,2026-04-07T16:14:00-04:00,2026-04-09T16:14:00-04:00,2026-04-11T16:14:00-04:00,fulfilled,B2B-V1-BASE,BLD-9102B6E8BF1ABFFC5F32,True
ORD-SYN-002795,CUS-SYN-150,2026-04-07T16:15:00-04:00,2026-04-09T16:15:00-04:00,2026-04-10T16:15:00-04:00,fulfilled,B2B-V1-BASE,BLD-9102B6E8BF1ABFFC5F32,True
ORD-SYN-002796,CUS-SYN-029,2026-04-07T16:41:00-04:00,2026-04-09T16:41:00-04:00,2026-04-11T16:41:00-04:00,fulfilled,B2B-V1-BASE,BLD-9102B6E8BF1ABFFC5F32,True
ORD-SYN-002797,CUS-SYN-103,2026-04-07T17:08:00-04:00,,2026-04-11T17:08:00-04:00,fulfilled,B2B-V1-BASE,BLD-9102B6E8BF1ABFFC5F32,True
ORD-SYN-002798,CUS-SYN-048,2026-04-07T17:31:00-04:00,2026-04-08T17:31:00-04:00,2026-04-09T17:31:00-04:00,fulfilled,B2B-V1-BASE,BLD-9102B6E8BF1ABFFC5F32,True
ORD-SYN-002799,CUS-SYN-001,2026-04-08T08:37:00-04:00,2026-04-10T08:37:00-04:00,2026-04-12T08:37:00-04:00,fulfilled,B2B-V1-BASE,BLD-9102B6E8BF1ABFFC5F32,True
ORD-SYN-002800,CUS-SYN-098,2026-04-08T08:58:00-04:00,2026-04-09T08:58:00-04:00,2026-04-12T08:58:00-04:00,fulfilled,B2B-V1-BASE,BLD-9102B6E8BF1ABFFC5F32,True
ORD-SYN-002801,CUS-SYN-005,2026-04-08T11:03:00-04:00,2026-04-12T11:03:00-04:00,2026-04-13T11:03:00-04:00,fulfilled,B2B-V1-BASE,BLD-9102B6E8BF1ABFFC5F32,True
ORD-SYN-002802,CUS-SYN-120,2026-04-08T11:13:00-04:00,2026-04-12T11:13:00-04:00,2026-04-12T11:13:00-04:00,partially_fulfilled,B2B-V1-BASE,BLD-9102B6E8BF1ABFFC5F32,True
ORD-SYN-002803,CUS-SYN-006,2026-04-08T11:35:00-04:00,2026-04-14T11:35:00-04:00,2026-04-14T11:35:00-04:00,fulfilled,B2B-V1-BASE,BLD-9102B6E8BF1ABFFC5F32,True
ORD-SYN-002804,CUS-SYN-038,2026-04-08T13:17:00-04:00,2026-04-09T13:17:00-04:00,2026-04-10T13:17:00-04:00,fulfilled,B2B-V1-BASE,BLD-9102B6E8BF1ABFFC5F32,True
ORD-SYN-002805,CUS-SYN-103,2026-04-08T15:15:00-04:00,2026-04-10T15:15:00-04:00,2026-04-10T15:15:00-04:00,fulfilled,B2B-V1-BASE,BLD-9102B6E8BF1ABFFC5F32,True
ORD-SYN-002806,CUS-SYN-017,2026-04-08T15:29:00-04:00,2026-04-12T15:29:00-04:00,2026-04-14T15:29:00-04:00,fulfilled,B2B-V1-BASE,BLD-9102B6E8BF1ABFFC5F32,True
ORD-SYN-002807,CUS-SYN-037,2026-04-08T15:51:00-04:00,2026-04-12T15:51:00-04:00,2026-04-14T15:51:00-04:00,fulfilled,B2B-V1-BASE,BLD-9102B6E8BF1ABFFC5F32,True
ORD-SYN-002808,CUS-SYN-145,2026-04-08T16:00:00-04:00,2026-04-12T16:00:00-04:00,2026-04-13T16:00:00-04:00,fulfilled,B2B-V1-BASE,BLD-9102B6E8BF1ABFFC5F32,True
ORD-SYN-002809,CUS-SYN-143,2026-04-08T16:12:00-04:00,2026-04-09T16:12:00-04:00,2026-04-10T16:12:00-04:00,partially_fulfilled,B2B-V1-BASE,BLD-9102B6E8BF1ABFFC5F32,True
ORD-SYN-002810,CUS-SYN-035,2026-04-08T16:59:00-04:00,2026-04-11T16:59:00-04:00,2026-04-11T16:59:00-04:00,partially_fulfilled,B2B-V1-BASE,BLD-9102B6E8BF1ABFFC5F32,True
ORD-SYN-002811,CUS-SYN-092,2026-04-08T17:13:00-04:00,2026-04-11T17:13:00-04:00,2026-04-11T17:13:00-04:00,partially_fulfilled,B2B-V1-BASE,BLD-9102B6E8BF1ABFFC5F32,True
ORD-SYN-002812,CUS-SYN-062,2026-04-08T17:18:00-04:00,2026-04-12T17:18:00-04:00,2026-04-12T17:18:00-04:00,partially_fulfilled,B2B-V1-BASE,BLD-9102B6E8BF1ABFFC5F32,True
ORD-SYN-002813,CUS-SYN-053,2026-04-08T17:28:00-04:00,2026-04-09T17:28:00-04:00,2026-04-10T17:28:00-04:00,fulfilled,B2B-V1-BASE,BLD-9102B6E8BF1ABFFC5F32,True
ORD-SYN-002814,CUS-SYN-122,2026-04-09T08:24:00-04:00,,2026-04-11T08:24:00-04:00,fulfilled,B2B-V1-BASE,BLD-9102B6E8BF1ABFFC5F32,True
ORD-SYN-002815,CUS-SYN-111,2026-04-09T08:53:00-04:00,2026-04-12T08:53:00-04:00,2026-04-12T08:53:00-04:00,partially_fulfilled,B2B-V1-BASE,BLD-9102B6E8BF1ABFFC5F32,True
ORD-SYN-002816,CUS-SYN-079,2026-04-09T11:10:00-04:00,,2026-04-11T11:10:00-04:00,fulfilled,B2B-V1-BASE,BLD-9102B6E8BF1ABFFC5F32,True
ORD-SYN-002817,CUS-SYN-030,2026-04-09T12:36:00-04:00,2026-04-10T12:36:00-04:00,2026-04-13T12:36:00-04:00,partially_fulfilled,B2B-V1-BASE,BLD-9102B6E8BF1ABFFC5F32,True
ORD-SYN-002818,CUS-SYN-038,2026-04-09T12:49:00-04:00,,2026-04-12T12:49:00-04:00,fulfilled,B2B-V1-BASE,BLD-9102B6E8BF1ABFFC5F32,True
ORD-SYN-002819,CUS-SYN-055,2026-04-09T13:45:00-04:00,,2026-04-13T13:45:00-04:00,fulfilled,B2B-V1-BASE,BLD-9102B6E8BF1ABFFC5F32,True
ORD-SYN-002820,CUS-SYN-074,2026-04-09T14:25:00-04:00,2026-04-11T14:25:00-04:00,2026-04-11T14:25:00-04:00,partially_fulfilled,B2B-V1-BASE,BLD-9102B6E8BF1ABFFC5F32,True
ORD-SYN-002821,CUS-SYN-029,2026-04-09T14:34:00-04:00,2026-04-10T14:34:00-04:00,2026-04-11T14:34:00-04:00,partially_fulfilled,B2B-V1-BASE,BLD-9102B6E8BF1ABFFC5F32,True
ORD-SYN-002822,CUS-SYN-088,2026-04-09T16:29:00-04:00,2026-04-12T16:29:00-04:00,2026-04-15T16:29:00-04:00,fulfilled,B2B-V1-BASE,BLD-9102B6E8BF1ABFFC5F32,True
ORD-SYN-002823,CUS-SYN-013,2026-04-10T08:55:00-04:00,2026-04-12T08:55:00-04:00,2026-04-16T08:55:00-04:00,fulfilled,B2B-V1-BASE,BLD-9102B6E8BF1ABFFC5F32,True
ORD-SYN-002824,CUS-SYN-082,2026-04-10T08:55:00-04:00,2026-04-11T08:55:00-04:00,2026-04-15T08:55:00-04:00,fulfilled,B2B-V1-BASE,BLD-9102B6E8BF1ABFFC5F32,True
ORD-SYN-002825,CUS-SYN-009,2026-04-10T09:38:00-04:00,2026-04-11T09:38:00-04:00,2026-04-16T09:38:00-04:00,fulfilled,B2B-V1-BASE,BLD-9102B6E8BF1ABFFC5F32,True
ORD-SYN-002826,CUS-SYN-130,2026-04-10T10:01:00-04:00,2026-04-12T10:01:00-04:00,2026-04-12T10:01:00-04:00,partially_fulfilled,B2B-V1-BASE,BLD-9102B6E8BF1ABFFC5F32,True
ORD-SYN-002827,CUS-SYN-007,2026-04-10T10:55:00-04:00,2026-04-12T10:55:00-04:00,2026-04-15T10:55:00-04:00,fulfilled,B2B-V1-BASE,BLD-9102B6E8BF1ABFFC5F32,True
ORD-SYN-002828,CUS-SYN-056,2026-04-10T11:29:00-04:00,2026-04-13T11:29:00-04:00,2026-04-15T11:29:00-04:00,partially_fulfilled,B2B-V1-BASE,BLD-9102B6E8BF1ABFFC5F32,True
ORD-SYN-002829,CUS-SYN-038,2026-04-10T13:28:00-04:00,,2026-04-13T13:28:00-04:00,fulfilled,B2B-V1-BASE,BLD-9102B6E8BF1ABFFC5F32,True
ORD-SYN-002830,CUS-SYN-144,2026-04-10T16:02:00-04:00,2026-04-13T16:02:00-04:00,2026-04-14T16:02:00-04:00,fulfilled,B2B-V1-BASE,BLD-9102B6E8BF1ABFFC5F32,True
ORD-SYN-002831,CUS-SYN-073,2026-04-10T16:43:00-04:00,2026-04-12T16:43:00-04:00,2026-04-13T16:43:00-04:00,fulfilled,B2B-V1-BASE,BLD-9102B6E8BF1ABFFC5F32,True
ORD-SYN-002832,CUS-SYN-082,2026-04-11T08:03:00-04:00,2026-04-13T08:03:00-04:00,2026-04-15T08:03:00-04:00,fulfilled,B2B-V1-BASE,BLD-9102B6E8BF1ABFFC5F32,True
ORD-SYN-002833,CUS-SYN-114,2026-04-11T08:33:00-04:00,2026-04-13T08:33:00-04:00,2026-04-17T08:33:00-04:00,fulfilled,B2B-V1-BASE,BLD-9102B6E8BF1ABFFC5F32,True
ORD-SYN-002834,CUS-SYN-126,2026-04-11T09:33:00-04:00,2026-04-12T09:33:00-04:00,2026-04-17T09:33:00-04:00,fulfilled,B2B-V1-BASE,BLD-9102B6E8BF1ABFFC5F32,True
ORD-SYN-002835,CUS-SYN-037,2026-04-11T09:48:00-04:00,2026-04-13T09:48:00-04:00,2026-04-13T09:48:00-04:00,fulfilled,B2B-V1-BASE,BLD-9102B6E8BF1ABFFC5F32,True
ORD-SYN-002836,CUS-SYN-065,2026-04-11T11:05:00-04:00,2026-04-12T11:05:00-04:00,2026-04-15T11:05:00-04:00,partially_fulfilled,B2B-V1-BASE,BLD-9102B6E8BF1ABFFC5F32,True
ORD-SYN-002837,CUS-SYN-060,2026-04-11T11:10:00-04:00,2026-04-14T11:10:00-04:00,2026-04-15T11:10:00-04:00,fulfilled,B2B-V1-BASE,BLD-9102B6E8BF1ABFFC5F32,True
ORD-SYN-002838,CUS-SYN-098,2026-04-11T11:25:00-04:00,2026-04-12T11:25:00-04:00,2026-04-13T11:25:00-04:00,fulfilled,B2B-V1-BASE,BLD-9102B6E8BF1ABFFC5F32,True
ORD-SYN-002839,CUS-SYN-066,2026-04-11T11:45:00-04:00,2026-04-17T11:45:00-04:00,2026-04-17T11:45:00-04:00,fulfilled,B2B-V1-BASE,BLD-9102B6E8BF1ABFFC5F32,True
ORD-SYN-002840,CUS-SYN-065,2026-04-11T13:55:00-04:00,2026-04-14T13:55:00-04:00,2026-04-15T13:55:00-04:00,fulfilled,B2B-V1-BASE,BLD-9102B6E8BF1ABFFC5F32,True
ORD-SYN-002841,CUS-SYN-072,2026-04-11T14:45:00-04:00,2026-04-13T14:45:00-04:00,2026-04-14T14:45:00-04:00,partially_fulfilled,B2B-V1-BASE,BLD-9102B6E8BF1ABFFC5F32,True
ORD-SYN-002842,CUS-SYN-017,2026-04-11T16:13:00-04:00,2026-04-14T16:13:00-04:00,2026-04-15T16:13:00-04:00,fulfilled,B2B-V1-BASE,BLD-9102B6E8BF1ABFFC5F32,True
ORD-SYN-002843,CUS-SYN-109,2026-04-11T16:39:00-04:00,,2026-04-13T16:39:00-04:00,partially_fulfilled,B2B-V1-BASE,BLD-9102B6E8BF1ABFFC5F32,True
ORD-SYN-002844,CUS-SYN-025,2026-04-12T08:26:00-04:00,2026-04-13T08:26:00-04:00,2026-04-14T08:26:00-04:00,fulfilled,B2B-V1-BASE,BLD-9102B6E8BF1ABFFC5F32,True
ORD-SYN-002845,CUS-SYN-053,2026-04-12T08:30:00-04:00,2026-04-17T08:30:00-04:00,2026-04-17T08:30:00-04:00,fulfilled,B2B-V1-BASE,BLD-9102B6E8BF1ABFFC5F32,True
ORD-SYN-002846,CUS-SYN-056,2026-04-12T09:48:00-04:00,2026-04-13T09:48:00-04:00,2026-04-16T09:48:00-04:00,fulfilled,B2B-V1-BASE,BLD-9102B6E8BF1ABFFC5F32,True
ORD-SYN-002847,CUS-SYN-030,2026-04-12T10:08:00-04:00,2026-04-13T10:08:00-04:00,2026-04-16T10:08:00-04:00,partially_fulfilled,B2B-V1-BASE,BLD-9102B6E8BF1ABFFC5F32,True
ORD-SYN-002848,CUS-SYN-014,2026-04-12T10:18:00-04:00,2026-04-17T10:18:00-04:00,2026-04-18T10:18:00-04:00,fulfilled,B2B-V1-BASE,BLD-9102B6E8BF1ABFFC5F32,True
ORD-SYN-002849,CUS-SYN-120,2026-04-12T10:35:00-04:00,2026-04-14T10:35:00-04:00,2026-04-15T10:35:00-04:00,fulfilled,B2B-V1-BASE,BLD-9102B6E8BF1ABFFC5F32,True
ORD-SYN-002850,CUS-SYN-036,2026-04-12T10:58:00-04:00,2026-04-17T10:58:00-04:00,2026-04-17T10:58:00-04:00,partially_fulfilled,B2B-V1-BASE,BLD-9102B6E8BF1ABFFC5F32,True
ORD-SYN-002851,CUS-SYN-092,2026-04-12T11:04:00-04:00,2026-04-13T11:04:00-04:00,2026-04-15T11:04:00-04:00,fulfilled,B2B-V1-BASE,BLD-9102B6E8BF1ABFFC5F32,True
ORD-SYN-002852,CUS-SYN-004,2026-04-12T11:14:00-04:00,2026-04-15T11:14:00-04:00,2026-04-15T11:14:00-04:00,fulfilled,B2B-V1-BASE,BLD-9102B6E8BF1ABFFC5F32,True
ORD-SYN-002853,CUS-SYN-022,2026-04-12T13:51:00-04:00,2026-04-14T13:51:00-04:00,2026-04-14T13:51:00-04:00,fulfilled,B2B-V1-BASE,BLD-9102B6E8BF1ABFFC5F32,True
ORD-SYN-002854,CUS-SYN-044,2026-04-12T15:24:00-04:00,2026-04-13T15:24:00-04:00,2026-04-14T15:24:00-04:00,fulfilled,B2B-V1-BASE,BLD-9102B6E8BF1ABFFC5F32,True
ORD-SYN-002855,CUS-SYN-143,2026-04-12T15:43:00-04:00,2026-04-14T15:43:00-04:00,2026-04-14T15:43:00-04:00,fulfilled,B2B-V1-BASE,BLD-9102B6E8BF1ABFFC5F32,True
ORD-SYN-002856,CUS-SYN-127,2026-04-12T15:46:00-04:00,2026-04-13T15:46:00-04:00,2026-04-14T15:46:00-04:00,fulfilled,B2B-V1-BASE,BLD-9102B6E8BF1ABFFC5F32,True
ORD-SYN-002857,CUS-SYN-005,2026-04-12T15:56:00-04:00,,2026-04-16T15:56:00-04:00,fulfilled,B2B-V1-BASE,BLD-9102B6E8BF1ABFFC5F32,True
ORD-SYN-002858,CUS-SYN-061,2026-04-12T16:08:00-04:00,2026-04-15T16:08:00-04:00,2026-04-16T16:08:00-04:00,partially_fulfilled,B2B-V1-BASE,BLD-9102B6E8BF1ABFFC5F32,True
ORD-SYN-002859,CUS-SYN-121,2026-04-12T16:12:00-04:00,2026-04-16T16:12:00-04:00,2026-04-18T16:12:00-04:00,fulfilled,B2B-V1-BASE,BLD-9102B6E8BF1ABFFC5F32,True
ORD-SYN-002860,CUS-SYN-090,2026-04-12T16:57:00-04:00,2026-04-13T16:57:00-04:00,2026-04-15T16:57:00-04:00,fulfilled,B2B-V1-BASE,BLD-9102B6E8BF1ABFFC5F32,True
ORD-SYN-002861,CUS-SYN-024,2026-04-12T17:07:00-04:00,2026-04-17T17:07:00-04:00,2026-04-18T17:07:00-04:00,partially_fulfilled,B2B-V1-BASE,BLD-9102B6E8BF1ABFFC5F32,True
ORD-SYN-002862,CUS-SYN-106,2026-04-12T17:12:00-04:00,2026-04-16T17:12:00-04:00,2026-04-17T17:12:00-04:00,fulfilled,B2B-V1-BASE,BLD-9102B6E8BF1ABFFC5F32,True
ORD-SYN-002863,CUS-SYN-070,2026-04-13T09:14:00-04:00,2026-04-14T09:14:00-04:00,2026-04-15T09:14:00-04:00,fulfilled,B2B-V1-BASE,BLD-9102B6E8BF1ABFFC5F32,True
ORD-SYN-002864,CUS-SYN-085,2026-04-13T10:26:00-04:00,2026-04-15T10:26:00-04:00,2026-04-18T10:26:00-04:00,fulfilled,B2B-V1-BASE,BLD-9102B6E8BF1ABFFC5F32,True
ORD-SYN-002865,CUS-SYN-062,2026-04-13T10:31:00-04:00,2026-04-15T10:31:00-04:00,2026-04-15T10:31:00-04:00,fulfilled,B2B-V1-BASE,BLD-9102B6E8BF1ABFFC5F32,True
ORD-SYN-002866,CUS-SYN-032,2026-04-13T11:16:00-04:00,,2026-04-17T11:16:00-04:00,fulfilled,B2B-V1-BASE,BLD-9102B6E8BF1ABFFC5F32,True
ORD-SYN-002867,CUS-SYN-077,2026-04-13T11:51:00-04:00,2026-04-15T11:51:00-04:00,2026-04-15T11:51:00-04:00,partially_fulfilled,B2B-V1-BASE,BLD-9102B6E8BF1ABFFC5F32,True
ORD-SYN-002868,CUS-SYN-057,2026-04-13T12:12:00-04:00,2026-04-15T12:12:00-04:00,2026-04-16T12:12:00-04:00,fulfilled,B2B-V1-BASE,BLD-9102B6E8BF1ABFFC5F32,True
ORD-SYN-002869,CUS-SYN-143,2026-04-13T12:16:00-04:00,2026-04-18T12:16:00-04:00,2026-04-18T12:16:00-04:00,partially_fulfilled,B2B-V1-BASE,BLD-9102B6E8BF1ABFFC5F32,True
ORD-SYN-002870,CUS-SYN-104,2026-04-13T13:02:00-04:00,,2026-04-17T13:02:00-04:00,fulfilled,B2B-V1-BASE,BLD-9102B6E8BF1ABFFC5F32,True
ORD-SYN-002871,CUS-SYN-134,2026-04-13T13:43:00-04:00,2026-04-17T13:43:00-04:00,2026-04-19T13:43:00-04:00,fulfilled,B2B-V1-BASE,BLD-9102B6E8BF1ABFFC5F32,True
ORD-SYN-002872,CUS-SYN-105,2026-04-13T14:39:00-04:00,2026-04-16T14:39:00-04:00,2026-04-16T14:39:00-04:00,fulfilled,B2B-V1-BASE,BLD-9102B6E8BF1ABFFC5F32,True
ORD-SYN-002873,CUS-SYN-033,2026-04-13T17:18:00-04:00,2026-04-16T17:18:00-04:00,2026-04-18T17:18:00-04:00,partially_fulfilled,B2B-V1-BASE,BLD-9102B6E8BF1ABFFC5F32,True
ORD-SYN-002874,CUS-SYN-019,2026-04-14T08:03:00-04:00,2026-04-16T08:03:00-04:00,2026-04-19T08:03:00-04:00,fulfilled,B2B-V1-BASE,BLD-9102B6E8BF1ABFFC5F32,True
ORD-SYN-002875,CUS-SYN-090,2026-04-14T08:47:00-04:00,2026-04-16T08:47:00-04:00,2026-04-19T08:47:00-04:00,fulfilled,B2B-V1-BASE,BLD-9102B6E8BF1ABFFC5F32,True
ORD-SYN-002876,CUS-SYN-038,2026-04-14T09:05:00-04:00,,2026-04-19T09:05:00-04:00,fulfilled,B2B-V1-BASE,BLD-9102B6E8BF1ABFFC5F32,True
ORD-SYN-002877,CUS-SYN-147,2026-04-14T10:35:00-04:00,2026-04-18T10:35:00-04:00,2026-04-18T10:35:00-04:00,fulfilled,B2B-V1-BASE,BLD-9102B6E8BF1ABFFC5F32,True
ORD-SYN-002878,CUS-SYN-142,2026-04-14T10:52:00-04:00,2026-04-15T10:52:00-04:00,2026-04-16T10:52:00-04:00,fulfilled,B2B-V1-BASE,BLD-9102B6E8BF1ABFFC5F32,True
ORD-SYN-002879,CUS-SYN-086,2026-04-14T11:12:00-04:00,2026-04-17T11:12:00-04:00,2026-04-17T11:12:00-04:00,fulfilled,B2B-V1-BASE,BLD-9102B6E8BF1ABFFC5F32,True
ORD-SYN-002880,CUS-SYN-121,2026-04-14T12:42:00-04:00,2026-04-17T12:42:00-04:00,2026-04-17T12:42:00-04:00,fulfilled,B2B-V1-BASE,BLD-9102B6E8BF1ABFFC5F32,True
ORD-SYN-002881,CUS-SYN-098,2026-04-14T12:46:00-04:00,2026-04-17T12:46:00-04:00,2026-04-20T12:46:00-04:00,partially_fulfilled,B2B-V1-BASE,BLD-9102B6E8BF1ABFFC5F32,True
ORD-SYN-002882,CUS-SYN-146,2026-04-14T13:02:00-04:00,2026-04-16T13:02:00-04:00,2026-04-18T13:02:00-04:00,fulfilled,B2B-V1-BASE,BLD-9102B6E8BF1ABFFC5F32,True
ORD-SYN-002883,CUS-SYN-049,2026-04-14T14:22:00-04:00,2026-04-17T14:22:00-04:00,2026-04-18T14:22:00-04:00,fulfilled,B2B-V1-BASE,BLD-9102B6E8BF1ABFFC5F32,True
ORD-SYN-002884,CUS-SYN-103,2026-04-14T14:31:00-04:00,2026-04-16T14:31:00-04:00,2026-04-20T14:31:00-04:00,fulfilled,B2B-V1-BASE,BLD-9102B6E8BF1ABFFC5F32,True
ORD-SYN-002885,CUS-SYN-097,2026-04-14T15:01:00-04:00,,2026-04-19T15:01:00-04:00,fulfilled,B2B-V1-BASE,BLD-9102B6E8BF1ABFFC5F32,True
ORD-SYN-002886,CUS-SYN-039,2026-04-14T16:49:00-04:00,,2026-04-18T16:49:00-04:00,fulfilled,B2B-V1-BASE,BLD-9102B6E8BF1ABFFC5F32,True
ORD-SYN-002887,CUS-SYN-062,2026-04-14T17:43:00-04:00,2026-04-17T17:43:00-04:00,2026-04-17T17:43:00-04:00,fulfilled,B2B-V1-BASE,BLD-9102B6E8BF1ABFFC5F32,True
ORD-SYN-002888,CUS-SYN-067,2026-04-15T08:35:00-04:00,2026-04-18T08:35:00-04:00,2026-04-20T08:35:00-04:00,fulfilled,B2B-V1-BASE,BLD-9102B6E8BF1ABFFC5F32,True
ORD-SYN-002889,CUS-SYN-084,2026-04-15T11:08:00-04:00,,2026-04-21T11:08:00-04:00,partially_fulfilled,B2B-V1-BASE,BLD-9102B6E8BF1ABFFC5F32,True
ORD-SYN-002890,CUS-SYN-045,2026-04-15T11:37:00-04:00,2026-04-16T11:37:00-04:00,2026-04-19T11:37:00-04:00,fulfilled,B2B-V1-BASE,BLD-9102B6E8BF1ABFFC5F32,True
ORD-SYN-002891,CUS-SYN-098,2026-04-15T12:30:00-04:00,2026-04-17T12:30:00-04:00,2026-04-18T12:30:00-04:00,fulfilled,B2B-V1-BASE,BLD-9102B6E8BF1ABFFC5F32,True
ORD-SYN-002892,CUS-SYN-038,2026-04-15T12:50:00-04:00,2026-04-18T12:50:00-04:00,2026-04-20T12:50:00-04:00,partially_fulfilled,B2B-V1-BASE,BLD-9102B6E8BF1ABFFC5F32,True
ORD-SYN-002893,CUS-SYN-035,2026-04-15T14:01:00-04:00,2026-04-19T14:01:00-04:00,2026-04-21T14:01:00-04:00,fulfilled,B2B-V1-BASE,BLD-9102B6E8BF1ABFFC5F32,True
ORD-SYN-002894,CUS-SYN-098,2026-04-15T14:55:00-04:00,2026-04-17T14:55:00-04:00,2026-04-20T14:55:00-04:00,fulfilled,B2B-V1-BASE,BLD-9102B6E8BF1ABFFC5F32,True
ORD-SYN-002895,CUS-SYN-065,2026-04-15T15:05:00-04:00,2026-04-16T15:05:00-04:00,2026-04-18T15:05:00-04:00,fulfilled,B2B-V1-BASE,BLD-9102B6E8BF1ABFFC5F32,True
ORD-SYN-002896,CUS-SYN-082,2026-04-15T15:20:00-04:00,2026-04-21T15:20:00-04:00,2026-04-21T15:20:00-04:00,fulfilled,B2B-V1-BASE,BLD-9102B6E8BF1ABFFC5F32,True
ORD-SYN-002897,CUS-SYN-066,2026-04-15T15:35:00-04:00,2026-04-17T15:35:00-04:00,2026-04-21T15:35:00-04:00,fulfilled,B2B-V1-BASE,BLD-9102B6E8BF1ABFFC5F32,True
ORD-SYN-002898,CUS-SYN-027,2026-04-15T16:04:00-04:00,2026-04-19T16:04:00-04:00,2026-04-19T16:04:00-04:00,fulfilled,B2B-V1-BASE,BLD-9102B6E8BF1ABFFC5F32,True
ORD-SYN-002899,CUS-SYN-043,2026-04-15T16:28:00-04:00,2026-04-16T16:28:00-04:00,2026-04-18T16:28:00-04:00,fulfilled,B2B-V1-BASE,BLD-9102B6E8BF1ABFFC5F32,True
ORD-SYN-002900,CUS-SYN-064,2026-04-15T17:32:00-04:00,2026-04-18T17:32:00-04:00,2026-04-18T17:32:00-04:00,fulfilled,B2B-V1-BASE,BLD-9102B6E8BF1ABFFC5F32,True
ORD-SYN-002901,CUS-SYN-049,2026-04-16T09:15:00-04:00,2026-04-18T09:15:00-04:00,2026-04-18T09:15:00-04:00,partially_fulfilled,B2B-V1-BASE,BLD-9102B6E8BF1ABFFC5F32,True
ORD-SYN-002902,CUS-SYN-004,2026-04-16T11:05:00-04:00,2026-04-17T11:05:00-04:00,2026-04-20T11:05:00-04:00,fulfilled,B2B-V1-BASE,BLD-9102B6E8BF1ABFFC5F32,True
ORD-SYN-002903,CUS-SYN-042,2026-04-16T11:23:00-04:00,2026-04-21T11:23:00-04:00,2026-04-21T11:23:00-04:00,fulfilled,B2B-V1-BASE,BLD-9102B6E8BF1ABFFC5F32,True
ORD-SYN-002904,CUS-SYN-141,2026-04-16T11:46:00-04:00,2026-04-17T11:46:00-04:00,2026-04-19T11:46:00-04:00,fulfilled,B2B-V1-BASE,BLD-9102B6E8BF1ABFFC5F32,True
ORD-SYN-002905,CUS-SYN-058,2026-04-16T11:58:00-04:00,2026-04-17T11:58:00-04:00,2026-04-18T11:58:00-04:00,fulfilled,B2B-V1-BASE,BLD-9102B6E8BF1ABFFC5F32,True
ORD-SYN-002906,CUS-SYN-092,2026-04-16T14:29:00-04:00,2026-04-18T14:29:00-04:00,2026-04-22T14:29:00-04:00,fulfilled,B2B-V1-BASE,BLD-9102B6E8BF1ABFFC5F32,True
ORD-SYN-002907,CUS-SYN-022,2026-04-16T14:40:00-04:00,2026-04-19T14:40:00-04:00,2026-04-20T14:40:00-04:00,fulfilled,B2B-V1-BASE,BLD-9102B6E8BF1ABFFC5F32,True
ORD-SYN-002908,CUS-SYN-122,2026-04-16T15:54:00-04:00,,2026-04-21T15:54:00-04:00,partially_fulfilled,B2B-V1-BASE,BLD-9102B6E8BF1ABFFC5F32,True
ORD-SYN-002909,CUS-SYN-075,2026-04-17T09:45:00-04:00,2026-04-21T09:45:00-04:00,2026-04-21T09:45:00-04:00,fulfilled,B2B-V1-BASE,BLD-9102B6E8BF1ABFFC5F32,True
ORD-SYN-002910,CUS-SYN-098,2026-04-17T11:01:00-04:00,2026-04-20T11:01:00-04:00,2026-04-22T11:01:00-04:00,fulfilled,B2B-V1-BASE,BLD-9102B6E8BF1ABFFC5F32,True
ORD-SYN-002911,CUS-SYN-082,2026-04-17T11:36:00-04:00,2026-04-21T11:36:00-04:00,2026-04-23T11:36:00-04:00,partially_fulfilled,B2B-V1-BASE,BLD-9102B6E8BF1ABFFC5F32,True
ORD-SYN-002912,CUS-SYN-050,2026-04-17T13:39:00-04:00,2026-04-19T13:39:00-04:00,2026-04-19T13:39:00-04:00,fulfilled,B2B-V1-BASE,BLD-9102B6E8BF1ABFFC5F32,True
ORD-SYN-002913,CUS-SYN-067,2026-04-17T14:49:00-04:00,2026-04-18T14:49:00-04:00,2026-04-19T14:49:00-04:00,fulfilled,B2B-V1-BASE,BLD-9102B6E8BF1ABFFC5F32,True
ORD-SYN-002914,CUS-SYN-113,2026-04-17T14:59:00-04:00,2026-04-19T14:59:00-04:00,2026-04-21T14:59:00-04:00,fulfilled,B2B-V1-BASE,BLD-9102B6E8BF1ABFFC5F32,True
ORD-SYN-002915,CUS-SYN-078,2026-04-17T15:00:00-04:00,,2026-04-23T15:00:00-04:00,fulfilled,B2B-V1-BASE,BLD-9102B6E8BF1ABFFC5F32,True
ORD-SYN-002916,CUS-SYN-042,2026-04-17T15:01:00-04:00,2026-04-18T15:01:00-04:00,2026-04-20T15:01:00-04:00,partially_fulfilled,B2B-V1-BASE,BLD-9102B6E8BF1ABFFC5F32,True
ORD-SYN-002917,CUS-SYN-117,2026-04-17T16:16:00-04:00,2026-04-20T16:16:00-04:00,2026-04-21T16:16:00-04:00,partially_fulfilled,B2B-V1-BASE,BLD-9102B6E8BF1ABFFC5F32,True
ORD-SYN-002918,CUS-SYN-130,2026-04-17T17:15:00-04:00,2026-04-18T17:15:00-04:00,2026-04-22T17:15:00-04:00,partially_fulfilled,B2B-V1-BASE,BLD-9102B6E8BF1ABFFC5F32,True
ORD-SYN-002919,CUS-SYN-130,2026-04-17T17:44:00-04:00,2026-04-18T17:44:00-04:00,2026-04-19T17:44:00-04:00,fulfilled,B2B-V1-BASE,BLD-9102B6E8BF1ABFFC5F32,True
ORD-SYN-002920,CUS-SYN-070,2026-04-18T08:09:00-04:00,2026-04-19T08:09:00-04:00,2026-04-23T08:09:00-04:00,fulfilled,B2B-V1-BASE,BLD-9102B6E8BF1ABFFC5F32,True
ORD-SYN-002921,CUS-SYN-081,2026-04-18T08:46:00-04:00,2026-04-22T08:46:00-04:00,2026-04-23T08:46:00-04:00,partially_fulfilled,B2B-V1-BASE,BLD-9102B6E8BF1ABFFC5F32,True
ORD-SYN-002922,CUS-SYN-001,2026-04-18T09:38:00-04:00,2026-04-23T09:38:00-04:00,2026-04-23T09:38:00-04:00,partially_fulfilled,B2B-V1-BASE,BLD-9102B6E8BF1ABFFC5F32,True
ORD-SYN-002923,CUS-SYN-047,2026-04-18T11:28:00-04:00,2026-04-22T11:28:00-04:00,2026-04-24T11:28:00-04:00,fulfilled,B2B-V1-BASE,BLD-9102B6E8BF1ABFFC5F32,True
ORD-SYN-002924,CUS-SYN-017,2026-04-18T11:42:00-04:00,2026-04-22T11:42:00-04:00,2026-04-22T11:42:00-04:00,fulfilled,B2B-V1-BASE,BLD-9102B6E8BF1ABFFC5F32,True
ORD-SYN-002925,CUS-SYN-085,2026-04-18T13:10:00-04:00,2026-04-22T13:10:00-04:00,2026-04-22T13:10:00-04:00,fulfilled,B2B-V1-BASE,BLD-9102B6E8BF1ABFFC5F32,True
ORD-SYN-002926,CUS-SYN-108,2026-04-18T13:21:00-04:00,,2026-04-21T13:21:00-04:00,fulfilled,B2B-V1-BASE,BLD-9102B6E8BF1ABFFC5F32,True
ORD-SYN-002927,CUS-SYN-045,2026-04-18T14:13:00-04:00,2026-04-21T14:13:00-04:00,2026-04-24T14:13:00-04:00,fulfilled,B2B-V1-BASE,BLD-9102B6E8BF1ABFFC5F32,True
ORD-SYN-002928,CUS-SYN-017,2026-04-18T15:06:00-04:00,2026-04-21T15:06:00-04:00,2026-04-21T15:06:00-04:00,fulfilled,B2B-V1-BASE,BLD-9102B6E8BF1ABFFC5F32,True
ORD-SYN-002929,CUS-SYN-122,2026-04-18T15:44:00-04:00,,2026-04-23T15:44:00-04:00,fulfilled,B2B-V1-BASE,BLD-9102B6E8BF1ABFFC5F32,True
ORD-SYN-002930,CUS-SYN-077,2026-04-18T16:07:00-04:00,2026-04-20T16:07:00-04:00,2026-04-23T16:07:00-04:00,fulfilled,B2B-V1-BASE,BLD-9102B6E8BF1ABFFC5F32,True
ORD-SYN-002931,CUS-SYN-127,2026-04-18T16:27:00-04:00,2026-04-20T16:27:00-04:00,2026-04-21T16:27:00-04:00,fulfilled,B2B-V1-BASE,BLD-9102B6E8BF1ABFFC5F32,True
ORD-SYN-002932,CUS-SYN-129,2026-04-18T17:00:00-04:00,,2026-04-21T17:00:00-04:00,fulfilled,B2B-V1-BASE,BLD-9102B6E8BF1ABFFC5F32,True
ORD-SYN-002933,CUS-SYN-017,2026-04-18T17:17:00-04:00,,2026-04-22T17:17:00-04:00,partially_fulfilled,B2B-V1-BASE,BLD-9102B6E8BF1ABFFC5F32,True
ORD-SYN-002934,CUS-SYN-059,2026-04-19T08:57:00-04:00,2026-04-20T08:57:00-04:00,2026-04-21T08:57:00-04:00,fulfilled,B2B-V1-BASE,BLD-9102B6E8BF1ABFFC5F32,True
ORD-SYN-002935,CUS-SYN-009,2026-04-19T08:59:00-04:00,2026-04-21T08:59:00-04:00,2026-04-25T08:59:00-04:00,fulfilled,B2B-V1-BASE,BLD-9102B6E8BF1ABFFC5F32,True
ORD-SYN-002936,CUS-SYN-038,2026-04-19T09:47:00-04:00,2026-04-20T09:47:00-04:00,2026-04-25T09:47:00-04:00,partially_fulfilled,B2B-V1-BASE,BLD-9102B6E8BF1ABFFC5F32,True
ORD-SYN-002937,CUS-SYN-005,2026-04-19T09:53:00-04:00,2026-04-20T09:53:00-04:00,2026-04-21T09:53:00-04:00,fulfilled,B2B-V1-BASE,BLD-9102B6E8BF1ABFFC5F32,True
ORD-SYN-002938,CUS-SYN-078,2026-04-19T12:15:00-04:00,2026-04-20T12:15:00-04:00,2026-04-21T12:15:00-04:00,fulfilled,B2B-V1-BASE,BLD-9102B6E8BF1ABFFC5F32,True
ORD-SYN-002939,CUS-SYN-105,2026-04-19T12:38:00-04:00,2026-04-20T12:38:00-04:00,2026-04-21T12:38:00-04:00,fulfilled,B2B-V1-BASE,BLD-9102B6E8BF1ABFFC5F32,True
ORD-SYN-002940,CUS-SYN-086,2026-04-19T13:56:00-04:00,2026-04-20T13:56:00-04:00,2026-04-21T13:56:00-04:00,fulfilled,B2B-V1-BASE,BLD-9102B6E8BF1ABFFC5F32,True
ORD-SYN-002941,CUS-SYN-144,2026-04-19T14:31:00-04:00,2026-04-24T14:31:00-04:00,2026-04-24T14:31:00-04:00,fulfilled,B2B-V1-BASE,BLD-9102B6E8BF1ABFFC5F32,True
ORD-SYN-002942,CUS-SYN-085,2026-04-19T16:37:00-04:00,2026-04-20T16:37:00-04:00,2026-04-21T16:37:00-04:00,fulfilled,B2B-V1-BASE,BLD-9102B6E8BF1ABFFC5F32,True
ORD-SYN-002943,CUS-SYN-145,2026-04-19T16:52:00-04:00,,2026-04-23T16:52:00-04:00,fulfilled,B2B-V1-BASE,BLD-9102B6E8BF1ABFFC5F32,True
ORD-SYN-002944,CUS-SYN-147,2026-04-20T08:20:00-04:00,,2026-04-25T08:20:00-04:00,fulfilled,B2B-V1-BASE,BLD-9102B6E8BF1ABFFC5F32,True
ORD-SYN-002945,CUS-SYN-141,2026-04-20T08:58:00-04:00,2026-04-22T08:58:00-04:00,2026-04-22T08:58:00-04:00,partially_fulfilled,B2B-V1-BASE,BLD-9102B6E8BF1ABFFC5F32,True
ORD-SYN-002946,CUS-SYN-091,2026-04-20T12:25:00-04:00,2026-04-23T12:25:00-04:00,2026-04-23T12:25:00-04:00,partially_fulfilled,B2B-V1-BASE,BLD-9102B6E8BF1ABFFC5F32,True
ORD-SYN-002947,CUS-SYN-053,2026-04-20T13:34:00-04:00,2026-04-21T13:34:00-04:00,2026-04-24T13:34:00-04:00,partially_fulfilled,B2B-V1-BASE,BLD-9102B6E8BF1ABFFC5F32,True
ORD-SYN-002948,CUS-SYN-114,2026-04-20T15:18:00-04:00,2026-04-21T15:18:00-04:00,2026-04-25T15:18:00-04:00,partially_fulfilled,B2B-V1-BASE,BLD-9102B6E8BF1ABFFC5F32,True
ORD-SYN-002949,CUS-SYN-029,2026-04-20T15:53:00-04:00,2026-04-22T15:53:00-04:00,2026-04-25T15:53:00-04:00,fulfilled,B2B-V1-BASE,BLD-9102B6E8BF1ABFFC5F32,True
ORD-SYN-002950,CUS-SYN-027,2026-04-20T16:03:00-04:00,,2026-04-23T16:03:00-04:00,fulfilled,B2B-V1-BASE,BLD-9102B6E8BF1ABFFC5F32,True
ORD-SYN-002951,CUS-SYN-025,2026-04-20T16:20:00-04:00,2026-04-24T16:20:00-04:00,2026-04-25T16:20:00-04:00,fulfilled,B2B-V1-BASE,BLD-9102B6E8BF1ABFFC5F32,True
ORD-SYN-002952,CUS-SYN-134,2026-04-20T16:40:00-04:00,2026-04-25T16:40:00-04:00,2026-04-25T16:40:00-04:00,fulfilled,B2B-V1-BASE,BLD-9102B6E8BF1ABFFC5F32,True
ORD-SYN-002953,CUS-SYN-124,2026-04-20T16:44:00-04:00,,2026-04-22T16:44:00-04:00,partially_fulfilled,B2B-V1-BASE,BLD-9102B6E8BF1ABFFC5F32,True
ORD-SYN-002954,CUS-SYN-045,2026-04-20T16:53:00-04:00,2026-04-23T16:53:00-04:00,2026-04-23T16:53:00-04:00,fulfilled,B2B-V1-BASE,BLD-9102B6E8BF1ABFFC5F32,True
ORD-SYN-002955,CUS-SYN-010,2026-04-21T09:33:00-04:00,2026-04-26T09:33:00-04:00,2026-04-27T09:33:00-04:00,fulfilled,B2B-V1-BASE,BLD-9102B6E8BF1ABFFC5F32,True
ORD-SYN-002956,CUS-SYN-049,2026-04-21T12:35:00-04:00,,2026-04-25T12:35:00-04:00,partially_fulfilled,B2B-V1-BASE,BLD-9102B6E8BF1ABFFC5F32,True
ORD-SYN-002957,CUS-SYN-008,2026-04-21T12:58:00-04:00,2026-04-24T12:58:00-04:00,2026-04-26T12:58:00-04:00,partially_fulfilled,B2B-V1-BASE,BLD-9102B6E8BF1ABFFC5F32,True
ORD-SYN-002958,CUS-SYN-033,2026-04-21T13:32:00-04:00,2026-04-23T13:32:00-04:00,2026-04-25T13:32:00-04:00,fulfilled,B2B-V1-BASE,BLD-9102B6E8BF1ABFFC5F32,True
ORD-SYN-002959,CUS-SYN-121,2026-04-21T13:33:00-04:00,2026-04-24T13:33:00-04:00,2026-04-24T13:33:00-04:00,fulfilled,B2B-V1-BASE,BLD-9102B6E8BF1ABFFC5F32,True
ORD-SYN-002960,CUS-SYN-054,2026-04-21T15:02:00-04:00,2026-04-25T15:02:00-04:00,2026-04-26T15:02:00-04:00,fulfilled,B2B-V1-BASE,BLD-9102B6E8BF1ABFFC5F32,True
ORD-SYN-002961,CUS-SYN-099,2026-04-21T15:26:00-04:00,2026-04-23T15:26:00-04:00,2026-04-24T15:26:00-04:00,fulfilled,B2B-V1-BASE,BLD-9102B6E8BF1ABFFC5F32,True
ORD-SYN-002962,CUS-SYN-047,2026-04-21T16:35:00-04:00,2026-04-22T16:35:00-04:00,2026-04-26T16:35:00-04:00,fulfilled,B2B-V1-BASE,BLD-9102B6E8BF1ABFFC5F32,True
ORD-SYN-002963,CUS-SYN-143,2026-04-21T17:07:00-04:00,2026-04-22T17:07:00-04:00,2026-04-24T17:07:00-04:00,fulfilled,B2B-V1-BASE,BLD-9102B6E8BF1ABFFC5F32,True
ORD-SYN-002964,CUS-SYN-089,2026-04-21T17:11:00-04:00,,2026-04-25T17:11:00-04:00,fulfilled,B2B-V1-BASE,BLD-9102B6E8BF1ABFFC5F32,True
ORD-SYN-002965,CUS-SYN-088,2026-04-21T17:49:00-04:00,2026-04-24T17:49:00-04:00,2026-04-26T17:49:00-04:00,fulfilled,B2B-V1-BASE,BLD-9102B6E8BF1ABFFC5F32,True
ORD-SYN-002966,CUS-SYN-097,2026-04-22T08:09:00-04:00,,2026-04-25T08:09:00-04:00,partially_fulfilled,B2B-V1-BASE,BLD-9102B6E8BF1ABFFC5F32,True
ORD-SYN-002967,CUS-SYN-014,2026-04-22T10:21:00-04:00,2026-04-25T10:21:00-04:00,2026-04-26T10:21:00-04:00,fulfilled,B2B-V1-BASE,BLD-9102B6E8BF1ABFFC5F32,True
ORD-SYN-002968,CUS-SYN-150,2026-04-22T11:27:00-04:00,2026-04-25T11:27:00-04:00,2026-04-26T11:27:00-04:00,fulfilled,B2B-V1-BASE,BLD-9102B6E8BF1ABFFC5F32,True
ORD-SYN-002969,CUS-SYN-090,2026-04-22T11:27:00-04:00,,2026-04-26T11:27:00-04:00,fulfilled,B2B-V1-BASE,BLD-9102B6E8BF1ABFFC5F32,True
ORD-SYN-002970,CUS-SYN-014,2026-04-22T11:41:00-04:00,2026-04-23T11:41:00-04:00,2026-04-27T11:41:00-04:00,fulfilled,B2B-V1-BASE,BLD-9102B6E8BF1ABFFC5F32,True
ORD-SYN-002971,CUS-SYN-009,2026-04-22T11:47:00-04:00,2026-04-24T11:47:00-04:00,2026-04-26T11:47:00-04:00,fulfilled,B2B-V1-BASE,BLD-9102B6E8BF1ABFFC5F32,True
ORD-SYN-002972,CUS-SYN-105,2026-04-22T12:23:00-04:00,2026-04-24T12:23:00-04:00,2026-04-24T12:23:00-04:00,fulfilled,B2B-V1-BASE,BLD-9102B6E8BF1ABFFC5F32,True
ORD-SYN-002973,CUS-SYN-034,2026-04-22T15:16:00-04:00,2026-04-24T15:16:00-04:00,2026-04-26T15:16:00-04:00,fulfilled,B2B-V1-BASE,BLD-9102B6E8BF1ABFFC5F32,True
ORD-SYN-002974,CUS-SYN-042,2026-04-22T16:37:00-04:00,2026-04-25T16:37:00-04:00,2026-04-26T16:37:00-04:00,partially_fulfilled,B2B-V1-BASE,BLD-9102B6E8BF1ABFFC5F32,True
ORD-SYN-002975,CUS-SYN-054,2026-04-22T17:48:00-04:00,,2026-04-26T17:48:00-04:00,fulfilled,B2B-V1-BASE,BLD-9102B6E8BF1ABFFC5F32,True
ORD-SYN-002976,CUS-SYN-120,2026-04-23T09:39:00-04:00,2026-04-27T09:39:00-04:00,2026-04-27T09:39:00-04:00,fulfilled,B2B-V1-BASE,BLD-9102B6E8BF1ABFFC5F32,True
ORD-SYN-002977,CUS-SYN-049,2026-04-23T09:43:00-04:00,2026-04-26T09:43:00-04:00,2026-04-26T09:43:00-04:00,fulfilled,B2B-V1-BASE,BLD-9102B6E8BF1ABFFC5F32,True
ORD-SYN-002978,CUS-SYN-086,2026-04-23T10:38:00-04:00,2026-04-25T10:38:00-04:00,2026-04-28T10:38:00-04:00,partially_fulfilled,B2B-V1-BASE,BLD-9102B6E8BF1ABFFC5F32,True
ORD-SYN-002979,CUS-SYN-124,2026-04-23T10:46:00-04:00,2026-04-25T10:46:00-04:00,2026-04-26T10:46:00-04:00,fulfilled,B2B-V1-BASE,BLD-9102B6E8BF1ABFFC5F32,True
ORD-SYN-002980,CUS-SYN-101,2026-04-23T11:15:00-04:00,2026-04-26T11:15:00-04:00,2026-04-26T11:15:00-04:00,fulfilled,B2B-V1-BASE,BLD-9102B6E8BF1ABFFC5F32,True
ORD-SYN-002981,CUS-SYN-135,2026-04-23T11:23:00-04:00,,2026-04-28T11:23:00-04:00,fulfilled,B2B-V1-BASE,BLD-9102B6E8BF1ABFFC5F32,True
ORD-SYN-002982,CUS-SYN-053,2026-04-23T12:05:00-04:00,2026-04-26T12:05:00-04:00,2026-04-27T12:05:00-04:00,fulfilled,B2B-V1-BASE,BLD-9102B6E8BF1ABFFC5F32,True
ORD-SYN-002983,CUS-SYN-074,2026-04-23T12:59:00-04:00,,2026-04-26T12:59:00-04:00,partially_fulfilled,B2B-V1-BASE,BLD-9102B6E8BF1ABFFC5F32,True
ORD-SYN-002984,CUS-SYN-030,2026-04-23T13:01:00-04:00,2026-04-24T13:01:00-04:00,2026-04-26T13:01:00-04:00,fulfilled,B2B-V1-BASE,BLD-9102B6E8BF1ABFFC5F32,True
ORD-SYN-002985,CUS-SYN-045,2026-04-23T13:35:00-04:00,2026-04-24T13:35:00-04:00,2026-04-25T13:35:00-04:00,fulfilled,B2B-V1-BASE,BLD-9102B6E8BF1ABFFC5F32,True
ORD-SYN-002986,CUS-SYN-147,2026-04-23T16:00:00-04:00,2026-04-27T16:00:00-04:00,2026-04-29T16:00:00-04:00,fulfilled,B2B-V1-BASE,BLD-9102B6E8BF1ABFFC5F32,True
ORD-SYN-002987,CUS-SYN-025,2026-04-23T16:11:00-04:00,2026-04-25T16:11:00-04:00,2026-04-29T16:11:00-04:00,fulfilled,B2B-V1-BASE,BLD-9102B6E8BF1ABFFC5F32,True
ORD-SYN-002988,CUS-SYN-047,2026-04-23T16:31:00-04:00,,2026-04-29T16:31:00-04:00,partially_fulfilled,B2B-V1-BASE,BLD-9102B6E8BF1ABFFC5F32,True
ORD-SYN-002989,CUS-SYN-126,2026-04-24T08:55:00-04:00,2026-04-27T08:55:00-04:00,2026-04-30T08:55:00-04:00,partially_fulfilled,B2B-V1-BASE,BLD-9102B6E8BF1ABFFC5F32,True
ORD-SYN-002990,CUS-SYN-032,2026-04-24T09:11:00-04:00,2026-04-29T09:11:00-04:00,2026-04-30T09:11:00-04:00,fulfilled,B2B-V1-BASE,BLD-9102B6E8BF1ABFFC5F32,True
ORD-SYN-002991,CUS-SYN-037,2026-04-24T09:57:00-04:00,2026-04-28T09:57:00-04:00,2026-04-28T09:57:00-04:00,partially_fulfilled,B2B-V1-BASE,BLD-9102B6E8BF1ABFFC5F32,True
ORD-SYN-002992,CUS-SYN-005,2026-04-24T10:27:00-04:00,2026-04-27T10:27:00-04:00,2026-04-28T10:27:00-04:00,fulfilled,B2B-V1-BASE,BLD-9102B6E8BF1ABFFC5F32,True
ORD-SYN-002993,CUS-SYN-064,2026-04-24T11:11:00-04:00,,2026-04-26T11:11:00-04:00,fulfilled,B2B-V1-BASE,BLD-9102B6E8BF1ABFFC5F32,True
ORD-SYN-002994,CUS-SYN-097,2026-04-24T11:32:00-04:00,,2026-04-28T11:32:00-04:00,partially_fulfilled,B2B-V1-BASE,BLD-9102B6E8BF1ABFFC5F32,True
ORD-SYN-002995,CUS-SYN-033,2026-04-24T11:43:00-04:00,2026-04-25T11:43:00-04:00,2026-04-30T11:43:00-04:00,fulfilled,B2B-V1-BASE,BLD-9102B6E8BF1ABFFC5F32,True
ORD-SYN-002996,CUS-SYN-120,2026-04-24T12:50:00-04:00,,2026-04-30T12:50:00-04:00,fulfilled,B2B-V1-BASE,BLD-9102B6E8BF1ABFFC5F32,True
ORD-SYN-002997,CUS-SYN-148,2026-04-24T13:21:00-04:00,2026-04-26T13:21:00-04:00,2026-04-27T13:21:00-04:00,partially_fulfilled,B2B-V1-BASE,BLD-9102B6E8BF1ABFFC5F32,True
ORD-SYN-002998,CUS-SYN-005,2026-04-24T13:29:00-04:00,2026-04-27T13:29:00-04:00,2026-04-27T13:29:00-04:00,fulfilled,B2B-V1-BASE,BLD-9102B6E8BF1ABFFC5F32,True
ORD-SYN-002999,CUS-SYN-150,2026-04-24T15:00:00-04:00,2026-04-26T15:00:00-04:00,2026-04-26T15:00:00-04:00,fulfilled,B2B-V1-BASE,BLD-9102B6E8BF1ABFFC5F32,True
ORD-SYN-003000,CUS-SYN-037,2026-04-24T15:21:00-04:00,2026-04-27T15:21:00-04:00,2026-04-27T15:21:00-04:00,fulfilled,B2B-V1-BASE,BLD-9102B6E8BF1ABFFC5F32,True
ORD-SYN-003001,CUS-SYN-110,2026-04-24T16:13:00-04:00,2026-04-26T16:13:00-04:00,2026-04-30T16:13:00-04:00,partially_fulfilled,B2B-V1-BASE,BLD-9102B6E8BF1ABFFC5F32,True
ORD-SYN-003002,CUS-SYN-034,2026-04-24T17:56:00-04:00,2026-04-25T17:56:00-04:00,2026-04-26T17:56:00-04:00,fulfilled,B2B-V1-BASE,BLD-9102B6E8BF1ABFFC5F32,True
ORD-SYN-003003,CUS-SYN-147,2026-04-25T08:08:00-04:00,2026-04-26T08:08:00-04:00,2026-04-28T08:08:00-04:00,partially_fulfilled,B2B-V1-BASE,BLD-9102B6E8BF1ABFFC5F32,True
ORD-SYN-003004,CUS-SYN-009,2026-04-25T08:27:00-04:00,2026-04-28T08:27:00-04:00,2026-04-28T08:27:00-04:00,fulfilled,B2B-V1-BASE,BLD-9102B6E8BF1ABFFC5F32,True
ORD-SYN-003005,CUS-SYN-031,2026-04-25T09:47:00-04:00,2026-04-28T09:47:00-04:00,2026-04-28T09:47:00-04:00,fulfilled,B2B-V1-BASE,BLD-9102B6E8BF1ABFFC5F32,True
ORD-SYN-003006,CUS-SYN-129,2026-04-25T09:51:00-04:00,2026-04-29T09:51:00-04:00,2026-04-30T09:51:00-04:00,fulfilled,B2B-V1-BASE,BLD-9102B6E8BF1ABFFC5F32,True
ORD-SYN-003007,CUS-SYN-002,2026-04-25T10:15:00-04:00,2026-04-27T10:15:00-04:00,2026-05-01T10:15:00-04:00,fulfilled,B2B-V1-BASE,BLD-9102B6E8BF1ABFFC5F32,True
ORD-SYN-003008,CUS-SYN-117,2026-04-25T10:32:00-04:00,2026-04-26T10:32:00-04:00,2026-04-29T10:32:00-04:00,fulfilled,B2B-V1-BASE,BLD-9102B6E8BF1ABFFC5F32,True
ORD-SYN-003009,CUS-SYN-068,2026-04-25T11:00:00-04:00,2026-04-27T11:00:00-04:00,2026-05-01T11:00:00-04:00,fulfilled,B2B-V1-BASE,BLD-9102B6E8BF1ABFFC5F32,True
ORD-SYN-003010,CUS-SYN-113,2026-04-25T11:10:00-04:00,2026-04-28T11:10:00-04:00,2026-04-28T11:10:00-04:00,fulfilled,B2B-V1-BASE,BLD-9102B6E8BF1ABFFC5F32,True
ORD-SYN-003011,CUS-SYN-140,2026-04-25T11:52:00-04:00,2026-04-26T11:52:00-04:00,2026-04-29T11:52:00-04:00,fulfilled,B2B-V1-BASE,BLD-9102B6E8BF1ABFFC5F32,True
ORD-SYN-003012,CUS-SYN-109,2026-04-25T12:22:00-04:00,2026-04-27T12:22:00-04:00,2026-05-01T12:22:00-04:00,fulfilled,B2B-V1-BASE,BLD-9102B6E8BF1ABFFC5F32,True
ORD-SYN-003013,CUS-SYN-054,2026-04-25T12:44:00-04:00,2026-04-27T12:44:00-04:00,2026-04-29T12:44:00-04:00,fulfilled,B2B-V1-BASE,BLD-9102B6E8BF1ABFFC5F32,True
ORD-SYN-003014,CUS-SYN-112,2026-04-25T13:40:00-04:00,2026-04-30T13:40:00-04:00,2026-04-30T13:40:00-04:00,partially_fulfilled,B2B-V1-BASE,BLD-9102B6E8BF1ABFFC5F32,True
ORD-SYN-003015,CUS-SYN-089,2026-04-25T14:47:00-04:00,2026-04-29T14:47:00-04:00,2026-05-01T14:47:00-04:00,fulfilled,B2B-V1-BASE,BLD-9102B6E8BF1ABFFC5F32,True
ORD-SYN-003016,CUS-SYN-090,2026-04-25T16:26:00-04:00,2026-04-29T16:26:00-04:00,2026-04-29T16:26:00-04:00,fulfilled,B2B-V1-BASE,BLD-9102B6E8BF1ABFFC5F32,True
ORD-SYN-003017,CUS-SYN-054,2026-04-25T17:38:00-04:00,2026-04-27T17:38:00-04:00,2026-04-28T17:38:00-04:00,fulfilled,B2B-V1-BASE,BLD-9102B6E8BF1ABFFC5F32,True
ORD-SYN-003018,CUS-SYN-061,2026-04-26T08:27:00-04:00,2026-04-30T08:27:00-04:00,2026-04-30T08:27:00-04:00,fulfilled,B2B-V1-BASE,BLD-9102B6E8BF1ABFFC5F32,True
ORD-SYN-003019,CUS-SYN-113,2026-04-26T08:40:00-04:00,2026-04-29T08:40:00-04:00,2026-04-29T08:40:00-04:00,fulfilled,B2B-V1-BASE,BLD-9102B6E8BF1ABFFC5F32,True
ORD-SYN-003020,CUS-SYN-111,2026-04-26T09:21:00-04:00,2026-04-28T09:21:00-04:00,2026-05-02T09:21:00-04:00,fulfilled,B2B-V1-BASE,BLD-9102B6E8BF1ABFFC5F32,True
ORD-SYN-003021,CUS-SYN-147,2026-04-26T09:32:00-04:00,2026-04-27T09:32:00-04:00,2026-04-30T09:32:00-04:00,partially_fulfilled,B2B-V1-BASE,BLD-9102B6E8BF1ABFFC5F32,True
ORD-SYN-003022,CUS-SYN-001,2026-04-26T09:38:00-04:00,2026-04-28T09:38:00-04:00,2026-04-28T09:38:00-04:00,fulfilled,B2B-V1-BASE,BLD-9102B6E8BF1ABFFC5F32,True
ORD-SYN-003023,CUS-SYN-029,2026-04-26T09:50:00-04:00,2026-04-29T09:50:00-04:00,2026-04-29T09:50:00-04:00,fulfilled,B2B-V1-BASE,BLD-9102B6E8BF1ABFFC5F32,True
ORD-SYN-003024,CUS-SYN-149,2026-04-26T10:05:00-04:00,2026-04-29T10:05:00-04:00,2026-04-29T10:05:00-04:00,fulfilled,B2B-V1-BASE,BLD-9102B6E8BF1ABFFC5F32,True
ORD-SYN-003025,CUS-SYN-023,2026-04-26T10:24:00-04:00,,2026-04-28T10:24:00-04:00,fulfilled,B2B-V1-BASE,BLD-9102B6E8BF1ABFFC5F32,True
ORD-SYN-003026,CUS-SYN-144,2026-04-26T10:35:00-04:00,,2026-05-01T10:35:00-04:00,fulfilled,B2B-V1-BASE,BLD-9102B6E8BF1ABFFC5F32,True
ORD-SYN-003027,CUS-SYN-041,2026-04-26T12:17:00-04:00,2026-04-29T12:17:00-04:00,2026-04-30T12:17:00-04:00,fulfilled,B2B-V1-BASE,BLD-9102B6E8BF1ABFFC5F32,True
ORD-SYN-003028,CUS-SYN-141,2026-04-26T14:01:00-04:00,2026-04-28T14:01:00-04:00,2026-04-28T14:01:00-04:00,fulfilled,B2B-V1-BASE,BLD-9102B6E8BF1ABFFC5F32,True
ORD-SYN-003029,CUS-SYN-010,2026-04-26T17:44:00-04:00,2026-04-28T17:44:00-04:00,2026-04-28T17:44:00-04:00,fulfilled,B2B-V1-BASE,BLD-9102B6E8BF1ABFFC5F32,True
ORD-SYN-003030,CUS-SYN-054,2026-04-27T09:42:00-04:00,2026-04-29T09:42:00-04:00,2026-04-29T09:42:00-04:00,fulfilled,B2B-V1-BASE,BLD-9102B6E8BF1ABFFC5F32,True
ORD-SYN-003031,CUS-SYN-010,2026-04-27T09:59:00-04:00,2026-05-01T09:59:00-04:00,2026-05-02T09:59:00-04:00,fulfilled,B2B-V1-BASE,BLD-9102B6E8BF1ABFFC5F32,True
ORD-SYN-003032,CUS-SYN-106,2026-04-27T10:08:00-04:00,,2026-04-30T10:08:00-04:00,fulfilled,B2B-V1-BASE,BLD-9102B6E8BF1ABFFC5F32,True
ORD-SYN-003033,CUS-SYN-133,2026-04-27T10:42:00-04:00,2026-05-01T10:42:00-04:00,2026-05-03T10:42:00-04:00,fulfilled,B2B-V1-BASE,BLD-9102B6E8BF1ABFFC5F32,True
ORD-SYN-003034,CUS-SYN-041,2026-04-27T11:56:00-04:00,2026-04-30T11:56:00-04:00,2026-04-30T11:56:00-04:00,fulfilled,B2B-V1-BASE,BLD-9102B6E8BF1ABFFC5F32,True
ORD-SYN-003035,CUS-SYN-101,2026-04-27T13:26:00-04:00,2026-04-30T13:26:00-04:00,2026-05-02T13:26:00-04:00,fulfilled,B2B-V1-BASE,BLD-9102B6E8BF1ABFFC5F32,True
ORD-SYN-003036,CUS-SYN-090,2026-04-27T14:20:00-04:00,2026-04-29T14:20:00-04:00,2026-04-29T14:20:00-04:00,fulfilled,B2B-V1-BASE,BLD-9102B6E8BF1ABFFC5F32,True
ORD-SYN-003037,CUS-SYN-094,2026-04-27T14:30:00-04:00,,2026-04-30T14:30:00-04:00,fulfilled,B2B-V1-BASE,BLD-9102B6E8BF1ABFFC5F32,True
ORD-SYN-003038,CUS-SYN-085,2026-04-27T14:47:00-04:00,2026-04-29T14:47:00-04:00,2026-05-02T14:47:00-04:00,fulfilled,B2B-V1-BASE,BLD-9102B6E8BF1ABFFC5F32,True
ORD-SYN-003039,CUS-SYN-095,2026-04-27T15:19:00-04:00,2026-04-29T15:19:00-04:00,2026-05-03T15:19:00-04:00,fulfilled,B2B-V1-BASE,BLD-9102B6E8BF1ABFFC5F32,True
ORD-SYN-003040,CUS-SYN-010,2026-04-27T15:25:00-04:00,2026-04-28T15:25:00-04:00,2026-04-29T15:25:00-04:00,fulfilled,B2B-V1-BASE,BLD-9102B6E8BF1ABFFC5F32,True
ORD-SYN-003041,CUS-SYN-014,2026-04-27T16:08:00-04:00,,2026-05-01T16:08:00-04:00,fulfilled,B2B-V1-BASE,BLD-9102B6E8BF1ABFFC5F32,True
ORD-SYN-003042,CUS-SYN-125,2026-04-27T16:50:00-04:00,2026-04-30T16:50:00-04:00,2026-04-30T16:50:00-04:00,partially_fulfilled,B2B-V1-BASE,BLD-9102B6E8BF1ABFFC5F32,True
ORD-SYN-003043,CUS-SYN-029,2026-04-27T17:22:00-04:00,2026-04-28T17:22:00-04:00,2026-05-01T17:22:00-04:00,fulfilled,B2B-V1-BASE,BLD-9102B6E8BF1ABFFC5F32,True
ORD-SYN-003044,CUS-SYN-057,2026-04-28T08:02:00-04:00,,2026-04-30T08:02:00-04:00,fulfilled,B2B-V1-BASE,BLD-9102B6E8BF1ABFFC5F32,True
ORD-SYN-003045,CUS-SYN-090,2026-04-28T08:24:00-04:00,2026-04-30T08:24:00-04:00,2026-05-01T08:24:00-04:00,fulfilled,B2B-V1-BASE,BLD-9102B6E8BF1ABFFC5F32,True
ORD-SYN-003046,CUS-SYN-098,2026-04-28T10:20:00-04:00,,2026-05-03T10:20:00-04:00,fulfilled,B2B-V1-BASE,BLD-9102B6E8BF1ABFFC5F32,True
ORD-SYN-003047,CUS-SYN-097,2026-04-28T11:52:00-04:00,,2026-04-30T11:52:00-04:00,fulfilled,B2B-V1-BASE,BLD-9102B6E8BF1ABFFC5F32,True
ORD-SYN-003048,CUS-SYN-141,2026-04-28T11:53:00-04:00,2026-04-30T11:53:00-04:00,2026-05-04T11:53:00-04:00,fulfilled,B2B-V1-BASE,BLD-9102B6E8BF1ABFFC5F32,True
ORD-SYN-003049,CUS-SYN-029,2026-04-28T13:09:00-04:00,2026-04-29T13:09:00-04:00,2026-04-30T13:09:00-04:00,fulfilled,B2B-V1-BASE,BLD-9102B6E8BF1ABFFC5F32,True
ORD-SYN-003050,CUS-SYN-116,2026-04-28T13:55:00-04:00,2026-05-01T13:55:00-04:00,2026-05-02T13:55:00-04:00,fulfilled,B2B-V1-BASE,BLD-9102B6E8BF1ABFFC5F32,True
ORD-SYN-003051,CUS-SYN-118,2026-04-28T15:44:00-04:00,2026-05-02T15:44:00-04:00,2026-05-02T15:44:00-04:00,fulfilled,B2B-V1-BASE,BLD-9102B6E8BF1ABFFC5F32,True
ORD-SYN-003052,CUS-SYN-086,2026-04-28T17:23:00-04:00,2026-04-29T17:23:00-04:00,2026-04-30T17:23:00-04:00,fulfilled,B2B-V1-BASE,BLD-9102B6E8BF1ABFFC5F32,True
ORD-SYN-003053,CUS-SYN-094,2026-04-29T08:51:00-04:00,2026-04-30T08:51:00-04:00,2026-05-02T08:51:00-04:00,partially_fulfilled,B2B-V1-BASE,BLD-9102B6E8BF1ABFFC5F32,True
ORD-SYN-003054,CUS-SYN-131,2026-04-29T09:02:00-04:00,,2026-05-03T09:02:00-04:00,partially_fulfilled,B2B-V1-BASE,BLD-9102B6E8BF1ABFFC5F32,True
ORD-SYN-003055,CUS-SYN-098,2026-04-29T09:47:00-04:00,2026-04-30T09:47:00-04:00,2026-05-02T09:47:00-04:00,fulfilled,B2B-V1-BASE,BLD-9102B6E8BF1ABFFC5F32,True
ORD-SYN-003056,CUS-SYN-001,2026-04-29T11:27:00-04:00,2026-05-01T11:27:00-04:00,2026-05-03T11:27:00-04:00,fulfilled,B2B-V1-BASE,BLD-9102B6E8BF1ABFFC5F32,True
ORD-SYN-003057,CUS-SYN-085,2026-04-29T13:26:00-04:00,2026-05-01T13:26:00-04:00,2026-05-02T13:26:00-04:00,fulfilled,B2B-V1-BASE,BLD-9102B6E8BF1ABFFC5F32,True
ORD-SYN-003058,CUS-SYN-024,2026-04-29T15:21:00-04:00,2026-05-02T15:21:00-04:00,2026-05-05T15:21:00-04:00,fulfilled,B2B-V1-BASE,BLD-9102B6E8BF1ABFFC5F32,True
ORD-SYN-003059,CUS-SYN-026,2026-04-29T17:05:00-04:00,,2026-05-01T17:05:00-04:00,fulfilled,B2B-V1-BASE,BLD-9102B6E8BF1ABFFC5F32,True
ORD-SYN-003060,CUS-SYN-137,2026-04-30T09:55:00-04:00,,2026-05-05T09:55:00-04:00,partially_fulfilled,B2B-V1-BASE,BLD-9102B6E8BF1ABFFC5F32,True
ORD-SYN-003061,CUS-SYN-145,2026-04-30T10:11:00-04:00,2026-05-01T10:11:00-04:00,2026-05-02T10:11:00-04:00,fulfilled,B2B-V1-BASE,BLD-9102B6E8BF1ABFFC5F32,True
ORD-SYN-003062,CUS-SYN-042,2026-04-30T11:05:00-04:00,2026-05-02T11:05:00-04:00,2026-05-02T11:05:00-04:00,fulfilled,B2B-V1-BASE,BLD-9102B6E8BF1ABFFC5F32,True
ORD-SYN-003063,CUS-SYN-119,2026-04-30T12:00:00-04:00,2026-05-03T12:00:00-04:00,2026-05-05T12:00:00-04:00,fulfilled,B2B-V1-BASE,BLD-9102B6E8BF1ABFFC5F32,True
ORD-SYN-003064,CUS-SYN-130,2026-04-30T12:22:00-04:00,,2026-05-04T12:22:00-04:00,fulfilled,B2B-V1-BASE,BLD-9102B6E8BF1ABFFC5F32,True
ORD-SYN-003065,CUS-SYN-062,2026-04-30T12:50:00-04:00,2026-05-04T12:50:00-04:00,2026-05-04T12:50:00-04:00,fulfilled,B2B-V1-BASE,BLD-9102B6E8BF1ABFFC5F32,True
ORD-SYN-003066,CUS-SYN-042,2026-04-30T14:31:00-04:00,,2026-05-06T14:31:00-04:00,fulfilled,B2B-V1-BASE,BLD-9102B6E8BF1ABFFC5F32,True
ORD-SYN-003067,CUS-SYN-132,2026-04-30T16:40:00-04:00,2026-05-01T16:40:00-04:00,2026-05-02T16:40:00-04:00,fulfilled,B2B-V1-BASE,BLD-9102B6E8BF1ABFFC5F32,True
ORD-SYN-003068,CUS-SYN-058,2026-05-01T08:49:00-04:00,2026-05-02T08:49:00-04:00,2026-05-03T08:49:00-04:00,fulfilled,B2B-V1-BASE,BLD-9102B6E8BF1ABFFC5F32,True
ORD-SYN-003069,CUS-SYN-062,2026-05-01T11:11:00-04:00,2026-05-02T11:11:00-04:00,2026-05-05T11:11:00-04:00,fulfilled,B2B-V1-BASE,BLD-9102B6E8BF1ABFFC5F32,True
ORD-SYN-003070,CUS-SYN-037,2026-05-01T12:51:00-04:00,2026-05-02T12:51:00-04:00,2026-05-03T12:51:00-04:00,partially_fulfilled,B2B-V1-BASE,BLD-9102B6E8BF1ABFFC5F32,True
ORD-SYN-003071,CUS-SYN-086,2026-05-01T12:55:00-04:00,2026-05-02T12:55:00-04:00,2026-05-07T12:55:00-04:00,fulfilled,B2B-V1-BASE,BLD-9102B6E8BF1ABFFC5F32,True
ORD-SYN-003072,CUS-SYN-039,2026-05-01T14:01:00-04:00,2026-05-03T14:01:00-04:00,2026-05-03T14:01:00-04:00,fulfilled,B2B-V1-BASE,BLD-9102B6E8BF1ABFFC5F32,True
ORD-SYN-003073,CUS-SYN-117,2026-05-01T16:05:00-04:00,2026-05-02T16:05:00-04:00,2026-05-05T16:05:00-04:00,fulfilled,B2B-V1-BASE,BLD-9102B6E8BF1ABFFC5F32,True
ORD-SYN-003074,CUS-SYN-102,2026-05-01T17:34:00-04:00,2026-05-05T17:34:00-04:00,2026-05-07T17:34:00-04:00,fulfilled,B2B-V1-BASE,BLD-9102B6E8BF1ABFFC5F32,True
ORD-SYN-003075,CUS-SYN-123,2026-05-01T17:56:00-04:00,2026-05-05T17:56:00-04:00,2026-05-06T17:56:00-04:00,fulfilled,B2B-V1-BASE,BLD-9102B6E8BF1ABFFC5F32,True
ORD-SYN-003076,CUS-SYN-065,2026-05-02T08:45:00-04:00,2026-05-03T08:45:00-04:00,2026-05-04T08:45:00-04:00,fulfilled,B2B-V1-BASE,BLD-9102B6E8BF1ABFFC5F32,True
ORD-SYN-003077,CUS-SYN-073,2026-05-02T09:04:00-04:00,,2026-05-07T09:04:00-04:00,fulfilled,B2B-V1-BASE,BLD-9102B6E8BF1ABFFC5F32,True
ORD-SYN-003078,CUS-SYN-017,2026-05-02T10:16:00-04:00,2026-05-06T10:16:00-04:00,2026-05-08T10:16:00-04:00,fulfilled,B2B-V1-BASE,BLD-9102B6E8BF1ABFFC5F32,True
ORD-SYN-003079,CUS-SYN-053,2026-05-02T10:32:00-04:00,2026-05-03T10:32:00-04:00,2026-05-04T10:32:00-04:00,fulfilled,B2B-V1-BASE,BLD-9102B6E8BF1ABFFC5F32,True
ORD-SYN-003080,CUS-SYN-102,2026-05-02T11:25:00-04:00,2026-05-03T11:25:00-04:00,2026-05-05T11:25:00-04:00,partially_fulfilled,B2B-V1-BASE,BLD-9102B6E8BF1ABFFC5F32,True
ORD-SYN-003081,CUS-SYN-108,2026-05-02T11:27:00-04:00,2026-05-07T11:27:00-04:00,2026-05-07T11:27:00-04:00,fulfilled,B2B-V1-BASE,BLD-9102B6E8BF1ABFFC5F32,True
ORD-SYN-003082,CUS-SYN-009,2026-05-02T11:52:00-04:00,2026-05-07T11:52:00-04:00,2026-05-07T11:52:00-04:00,fulfilled,B2B-V1-BASE,BLD-9102B6E8BF1ABFFC5F32,True
ORD-SYN-003083,CUS-SYN-010,2026-05-02T12:52:00-04:00,,2026-05-04T12:52:00-04:00,fulfilled,B2B-V1-BASE,BLD-9102B6E8BF1ABFFC5F32,True
ORD-SYN-003084,CUS-SYN-049,2026-05-02T16:26:00-04:00,2026-05-05T16:26:00-04:00,2026-05-06T16:26:00-04:00,fulfilled,B2B-V1-BASE,BLD-9102B6E8BF1ABFFC5F32,True
ORD-SYN-003085,CUS-SYN-006,2026-05-03T08:45:00-04:00,2026-05-04T08:45:00-04:00,2026-05-07T08:45:00-04:00,partially_fulfilled,B2B-V1-BASE,BLD-9102B6E8BF1ABFFC5F32,True
ORD-SYN-003086,CUS-SYN-001,2026-05-03T08:53:00-04:00,2026-05-04T08:53:00-04:00,2026-05-07T08:53:00-04:00,fulfilled,B2B-V1-BASE,BLD-9102B6E8BF1ABFFC5F32,True
ORD-SYN-003087,CUS-SYN-125,2026-05-03T09:34:00-04:00,2026-05-05T09:34:00-04:00,2026-05-06T09:34:00-04:00,fulfilled,B2B-V1-BASE,BLD-9102B6E8BF1ABFFC5F32,True
ORD-SYN-003088,CUS-SYN-103,2026-05-03T10:53:00-04:00,2026-05-05T10:53:00-04:00,2026-05-06T10:53:00-04:00,partially_fulfilled,B2B-V1-BASE,BLD-9102B6E8BF1ABFFC5F32,True
ORD-SYN-003089,CUS-SYN-109,2026-05-03T10:58:00-04:00,,2026-05-05T10:58:00-04:00,fulfilled,B2B-V1-BASE,BLD-9102B6E8BF1ABFFC5F32,True
ORD-SYN-003090,CUS-SYN-121,2026-05-03T13:47:00-04:00,2026-05-04T13:47:00-04:00,2026-05-09T13:47:00-04:00,fulfilled,B2B-V1-BASE,BLD-9102B6E8BF1ABFFC5F32,True
ORD-SYN-003091,CUS-SYN-114,2026-05-03T15:56:00-04:00,2026-05-07T15:56:00-04:00,2026-05-07T15:56:00-04:00,fulfilled,B2B-V1-BASE,BLD-9102B6E8BF1ABFFC5F32,True
ORD-SYN-003092,CUS-SYN-035,2026-05-03T17:03:00-04:00,2026-05-05T17:03:00-04:00,2026-05-05T17:03:00-04:00,fulfilled,B2B-V1-BASE,BLD-9102B6E8BF1ABFFC5F32,True
ORD-SYN-003093,CUS-SYN-101,2026-05-04T09:42:00-04:00,2026-05-07T09:42:00-04:00,2026-05-08T09:42:00-04:00,fulfilled,B2B-V1-BASE,BLD-9102B6E8BF1ABFFC5F32,True
ORD-SYN-003094,CUS-SYN-075,2026-05-04T10:39:00-04:00,2026-05-06T10:39:00-04:00,2026-05-06T10:39:00-04:00,fulfilled,B2B-V1-BASE,BLD-9102B6E8BF1ABFFC5F32,True
ORD-SYN-003095,CUS-SYN-095,2026-05-04T10:48:00-04:00,2026-05-05T10:48:00-04:00,2026-05-07T10:48:00-04:00,fulfilled,B2B-V1-BASE,BLD-9102B6E8BF1ABFFC5F32,True
ORD-SYN-003096,CUS-SYN-074,2026-05-04T11:39:00-04:00,2026-05-07T11:39:00-04:00,2026-05-07T11:39:00-04:00,fulfilled,B2B-V1-BASE,BLD-9102B6E8BF1ABFFC5F32,True
ORD-SYN-003097,CUS-SYN-106,2026-05-04T12:00:00-04:00,,2026-05-09T12:00:00-04:00,fulfilled,B2B-V1-BASE,BLD-9102B6E8BF1ABFFC5F32,True
ORD-SYN-003098,CUS-SYN-105,2026-05-04T12:40:00-04:00,2026-05-09T12:40:00-04:00,2026-05-09T12:40:00-04:00,fulfilled,B2B-V1-BASE,BLD-9102B6E8BF1ABFFC5F32,True
ORD-SYN-003099,CUS-SYN-142,2026-05-04T14:25:00-04:00,,2026-05-07T14:25:00-04:00,fulfilled,B2B-V1-BASE,BLD-9102B6E8BF1ABFFC5F32,True
ORD-SYN-003100,CUS-SYN-133,2026-05-04T17:07:00-04:00,2026-05-10T17:07:00-04:00,2026-05-10T17:07:00-04:00,fulfilled,B2B-V1-BASE,BLD-9102B6E8BF1ABFFC5F32,True
ORD-SYN-003101,CUS-SYN-021,2026-05-04T17:08:00-04:00,,2026-05-08T17:08:00-04:00,fulfilled,B2B-V1-BASE,BLD-9102B6E8BF1ABFFC5F32,True
ORD-SYN-003102,CUS-SYN-150,2026-05-04T17:10:00-04:00,2026-05-05T17:10:00-04:00,2026-05-06T17:10:00-04:00,fulfilled,B2B-V1-BASE,BLD-9102B6E8BF1ABFFC5F32,True
ORD-SYN-003103,CUS-SYN-042,2026-05-04T17:35:00-04:00,,2026-05-10T17:35:00-04:00,partially_fulfilled,B2B-V1-BASE,BLD-9102B6E8BF1ABFFC5F32,True
ORD-SYN-003104,CUS-SYN-126,2026-05-05T08:07:00-04:00,2026-05-07T08:07:00-04:00,2026-05-09T08:07:00-04:00,fulfilled,B2B-V1-BASE,BLD-9102B6E8BF1ABFFC5F32,True
ORD-SYN-003105,CUS-SYN-114,2026-05-05T08:21:00-04:00,2026-05-11T08:21:00-04:00,2026-05-11T08:21:00-04:00,fulfilled,B2B-V1-BASE,BLD-9102B6E8BF1ABFFC5F32,True
ORD-SYN-003106,CUS-SYN-120,2026-05-05T08:37:00-04:00,2026-05-09T08:37:00-04:00,2026-05-11T08:37:00-04:00,fulfilled,B2B-V1-BASE,BLD-9102B6E8BF1ABFFC5F32,True
ORD-SYN-003107,CUS-SYN-092,2026-05-05T09:01:00-04:00,2026-05-06T09:01:00-04:00,2026-05-09T09:01:00-04:00,fulfilled,B2B-V1-BASE,BLD-9102B6E8BF1ABFFC5F32,True
ORD-SYN-003108,CUS-SYN-014,2026-05-05T10:31:00-04:00,2026-05-08T10:31:00-04:00,2026-05-09T10:31:00-04:00,fulfilled,B2B-V1-BASE,BLD-9102B6E8BF1ABFFC5F32,True
ORD-SYN-003109,CUS-SYN-117,2026-05-05T11:02:00-04:00,2026-05-07T11:02:00-04:00,2026-05-08T11:02:00-04:00,fulfilled,B2B-V1-BASE,BLD-9102B6E8BF1ABFFC5F32,True
ORD-SYN-003110,CUS-SYN-043,2026-05-05T11:29:00-04:00,,2026-05-09T11:29:00-04:00,partially_fulfilled,B2B-V1-BASE,BLD-9102B6E8BF1ABFFC5F32,True
ORD-SYN-003111,CUS-SYN-030,2026-05-05T12:24:00-04:00,2026-05-06T12:24:00-04:00,2026-05-07T12:24:00-04:00,fulfilled,B2B-V1-BASE,BLD-9102B6E8BF1ABFFC5F32,True
ORD-SYN-003112,CUS-SYN-105,2026-05-05T12:31:00-04:00,,2026-05-08T12:31:00-04:00,fulfilled,B2B-V1-BASE,BLD-9102B6E8BF1ABFFC5F32,True
ORD-SYN-003113,CUS-SYN-009,2026-05-05T12:52:00-04:00,,2026-05-11T12:52:00-04:00,partially_fulfilled,B2B-V1-BASE,BLD-9102B6E8BF1ABFFC5F32,True
ORD-SYN-003114,CUS-SYN-060,2026-05-05T13:02:00-04:00,,2026-05-09T13:02:00-04:00,fulfilled,B2B-V1-BASE,BLD-9102B6E8BF1ABFFC5F32,True
ORD-SYN-003115,CUS-SYN-062,2026-05-05T13:26:00-04:00,,2026-05-08T13:26:00-04:00,partially_fulfilled,B2B-V1-BASE,BLD-9102B6E8BF1ABFFC5F32,True
ORD-SYN-003116,CUS-SYN-140,2026-05-05T14:12:00-04:00,2026-05-06T14:12:00-04:00,2026-05-11T14:12:00-04:00,fulfilled,B2B-V1-BASE,BLD-9102B6E8BF1ABFFC5F32,True
ORD-SYN-003117,CUS-SYN-148,2026-05-05T15:20:00-04:00,2026-05-06T15:20:00-04:00,2026-05-10T15:20:00-04:00,partially_fulfilled,B2B-V1-BASE,BLD-9102B6E8BF1ABFFC5F32,True
ORD-SYN-003118,CUS-SYN-137,2026-05-05T15:34:00-04:00,2026-05-10T15:34:00-04:00,2026-05-10T15:34:00-04:00,fulfilled,B2B-V1-BASE,BLD-9102B6E8BF1ABFFC5F32,True
ORD-SYN-003119,CUS-SYN-134,2026-05-05T15:59:00-04:00,2026-05-07T15:59:00-04:00,2026-05-07T15:59:00-04:00,fulfilled,B2B-V1-BASE,BLD-9102B6E8BF1ABFFC5F32,True
ORD-SYN-003120,CUS-SYN-133,2026-05-05T16:06:00-04:00,2026-05-06T16:06:00-04:00,2026-05-07T16:06:00-04:00,fulfilled,B2B-V1-BASE,BLD-9102B6E8BF1ABFFC5F32,True
ORD-SYN-003121,CUS-SYN-062,2026-05-05T16:57:00-04:00,2026-05-07T16:57:00-04:00,2026-05-11T16:57:00-04:00,fulfilled,B2B-V1-BASE,BLD-9102B6E8BF1ABFFC5F32,True
ORD-SYN-003122,CUS-SYN-053,2026-05-05T17:53:00-04:00,2026-05-09T17:53:00-04:00,2026-05-10T17:53:00-04:00,fulfilled,B2B-V1-BASE,BLD-9102B6E8BF1ABFFC5F32,True
ORD-SYN-003123,CUS-SYN-090,2026-05-05T17:53:00-04:00,,2026-05-11T17:53:00-04:00,fulfilled,B2B-V1-BASE,BLD-9102B6E8BF1ABFFC5F32,True
ORD-SYN-003124,CUS-SYN-057,2026-05-06T08:23:00-04:00,2026-05-11T08:23:00-04:00,2026-05-11T08:23:00-04:00,fulfilled,B2B-V1-BASE,BLD-9102B6E8BF1ABFFC5F32,True
ORD-SYN-003125,CUS-SYN-061,2026-05-06T08:27:00-04:00,2026-05-12T08:27:00-04:00,2026-05-12T08:27:00-04:00,fulfilled,B2B-V1-BASE,BLD-9102B6E8BF1ABFFC5F32,True
ORD-SYN-003126,CUS-SYN-042,2026-05-06T09:06:00-04:00,2026-05-09T09:06:00-04:00,2026-05-09T09:06:00-04:00,fulfilled,B2B-V1-BASE,BLD-9102B6E8BF1ABFFC5F32,True
ORD-SYN-003127,CUS-SYN-114,2026-05-06T10:36:00-04:00,2026-05-08T10:36:00-04:00,2026-05-12T10:36:00-04:00,partially_fulfilled,B2B-V1-BASE,BLD-9102B6E8BF1ABFFC5F32,True
ORD-SYN-003128,CUS-SYN-005,2026-05-06T10:55:00-04:00,2026-05-09T10:55:00-04:00,2026-05-11T10:55:00-04:00,fulfilled,B2B-V1-BASE,BLD-9102B6E8BF1ABFFC5F32,True
ORD-SYN-003129,CUS-SYN-105,2026-05-06T11:36:00-04:00,2026-05-08T11:36:00-04:00,2026-05-11T11:36:00-04:00,fulfilled,B2B-V1-BASE,BLD-9102B6E8BF1ABFFC5F32,True
ORD-SYN-003130,CUS-SYN-106,2026-05-06T13:49:00-04:00,2026-05-08T13:49:00-04:00,2026-05-12T13:49:00-04:00,fulfilled,B2B-V1-BASE,BLD-9102B6E8BF1ABFFC5F32,True
ORD-SYN-003131,CUS-SYN-018,2026-05-06T15:02:00-04:00,2026-05-12T15:02:00-04:00,2026-05-12T15:02:00-04:00,fulfilled,B2B-V1-BASE,BLD-9102B6E8BF1ABFFC5F32,True
ORD-SYN-003132,CUS-SYN-130,2026-05-06T16:49:00-04:00,2026-05-07T16:49:00-04:00,2026-05-12T16:49:00-04:00,fulfilled,B2B-V1-BASE,BLD-9102B6E8BF1ABFFC5F32,True
ORD-SYN-003133,CUS-SYN-146,2026-05-06T17:36:00-04:00,2026-05-08T17:36:00-04:00,2026-05-11T17:36:00-04:00,fulfilled,B2B-V1-BASE,BLD-9102B6E8BF1ABFFC5F32,True
ORD-SYN-003134,CUS-SYN-085,2026-05-07T08:53:00-04:00,2026-05-08T08:53:00-04:00,2026-05-09T08:53:00-04:00,fulfilled,B2B-V1-BASE,BLD-9102B6E8BF1ABFFC5F32,True
ORD-SYN-003135,CUS-SYN-025,2026-05-07T09:29:00-04:00,,2026-05-11T09:29:00-04:00,fulfilled,B2B-V1-BASE,BLD-9102B6E8BF1ABFFC5F32,True
ORD-SYN-003136,CUS-SYN-074,2026-05-07T10:37:00-04:00,2026-05-08T10:37:00-04:00,2026-05-13T10:37:00-04:00,fulfilled,B2B-V1-BASE,BLD-9102B6E8BF1ABFFC5F32,True
ORD-SYN-003137,CUS-SYN-070,2026-05-07T11:21:00-04:00,2026-05-09T11:21:00-04:00,2026-05-09T11:21:00-04:00,fulfilled,B2B-V1-BASE,BLD-9102B6E8BF1ABFFC5F32,True
ORD-SYN-003138,CUS-SYN-034,2026-05-07T13:26:00-04:00,2026-05-09T13:26:00-04:00,2026-05-12T13:26:00-04:00,partially_fulfilled,B2B-V1-BASE,BLD-9102B6E8BF1ABFFC5F32,True
ORD-SYN-003139,CUS-SYN-143,2026-05-07T14:11:00-04:00,2026-05-10T14:11:00-04:00,2026-05-10T14:11:00-04:00,fulfilled,B2B-V1-BASE,BLD-9102B6E8BF1ABFFC5F32,True
ORD-SYN-003140,CUS-SYN-041,2026-05-07T14:37:00-04:00,2026-05-09T14:37:00-04:00,2026-05-10T14:37:00-04:00,partially_fulfilled,B2B-V1-BASE,BLD-9102B6E8BF1ABFFC5F32,True
ORD-SYN-003141,CUS-SYN-086,2026-05-07T14:48:00-04:00,2026-05-08T14:48:00-04:00,2026-05-11T14:48:00-04:00,partially_fulfilled,B2B-V1-BASE,BLD-9102B6E8BF1ABFFC5F32,True
ORD-SYN-003142,CUS-SYN-042,2026-05-07T15:33:00-04:00,2026-05-08T15:33:00-04:00,2026-05-09T15:33:00-04:00,fulfilled,B2B-V1-BASE,BLD-9102B6E8BF1ABFFC5F32,True
ORD-SYN-003143,CUS-SYN-074,2026-05-07T16:30:00-04:00,2026-05-08T16:30:00-04:00,2026-05-12T16:30:00-04:00,fulfilled,B2B-V1-BASE,BLD-9102B6E8BF1ABFFC5F32,True
ORD-SYN-003144,CUS-SYN-069,2026-05-07T16:48:00-04:00,2026-05-09T16:48:00-04:00,2026-05-11T16:48:00-04:00,fulfilled,B2B-V1-BASE,BLD-9102B6E8BF1ABFFC5F32,True
ORD-SYN-003145,CUS-SYN-062,2026-05-08T08:39:00-04:00,2026-05-09T08:39:00-04:00,2026-05-12T08:39:00-04:00,fulfilled,B2B-V1-BASE,BLD-9102B6E8BF1ABFFC5F32,True
ORD-SYN-003146,CUS-SYN-042,2026-05-08T08:58:00-04:00,2026-05-12T08:58:00-04:00,2026-05-14T08:58:00-04:00,partially_fulfilled,B2B-V1-BASE,BLD-9102B6E8BF1ABFFC5F32,True
ORD-SYN-003147,CUS-SYN-118,2026-05-08T10:11:00-04:00,2026-05-10T10:11:00-04:00,2026-05-14T10:11:00-04:00,partially_fulfilled,B2B-V1-BASE,BLD-9102B6E8BF1ABFFC5F32,True
ORD-SYN-003148,CUS-SYN-071,2026-05-08T10:17:00-04:00,,2026-05-11T10:17:00-04:00,fulfilled,B2B-V1-BASE,BLD-9102B6E8BF1ABFFC5F32,True
ORD-SYN-003149,CUS-SYN-148,2026-05-08T11:15:00-04:00,2026-05-09T11:15:00-04:00,2026-05-11T11:15:00-04:00,partially_fulfilled,B2B-V1-BASE,BLD-9102B6E8BF1ABFFC5F32,True
ORD-SYN-003150,CUS-SYN-130,2026-05-08T13:13:00-04:00,2026-05-13T13:13:00-04:00,2026-05-13T13:13:00-04:00,partially_fulfilled,B2B-V1-BASE,BLD-9102B6E8BF1ABFFC5F32,True
ORD-SYN-003151,CUS-SYN-064,2026-05-08T13:22:00-04:00,2026-05-14T13:22:00-04:00,2026-05-14T13:22:00-04:00,fulfilled,B2B-V1-BASE,BLD-9102B6E8BF1ABFFC5F32,True
ORD-SYN-003152,CUS-SYN-113,2026-05-08T13:50:00-04:00,2026-05-11T13:50:00-04:00,2026-05-13T13:50:00-04:00,partially_fulfilled,B2B-V1-BASE,BLD-9102B6E8BF1ABFFC5F32,True
ORD-SYN-003153,CUS-SYN-040,2026-05-08T13:53:00-04:00,2026-05-10T13:53:00-04:00,2026-05-12T13:53:00-04:00,fulfilled,B2B-V1-BASE,BLD-9102B6E8BF1ABFFC5F32,True
ORD-SYN-003154,CUS-SYN-052,2026-05-08T15:18:00-04:00,2026-05-12T15:18:00-04:00,2026-05-12T15:18:00-04:00,fulfilled,B2B-V1-BASE,BLD-9102B6E8BF1ABFFC5F32,True
ORD-SYN-003155,CUS-SYN-057,2026-05-08T15:23:00-04:00,2026-05-10T15:23:00-04:00,2026-05-13T15:23:00-04:00,fulfilled,B2B-V1-BASE,BLD-9102B6E8BF1ABFFC5F32,True
ORD-SYN-003156,CUS-SYN-102,2026-05-09T08:04:00-04:00,2026-05-10T08:04:00-04:00,2026-05-15T08:04:00-04:00,partially_fulfilled,B2B-V1-BASE,BLD-9102B6E8BF1ABFFC5F32,True
ORD-SYN-003157,CUS-SYN-005,2026-05-09T08:17:00-04:00,2026-05-15T08:17:00-04:00,2026-05-15T08:17:00-04:00,fulfilled,B2B-V1-BASE,BLD-9102B6E8BF1ABFFC5F32,True
ORD-SYN-003158,CUS-SYN-062,2026-05-09T08:21:00-04:00,2026-05-10T08:21:00-04:00,2026-05-11T08:21:00-04:00,fulfilled,B2B-V1-BASE,BLD-9102B6E8BF1ABFFC5F32,True
ORD-SYN-003159,CUS-SYN-033,2026-05-09T09:01:00-04:00,2026-05-11T09:01:00-04:00,2026-05-11T09:01:00-04:00,fulfilled,B2B-V1-BASE,BLD-9102B6E8BF1ABFFC5F32,True
ORD-SYN-003160,CUS-SYN-130,2026-05-09T10:58:00-04:00,2026-05-10T10:58:00-04:00,2026-05-11T10:58:00-04:00,fulfilled,B2B-V1-BASE,BLD-9102B6E8BF1ABFFC5F32,True
ORD-SYN-003161,CUS-SYN-094,2026-05-09T11:00:00-04:00,2026-05-14T11:00:00-04:00,2026-05-15T11:00:00-04:00,fulfilled,B2B-V1-BASE,BLD-9102B6E8BF1ABFFC5F32,True
ORD-SYN-003162,CUS-SYN-016,2026-05-09T11:37:00-04:00,,2026-05-11T11:37:00-04:00,fulfilled,B2B-V1-BASE,BLD-9102B6E8BF1ABFFC5F32,True
ORD-SYN-003163,CUS-SYN-042,2026-05-09T12:04:00-04:00,2026-05-10T12:04:00-04:00,2026-05-13T12:04:00-04:00,fulfilled,B2B-V1-BASE,BLD-9102B6E8BF1ABFFC5F32,True
ORD-SYN-003164,CUS-SYN-085,2026-05-09T12:37:00-04:00,2026-05-10T12:37:00-04:00,2026-05-14T12:37:00-04:00,fulfilled,B2B-V1-BASE,BLD-9102B6E8BF1ABFFC5F32,True
ORD-SYN-003165,CUS-SYN-038,2026-05-09T13:50:00-04:00,2026-05-10T13:50:00-04:00,2026-05-11T13:50:00-04:00,fulfilled,B2B-V1-BASE,BLD-9102B6E8BF1ABFFC5F32,True
ORD-SYN-003166,CUS-SYN-081,2026-05-09T14:52:00-04:00,2026-05-10T14:52:00-04:00,2026-05-11T14:52:00-04:00,fulfilled,B2B-V1-BASE,BLD-9102B6E8BF1ABFFC5F32,True
ORD-SYN-003167,CUS-SYN-108,2026-05-09T15:49:00-04:00,2026-05-10T15:49:00-04:00,2026-05-11T15:49:00-04:00,fulfilled,B2B-V1-BASE,BLD-9102B6E8BF1ABFFC5F32,True
ORD-SYN-003168,CUS-SYN-150,2026-05-09T16:48:00-04:00,2026-05-10T16:48:00-04:00,2026-05-14T16:48:00-04:00,fulfilled,B2B-V1-BASE,BLD-9102B6E8BF1ABFFC5F32,True
ORD-SYN-003169,CUS-SYN-026,2026-05-10T08:20:00-04:00,2026-05-14T08:20:00-04:00,2026-05-15T08:20:00-04:00,fulfilled,B2B-V1-BASE,BLD-9102B6E8BF1ABFFC5F32,True
ORD-SYN-003170,CUS-SYN-041,2026-05-10T09:19:00-04:00,2026-05-12T09:19:00-04:00,2026-05-12T09:19:00-04:00,partially_fulfilled,B2B-V1-BASE,BLD-9102B6E8BF1ABFFC5F32,True
ORD-SYN-003171,CUS-SYN-133,2026-05-10T10:30:00-04:00,2026-05-12T10:30:00-04:00,2026-05-15T10:30:00-04:00,fulfilled,B2B-V1-BASE,BLD-9102B6E8BF1ABFFC5F32,True
ORD-SYN-003172,CUS-SYN-102,2026-05-10T12:16:00-04:00,2026-05-12T12:16:00-04:00,2026-05-15T12:16:00-04:00,fulfilled,B2B-V1-BASE,BLD-9102B6E8BF1ABFFC5F32,True
ORD-SYN-003173,CUS-SYN-071,2026-05-10T12:22:00-04:00,,2026-05-15T12:22:00-04:00,fulfilled,B2B-V1-BASE,BLD-9102B6E8BF1ABFFC5F32,True
ORD-SYN-003174,CUS-SYN-146,2026-05-10T13:01:00-04:00,,2026-05-12T13:01:00-04:00,partially_fulfilled,B2B-V1-BASE,BLD-9102B6E8BF1ABFFC5F32,True
ORD-SYN-003175,CUS-SYN-083,2026-05-10T13:04:00-04:00,2026-05-12T13:04:00-04:00,2026-05-16T13:04:00-04:00,fulfilled,B2B-V1-BASE,BLD-9102B6E8BF1ABFFC5F32,True
ORD-SYN-003176,CUS-SYN-046,2026-05-10T14:56:00-04:00,,2026-05-16T14:56:00-04:00,fulfilled,B2B-V1-BASE,BLD-9102B6E8BF1ABFFC5F32,True
ORD-SYN-003177,CUS-SYN-150,2026-05-10T15:47:00-04:00,,2026-05-15T15:47:00-04:00,fulfilled,B2B-V1-BASE,BLD-9102B6E8BF1ABFFC5F32,True
ORD-SYN-003178,CUS-SYN-050,2026-05-10T15:48:00-04:00,2026-05-13T15:48:00-04:00,2026-05-13T15:48:00-04:00,fulfilled,B2B-V1-BASE,BLD-9102B6E8BF1ABFFC5F32,True
ORD-SYN-003179,CUS-SYN-067,2026-05-10T16:10:00-04:00,2026-05-11T16:10:00-04:00,2026-05-12T16:10:00-04:00,fulfilled,B2B-V1-BASE,BLD-9102B6E8BF1ABFFC5F32,True
ORD-SYN-003180,CUS-SYN-046,2026-05-10T17:00:00-04:00,2026-05-13T17:00:00-04:00,2026-05-16T17:00:00-04:00,partially_fulfilled,B2B-V1-BASE,BLD-9102B6E8BF1ABFFC5F32,True
ORD-SYN-003181,CUS-SYN-089,2026-05-10T17:55:00-04:00,2026-05-11T17:55:00-04:00,2026-05-16T17:55:00-04:00,fulfilled,B2B-V1-BASE,BLD-9102B6E8BF1ABFFC5F32,True
ORD-SYN-003182,CUS-SYN-121,2026-05-11T08:24:00-04:00,,2026-05-17T08:24:00-04:00,partially_fulfilled,B2B-V1-BASE,BLD-9102B6E8BF1ABFFC5F32,True
ORD-SYN-003183,CUS-SYN-129,2026-05-11T09:38:00-04:00,2026-05-13T09:38:00-04:00,2026-05-14T09:38:00-04:00,fulfilled,B2B-V1-BASE,BLD-9102B6E8BF1ABFFC5F32,True
ORD-SYN-003184,CUS-SYN-132,2026-05-11T09:41:00-04:00,2026-05-13T09:41:00-04:00,2026-05-16T09:41:00-04:00,fulfilled,B2B-V1-BASE,BLD-9102B6E8BF1ABFFC5F32,True
ORD-SYN-003185,CUS-SYN-134,2026-05-11T11:12:00-04:00,2026-05-13T11:12:00-04:00,2026-05-17T11:12:00-04:00,fulfilled,B2B-V1-BASE,BLD-9102B6E8BF1ABFFC5F32,True
ORD-SYN-003186,CUS-SYN-080,2026-05-11T11:44:00-04:00,2026-05-12T11:44:00-04:00,2026-05-13T11:44:00-04:00,fulfilled,B2B-V1-BASE,BLD-9102B6E8BF1ABFFC5F32,True
ORD-SYN-003187,CUS-SYN-086,2026-05-11T16:13:00-04:00,2026-05-12T16:13:00-04:00,2026-05-14T16:13:00-04:00,fulfilled,B2B-V1-BASE,BLD-9102B6E8BF1ABFFC5F32,True
ORD-SYN-003188,CUS-SYN-110,2026-05-11T16:23:00-04:00,2026-05-15T16:23:00-04:00,2026-05-17T16:23:00-04:00,partially_fulfilled,B2B-V1-BASE,BLD-9102B6E8BF1ABFFC5F32,True
ORD-SYN-003189,CUS-SYN-077,2026-05-11T17:02:00-04:00,2026-05-17T17:02:00-04:00,2026-05-17T17:02:00-04:00,fulfilled,B2B-V1-BASE,BLD-9102B6E8BF1ABFFC5F32,True
ORD-SYN-003190,CUS-SYN-142,2026-05-11T17:09:00-04:00,2026-05-13T17:09:00-04:00,2026-05-14T17:09:00-04:00,partially_fulfilled,B2B-V1-BASE,BLD-9102B6E8BF1ABFFC5F32,True
ORD-SYN-003191,CUS-SYN-121,2026-05-12T09:13:00-04:00,2026-05-15T09:13:00-04:00,2026-05-16T09:13:00-04:00,fulfilled,B2B-V1-BASE,BLD-9102B6E8BF1ABFFC5F32,True
ORD-SYN-003192,CUS-SYN-001,2026-05-12T10:13:00-04:00,2026-05-14T10:13:00-04:00,2026-05-15T10:13:00-04:00,partially_fulfilled,B2B-V1-BASE,BLD-9102B6E8BF1ABFFC5F32,True
ORD-SYN-003193,CUS-SYN-039,2026-05-12T10:31:00-04:00,2026-05-13T10:31:00-04:00,2026-05-17T10:31:00-04:00,fulfilled,B2B-V1-BASE,BLD-9102B6E8BF1ABFFC5F32,True
ORD-SYN-003194,CUS-SYN-017,2026-05-12T11:09:00-04:00,2026-05-14T11:09:00-04:00,2026-05-14T11:09:00-04:00,partially_fulfilled,B2B-V1-BASE,BLD-9102B6E8BF1ABFFC5F32,True
ORD-SYN-003195,CUS-SYN-042,2026-05-12T11:54:00-04:00,2026-05-15T11:54:00-04:00,2026-05-15T11:54:00-04:00,partially_fulfilled,B2B-V1-BASE,BLD-9102B6E8BF1ABFFC5F32,True
ORD-SYN-003196,CUS-SYN-133,2026-05-12T12:01:00-04:00,,2026-05-14T12:01:00-04:00,fulfilled,B2B-V1-BASE,BLD-9102B6E8BF1ABFFC5F32,True
ORD-SYN-003197,CUS-SYN-144,2026-05-12T14:26:00-04:00,2026-05-17T14:26:00-04:00,2026-05-18T14:26:00-04:00,fulfilled,B2B-V1-BASE,BLD-9102B6E8BF1ABFFC5F32,True
ORD-SYN-003198,CUS-SYN-064,2026-05-12T14:54:00-04:00,2026-05-14T14:54:00-04:00,2026-05-16T14:54:00-04:00,fulfilled,B2B-V1-BASE,BLD-9102B6E8BF1ABFFC5F32,True
ORD-SYN-003199,CUS-SYN-008,2026-05-12T15:59:00-04:00,,2026-05-14T15:59:00-04:00,fulfilled,B2B-V1-BASE,BLD-9102B6E8BF1ABFFC5F32,True
ORD-SYN-003200,CUS-SYN-066,2026-05-12T16:34:00-04:00,2026-05-13T16:34:00-04:00,2026-05-14T16:34:00-04:00,fulfilled,B2B-V1-BASE,BLD-9102B6E8BF1ABFFC5F32,True
ORD-SYN-003201,CUS-SYN-026,2026-05-13T08:32:00-04:00,2026-05-16T08:32:00-04:00,2026-05-19T08:32:00-04:00,fulfilled,B2B-V1-BASE,BLD-9102B6E8BF1ABFFC5F32,True
ORD-SYN-003202,CUS-SYN-130,2026-05-13T11:09:00-04:00,2026-05-17T11:09:00-04:00,2026-05-19T11:09:00-04:00,fulfilled,B2B-V1-BASE,BLD-9102B6E8BF1ABFFC5F32,True
ORD-SYN-003203,CUS-SYN-100,2026-05-13T12:58:00-04:00,2026-05-15T12:58:00-04:00,2026-05-18T12:58:00-04:00,fulfilled,B2B-V1-BASE,BLD-9102B6E8BF1ABFFC5F32,True
ORD-SYN-003204,CUS-SYN-049,2026-05-13T15:34:00-04:00,2026-05-16T15:34:00-04:00,2026-05-18T15:34:00-04:00,fulfilled,B2B-V1-BASE,BLD-9102B6E8BF1ABFFC5F32,True
ORD-SYN-003205,CUS-SYN-082,2026-05-13T16:12:00-04:00,2026-05-17T16:12:00-04:00,2026-05-19T16:12:00-04:00,fulfilled,B2B-V1-BASE,BLD-9102B6E8BF1ABFFC5F32,True
ORD-SYN-003206,CUS-SYN-065,2026-05-13T16:30:00-04:00,2026-05-15T16:30:00-04:00,2026-05-16T16:30:00-04:00,fulfilled,B2B-V1-BASE,BLD-9102B6E8BF1ABFFC5F32,True
ORD-SYN-003207,CUS-SYN-081,2026-05-13T16:50:00-04:00,2026-05-17T16:50:00-04:00,2026-05-17T16:50:00-04:00,fulfilled,B2B-V1-BASE,BLD-9102B6E8BF1ABFFC5F32,True
ORD-SYN-003208,CUS-SYN-002,2026-05-13T16:59:00-04:00,2026-05-17T16:59:00-04:00,2026-05-17T16:59:00-04:00,fulfilled,B2B-V1-BASE,BLD-9102B6E8BF1ABFFC5F32,True
ORD-SYN-003209,CUS-SYN-015,2026-05-13T17:34:00-04:00,2026-05-15T17:34:00-04:00,2026-05-16T17:34:00-04:00,fulfilled,B2B-V1-BASE,BLD-9102B6E8BF1ABFFC5F32,True
ORD-SYN-003210,CUS-SYN-061,2026-05-14T08:56:00-04:00,,2026-05-19T08:56:00-04:00,fulfilled,B2B-V1-BASE,BLD-9102B6E8BF1ABFFC5F32,True
ORD-SYN-003211,CUS-SYN-010,2026-05-14T13:56:00-04:00,2026-05-15T13:56:00-04:00,2026-05-19T13:56:00-04:00,fulfilled,B2B-V1-BASE,BLD-9102B6E8BF1ABFFC5F32,True
ORD-SYN-003212,CUS-SYN-074,2026-05-14T14:17:00-04:00,,2026-05-17T14:17:00-04:00,fulfilled,B2B-V1-BASE,BLD-9102B6E8BF1ABFFC5F32,True
ORD-SYN-003213,CUS-SYN-118,2026-05-14T14:33:00-04:00,2026-05-15T14:33:00-04:00,2026-05-17T14:33:00-04:00,fulfilled,B2B-V1-BASE,BLD-9102B6E8BF1ABFFC5F32,True
ORD-SYN-003214,CUS-SYN-082,2026-05-15T08:18:00-04:00,2026-05-19T08:18:00-04:00,2026-05-19T08:18:00-04:00,fulfilled,B2B-V1-BASE,BLD-9102B6E8BF1ABFFC5F32,True
ORD-SYN-003215,CUS-SYN-068,2026-05-15T09:42:00-04:00,2026-05-17T09:42:00-04:00,2026-05-17T09:42:00-04:00,fulfilled,B2B-V1-BASE,BLD-9102B6E8BF1ABFFC5F32,True
ORD-SYN-003216,CUS-SYN-037,2026-05-15T09:52:00-04:00,2026-05-18T09:52:00-04:00,2026-05-18T09:52:00-04:00,partially_fulfilled,B2B-V1-BASE,BLD-9102B6E8BF1ABFFC5F32,True
ORD-SYN-003217,CUS-SYN-053,2026-05-15T10:10:00-04:00,2026-05-18T10:10:00-04:00,2026-05-18T10:10:00-04:00,fulfilled,B2B-V1-BASE,BLD-9102B6E8BF1ABFFC5F32,True
ORD-SYN-003218,CUS-SYN-032,2026-05-15T12:50:00-04:00,2026-05-21T12:50:00-04:00,2026-05-21T12:50:00-04:00,fulfilled,B2B-V1-BASE,BLD-9102B6E8BF1ABFFC5F32,True
ORD-SYN-003219,CUS-SYN-061,2026-05-15T13:00:00-04:00,2026-05-19T13:00:00-04:00,2026-05-21T13:00:00-04:00,fulfilled,B2B-V1-BASE,BLD-9102B6E8BF1ABFFC5F32,True
ORD-SYN-003220,CUS-SYN-042,2026-05-15T14:42:00-04:00,,2026-05-17T14:42:00-04:00,fulfilled,B2B-V1-BASE,BLD-9102B6E8BF1ABFFC5F32,True
ORD-SYN-003221,CUS-SYN-086,2026-05-15T14:58:00-04:00,2026-05-17T14:58:00-04:00,2026-05-20T14:58:00-04:00,fulfilled,B2B-V1-BASE,BLD-9102B6E8BF1ABFFC5F32,True
ORD-SYN-003222,CUS-SYN-069,2026-05-15T16:54:00-04:00,2026-05-17T16:54:00-04:00,2026-05-20T16:54:00-04:00,fulfilled,B2B-V1-BASE,BLD-9102B6E8BF1ABFFC5F32,True
ORD-SYN-003223,CUS-SYN-115,2026-05-15T17:49:00-04:00,2026-05-20T17:49:00-04:00,2026-05-21T17:49:00-04:00,fulfilled,B2B-V1-BASE,BLD-9102B6E8BF1ABFFC5F32,True
ORD-SYN-003224,CUS-SYN-141,2026-05-16T11:16:00-04:00,2026-05-18T11:16:00-04:00,2026-05-21T11:16:00-04:00,fulfilled,B2B-V1-BASE,BLD-9102B6E8BF1ABFFC5F32,True
ORD-SYN-003225,CUS-SYN-130,2026-05-16T14:32:00-04:00,2026-05-17T14:32:00-04:00,2026-05-18T14:32:00-04:00,fulfilled,B2B-V1-BASE,BLD-9102B6E8BF1ABFFC5F32,True
ORD-SYN-003226,CUS-SYN-074,2026-05-16T16:51:00-04:00,2026-05-19T16:51:00-04:00,2026-05-22T16:51:00-04:00,partially_fulfilled,B2B-V1-BASE,BLD-9102B6E8BF1ABFFC5F32,True
ORD-SYN-003227,CUS-SYN-085,2026-05-16T17:28:00-04:00,2026-05-19T17:28:00-04:00,2026-05-21T17:28:00-04:00,fulfilled,B2B-V1-BASE,BLD-9102B6E8BF1ABFFC5F32,True
ORD-SYN-003228,CUS-SYN-127,2026-05-16T17:46:00-04:00,,2026-05-18T17:46:00-04:00,fulfilled,B2B-V1-BASE,BLD-9102B6E8BF1ABFFC5F32,True
ORD-SYN-003229,CUS-SYN-065,2026-05-17T09:47:00-04:00,2026-05-20T09:47:00-04:00,2026-05-23T09:47:00-04:00,fulfilled,B2B-V1-BASE,BLD-9102B6E8BF1ABFFC5F32,True
ORD-SYN-003230,CUS-SYN-080,2026-05-17T09:53:00-04:00,2026-05-18T09:53:00-04:00,2026-05-19T09:53:00-04:00,partially_fulfilled,B2B-V1-BASE,BLD-9102B6E8BF1ABFFC5F32,True
ORD-SYN-003231,CUS-SYN-111,2026-05-17T10:41:00-04:00,2026-05-21T10:41:00-04:00,2026-05-23T10:41:00-04:00,partially_fulfilled,B2B-V1-BASE,BLD-9102B6E8BF1ABFFC5F32,True
ORD-SYN-003232,CUS-SYN-146,2026-05-17T11:47:00-04:00,2026-05-19T11:47:00-04:00,2026-05-19T11:47:00-04:00,fulfilled,B2B-V1-BASE,BLD-9102B6E8BF1ABFFC5F32,True
ORD-SYN-003233,CUS-SYN-025,2026-05-17T12:14:00-04:00,2026-05-19T12:14:00-04:00,2026-05-20T12:14:00-04:00,fulfilled,B2B-V1-BASE,BLD-9102B6E8BF1ABFFC5F32,True
ORD-SYN-003234,CUS-SYN-090,2026-05-17T13:30:00-04:00,,2026-05-20T13:30:00-04:00,fulfilled,B2B-V1-BASE,BLD-9102B6E8BF1ABFFC5F32,True
ORD-SYN-003235,CUS-SYN-033,2026-05-17T13:44:00-04:00,2026-05-19T13:44:00-04:00,2026-05-20T13:44:00-04:00,fulfilled,B2B-V1-BASE,BLD-9102B6E8BF1ABFFC5F32,True
ORD-SYN-003236,CUS-SYN-107,2026-05-17T14:00:00-04:00,2026-05-18T14:00:00-04:00,2026-05-19T14:00:00-04:00,fulfilled,B2B-V1-BASE,BLD-9102B6E8BF1ABFFC5F32,True
ORD-SYN-003237,CUS-SYN-136,2026-05-17T14:17:00-04:00,2026-05-18T14:17:00-04:00,2026-05-22T14:17:00-04:00,fulfilled,B2B-V1-BASE,BLD-9102B6E8BF1ABFFC5F32,True
ORD-SYN-003238,CUS-SYN-127,2026-05-17T14:21:00-04:00,2026-05-18T14:21:00-04:00,2026-05-19T14:21:00-04:00,fulfilled,B2B-V1-BASE,BLD-9102B6E8BF1ABFFC5F32,True
ORD-SYN-003239,CUS-SYN-121,2026-05-17T15:33:00-04:00,2026-05-23T15:33:00-04:00,2026-05-23T15:33:00-04:00,partially_fulfilled,B2B-V1-BASE,BLD-9102B6E8BF1ABFFC5F32,True
ORD-SYN-003240,CUS-SYN-121,2026-05-17T16:30:00-04:00,2026-05-18T16:30:00-04:00,2026-05-21T16:30:00-04:00,fulfilled,B2B-V1-BASE,BLD-9102B6E8BF1ABFFC5F32,True
ORD-SYN-003241,CUS-SYN-070,2026-05-17T16:59:00-04:00,2026-05-22T16:59:00-04:00,2026-05-22T16:59:00-04:00,fulfilled,B2B-V1-BASE,BLD-9102B6E8BF1ABFFC5F32,True
ORD-SYN-003242,CUS-SYN-046,2026-05-17T17:06:00-04:00,,2026-05-23T17:06:00-04:00,fulfilled,B2B-V1-BASE,BLD-9102B6E8BF1ABFFC5F32,True
ORD-SYN-003243,CUS-SYN-070,2026-05-17T17:49:00-04:00,2026-05-20T17:49:00-04:00,2026-05-21T17:49:00-04:00,fulfilled,B2B-V1-BASE,BLD-9102B6E8BF1ABFFC5F32,True
ORD-SYN-003244,CUS-SYN-141,2026-05-18T08:12:00-04:00,2026-05-21T08:12:00-04:00,2026-05-24T08:12:00-04:00,partially_fulfilled,B2B-V1-BASE,BLD-9102B6E8BF1ABFFC5F32,True
ORD-SYN-003245,CUS-SYN-114,2026-05-18T08:21:00-04:00,2026-05-21T08:21:00-04:00,2026-05-24T08:21:00-04:00,fulfilled,B2B-V1-BASE,BLD-9102B6E8BF1ABFFC5F32,True
ORD-SYN-003246,CUS-SYN-121,2026-05-18T10:44:00-04:00,2026-05-24T10:44:00-04:00,2026-05-24T10:44:00-04:00,fulfilled,B2B-V1-BASE,BLD-9102B6E8BF1ABFFC5F32,True
ORD-SYN-003247,CUS-SYN-074,2026-05-18T11:14:00-04:00,2026-05-19T11:14:00-04:00,2026-05-24T11:14:00-04:00,fulfilled,B2B-V1-BASE,BLD-9102B6E8BF1ABFFC5F32,True
ORD-SYN-003248,CUS-SYN-098,2026-05-18T11:36:00-04:00,2026-05-22T11:36:00-04:00,2026-05-24T11:36:00-04:00,fulfilled,B2B-V1-BASE,BLD-9102B6E8BF1ABFFC5F32,True
ORD-SYN-003249,CUS-SYN-136,2026-05-18T12:31:00-04:00,2026-05-24T12:31:00-04:00,2026-05-24T12:31:00-04:00,fulfilled,B2B-V1-BASE,BLD-9102B6E8BF1ABFFC5F32,True
ORD-SYN-003250,CUS-SYN-034,2026-05-18T13:21:00-04:00,2026-05-20T13:21:00-04:00,2026-05-20T13:21:00-04:00,fulfilled,B2B-V1-BASE,BLD-9102B6E8BF1ABFFC5F32,True
ORD-SYN-003251,CUS-SYN-107,2026-05-18T14:05:00-04:00,2026-05-20T14:05:00-04:00,2026-05-22T14:05:00-04:00,fulfilled,B2B-V1-BASE,BLD-9102B6E8BF1ABFFC5F32,True
ORD-SYN-003252,CUS-SYN-141,2026-05-18T14:36:00-04:00,2026-05-21T14:36:00-04:00,2026-05-21T14:36:00-04:00,partially_fulfilled,B2B-V1-BASE,BLD-9102B6E8BF1ABFFC5F32,True
ORD-SYN-003253,CUS-SYN-022,2026-05-18T15:05:00-04:00,2026-05-21T15:05:00-04:00,2026-05-22T15:05:00-04:00,fulfilled,B2B-V1-BASE,BLD-9102B6E8BF1ABFFC5F32,True
ORD-SYN-003254,CUS-SYN-124,2026-05-18T16:31:00-04:00,2026-05-20T16:31:00-04:00,2026-05-22T16:31:00-04:00,fulfilled,B2B-V1-BASE,BLD-9102B6E8BF1ABFFC5F32,True
ORD-SYN-003255,CUS-SYN-126,2026-05-18T17:19:00-04:00,2026-05-21T17:19:00-04:00,2026-05-22T17:19:00-04:00,fulfilled,B2B-V1-BASE,BLD-9102B6E8BF1ABFFC5F32,True
ORD-SYN-003256,CUS-SYN-063,2026-05-18T17:55:00-04:00,2026-05-20T17:55:00-04:00,2026-05-20T17:55:00-04:00,fulfilled,B2B-V1-BASE,BLD-9102B6E8BF1ABFFC5F32,True
ORD-SYN-003257,CUS-SYN-087,2026-05-19T09:47:00-04:00,,2026-05-21T09:47:00-04:00,fulfilled,B2B-V1-BASE,BLD-9102B6E8BF1ABFFC5F32,True
ORD-SYN-003258,CUS-SYN-101,2026-05-19T09:57:00-04:00,,2026-05-22T09:57:00-04:00,fulfilled,B2B-V1-BASE,BLD-9102B6E8BF1ABFFC5F32,True
ORD-SYN-003259,CUS-SYN-118,2026-05-19T11:32:00-04:00,2026-05-23T11:32:00-04:00,2026-05-24T11:32:00-04:00,partially_fulfilled,B2B-V1-BASE,BLD-9102B6E8BF1ABFFC5F32,True
ORD-SYN-003260,CUS-SYN-039,2026-05-19T11:33:00-04:00,2026-05-20T11:33:00-04:00,2026-05-22T11:33:00-04:00,fulfilled,B2B-V1-BASE,BLD-9102B6E8BF1ABFFC5F32,True
ORD-SYN-003261,CUS-SYN-009,2026-05-19T12:26:00-04:00,2026-05-24T12:26:00-04:00,2026-05-25T12:26:00-04:00,fulfilled,B2B-V1-BASE,BLD-9102B6E8BF1ABFFC5F32,True
ORD-SYN-003262,CUS-SYN-122,2026-05-19T13:39:00-04:00,2026-05-23T13:39:00-04:00,2026-05-23T13:39:00-04:00,fulfilled,B2B-V1-BASE,BLD-9102B6E8BF1ABFFC5F32,True
ORD-SYN-003263,CUS-SYN-050,2026-05-19T13:51:00-04:00,2026-05-20T13:51:00-04:00,2026-05-23T13:51:00-04:00,fulfilled,B2B-V1-BASE,BLD-9102B6E8BF1ABFFC5F32,True
ORD-SYN-003264,CUS-SYN-137,2026-05-19T14:02:00-04:00,,2026-05-24T14:02:00-04:00,fulfilled,B2B-V1-BASE,BLD-9102B6E8BF1ABFFC5F32,True
ORD-SYN-003265,CUS-SYN-105,2026-05-19T16:06:00-04:00,2026-05-20T16:06:00-04:00,2026-05-21T16:06:00-04:00,fulfilled,B2B-V1-BASE,BLD-9102B6E8BF1ABFFC5F32,True
ORD-SYN-003266,CUS-SYN-134,2026-05-20T08:05:00-04:00,2026-05-23T08:05:00-04:00,2026-05-24T08:05:00-04:00,fulfilled,B2B-V1-BASE,BLD-9102B6E8BF1ABFFC5F32,True
ORD-SYN-003267,CUS-SYN-097,2026-05-20T08:09:00-04:00,2026-05-21T08:09:00-04:00,2026-05-23T08:09:00-04:00,partially_fulfilled,B2B-V1-BASE,BLD-9102B6E8BF1ABFFC5F32,True
ORD-SYN-003268,CUS-SYN-041,2026-05-20T08:54:00-04:00,2026-05-25T08:54:00-04:00,2026-05-25T08:54:00-04:00,fulfilled,B2B-V1-BASE,BLD-9102B6E8BF1ABFFC5F32,True
ORD-SYN-003269,CUS-SYN-089,2026-05-20T09:46:00-04:00,,2026-05-26T09:46:00-04:00,fulfilled,B2B-V1-BASE,BLD-9102B6E8BF1ABFFC5F32,True
ORD-SYN-003270,CUS-SYN-097,2026-05-20T12:42:00-04:00,2026-05-22T12:42:00-04:00,2026-05-23T12:42:00-04:00,fulfilled,B2B-V1-BASE,BLD-9102B6E8BF1ABFFC5F32,True
ORD-SYN-003271,CUS-SYN-019,2026-05-20T13:16:00-04:00,2026-05-24T13:16:00-04:00,2026-05-25T13:16:00-04:00,fulfilled,B2B-V1-BASE,BLD-9102B6E8BF1ABFFC5F32,True
ORD-SYN-003272,CUS-SYN-056,2026-05-20T13:32:00-04:00,2026-05-22T13:32:00-04:00,2026-05-23T13:32:00-04:00,fulfilled,B2B-V1-BASE,BLD-9102B6E8BF1ABFFC5F32,True
ORD-SYN-003273,CUS-SYN-010,2026-05-20T14:01:00-04:00,2026-05-24T14:01:00-04:00,2026-05-25T14:01:00-04:00,fulfilled,B2B-V1-BASE,BLD-9102B6E8BF1ABFFC5F32,True
ORD-SYN-003274,CUS-SYN-050,2026-05-20T14:26:00-04:00,2026-05-21T14:26:00-04:00,2026-05-23T14:26:00-04:00,fulfilled,B2B-V1-BASE,BLD-9102B6E8BF1ABFFC5F32,True
ORD-SYN-003275,CUS-SYN-042,2026-05-20T14:35:00-04:00,,2026-05-26T14:35:00-04:00,fulfilled,B2B-V1-BASE,BLD-9102B6E8BF1ABFFC5F32,True
ORD-SYN-003276,CUS-SYN-069,2026-05-20T14:57:00-04:00,2026-05-21T14:57:00-04:00,2026-05-25T14:57:00-04:00,fulfilled,B2B-V1-BASE,BLD-9102B6E8BF1ABFFC5F32,True
ORD-SYN-003277,CUS-SYN-141,2026-05-20T15:00:00-04:00,2026-05-21T15:00:00-04:00,2026-05-25T15:00:00-04:00,fulfilled,B2B-V1-BASE,BLD-9102B6E8BF1ABFFC5F32,True
ORD-SYN-003278,CUS-SYN-073,2026-05-20T15:13:00-04:00,2026-05-21T15:13:00-04:00,2026-05-24T15:13:00-04:00,fulfilled,B2B-V1-BASE,BLD-9102B6E8BF1ABFFC5F32,True
ORD-SYN-003279,CUS-SYN-146,2026-05-20T15:20:00-04:00,,2026-05-25T15:20:00-04:00,fulfilled,B2B-V1-BASE,BLD-9102B6E8BF1ABFFC5F32,True
ORD-SYN-003280,CUS-SYN-033,2026-05-20T16:10:00-04:00,2026-05-24T16:10:00-04:00,2026-05-26T16:10:00-04:00,fulfilled,B2B-V1-BASE,BLD-9102B6E8BF1ABFFC5F32,True
ORD-SYN-003281,CUS-SYN-031,2026-05-20T16:29:00-04:00,2026-05-22T16:29:00-04:00,2026-05-25T16:29:00-04:00,fulfilled,B2B-V1-BASE,BLD-9102B6E8BF1ABFFC5F32,True
ORD-SYN-003282,CUS-SYN-089,2026-05-20T16:42:00-04:00,2026-05-24T16:42:00-04:00,2026-05-26T16:42:00-04:00,partially_fulfilled,B2B-V1-BASE,BLD-9102B6E8BF1ABFFC5F32,True
ORD-SYN-003283,CUS-SYN-062,2026-05-21T09:49:00-04:00,2026-05-26T09:49:00-04:00,2026-05-26T09:49:00-04:00,fulfilled,B2B-V1-BASE,BLD-9102B6E8BF1ABFFC5F32,True
ORD-SYN-003284,CUS-SYN-046,2026-05-21T10:57:00-04:00,,2026-05-27T10:57:00-04:00,fulfilled,B2B-V1-BASE,BLD-9102B6E8BF1ABFFC5F32,True
ORD-SYN-003285,CUS-SYN-064,2026-05-21T11:15:00-04:00,2026-05-26T11:15:00-04:00,2026-05-27T11:15:00-04:00,fulfilled,B2B-V1-BASE,BLD-9102B6E8BF1ABFFC5F32,True
ORD-SYN-003286,CUS-SYN-068,2026-05-21T13:07:00-04:00,2026-05-24T13:07:00-04:00,2026-05-26T13:07:00-04:00,fulfilled,B2B-V1-BASE,BLD-9102B6E8BF1ABFFC5F32,True
ORD-SYN-003287,CUS-SYN-102,2026-05-21T13:32:00-04:00,,2026-05-25T13:32:00-04:00,fulfilled,B2B-V1-BASE,BLD-9102B6E8BF1ABFFC5F32,True
ORD-SYN-003288,CUS-SYN-126,2026-05-21T14:13:00-04:00,2026-05-22T14:13:00-04:00,2026-05-27T14:13:00-04:00,fulfilled,B2B-V1-BASE,BLD-9102B6E8BF1ABFFC5F32,True
ORD-SYN-003289,CUS-SYN-110,2026-05-21T14:59:00-04:00,2026-05-27T14:59:00-04:00,2026-05-27T14:59:00-04:00,fulfilled,B2B-V1-BASE,BLD-9102B6E8BF1ABFFC5F32,True
ORD-SYN-003290,CUS-SYN-148,2026-05-21T16:16:00-04:00,,2026-05-23T16:16:00-04:00,fulfilled,B2B-V1-BASE,BLD-9102B6E8BF1ABFFC5F32,True
ORD-SYN-003291,CUS-SYN-101,2026-05-21T16:18:00-04:00,,2026-05-24T16:18:00-04:00,fulfilled,B2B-V1-BASE,BLD-9102B6E8BF1ABFFC5F32,True
ORD-SYN-003292,CUS-SYN-046,2026-05-21T17:35:00-04:00,2026-05-23T17:35:00-04:00,2026-05-23T17:35:00-04:00,fulfilled,B2B-V1-BASE,BLD-9102B6E8BF1ABFFC5F32,True
ORD-SYN-003293,CUS-SYN-041,2026-05-21T17:45:00-04:00,2026-05-23T17:45:00-04:00,2026-05-27T17:45:00-04:00,fulfilled,B2B-V1-BASE,BLD-9102B6E8BF1ABFFC5F32,True
ORD-SYN-003294,CUS-SYN-076,2026-05-22T08:12:00-04:00,2026-05-23T08:12:00-04:00,2026-05-24T08:12:00-04:00,fulfilled,B2B-V1-BASE,BLD-9102B6E8BF1ABFFC5F32,True
ORD-SYN-003295,CUS-SYN-045,2026-05-22T08:13:00-04:00,2026-05-23T08:13:00-04:00,2026-05-25T08:13:00-04:00,fulfilled,B2B-V1-BASE,BLD-9102B6E8BF1ABFFC5F32,True
ORD-SYN-003296,CUS-SYN-036,2026-05-22T08:22:00-04:00,2026-05-24T08:22:00-04:00,2026-05-25T08:22:00-04:00,fulfilled,B2B-V1-BASE,BLD-9102B6E8BF1ABFFC5F32,True
ORD-SYN-003297,CUS-SYN-005,2026-05-22T08:44:00-04:00,,2026-05-26T08:44:00-04:00,fulfilled,B2B-V1-BASE,BLD-9102B6E8BF1ABFFC5F32,True
ORD-SYN-003298,CUS-SYN-013,2026-05-22T09:27:00-04:00,,2026-05-28T09:27:00-04:00,fulfilled,B2B-V1-BASE,BLD-9102B6E8BF1ABFFC5F32,True
ORD-SYN-003299,CUS-SYN-145,2026-05-22T09:28:00-04:00,2026-05-28T09:28:00-04:00,2026-05-28T09:28:00-04:00,fulfilled,B2B-V1-BASE,BLD-9102B6E8BF1ABFFC5F32,True
ORD-SYN-003300,CUS-SYN-034,2026-05-22T10:24:00-04:00,,2026-05-24T10:24:00-04:00,partially_fulfilled,B2B-V1-BASE,BLD-9102B6E8BF1ABFFC5F32,True
ORD-SYN-003301,CUS-SYN-140,2026-05-22T11:36:00-04:00,2026-05-27T11:36:00-04:00,2026-05-28T11:36:00-04:00,fulfilled,B2B-V1-BASE,BLD-9102B6E8BF1ABFFC5F32,True
ORD-SYN-003302,CUS-SYN-105,2026-05-22T13:29:00-04:00,2026-05-23T13:29:00-04:00,2026-05-24T13:29:00-04:00,fulfilled,B2B-V1-BASE,BLD-9102B6E8BF1ABFFC5F32,True
ORD-SYN-003303,CUS-SYN-074,2026-05-22T13:39:00-04:00,2026-05-25T13:39:00-04:00,2026-05-25T13:39:00-04:00,fulfilled,B2B-V1-BASE,BLD-9102B6E8BF1ABFFC5F32,True
ORD-SYN-003304,CUS-SYN-041,2026-05-22T15:27:00-04:00,2026-05-24T15:27:00-04:00,2026-05-26T15:27:00-04:00,fulfilled,B2B-V1-BASE,BLD-9102B6E8BF1ABFFC5F32,True
ORD-SYN-003305,CUS-SYN-110,2026-05-22T16:14:00-04:00,2026-05-23T16:14:00-04:00,2026-05-27T16:14:00-04:00,fulfilled,B2B-V1-BASE,BLD-9102B6E8BF1ABFFC5F32,True
ORD-SYN-003306,CUS-SYN-130,2026-05-22T17:15:00-04:00,2026-05-23T17:15:00-04:00,2026-05-24T17:15:00-04:00,fulfilled,B2B-V1-BASE,BLD-9102B6E8BF1ABFFC5F32,True
ORD-SYN-003307,CUS-SYN-145,2026-05-23T08:08:00-04:00,2026-05-24T08:08:00-04:00,2026-05-25T08:08:00-04:00,fulfilled,B2B-V1-BASE,BLD-9102B6E8BF1ABFFC5F32,True
ORD-SYN-003308,CUS-SYN-048,2026-05-23T08:59:00-04:00,2026-05-25T08:59:00-04:00,2026-05-27T08:59:00-04:00,fulfilled,B2B-V1-BASE,BLD-9102B6E8BF1ABFFC5F32,True
ORD-SYN-003309,CUS-SYN-017,2026-05-23T10:04:00-04:00,2026-05-25T10:04:00-04:00,2026-05-26T10:04:00-04:00,fulfilled,B2B-V1-BASE,BLD-9102B6E8BF1ABFFC5F32,True
ORD-SYN-003310,CUS-SYN-114,2026-05-23T10:18:00-04:00,2026-05-26T10:18:00-04:00,2026-05-27T10:18:00-04:00,partially_fulfilled,B2B-V1-BASE,BLD-9102B6E8BF1ABFFC5F32,True
ORD-SYN-003311,CUS-SYN-119,2026-05-23T10:20:00-04:00,2026-05-27T10:20:00-04:00,2026-05-27T10:20:00-04:00,fulfilled,B2B-V1-BASE,BLD-9102B6E8BF1ABFFC5F32,True
ORD-SYN-003312,CUS-SYN-018,2026-05-23T11:17:00-04:00,2026-05-25T11:17:00-04:00,2026-05-25T11:17:00-04:00,partially_fulfilled,B2B-V1-BASE,BLD-9102B6E8BF1ABFFC5F32,True
ORD-SYN-003313,CUS-SYN-066,2026-05-23T11:29:00-04:00,,2026-05-27T11:29:00-04:00,fulfilled,B2B-V1-BASE,BLD-9102B6E8BF1ABFFC5F32,True
ORD-SYN-003314,CUS-SYN-061,2026-05-23T13:16:00-04:00,2026-05-26T13:16:00-04:00,2026-05-26T13:16:00-04:00,fulfilled,B2B-V1-BASE,BLD-9102B6E8BF1ABFFC5F32,True
ORD-SYN-003315,CUS-SYN-102,2026-05-23T13:17:00-04:00,2026-05-25T13:17:00-04:00,2026-05-28T13:17:00-04:00,fulfilled,B2B-V1-BASE,BLD-9102B6E8BF1ABFFC5F32,True
ORD-SYN-003316,CUS-SYN-134,2026-05-23T13:41:00-04:00,2026-05-25T13:41:00-04:00,2026-05-26T13:41:00-04:00,partially_fulfilled,B2B-V1-BASE,BLD-9102B6E8BF1ABFFC5F32,True
ORD-SYN-003317,CUS-SYN-141,2026-05-23T15:14:00-04:00,,2026-05-27T15:14:00-04:00,partially_fulfilled,B2B-V1-BASE,BLD-9102B6E8BF1ABFFC5F32,True
ORD-SYN-003318,CUS-SYN-129,2026-05-23T16:16:00-04:00,2026-05-26T16:16:00-04:00,2026-05-26T16:16:00-04:00,fulfilled,B2B-V1-BASE,BLD-9102B6E8BF1ABFFC5F32,True
ORD-SYN-003319,CUS-SYN-101,2026-05-23T16:22:00-04:00,2026-05-29T16:22:00-04:00,2026-05-29T16:22:00-04:00,fulfilled,B2B-V1-BASE,BLD-9102B6E8BF1ABFFC5F32,True
ORD-SYN-003320,CUS-SYN-051,2026-05-23T17:31:00-04:00,2026-05-26T17:31:00-04:00,2026-05-29T17:31:00-04:00,fulfilled,B2B-V1-BASE,BLD-9102B6E8BF1ABFFC5F32,True
ORD-SYN-003321,CUS-SYN-100,2026-05-24T08:53:00-04:00,2026-05-27T08:53:00-04:00,2026-05-30T08:53:00-04:00,fulfilled,B2B-V1-BASE,BLD-9102B6E8BF1ABFFC5F32,True
ORD-SYN-003322,CUS-SYN-044,2026-05-24T08:53:00-04:00,,2026-05-28T08:53:00-04:00,partially_fulfilled,B2B-V1-BASE,BLD-9102B6E8BF1ABFFC5F32,True
ORD-SYN-003323,CUS-SYN-067,2026-05-24T10:27:00-04:00,2026-05-27T10:27:00-04:00,2026-05-29T10:27:00-04:00,fulfilled,B2B-V1-BASE,BLD-9102B6E8BF1ABFFC5F32,True
ORD-SYN-003324,CUS-SYN-073,2026-05-24T12:28:00-04:00,2026-05-26T12:28:00-04:00,2026-05-28T12:28:00-04:00,fulfilled,B2B-V1-BASE,BLD-9102B6E8BF1ABFFC5F32,True
ORD-SYN-003325,CUS-SYN-065,2026-05-24T13:27:00-04:00,2026-05-26T13:27:00-04:00,2026-05-26T13:27:00-04:00,partially_fulfilled,B2B-V1-BASE,BLD-9102B6E8BF1ABFFC5F32,True
ORD-SYN-003326,CUS-SYN-018,2026-05-24T14:32:00-04:00,2026-05-29T14:32:00-04:00,2026-05-30T14:32:00-04:00,partially_fulfilled,B2B-V1-BASE,BLD-9102B6E8BF1ABFFC5F32,True
ORD-SYN-003327,CUS-SYN-014,2026-05-24T15:20:00-04:00,2026-05-28T15:20:00-04:00,2026-05-30T15:20:00-04:00,partially_fulfilled,B2B-V1-BASE,BLD-9102B6E8BF1ABFFC5F32,True
ORD-SYN-003328,CUS-SYN-035,2026-05-24T15:22:00-04:00,2026-05-25T15:22:00-04:00,2026-05-26T15:22:00-04:00,partially_fulfilled,B2B-V1-BASE,BLD-9102B6E8BF1ABFFC5F32,True
ORD-SYN-003329,CUS-SYN-053,2026-05-24T15:51:00-04:00,,2026-05-30T15:51:00-04:00,fulfilled,B2B-V1-BASE,BLD-9102B6E8BF1ABFFC5F32,True
ORD-SYN-003330,CUS-SYN-127,2026-05-25T09:53:00-04:00,2026-05-27T09:53:00-04:00,2026-05-30T09:53:00-04:00,fulfilled,B2B-V1-BASE,BLD-9102B6E8BF1ABFFC5F32,True
ORD-SYN-003331,CUS-SYN-061,2026-05-25T10:10:00-04:00,2026-05-29T10:10:00-04:00,2026-05-30T10:10:00-04:00,fulfilled,B2B-V1-BASE,BLD-9102B6E8BF1ABFFC5F32,True
ORD-SYN-003332,CUS-SYN-150,2026-05-25T12:01:00-04:00,2026-05-27T12:01:00-04:00,2026-05-31T12:01:00-04:00,partially_fulfilled,B2B-V1-BASE,BLD-9102B6E8BF1ABFFC5F32,True
ORD-SYN-003333,CUS-SYN-078,2026-05-25T12:17:00-04:00,2026-05-28T12:17:00-04:00,2026-05-31T12:17:00-04:00,fulfilled,B2B-V1-BASE,BLD-9102B6E8BF1ABFFC5F32,True
ORD-SYN-003334,CUS-SYN-089,2026-05-25T12:33:00-04:00,2026-05-29T12:33:00-04:00,2026-05-30T12:33:00-04:00,fulfilled,B2B-V1-BASE,BLD-9102B6E8BF1ABFFC5F32,True
ORD-SYN-003335,CUS-SYN-110,2026-05-25T12:57:00-04:00,2026-05-28T12:57:00-04:00,2026-05-28T12:57:00-04:00,partially_fulfilled,B2B-V1-BASE,BLD-9102B6E8BF1ABFFC5F32,True
ORD-SYN-003336,CUS-SYN-090,2026-05-25T13:10:00-04:00,2026-05-28T13:10:00-04:00,2026-05-30T13:10:00-04:00,partially_fulfilled,B2B-V1-BASE,BLD-9102B6E8BF1ABFFC5F32,True
ORD-SYN-003337,CUS-SYN-105,2026-05-25T13:19:00-04:00,2026-05-26T13:19:00-04:00,2026-05-27T13:19:00-04:00,fulfilled,B2B-V1-BASE,BLD-9102B6E8BF1ABFFC5F32,True
ORD-SYN-003338,CUS-SYN-065,2026-05-25T14:00:00-04:00,2026-05-27T14:00:00-04:00,2026-05-29T14:00:00-04:00,fulfilled,B2B-V1-BASE,BLD-9102B6E8BF1ABFFC5F32,True
ORD-SYN-003339,CUS-SYN-077,2026-05-25T14:26:00-04:00,2026-05-29T14:26:00-04:00,2026-05-29T14:26:00-04:00,fulfilled,B2B-V1-BASE,BLD-9102B6E8BF1ABFFC5F32,True
ORD-SYN-003340,CUS-SYN-112,2026-05-25T14:44:00-04:00,2026-05-26T14:44:00-04:00,2026-05-28T14:44:00-04:00,fulfilled,B2B-V1-BASE,BLD-9102B6E8BF1ABFFC5F32,True
ORD-SYN-003341,CUS-SYN-125,2026-05-25T15:16:00-04:00,2026-05-30T15:16:00-04:00,2026-05-31T15:16:00-04:00,fulfilled,B2B-V1-BASE,BLD-9102B6E8BF1ABFFC5F32,True
ORD-SYN-003342,CUS-SYN-081,2026-05-25T15:27:00-04:00,2026-05-26T15:27:00-04:00,2026-05-27T15:27:00-04:00,fulfilled,B2B-V1-BASE,BLD-9102B6E8BF1ABFFC5F32,True
ORD-SYN-003343,CUS-SYN-142,2026-05-26T08:07:00-04:00,,2026-05-28T08:07:00-04:00,partially_fulfilled,B2B-V1-BASE,BLD-9102B6E8BF1ABFFC5F32,True
ORD-SYN-003344,CUS-SYN-087,2026-05-26T09:04:00-04:00,2026-05-29T09:04:00-04:00,2026-05-31T09:04:00-04:00,partially_fulfilled,B2B-V1-BASE,BLD-9102B6E8BF1ABFFC5F32,True
ORD-SYN-003345,CUS-SYN-083,2026-05-26T09:21:00-04:00,2026-05-27T09:21:00-04:00,2026-05-31T09:21:00-04:00,partially_fulfilled,B2B-V1-BASE,BLD-9102B6E8BF1ABFFC5F32,True
ORD-SYN-003346,CUS-SYN-042,2026-05-26T10:23:00-04:00,2026-05-28T10:23:00-04:00,2026-05-28T10:23:00-04:00,fulfilled,B2B-V1-BASE,BLD-9102B6E8BF1ABFFC5F32,True
ORD-SYN-003347,CUS-SYN-022,2026-05-26T10:35:00-04:00,2026-05-29T10:35:00-04:00,2026-05-31T10:35:00-04:00,partially_fulfilled,B2B-V1-BASE,BLD-9102B6E8BF1ABFFC5F32,True
ORD-SYN-003348,CUS-SYN-021,2026-05-26T10:41:00-04:00,,2026-05-29T10:41:00-04:00,fulfilled,B2B-V1-BASE,BLD-9102B6E8BF1ABFFC5F32,True
ORD-SYN-003349,CUS-SYN-064,2026-05-26T13:08:00-04:00,2026-05-29T13:08:00-04:00,2026-05-30T13:08:00-04:00,fulfilled,B2B-V1-BASE,BLD-9102B6E8BF1ABFFC5F32,True
ORD-SYN-003350,CUS-SYN-150,2026-05-26T13:41:00-04:00,2026-05-30T13:41:00-04:00,2026-05-30T13:41:00-04:00,fulfilled,B2B-V1-BASE,BLD-9102B6E8BF1ABFFC5F32,True
ORD-SYN-003351,CUS-SYN-144,2026-05-26T16:19:00-04:00,2026-05-27T16:19:00-04:00,2026-05-28T16:19:00-04:00,fulfilled,B2B-V1-BASE,BLD-9102B6E8BF1ABFFC5F32,True
ORD-SYN-003352,CUS-SYN-024,2026-05-26T17:21:00-04:00,2026-05-27T17:21:00-04:00,2026-05-28T17:21:00-04:00,fulfilled,B2B-V1-BASE,BLD-9102B6E8BF1ABFFC5F32,True
ORD-SYN-003353,CUS-SYN-126,2026-05-26T17:25:00-04:00,,2026-06-01T17:25:00-04:00,fulfilled,B2B-V1-BASE,BLD-9102B6E8BF1ABFFC5F32,True
ORD-SYN-003354,CUS-SYN-080,2026-05-26T17:45:00-04:00,2026-05-27T17:45:00-04:00,2026-05-29T17:45:00-04:00,partially_fulfilled,B2B-V1-BASE,BLD-9102B6E8BF1ABFFC5F32,True
ORD-SYN-003355,CUS-SYN-053,2026-05-27T10:44:00-04:00,2026-05-30T10:44:00-04:00,2026-06-02T10:44:00-04:00,fulfilled,B2B-V1-BASE,BLD-9102B6E8BF1ABFFC5F32,True
ORD-SYN-003356,CUS-SYN-117,2026-05-27T15:43:00-04:00,2026-05-29T15:43:00-04:00,2026-05-30T15:43:00-04:00,fulfilled,B2B-V1-BASE,BLD-9102B6E8BF1ABFFC5F32,True
ORD-SYN-003357,CUS-SYN-064,2026-05-27T16:43:00-04:00,,2026-06-02T16:43:00-04:00,fulfilled,B2B-V1-BASE,BLD-9102B6E8BF1ABFFC5F32,True
ORD-SYN-003358,CUS-SYN-134,2026-05-27T16:44:00-04:00,2026-06-01T16:44:00-04:00,2026-06-02T16:44:00-04:00,fulfilled,B2B-V1-BASE,BLD-9102B6E8BF1ABFFC5F32,True
ORD-SYN-003359,CUS-SYN-067,2026-05-27T17:44:00-04:00,2026-06-02T17:44:00-04:00,2026-06-02T17:44:00-04:00,fulfilled,B2B-V1-BASE,BLD-9102B6E8BF1ABFFC5F32,True
ORD-SYN-003360,CUS-SYN-042,2026-05-28T09:11:00-04:00,,2026-05-30T09:11:00-04:00,fulfilled,B2B-V1-BASE,BLD-9102B6E8BF1ABFFC5F32,True
ORD-SYN-003361,CUS-SYN-139,2026-05-28T09:16:00-04:00,2026-06-01T09:16:00-04:00,2026-06-03T09:16:00-04:00,fulfilled,B2B-V1-BASE,BLD-9102B6E8BF1ABFFC5F32,True
ORD-SYN-003362,CUS-SYN-058,2026-05-28T10:04:00-04:00,,2026-06-01T10:04:00-04:00,fulfilled,B2B-V1-BASE,BLD-9102B6E8BF1ABFFC5F32,True
ORD-SYN-003363,CUS-SYN-127,2026-05-28T11:01:00-04:00,2026-06-02T11:01:00-04:00,2026-06-03T11:01:00-04:00,fulfilled,B2B-V1-BASE,BLD-9102B6E8BF1ABFFC5F32,True
ORD-SYN-003364,CUS-SYN-073,2026-05-28T12:20:00-04:00,2026-06-02T12:20:00-04:00,2026-06-02T12:20:00-04:00,partially_fulfilled,B2B-V1-BASE,BLD-9102B6E8BF1ABFFC5F32,True
ORD-SYN-003365,CUS-SYN-008,2026-05-28T14:02:00-04:00,2026-05-31T14:02:00-04:00,2026-05-31T14:02:00-04:00,fulfilled,B2B-V1-BASE,BLD-9102B6E8BF1ABFFC5F32,True
ORD-SYN-003366,CUS-SYN-003,2026-05-28T15:08:00-04:00,2026-06-02T15:08:00-04:00,2026-06-02T15:08:00-04:00,fulfilled,B2B-V1-BASE,BLD-9102B6E8BF1ABFFC5F32,True
ORD-SYN-003367,CUS-SYN-032,2026-05-28T15:24:00-04:00,2026-05-30T15:24:00-04:00,2026-05-30T15:24:00-04:00,partially_fulfilled,B2B-V1-BASE,BLD-9102B6E8BF1ABFFC5F32,True
ORD-SYN-003368,CUS-SYN-118,2026-05-28T16:42:00-04:00,2026-05-29T16:42:00-04:00,2026-05-30T16:42:00-04:00,fulfilled,B2B-V1-BASE,BLD-9102B6E8BF1ABFFC5F32,True
ORD-SYN-003369,CUS-SYN-101,2026-05-29T08:48:00-04:00,,2026-05-31T08:48:00-04:00,fulfilled,B2B-V1-BASE,BLD-9102B6E8BF1ABFFC5F32,True
ORD-SYN-003370,CUS-SYN-137,2026-05-29T09:15:00-04:00,2026-05-31T09:15:00-04:00,2026-06-01T09:15:00-04:00,fulfilled,B2B-V1-BASE,BLD-9102B6E8BF1ABFFC5F32,True
ORD-SYN-003371,CUS-SYN-075,2026-05-29T09:45:00-04:00,2026-06-04T09:45:00-04:00,2026-06-04T09:45:00-04:00,fulfilled,B2B-V1-BASE,BLD-9102B6E8BF1ABFFC5F32,True
ORD-SYN-003372,CUS-SYN-061,2026-05-29T09:46:00-04:00,2026-06-03T09:46:00-04:00,2026-06-03T09:46:00-04:00,fulfilled,B2B-V1-BASE,BLD-9102B6E8BF1ABFFC5F32,True
ORD-SYN-003373,CUS-SYN-101,2026-05-29T10:15:00-04:00,2026-06-02T10:15:00-04:00,2026-06-04T10:15:00-04:00,fulfilled,B2B-V1-BASE,BLD-9102B6E8BF1ABFFC5F32,True
ORD-SYN-003374,CUS-SYN-142,2026-05-29T10:22:00-04:00,2026-05-31T10:22:00-04:00,2026-06-04T10:22:00-04:00,fulfilled,B2B-V1-BASE,BLD-9102B6E8BF1ABFFC5F32,True
ORD-SYN-003375,CUS-SYN-082,2026-05-29T10:31:00-04:00,,2026-06-04T10:31:00-04:00,fulfilled,B2B-V1-BASE,BLD-9102B6E8BF1ABFFC5F32,True
ORD-SYN-003376,CUS-SYN-077,2026-05-29T10:57:00-04:00,2026-06-03T10:57:00-04:00,2026-06-03T10:57:00-04:00,fulfilled,B2B-V1-BASE,BLD-9102B6E8BF1ABFFC5F32,True
ORD-SYN-003377,CUS-SYN-101,2026-05-29T11:39:00-04:00,2026-05-30T11:39:00-04:00,2026-06-03T11:39:00-04:00,partially_fulfilled,B2B-V1-BASE,BLD-9102B6E8BF1ABFFC5F32,True
ORD-SYN-003378,CUS-SYN-018,2026-05-29T11:56:00-04:00,2026-06-02T11:56:00-04:00,2026-06-03T11:56:00-04:00,fulfilled,B2B-V1-BASE,BLD-9102B6E8BF1ABFFC5F32,True
ORD-SYN-003379,CUS-SYN-080,2026-05-29T12:18:00-04:00,2026-06-01T12:18:00-04:00,2026-06-01T12:18:00-04:00,fulfilled,B2B-V1-BASE,BLD-9102B6E8BF1ABFFC5F32,True
ORD-SYN-003380,CUS-SYN-045,2026-05-29T13:11:00-04:00,2026-05-31T13:11:00-04:00,2026-05-31T13:11:00-04:00,fulfilled,B2B-V1-BASE,BLD-9102B6E8BF1ABFFC5F32,True
ORD-SYN-003381,CUS-SYN-082,2026-05-29T14:37:00-04:00,2026-06-02T14:37:00-04:00,2026-06-03T14:37:00-04:00,fulfilled,B2B-V1-BASE,BLD-9102B6E8BF1ABFFC5F32,True
ORD-SYN-003382,CUS-SYN-002,2026-05-29T15:14:00-04:00,2026-05-30T15:14:00-04:00,2026-06-01T15:14:00-04:00,fulfilled,B2B-V1-BASE,BLD-9102B6E8BF1ABFFC5F32,True
ORD-SYN-003383,CUS-SYN-070,2026-05-29T15:18:00-04:00,2026-06-01T15:18:00-04:00,2026-06-02T15:18:00-04:00,fulfilled,B2B-V1-BASE,BLD-9102B6E8BF1ABFFC5F32,True
ORD-SYN-003384,CUS-SYN-110,2026-05-29T15:28:00-04:00,,2026-06-02T15:28:00-04:00,fulfilled,B2B-V1-BASE,BLD-9102B6E8BF1ABFFC5F32,True
ORD-SYN-003385,CUS-SYN-097,2026-05-29T15:54:00-04:00,2026-05-31T15:54:00-04:00,2026-05-31T15:54:00-04:00,fulfilled,B2B-V1-BASE,BLD-9102B6E8BF1ABFFC5F32,True
ORD-SYN-003386,CUS-SYN-116,2026-05-29T15:54:00-04:00,2026-05-30T15:54:00-04:00,2026-06-03T15:54:00-04:00,fulfilled,B2B-V1-BASE,BLD-9102B6E8BF1ABFFC5F32,True
ORD-SYN-003387,CUS-SYN-090,2026-05-29T15:57:00-04:00,2026-06-01T15:57:00-04:00,2026-06-01T15:57:00-04:00,fulfilled,B2B-V1-BASE,BLD-9102B6E8BF1ABFFC5F32,True
ORD-SYN-003388,CUS-SYN-103,2026-05-29T17:40:00-04:00,2026-05-30T17:40:00-04:00,2026-05-31T17:40:00-04:00,fulfilled,B2B-V1-BASE,BLD-9102B6E8BF1ABFFC5F32,True
ORD-SYN-003389,CUS-SYN-004,2026-05-29T17:57:00-04:00,2026-05-30T17:57:00-04:00,2026-06-04T17:57:00-04:00,fulfilled,B2B-V1-BASE,BLD-9102B6E8BF1ABFFC5F32,True
ORD-SYN-003390,CUS-SYN-018,2026-05-30T09:16:00-04:00,2026-06-02T09:16:00-04:00,2026-06-03T09:16:00-04:00,partially_fulfilled,B2B-V1-BASE,BLD-9102B6E8BF1ABFFC5F32,True
ORD-SYN-003391,CUS-SYN-069,2026-05-30T09:26:00-04:00,2026-06-01T09:26:00-04:00,2026-06-01T09:26:00-04:00,fulfilled,B2B-V1-BASE,BLD-9102B6E8BF1ABFFC5F32,True
ORD-SYN-003392,CUS-SYN-007,2026-05-30T09:47:00-04:00,2026-06-01T09:47:00-04:00,2026-06-01T09:47:00-04:00,fulfilled,B2B-V1-BASE,BLD-9102B6E8BF1ABFFC5F32,True
ORD-SYN-003393,CUS-SYN-128,2026-05-30T10:06:00-04:00,2026-05-31T10:06:00-04:00,2026-06-03T10:06:00-04:00,fulfilled,B2B-V1-BASE,BLD-9102B6E8BF1ABFFC5F32,True
ORD-SYN-003394,CUS-SYN-106,2026-05-30T10:46:00-04:00,2026-06-01T10:46:00-04:00,2026-06-03T10:46:00-04:00,fulfilled,B2B-V1-BASE,BLD-9102B6E8BF1ABFFC5F32,True
ORD-SYN-003395,CUS-SYN-057,2026-05-30T11:27:00-04:00,,2026-06-05T11:27:00-04:00,partially_fulfilled,B2B-V1-BASE,BLD-9102B6E8BF1ABFFC5F32,True
ORD-SYN-003396,CUS-SYN-014,2026-05-30T12:09:00-04:00,2026-06-02T12:09:00-04:00,2026-06-02T12:09:00-04:00,partially_fulfilled,B2B-V1-BASE,BLD-9102B6E8BF1ABFFC5F32,True
ORD-SYN-003397,CUS-SYN-073,2026-05-30T13:55:00-04:00,,2026-06-05T13:55:00-04:00,partially_fulfilled,B2B-V1-BASE,BLD-9102B6E8BF1ABFFC5F32,True
ORD-SYN-003398,CUS-SYN-114,2026-05-30T16:10:00-04:00,2026-06-02T16:10:00-04:00,2026-06-02T16:10:00-04:00,fulfilled,B2B-V1-BASE,BLD-9102B6E8BF1ABFFC5F32,True
ORD-SYN-003399,CUS-SYN-042,2026-05-30T17:43:00-04:00,2026-05-31T17:43:00-04:00,2026-06-02T17:43:00-04:00,fulfilled,B2B-V1-BASE,BLD-9102B6E8BF1ABFFC5F32,True
ORD-SYN-003400,CUS-SYN-065,2026-05-31T08:11:00-04:00,2026-06-02T08:11:00-04:00,2026-06-03T08:11:00-04:00,fulfilled,B2B-V1-BASE,BLD-9102B6E8BF1ABFFC5F32,True
ORD-SYN-003401,CUS-SYN-109,2026-05-31T09:37:00-04:00,2026-06-02T09:37:00-04:00,2026-06-06T09:37:00-04:00,fulfilled,B2B-V1-BASE,BLD-9102B6E8BF1ABFFC5F32,True
ORD-SYN-003402,CUS-SYN-079,2026-05-31T10:44:00-04:00,2026-06-04T10:44:00-04:00,2026-06-05T10:44:00-04:00,fulfilled,B2B-V1-BASE,BLD-9102B6E8BF1ABFFC5F32,True
ORD-SYN-003403,CUS-SYN-045,2026-05-31T11:55:00-04:00,2026-06-03T11:55:00-04:00,2026-06-04T11:55:00-04:00,fulfilled,B2B-V1-BASE,BLD-9102B6E8BF1ABFFC5F32,True
ORD-SYN-003404,CUS-SYN-033,2026-05-31T12:35:00-04:00,2026-06-03T12:35:00-04:00,2026-06-04T12:35:00-04:00,fulfilled,B2B-V1-BASE,BLD-9102B6E8BF1ABFFC5F32,True
ORD-SYN-003405,CUS-SYN-010,2026-05-31T14:10:00-04:00,2026-06-03T14:10:00-04:00,2026-06-04T14:10:00-04:00,fulfilled,B2B-V1-BASE,BLD-9102B6E8BF1ABFFC5F32,True
ORD-SYN-003406,CUS-SYN-150,2026-05-31T14:31:00-04:00,2026-06-02T14:31:00-04:00,2026-06-05T14:31:00-04:00,fulfilled,B2B-V1-BASE,BLD-9102B6E8BF1ABFFC5F32,True
ORD-SYN-003407,CUS-SYN-008,2026-05-31T14:46:00-04:00,2026-06-02T14:46:00-04:00,2026-06-04T14:46:00-04:00,fulfilled,B2B-V1-BASE,BLD-9102B6E8BF1ABFFC5F32,True
ORD-SYN-003408,CUS-SYN-144,2026-05-31T15:08:00-04:00,2026-06-02T15:08:00-04:00,2026-06-04T15:08:00-04:00,fulfilled,B2B-V1-BASE,BLD-9102B6E8BF1ABFFC5F32,True
ORD-SYN-003409,CUS-SYN-075,2026-05-31T15:46:00-04:00,2026-06-01T15:46:00-04:00,2026-06-02T15:46:00-04:00,partially_fulfilled,B2B-V1-BASE,BLD-9102B6E8BF1ABFFC5F32,True
ORD-SYN-003410,CUS-SYN-017,2026-05-31T16:06:00-04:00,2026-06-01T16:06:00-04:00,2026-06-02T16:06:00-04:00,fulfilled,B2B-V1-BASE,BLD-9102B6E8BF1ABFFC5F32,True
ORD-SYN-003411,CUS-SYN-105,2026-05-31T16:45:00-04:00,2026-06-03T16:45:00-04:00,2026-06-06T16:45:00-04:00,fulfilled,B2B-V1-BASE,BLD-9102B6E8BF1ABFFC5F32,True
ORD-SYN-003412,CUS-SYN-034,2026-05-31T17:14:00-04:00,2026-06-01T17:14:00-04:00,2026-06-05T17:14:00-04:00,fulfilled,B2B-V1-BASE,BLD-9102B6E8BF1ABFFC5F32,True
ORD-SYN-003413,CUS-SYN-035,2026-06-01T08:30:00-04:00,2026-06-02T08:30:00-04:00,2026-06-05T08:30:00-04:00,fulfilled,B2B-V1-BASE,BLD-9102B6E8BF1ABFFC5F32,True
ORD-SYN-003414,CUS-SYN-089,2026-06-01T08:43:00-04:00,2026-06-02T08:43:00-04:00,2026-06-03T08:43:00-04:00,fulfilled,B2B-V1-BASE,BLD-9102B6E8BF1ABFFC5F32,True
ORD-SYN-003415,CUS-SYN-077,2026-06-01T11:21:00-04:00,2026-06-06T11:21:00-04:00,2026-06-07T11:21:00-04:00,partially_fulfilled,B2B-V1-BASE,BLD-9102B6E8BF1ABFFC5F32,True
ORD-SYN-003416,CUS-SYN-089,2026-06-01T12:27:00-04:00,2026-06-03T12:27:00-04:00,2026-06-05T12:27:00-04:00,partially_fulfilled,B2B-V1-BASE,BLD-9102B6E8BF1ABFFC5F32,True
ORD-SYN-003417,CUS-SYN-020,2026-06-01T12:59:00-04:00,2026-06-04T12:59:00-04:00,2026-06-06T12:59:00-04:00,fulfilled,B2B-V1-BASE,BLD-9102B6E8BF1ABFFC5F32,True
ORD-SYN-003418,CUS-SYN-036,2026-06-01T13:51:00-04:00,2026-06-02T13:51:00-04:00,2026-06-04T13:51:00-04:00,fulfilled,B2B-V1-BASE,BLD-9102B6E8BF1ABFFC5F32,True
ORD-SYN-003419,CUS-SYN-044,2026-06-01T14:03:00-04:00,,2026-06-06T14:03:00-04:00,fulfilled,B2B-V1-BASE,BLD-9102B6E8BF1ABFFC5F32,True
ORD-SYN-003420,CUS-SYN-081,2026-06-01T14:59:00-04:00,2026-06-05T14:59:00-04:00,2026-06-06T14:59:00-04:00,fulfilled,B2B-V1-BASE,BLD-9102B6E8BF1ABFFC5F32,True
ORD-SYN-003421,CUS-SYN-050,2026-06-01T15:46:00-04:00,2026-06-02T15:46:00-04:00,2026-06-04T15:46:00-04:00,fulfilled,B2B-V1-BASE,BLD-9102B6E8BF1ABFFC5F32,True
ORD-SYN-003422,CUS-SYN-089,2026-06-01T16:08:00-04:00,,2026-06-05T16:08:00-04:00,partially_fulfilled,B2B-V1-BASE,BLD-9102B6E8BF1ABFFC5F32,True
ORD-SYN-003423,CUS-SYN-066,2026-06-01T16:50:00-04:00,2026-06-04T16:50:00-04:00,2026-06-06T16:50:00-04:00,fulfilled,B2B-V1-BASE,BLD-9102B6E8BF1ABFFC5F32,True
ORD-SYN-003424,CUS-SYN-041,2026-06-01T16:52:00-04:00,,2026-06-03T16:52:00-04:00,fulfilled,B2B-V1-BASE,BLD-9102B6E8BF1ABFFC5F32,True
ORD-SYN-003425,CUS-SYN-035,2026-06-01T17:07:00-04:00,2026-06-05T17:07:00-04:00,2026-06-07T17:07:00-04:00,fulfilled,B2B-V1-BASE,BLD-9102B6E8BF1ABFFC5F32,True
ORD-SYN-003426,CUS-SYN-103,2026-06-02T08:51:00-04:00,2026-06-05T08:51:00-04:00,2026-06-05T08:51:00-04:00,fulfilled,B2B-V1-BASE,BLD-9102B6E8BF1ABFFC5F32,True
ORD-SYN-003427,CUS-SYN-102,2026-06-02T09:15:00-04:00,2026-06-04T09:15:00-04:00,2026-06-04T09:15:00-04:00,fulfilled,B2B-V1-BASE,BLD-9102B6E8BF1ABFFC5F32,True
ORD-SYN-003428,CUS-SYN-093,2026-06-02T10:13:00-04:00,2026-06-04T10:13:00-04:00,2026-06-08T10:13:00-04:00,fulfilled,B2B-V1-BASE,BLD-9102B6E8BF1ABFFC5F32,True
ORD-SYN-003429,CUS-SYN-062,2026-06-02T11:29:00-04:00,2026-06-05T11:29:00-04:00,2026-06-06T11:29:00-04:00,fulfilled,B2B-V1-BASE,BLD-9102B6E8BF1ABFFC5F32,True
ORD-SYN-003430,CUS-SYN-046,2026-06-02T13:46:00-04:00,2026-06-03T13:46:00-04:00,2026-06-05T13:46:00-04:00,fulfilled,B2B-V1-BASE,BLD-9102B6E8BF1ABFFC5F32,True
ORD-SYN-003431,CUS-SYN-050,2026-06-02T14:11:00-04:00,2026-06-06T14:11:00-04:00,2026-06-06T14:11:00-04:00,partially_fulfilled,B2B-V1-BASE,BLD-9102B6E8BF1ABFFC5F32,True
ORD-SYN-003432,CUS-SYN-114,2026-06-02T14:13:00-04:00,2026-06-05T14:13:00-04:00,2026-06-08T14:13:00-04:00,fulfilled,B2B-V1-BASE,BLD-9102B6E8BF1ABFFC5F32,True
ORD-SYN-003433,CUS-SYN-138,2026-06-02T14:50:00-04:00,2026-06-03T14:50:00-04:00,2026-06-05T14:50:00-04:00,fulfilled,B2B-V1-BASE,BLD-9102B6E8BF1ABFFC5F32,True
ORD-SYN-003434,CUS-SYN-099,2026-06-03T08:08:00-04:00,2026-06-06T08:08:00-04:00,2026-06-06T08:08:00-04:00,fulfilled,B2B-V1-BASE,BLD-9102B6E8BF1ABFFC5F32,True
ORD-SYN-003435,CUS-SYN-064,2026-06-03T08:16:00-04:00,2026-06-06T08:16:00-04:00,2026-06-08T08:16:00-04:00,fulfilled,B2B-V1-BASE,BLD-9102B6E8BF1ABFFC5F32,True
ORD-SYN-003436,CUS-SYN-005,2026-06-03T08:26:00-04:00,2026-06-08T08:26:00-04:00,2026-06-08T08:26:00-04:00,fulfilled,B2B-V1-BASE,BLD-9102B6E8BF1ABFFC5F32,True
ORD-SYN-003437,CUS-SYN-042,2026-06-03T09:32:00-04:00,,2026-06-09T09:32:00-04:00,partially_fulfilled,B2B-V1-BASE,BLD-9102B6E8BF1ABFFC5F32,True
ORD-SYN-003438,CUS-SYN-114,2026-06-03T10:02:00-04:00,2026-06-04T10:02:00-04:00,2026-06-06T10:02:00-04:00,fulfilled,B2B-V1-BASE,BLD-9102B6E8BF1ABFFC5F32,True
ORD-SYN-003439,CUS-SYN-110,2026-06-03T11:31:00-04:00,2026-06-05T11:31:00-04:00,2026-06-06T11:31:00-04:00,fulfilled,B2B-V1-BASE,BLD-9102B6E8BF1ABFFC5F32,True
ORD-SYN-003440,CUS-SYN-121,2026-06-03T12:07:00-04:00,,2026-06-08T12:07:00-04:00,fulfilled,B2B-V1-BASE,BLD-9102B6E8BF1ABFFC5F32,True
ORD-SYN-003441,CUS-SYN-061,2026-06-03T13:21:00-04:00,,2026-06-08T13:21:00-04:00,partially_fulfilled,B2B-V1-BASE,BLD-9102B6E8BF1ABFFC5F32,True
ORD-SYN-003442,CUS-SYN-102,2026-06-03T14:19:00-04:00,2026-06-05T14:19:00-04:00,2026-06-06T14:19:00-04:00,fulfilled,B2B-V1-BASE,BLD-9102B6E8BF1ABFFC5F32,True
ORD-SYN-003443,CUS-SYN-019,2026-06-03T14:44:00-04:00,2026-06-05T14:44:00-04:00,2026-06-05T14:44:00-04:00,fulfilled,B2B-V1-BASE,BLD-9102B6E8BF1ABFFC5F32,True
ORD-SYN-003444,CUS-SYN-033,2026-06-03T16:15:00-04:00,2026-06-05T16:15:00-04:00,2026-06-07T16:15:00-04:00,fulfilled,B2B-V1-BASE,BLD-9102B6E8BF1ABFFC5F32,True
ORD-SYN-003445,CUS-SYN-094,2026-06-04T09:05:00-04:00,,2026-06-08T09:05:00-04:00,partially_fulfilled,B2B-V1-BASE,BLD-9102B6E8BF1ABFFC5F32,True
ORD-SYN-003446,CUS-SYN-058,2026-06-04T09:23:00-04:00,2026-06-09T09:23:00-04:00,2026-06-10T09:23:00-04:00,fulfilled,B2B-V1-BASE,BLD-9102B6E8BF1ABFFC5F32,True
ORD-SYN-003447,CUS-SYN-029,2026-06-04T10:07:00-04:00,2026-06-07T10:07:00-04:00,2026-06-08T10:07:00-04:00,fulfilled,B2B-V1-BASE,BLD-9102B6E8BF1ABFFC5F32,True
ORD-SYN-003448,CUS-SYN-061,2026-06-04T10:42:00-04:00,,2026-06-07T10:42:00-04:00,partially_fulfilled,B2B-V1-BASE,BLD-9102B6E8BF1ABFFC5F32,True
ORD-SYN-003449,CUS-SYN-113,2026-06-04T11:04:00-04:00,2026-06-05T11:04:00-04:00,2026-06-09T11:04:00-04:00,fulfilled,B2B-V1-BASE,BLD-9102B6E8BF1ABFFC5F32,True
ORD-SYN-003450,CUS-SYN-008,2026-06-04T11:42:00-04:00,,2026-06-06T11:42:00-04:00,fulfilled,B2B-V1-BASE,BLD-9102B6E8BF1ABFFC5F32,True
ORD-SYN-003451,CUS-SYN-113,2026-06-04T11:49:00-04:00,2026-06-05T11:49:00-04:00,2026-06-06T11:49:00-04:00,fulfilled,B2B-V1-BASE,BLD-9102B6E8BF1ABFFC5F32,True
ORD-SYN-003452,CUS-SYN-003,2026-06-04T13:01:00-04:00,2026-06-05T13:01:00-04:00,2026-06-06T13:01:00-04:00,fulfilled,B2B-V1-BASE,BLD-9102B6E8BF1ABFFC5F32,True
ORD-SYN-003453,CUS-SYN-010,2026-06-04T13:22:00-04:00,2026-06-06T13:22:00-04:00,2026-06-06T13:22:00-04:00,fulfilled,B2B-V1-BASE,BLD-9102B6E8BF1ABFFC5F32,True
ORD-SYN-003454,CUS-SYN-041,2026-06-04T13:43:00-04:00,2026-06-06T13:43:00-04:00,2026-06-07T13:43:00-04:00,fulfilled,B2B-V1-BASE,BLD-9102B6E8BF1ABFFC5F32,True
ORD-SYN-003455,CUS-SYN-017,2026-06-04T14:48:00-04:00,2026-06-07T14:48:00-04:00,2026-06-10T14:48:00-04:00,fulfilled,B2B-V1-BASE,BLD-9102B6E8BF1ABFFC5F32,True
ORD-SYN-003456,CUS-SYN-109,2026-06-04T16:00:00-04:00,,2026-06-08T16:00:00-04:00,fulfilled,B2B-V1-BASE,BLD-9102B6E8BF1ABFFC5F32,True
ORD-SYN-003457,CUS-SYN-010,2026-06-04T16:10:00-04:00,,2026-06-09T16:10:00-04:00,fulfilled,B2B-V1-BASE,BLD-9102B6E8BF1ABFFC5F32,True
ORD-SYN-003458,CUS-SYN-150,2026-06-04T16:37:00-04:00,2026-06-05T16:37:00-04:00,2026-06-06T16:37:00-04:00,partially_fulfilled,B2B-V1-BASE,BLD-9102B6E8BF1ABFFC5F32,True
ORD-SYN-003459,CUS-SYN-114,2026-06-04T16:43:00-04:00,2026-06-07T16:43:00-04:00,2026-06-07T16:43:00-04:00,fulfilled,B2B-V1-BASE,BLD-9102B6E8BF1ABFFC5F32,True
ORD-SYN-003460,CUS-SYN-046,2026-06-04T16:43:00-04:00,2026-06-07T16:43:00-04:00,2026-06-09T16:43:00-04:00,fulfilled,B2B-V1-BASE,BLD-9102B6E8BF1ABFFC5F32,True
ORD-SYN-003461,CUS-SYN-118,2026-06-04T17:19:00-04:00,,2026-06-06T17:19:00-04:00,fulfilled,B2B-V1-BASE,BLD-9102B6E8BF1ABFFC5F32,True
ORD-SYN-003462,CUS-SYN-147,2026-06-04T17:44:00-04:00,2026-06-06T17:44:00-04:00,2026-06-06T17:44:00-04:00,fulfilled,B2B-V1-BASE,BLD-9102B6E8BF1ABFFC5F32,True
ORD-SYN-003463,CUS-SYN-119,2026-06-04T17:44:00-04:00,2026-06-06T17:44:00-04:00,2026-06-09T17:44:00-04:00,fulfilled,B2B-V1-BASE,BLD-9102B6E8BF1ABFFC5F32,True
ORD-SYN-003464,CUS-SYN-061,2026-06-05T08:30:00-04:00,2026-06-09T08:30:00-04:00,2026-06-10T08:30:00-04:00,fulfilled,B2B-V1-BASE,BLD-9102B6E8BF1ABFFC5F32,True
ORD-SYN-003465,CUS-SYN-129,2026-06-05T09:53:00-04:00,2026-06-07T09:53:00-04:00,2026-06-09T09:53:00-04:00,partially_fulfilled,B2B-V1-BASE,BLD-9102B6E8BF1ABFFC5F32,True
ORD-SYN-003466,CUS-SYN-001,2026-06-05T10:00:00-04:00,2026-06-07T10:00:00-04:00,2026-06-08T10:00:00-04:00,fulfilled,B2B-V1-BASE,BLD-9102B6E8BF1ABFFC5F32,True
ORD-SYN-003467,CUS-SYN-089,2026-06-05T10:01:00-04:00,2026-06-06T10:01:00-04:00,2026-06-11T10:01:00-04:00,fulfilled,B2B-V1-BASE,BLD-9102B6E8BF1ABFFC5F32,True
ORD-SYN-003468,CUS-SYN-062,2026-06-05T10:53:00-04:00,,2026-06-11T10:53:00-04:00,fulfilled,B2B-V1-BASE,BLD-9102B6E8BF1ABFFC5F32,True
ORD-SYN-003469,CUS-SYN-023,2026-06-05T11:05:00-04:00,2026-06-06T11:05:00-04:00,2026-06-07T11:05:00-04:00,fulfilled,B2B-V1-BASE,BLD-9102B6E8BF1ABFFC5F32,True
ORD-SYN-003470,CUS-SYN-071,2026-06-05T11:21:00-04:00,2026-06-09T11:21:00-04:00,2026-06-10T11:21:00-04:00,partially_fulfilled,B2B-V1-BASE,BLD-9102B6E8BF1ABFFC5F32,True
ORD-SYN-003471,CUS-SYN-114,2026-06-05T11:35:00-04:00,2026-06-09T11:35:00-04:00,2026-06-10T11:35:00-04:00,fulfilled,B2B-V1-BASE,BLD-9102B6E8BF1ABFFC5F32,True
ORD-SYN-003472,CUS-SYN-109,2026-06-05T14:08:00-04:00,2026-06-11T14:08:00-04:00,2026-06-11T14:08:00-04:00,partially_fulfilled,B2B-V1-BASE,BLD-9102B6E8BF1ABFFC5F32,True
ORD-SYN-003473,CUS-SYN-085,2026-06-06T09:16:00-04:00,2026-06-07T09:16:00-04:00,2026-06-12T09:16:00-04:00,partially_fulfilled,B2B-V1-BASE,BLD-9102B6E8BF1ABFFC5F32,True
ORD-SYN-003474,CUS-SYN-051,2026-06-06T09:30:00-04:00,,2026-06-08T09:30:00-04:00,partially_fulfilled,B2B-V1-BASE,BLD-9102B6E8BF1ABFFC5F32,True
ORD-SYN-003475,CUS-SYN-044,2026-06-06T12:11:00-04:00,2026-06-09T12:11:00-04:00,2026-06-10T12:11:00-04:00,partially_fulfilled,B2B-V1-BASE,BLD-9102B6E8BF1ABFFC5F32,True
ORD-SYN-003476,CUS-SYN-033,2026-06-06T12:50:00-04:00,2026-06-08T12:50:00-04:00,2026-06-09T12:50:00-04:00,partially_fulfilled,B2B-V1-BASE,BLD-9102B6E8BF1ABFFC5F32,True
ORD-SYN-003477,CUS-SYN-113,2026-06-06T12:54:00-04:00,2026-06-08T12:54:00-04:00,2026-06-09T12:54:00-04:00,fulfilled,B2B-V1-BASE,BLD-9102B6E8BF1ABFFC5F32,True
ORD-SYN-003478,CUS-SYN-032,2026-06-06T15:42:00-04:00,2026-06-08T15:42:00-04:00,2026-06-11T15:42:00-04:00,partially_fulfilled,B2B-V1-BASE,BLD-9102B6E8BF1ABFFC5F32,True
ORD-SYN-003479,CUS-SYN-113,2026-06-06T16:04:00-04:00,2026-06-07T16:04:00-04:00,2026-06-08T16:04:00-04:00,fulfilled,B2B-V1-BASE,BLD-9102B6E8BF1ABFFC5F32,True
ORD-SYN-003480,CUS-SYN-129,2026-06-06T16:36:00-04:00,2026-06-11T16:36:00-04:00,2026-06-12T16:36:00-04:00,partially_fulfilled,B2B-V1-BASE,BLD-9102B6E8BF1ABFFC5F32,True
ORD-SYN-003481,CUS-SYN-134,2026-06-06T16:46:00-04:00,2026-06-07T16:46:00-04:00,2026-06-11T16:46:00-04:00,fulfilled,B2B-V1-BASE,BLD-9102B6E8BF1ABFFC5F32,True
ORD-SYN-003482,CUS-SYN-019,2026-06-06T16:51:00-04:00,2026-06-10T16:51:00-04:00,2026-06-12T16:51:00-04:00,fulfilled,B2B-V1-BASE,BLD-9102B6E8BF1ABFFC5F32,True
ORD-SYN-003483,CUS-SYN-022,2026-06-06T17:24:00-04:00,2026-06-09T17:24:00-04:00,2026-06-09T17:24:00-04:00,partially_fulfilled,B2B-V1-BASE,BLD-9102B6E8BF1ABFFC5F32,True
ORD-SYN-003484,CUS-SYN-120,2026-06-07T08:36:00-04:00,2026-06-08T08:36:00-04:00,2026-06-10T08:36:00-04:00,fulfilled,B2B-V1-BASE,BLD-9102B6E8BF1ABFFC5F32,True
ORD-SYN-003485,CUS-SYN-129,2026-06-07T09:12:00-04:00,2026-06-12T09:12:00-04:00,2026-06-12T09:12:00-04:00,fulfilled,B2B-V1-BASE,BLD-9102B6E8BF1ABFFC5F32,True
ORD-SYN-003486,CUS-SYN-146,2026-06-07T09:25:00-04:00,2026-06-09T09:25:00-04:00,2026-06-10T09:25:00-04:00,fulfilled,B2B-V1-BASE,BLD-9102B6E8BF1ABFFC5F32,True
ORD-SYN-003487,CUS-SYN-041,2026-06-07T09:47:00-04:00,,2026-06-11T09:47:00-04:00,fulfilled,B2B-V1-BASE,BLD-9102B6E8BF1ABFFC5F32,True
ORD-SYN-003488,CUS-SYN-115,2026-06-07T09:49:00-04:00,2026-06-08T09:49:00-04:00,2026-06-11T09:49:00-04:00,fulfilled,B2B-V1-BASE,BLD-9102B6E8BF1ABFFC5F32,True
ORD-SYN-003489,CUS-SYN-148,2026-06-07T10:25:00-04:00,2026-06-12T10:25:00-04:00,2026-06-12T10:25:00-04:00,fulfilled,B2B-V1-BASE,BLD-9102B6E8BF1ABFFC5F32,True
ORD-SYN-003490,CUS-SYN-125,2026-06-07T11:15:00-04:00,2026-06-10T11:15:00-04:00,2026-06-11T11:15:00-04:00,fulfilled,B2B-V1-BASE,BLD-9102B6E8BF1ABFFC5F32,True
ORD-SYN-003491,CUS-SYN-085,2026-06-07T12:24:00-04:00,2026-06-09T12:24:00-04:00,2026-06-09T12:24:00-04:00,fulfilled,B2B-V1-BASE,BLD-9102B6E8BF1ABFFC5F32,True
ORD-SYN-003492,CUS-SYN-104,2026-06-07T13:09:00-04:00,2026-06-11T13:09:00-04:00,2026-06-11T13:09:00-04:00,fulfilled,B2B-V1-BASE,BLD-9102B6E8BF1ABFFC5F32,True
ORD-SYN-003493,CUS-SYN-033,2026-06-07T13:26:00-04:00,,2026-06-11T13:26:00-04:00,fulfilled,B2B-V1-BASE,BLD-9102B6E8BF1ABFFC5F32,True
ORD-SYN-003494,CUS-SYN-106,2026-06-07T14:05:00-04:00,,2026-06-10T14:05:00-04:00,fulfilled,B2B-V1-BASE,BLD-9102B6E8BF1ABFFC5F32,True
ORD-SYN-003495,CUS-SYN-037,2026-06-07T14:46:00-04:00,,2026-06-11T14:46:00-04:00,fulfilled,B2B-V1-BASE,BLD-9102B6E8BF1ABFFC5F32,True
ORD-SYN-003496,CUS-SYN-090,2026-06-07T14:51:00-04:00,2026-06-09T14:51:00-04:00,2026-06-09T14:51:00-04:00,fulfilled,B2B-V1-BASE,BLD-9102B6E8BF1ABFFC5F32,True
ORD-SYN-003497,CUS-SYN-125,2026-06-07T16:48:00-04:00,2026-06-10T16:48:00-04:00,2026-06-11T16:48:00-04:00,partially_fulfilled,B2B-V1-BASE,BLD-9102B6E8BF1ABFFC5F32,True
ORD-SYN-003498,CUS-SYN-077,2026-06-07T16:52:00-04:00,2026-06-10T16:52:00-04:00,2026-06-11T16:52:00-04:00,fulfilled,B2B-V1-BASE,BLD-9102B6E8BF1ABFFC5F32,True
ORD-SYN-003499,CUS-SYN-065,2026-06-08T08:42:00-04:00,2026-06-10T08:42:00-04:00,2026-06-13T08:42:00-04:00,fulfilled,B2B-V1-BASE,BLD-9102B6E8BF1ABFFC5F32,True
ORD-SYN-003500,CUS-SYN-090,2026-06-08T08:43:00-04:00,2026-06-13T08:43:00-04:00,2026-06-14T08:43:00-04:00,fulfilled,B2B-V1-BASE,BLD-9102B6E8BF1ABFFC5F32,True
ORD-SYN-003501,CUS-SYN-081,2026-06-08T09:26:00-04:00,,2026-06-10T09:26:00-04:00,fulfilled,B2B-V1-BASE,BLD-9102B6E8BF1ABFFC5F32,True
ORD-SYN-003502,CUS-SYN-111,2026-06-08T09:47:00-04:00,2026-06-10T09:47:00-04:00,2026-06-11T09:47:00-04:00,fulfilled,B2B-V1-BASE,BLD-9102B6E8BF1ABFFC5F32,True
ORD-SYN-003503,CUS-SYN-115,2026-06-08T10:01:00-04:00,2026-06-10T10:01:00-04:00,2026-06-13T10:01:00-04:00,fulfilled,B2B-V1-BASE,BLD-9102B6E8BF1ABFFC5F32,True
ORD-SYN-003504,CUS-SYN-141,2026-06-08T10:54:00-04:00,2026-06-09T10:54:00-04:00,2026-06-10T10:54:00-04:00,fulfilled,B2B-V1-BASE,BLD-9102B6E8BF1ABFFC5F32,True
ORD-SYN-003505,CUS-SYN-075,2026-06-08T12:38:00-04:00,2026-06-11T12:38:00-04:00,2026-06-14T12:38:00-04:00,fulfilled,B2B-V1-BASE,BLD-9102B6E8BF1ABFFC5F32,True
ORD-SYN-003506,CUS-SYN-018,2026-06-08T14:52:00-04:00,2026-06-09T14:52:00-04:00,2026-06-10T14:52:00-04:00,fulfilled,B2B-V1-BASE,BLD-9102B6E8BF1ABFFC5F32,True
ORD-SYN-003507,CUS-SYN-105,2026-06-08T16:40:00-04:00,2026-06-12T16:40:00-04:00,2026-06-13T16:40:00-04:00,fulfilled,B2B-V1-BASE,BLD-9102B6E8BF1ABFFC5F32,True
ORD-SYN-003508,CUS-SYN-058,2026-06-08T16:45:00-04:00,2026-06-09T16:45:00-04:00,2026-06-11T16:45:00-04:00,partially_fulfilled,B2B-V1-BASE,BLD-9102B6E8BF1ABFFC5F32,True
ORD-SYN-003509,CUS-SYN-114,2026-06-08T17:24:00-04:00,2026-06-10T17:24:00-04:00,2026-06-11T17:24:00-04:00,partially_fulfilled,B2B-V1-BASE,BLD-9102B6E8BF1ABFFC5F32,True
ORD-SYN-003510,CUS-SYN-125,2026-06-09T08:06:00-04:00,2026-06-11T08:06:00-04:00,2026-06-11T08:06:00-04:00,fulfilled,B2B-V1-BASE,BLD-9102B6E8BF1ABFFC5F32,True
ORD-SYN-003511,CUS-SYN-109,2026-06-09T08:10:00-04:00,2026-06-11T08:10:00-04:00,2026-06-14T08:10:00-04:00,fulfilled,B2B-V1-BASE,BLD-9102B6E8BF1ABFFC5F32,True
ORD-SYN-003512,CUS-SYN-149,2026-06-09T08:50:00-04:00,2026-06-11T08:50:00-04:00,2026-06-12T08:50:00-04:00,fulfilled,B2B-V1-BASE,BLD-9102B6E8BF1ABFFC5F32,True
ORD-SYN-003513,CUS-SYN-058,2026-06-09T09:21:00-04:00,,2026-06-13T09:21:00-04:00,fulfilled,B2B-V1-BASE,BLD-9102B6E8BF1ABFFC5F32,True
ORD-SYN-003514,CUS-SYN-046,2026-06-09T10:26:00-04:00,2026-06-11T10:26:00-04:00,2026-06-12T10:26:00-04:00,fulfilled,B2B-V1-BASE,BLD-9102B6E8BF1ABFFC5F32,True
ORD-SYN-003515,CUS-SYN-042,2026-06-09T11:33:00-04:00,2026-06-15T11:33:00-04:00,2026-06-15T11:33:00-04:00,partially_fulfilled,B2B-V1-BASE,BLD-9102B6E8BF1ABFFC5F32,True
ORD-SYN-003516,CUS-SYN-109,2026-06-09T12:38:00-04:00,2026-06-11T12:38:00-04:00,2026-06-13T12:38:00-04:00,fulfilled,B2B-V1-BASE,BLD-9102B6E8BF1ABFFC5F32,True
ORD-SYN-003517,CUS-SYN-114,2026-06-09T13:05:00-04:00,2026-06-10T13:05:00-04:00,2026-06-12T13:05:00-04:00,fulfilled,B2B-V1-BASE,BLD-9102B6E8BF1ABFFC5F32,True
ORD-SYN-003518,CUS-SYN-030,2026-06-09T13:10:00-04:00,2026-06-11T13:10:00-04:00,2026-06-12T13:10:00-04:00,fulfilled,B2B-V1-BASE,BLD-9102B6E8BF1ABFFC5F32,True
ORD-SYN-003519,CUS-SYN-128,2026-06-09T13:12:00-04:00,2026-06-11T13:12:00-04:00,2026-06-13T13:12:00-04:00,fulfilled,B2B-V1-BASE,BLD-9102B6E8BF1ABFFC5F32,True
ORD-SYN-003520,CUS-SYN-055,2026-06-09T14:13:00-04:00,2026-06-11T14:13:00-04:00,2026-06-15T14:13:00-04:00,fulfilled,B2B-V1-BASE,BLD-9102B6E8BF1ABFFC5F32,True
ORD-SYN-003521,CUS-SYN-117,2026-06-09T15:23:00-04:00,2026-06-15T15:23:00-04:00,2026-06-15T15:23:00-04:00,partially_fulfilled,B2B-V1-BASE,BLD-9102B6E8BF1ABFFC5F32,True
ORD-SYN-003522,CUS-SYN-073,2026-06-10T08:55:00-04:00,2026-06-12T08:55:00-04:00,2026-06-15T08:55:00-04:00,fulfilled,B2B-V1-BASE,BLD-9102B6E8BF1ABFFC5F32,True
ORD-SYN-003523,CUS-SYN-149,2026-06-10T09:09:00-04:00,2026-06-13T09:09:00-04:00,2026-06-15T09:09:00-04:00,fulfilled,B2B-V1-BASE,BLD-9102B6E8BF1ABFFC5F32,True
ORD-SYN-003524,CUS-SYN-074,2026-06-10T11:18:00-04:00,2026-06-11T11:18:00-04:00,2026-06-14T11:18:00-04:00,fulfilled,B2B-V1-BASE,BLD-9102B6E8BF1ABFFC5F32,True
ORD-SYN-003525,CUS-SYN-093,2026-06-10T11:38:00-04:00,2026-06-12T11:38:00-04:00,2026-06-16T11:38:00-04:00,partially_fulfilled,B2B-V1-BASE,BLD-9102B6E8BF1ABFFC5F32,True
ORD-SYN-003526,CUS-SYN-136,2026-06-10T11:40:00-04:00,2026-06-12T11:40:00-04:00,2026-06-12T11:40:00-04:00,fulfilled,B2B-V1-BASE,BLD-9102B6E8BF1ABFFC5F32,True
ORD-SYN-003527,CUS-SYN-137,2026-06-10T13:39:00-04:00,2026-06-13T13:39:00-04:00,2026-06-13T13:39:00-04:00,partially_fulfilled,B2B-V1-BASE,BLD-9102B6E8BF1ABFFC5F32,True
ORD-SYN-003528,CUS-SYN-082,2026-06-10T13:46:00-04:00,2026-06-12T13:46:00-04:00,2026-06-12T13:46:00-04:00,partially_fulfilled,B2B-V1-BASE,BLD-9102B6E8BF1ABFFC5F32,True
ORD-SYN-003529,CUS-SYN-006,2026-06-10T13:51:00-04:00,2026-06-13T13:51:00-04:00,2026-06-13T13:51:00-04:00,partially_fulfilled,B2B-V1-BASE,BLD-9102B6E8BF1ABFFC5F32,True
ORD-SYN-003530,CUS-SYN-134,2026-06-10T14:35:00-04:00,,2026-06-14T14:35:00-04:00,fulfilled,B2B-V1-BASE,BLD-9102B6E8BF1ABFFC5F32,True
ORD-SYN-003531,CUS-SYN-038,2026-06-10T15:38:00-04:00,2026-06-12T15:38:00-04:00,2026-06-14T15:38:00-04:00,fulfilled,B2B-V1-BASE,BLD-9102B6E8BF1ABFFC5F32,True
ORD-SYN-003532,CUS-SYN-113,2026-06-10T16:25:00-04:00,2026-06-11T16:25:00-04:00,2026-06-12T16:25:00-04:00,partially_fulfilled,B2B-V1-BASE,BLD-9102B6E8BF1ABFFC5F32,True
ORD-SYN-003533,CUS-SYN-017,2026-06-10T16:29:00-04:00,2026-06-13T16:29:00-04:00,2026-06-14T16:29:00-04:00,fulfilled,B2B-V1-BASE,BLD-9102B6E8BF1ABFFC5F32,True
ORD-SYN-003534,CUS-SYN-033,2026-06-10T16:37:00-04:00,2026-06-13T16:37:00-04:00,2026-06-16T16:37:00-04:00,fulfilled,B2B-V1-BASE,BLD-9102B6E8BF1ABFFC5F32,True
ORD-SYN-003535,CUS-SYN-098,2026-06-10T17:26:00-04:00,2026-06-15T17:26:00-04:00,2026-06-15T17:26:00-04:00,fulfilled,B2B-V1-BASE,BLD-9102B6E8BF1ABFFC5F32,True
ORD-SYN-003536,CUS-SYN-013,2026-06-11T08:22:00-04:00,,2026-06-16T08:22:00-04:00,partially_fulfilled,B2B-V1-BASE,BLD-9102B6E8BF1ABFFC5F32,True
ORD-SYN-003537,CUS-SYN-133,2026-06-11T08:26:00-04:00,2026-06-12T08:26:00-04:00,2026-06-13T08:26:00-04:00,fulfilled,B2B-V1-BASE,BLD-9102B6E8BF1ABFFC5F32,True
ORD-SYN-003538,CUS-SYN-006,2026-06-11T08:57:00-04:00,2026-06-12T08:57:00-04:00,2026-06-15T08:57:00-04:00,fulfilled,B2B-V1-BASE,BLD-9102B6E8BF1ABFFC5F32,True
ORD-SYN-003539,CUS-SYN-142,2026-06-11T09:13:00-04:00,2026-06-12T09:13:00-04:00,2026-06-15T09:13:00-04:00,fulfilled,B2B-V1-BASE,BLD-9102B6E8BF1ABFFC5F32,True
ORD-SYN-003540,CUS-SYN-097,2026-06-11T09:15:00-04:00,,2026-06-14T09:15:00-04:00,fulfilled,B2B-V1-BASE,BLD-9102B6E8BF1ABFFC5F32,True
ORD-SYN-003541,CUS-SYN-126,2026-06-11T10:11:00-04:00,2026-06-13T10:11:00-04:00,2026-06-14T10:11:00-04:00,fulfilled,B2B-V1-BASE,BLD-9102B6E8BF1ABFFC5F32,True
ORD-SYN-003542,CUS-SYN-126,2026-06-11T10:19:00-04:00,,2026-06-16T10:19:00-04:00,fulfilled,B2B-V1-BASE,BLD-9102B6E8BF1ABFFC5F32,True
ORD-SYN-003543,CUS-SYN-061,2026-06-11T10:29:00-04:00,2026-06-14T10:29:00-04:00,2026-06-15T10:29:00-04:00,fulfilled,B2B-V1-BASE,BLD-9102B6E8BF1ABFFC5F32,True
ORD-SYN-003544,CUS-SYN-018,2026-06-11T10:43:00-04:00,2026-06-15T10:43:00-04:00,2026-06-16T10:43:00-04:00,fulfilled,B2B-V1-BASE,BLD-9102B6E8BF1ABFFC5F32,True
ORD-SYN-003545,CUS-SYN-089,2026-06-11T12:01:00-04:00,2026-06-14T12:01:00-04:00,2026-06-17T12:01:00-04:00,fulfilled,B2B-V1-BASE,BLD-9102B6E8BF1ABFFC5F32,True
ORD-SYN-003546,CUS-SYN-146,2026-06-11T12:04:00-04:00,2026-06-13T12:04:00-04:00,2026-06-13T12:04:00-04:00,partially_fulfilled,B2B-V1-BASE,BLD-9102B6E8BF1ABFFC5F32,True
ORD-SYN-003547,CUS-SYN-067,2026-06-11T12:36:00-04:00,2026-06-14T12:36:00-04:00,2026-06-14T12:36:00-04:00,partially_fulfilled,B2B-V1-BASE,BLD-9102B6E8BF1ABFFC5F32,True
ORD-SYN-003548,CUS-SYN-057,2026-06-11T12:38:00-04:00,2026-06-12T12:38:00-04:00,2026-06-14T12:38:00-04:00,fulfilled,B2B-V1-BASE,BLD-9102B6E8BF1ABFFC5F32,True
ORD-SYN-003549,CUS-SYN-117,2026-06-11T12:57:00-04:00,2026-06-13T12:57:00-04:00,2026-06-13T12:57:00-04:00,partially_fulfilled,B2B-V1-BASE,BLD-9102B6E8BF1ABFFC5F32,True
ORD-SYN-003550,CUS-SYN-090,2026-06-11T14:07:00-04:00,2026-06-12T14:07:00-04:00,2026-06-17T14:07:00-04:00,fulfilled,B2B-V1-BASE,BLD-9102B6E8BF1ABFFC5F32,True
ORD-SYN-003551,CUS-SYN-113,2026-06-11T17:24:00-04:00,,2026-06-17T17:24:00-04:00,fulfilled,B2B-V1-BASE,BLD-9102B6E8BF1ABFFC5F32,True
ORD-SYN-003552,CUS-SYN-077,2026-06-11T17:54:00-04:00,,2026-06-13T17:54:00-04:00,partially_fulfilled,B2B-V1-BASE,BLD-9102B6E8BF1ABFFC5F32,True
ORD-SYN-003553,CUS-SYN-071,2026-06-12T10:08:00-04:00,2026-06-15T10:08:00-04:00,2026-06-15T10:08:00-04:00,fulfilled,B2B-V1-BASE,BLD-9102B6E8BF1ABFFC5F32,True
ORD-SYN-003554,CUS-SYN-110,2026-06-12T11:22:00-04:00,2026-06-17T11:22:00-04:00,2026-06-18T11:22:00-04:00,fulfilled,B2B-V1-BASE,BLD-9102B6E8BF1ABFFC5F32,True
ORD-SYN-003555,CUS-SYN-030,2026-06-12T11:39:00-04:00,,2026-06-17T11:39:00-04:00,fulfilled,B2B-V1-BASE,BLD-9102B6E8BF1ABFFC5F32,True
ORD-SYN-003556,CUS-SYN-018,2026-06-12T11:39:00-04:00,2026-06-15T11:39:00-04:00,2026-06-15T11:39:00-04:00,fulfilled,B2B-V1-BASE,BLD-9102B6E8BF1ABFFC5F32,True
ORD-SYN-003557,CUS-SYN-022,2026-06-12T11:51:00-04:00,,2026-06-15T11:51:00-04:00,fulfilled,B2B-V1-BASE,BLD-9102B6E8BF1ABFFC5F32,True
ORD-SYN-003558,CUS-SYN-071,2026-06-12T14:06:00-04:00,2026-06-14T14:06:00-04:00,2026-06-17T14:06:00-04:00,fulfilled,B2B-V1-BASE,BLD-9102B6E8BF1ABFFC5F32,True
ORD-SYN-003559,CUS-SYN-122,2026-06-12T14:34:00-04:00,2026-06-14T14:34:00-04:00,2026-06-14T14:34:00-04:00,fulfilled,B2B-V1-BASE,BLD-9102B6E8BF1ABFFC5F32,True
ORD-SYN-003560,CUS-SYN-021,2026-06-12T15:57:00-04:00,,2026-06-16T15:57:00-04:00,fulfilled,B2B-V1-BASE,BLD-9102B6E8BF1ABFFC5F32,True
ORD-SYN-003561,CUS-SYN-125,2026-06-12T16:45:00-04:00,2026-06-15T16:45:00-04:00,2026-06-17T16:45:00-04:00,fulfilled,B2B-V1-BASE,BLD-9102B6E8BF1ABFFC5F32,True
ORD-SYN-003562,CUS-SYN-078,2026-06-12T17:51:00-04:00,2026-06-15T17:51:00-04:00,2026-06-17T17:51:00-04:00,fulfilled,B2B-V1-BASE,BLD-9102B6E8BF1ABFFC5F32,True
ORD-SYN-003563,CUS-SYN-116,2026-06-13T08:53:00-04:00,2026-06-16T08:53:00-04:00,2026-06-18T08:53:00-04:00,fulfilled,B2B-V1-BASE,BLD-9102B6E8BF1ABFFC5F32,True
ORD-SYN-003564,CUS-SYN-041,2026-06-13T10:38:00-04:00,,2026-06-18T10:38:00-04:00,fulfilled,B2B-V1-BASE,BLD-9102B6E8BF1ABFFC5F32,True
ORD-SYN-003565,CUS-SYN-042,2026-06-13T12:40:00-04:00,2026-06-16T12:40:00-04:00,2026-06-18T12:40:00-04:00,fulfilled,B2B-V1-BASE,BLD-9102B6E8BF1ABFFC5F32,True
ORD-SYN-003566,CUS-SYN-061,2026-06-13T13:47:00-04:00,2026-06-16T13:47:00-04:00,2026-06-16T13:47:00-04:00,fulfilled,B2B-V1-BASE,BLD-9102B6E8BF1ABFFC5F32,True
ORD-SYN-003567,CUS-SYN-057,2026-06-13T14:22:00-04:00,2026-06-14T14:22:00-04:00,2026-06-17T14:22:00-04:00,fulfilled,B2B-V1-BASE,BLD-9102B6E8BF1ABFFC5F32,True
ORD-SYN-003568,CUS-SYN-105,2026-06-13T14:44:00-04:00,,2026-06-16T14:44:00-04:00,fulfilled,B2B-V1-BASE,BLD-9102B6E8BF1ABFFC5F32,True
ORD-SYN-003569,CUS-SYN-132,2026-06-13T15:18:00-04:00,2026-06-15T15:18:00-04:00,2026-06-17T15:18:00-04:00,partially_fulfilled,B2B-V1-BASE,BLD-9102B6E8BF1ABFFC5F32,True
ORD-SYN-003570,CUS-SYN-046,2026-06-13T15:25:00-04:00,2026-06-14T15:25:00-04:00,2026-06-19T15:25:00-04:00,fulfilled,B2B-V1-BASE,BLD-9102B6E8BF1ABFFC5F32,True
ORD-SYN-003571,CUS-SYN-096,2026-06-13T17:52:00-04:00,,2026-06-18T17:52:00-04:00,fulfilled,B2B-V1-BASE,BLD-9102B6E8BF1ABFFC5F32,True
ORD-SYN-003572,CUS-SYN-124,2026-06-14T08:06:00-04:00,2026-06-16T08:06:00-04:00,2026-06-18T08:06:00-04:00,fulfilled,B2B-V1-BASE,BLD-9102B6E8BF1ABFFC5F32,True
ORD-SYN-003573,CUS-SYN-141,2026-06-14T08:22:00-04:00,2026-06-18T08:22:00-04:00,2026-06-18T08:22:00-04:00,fulfilled,B2B-V1-BASE,BLD-9102B6E8BF1ABFFC5F32,True
ORD-SYN-003574,CUS-SYN-113,2026-06-14T08:25:00-04:00,2026-06-15T08:25:00-04:00,2026-06-18T08:25:00-04:00,fulfilled,B2B-V1-BASE,BLD-9102B6E8BF1ABFFC5F32,True
ORD-SYN-003575,CUS-SYN-066,2026-06-14T09:13:00-04:00,2026-06-15T09:13:00-04:00,2026-06-18T09:13:00-04:00,partially_fulfilled,B2B-V1-BASE,BLD-9102B6E8BF1ABFFC5F32,True
ORD-SYN-003576,CUS-SYN-049,2026-06-14T09:27:00-04:00,2026-06-18T09:27:00-04:00,2026-06-19T09:27:00-04:00,fulfilled,B2B-V1-BASE,BLD-9102B6E8BF1ABFFC5F32,True
ORD-SYN-003577,CUS-SYN-025,2026-06-14T10:14:00-04:00,2026-06-16T10:14:00-04:00,2026-06-17T10:14:00-04:00,fulfilled,B2B-V1-BASE,BLD-9102B6E8BF1ABFFC5F32,True
ORD-SYN-003578,CUS-SYN-077,2026-06-14T11:50:00-04:00,2026-06-16T11:50:00-04:00,2026-06-19T11:50:00-04:00,fulfilled,B2B-V1-BASE,BLD-9102B6E8BF1ABFFC5F32,True
ORD-SYN-003579,CUS-SYN-010,2026-06-14T17:46:00-04:00,2026-06-15T17:46:00-04:00,2026-06-16T17:46:00-04:00,fulfilled,B2B-V1-BASE,BLD-9102B6E8BF1ABFFC5F32,True
ORD-SYN-003580,CUS-SYN-104,2026-06-15T08:24:00-04:00,2026-06-20T08:24:00-04:00,2026-06-20T08:24:00-04:00,fulfilled,B2B-V1-BASE,BLD-9102B6E8BF1ABFFC5F32,True
ORD-SYN-003581,CUS-SYN-130,2026-06-15T08:53:00-04:00,2026-06-16T08:53:00-04:00,2026-06-17T08:53:00-04:00,fulfilled,B2B-V1-BASE,BLD-9102B6E8BF1ABFFC5F32,True
ORD-SYN-003582,CUS-SYN-057,2026-06-15T09:14:00-04:00,2026-06-17T09:14:00-04:00,2026-06-19T09:14:00-04:00,partially_fulfilled,B2B-V1-BASE,BLD-9102B6E8BF1ABFFC5F32,True
ORD-SYN-003583,CUS-SYN-011,2026-06-15T10:14:00-04:00,2026-06-17T10:14:00-04:00,2026-06-21T10:14:00-04:00,fulfilled,B2B-V1-BASE,BLD-9102B6E8BF1ABFFC5F32,True
ORD-SYN-003584,CUS-SYN-030,2026-06-15T11:01:00-04:00,2026-06-16T11:01:00-04:00,2026-06-18T11:01:00-04:00,fulfilled,B2B-V1-BASE,BLD-9102B6E8BF1ABFFC5F32,True
ORD-SYN-003585,CUS-SYN-056,2026-06-15T12:01:00-04:00,,2026-06-20T12:01:00-04:00,partially_fulfilled,B2B-V1-BASE,BLD-9102B6E8BF1ABFFC5F32,True
ORD-SYN-003586,CUS-SYN-109,2026-06-15T12:37:00-04:00,2026-06-21T12:37:00-04:00,2026-06-21T12:37:00-04:00,fulfilled,B2B-V1-BASE,BLD-9102B6E8BF1ABFFC5F32,True
ORD-SYN-003587,CUS-SYN-126,2026-06-15T16:44:00-04:00,,2026-06-19T16:44:00-04:00,fulfilled,B2B-V1-BASE,BLD-9102B6E8BF1ABFFC5F32,True
ORD-SYN-003588,CUS-SYN-077,2026-06-15T16:58:00-04:00,,2026-06-20T16:58:00-04:00,partially_fulfilled,B2B-V1-BASE,BLD-9102B6E8BF1ABFFC5F32,True
ORD-SYN-003589,CUS-SYN-138,2026-06-15T17:36:00-04:00,,2026-06-20T17:36:00-04:00,fulfilled,B2B-V1-BASE,BLD-9102B6E8BF1ABFFC5F32,True
ORD-SYN-003590,CUS-SYN-120,2026-06-16T09:50:00-04:00,,2026-06-18T09:50:00-04:00,fulfilled,B2B-V1-BASE,BLD-9102B6E8BF1ABFFC5F32,True
ORD-SYN-003591,CUS-SYN-013,2026-06-16T10:16:00-04:00,2026-06-20T10:16:00-04:00,2026-06-20T10:16:00-04:00,fulfilled,B2B-V1-BASE,BLD-9102B6E8BF1ABFFC5F32,True
ORD-SYN-003592,CUS-SYN-018,2026-06-16T10:23:00-04:00,2026-06-18T10:23:00-04:00,2026-06-20T10:23:00-04:00,partially_fulfilled,B2B-V1-BASE,BLD-9102B6E8BF1ABFFC5F32,True
ORD-SYN-003593,CUS-SYN-093,2026-06-16T10:44:00-04:00,2026-06-18T10:44:00-04:00,2026-06-22T10:44:00-04:00,partially_fulfilled,B2B-V1-BASE,BLD-9102B6E8BF1ABFFC5F32,True
ORD-SYN-003594,CUS-SYN-109,2026-06-16T12:26:00-04:00,2026-06-17T12:26:00-04:00,2026-06-21T12:26:00-04:00,fulfilled,B2B-V1-BASE,BLD-9102B6E8BF1ABFFC5F32,True
ORD-SYN-003595,CUS-SYN-050,2026-06-16T12:35:00-04:00,2026-06-18T12:35:00-04:00,2026-06-18T12:35:00-04:00,fulfilled,B2B-V1-BASE,BLD-9102B6E8BF1ABFFC5F32,True
ORD-SYN-003596,CUS-SYN-137,2026-06-16T12:51:00-04:00,2026-06-18T12:51:00-04:00,2026-06-20T12:51:00-04:00,fulfilled,B2B-V1-BASE,BLD-9102B6E8BF1ABFFC5F32,True
ORD-SYN-003597,CUS-SYN-090,2026-06-16T12:57:00-04:00,,2026-06-21T12:57:00-04:00,fulfilled,B2B-V1-BASE,BLD-9102B6E8BF1ABFFC5F32,True
ORD-SYN-003598,CUS-SYN-038,2026-06-16T14:08:00-04:00,,2026-06-21T14:08:00-04:00,fulfilled,B2B-V1-BASE,BLD-9102B6E8BF1ABFFC5F32,True
ORD-SYN-003599,CUS-SYN-132,2026-06-16T14:36:00-04:00,2026-06-18T14:36:00-04:00,2026-06-18T14:36:00-04:00,partially_fulfilled,B2B-V1-BASE,BLD-9102B6E8BF1ABFFC5F32,True
ORD-SYN-003600,CUS-SYN-134,2026-06-16T15:32:00-04:00,2026-06-17T15:32:00-04:00,2026-06-22T15:32:00-04:00,partially_fulfilled,B2B-V1-BASE,BLD-9102B6E8BF1ABFFC5F32,True
ORD-SYN-003601,CUS-SYN-137,2026-06-16T15:51:00-04:00,2026-06-17T15:51:00-04:00,2026-06-18T15:51:00-04:00,fulfilled,B2B-V1-BASE,BLD-9102B6E8BF1ABFFC5F32,True
ORD-SYN-003602,CUS-SYN-066,2026-06-16T17:01:00-04:00,2026-06-17T17:01:00-04:00,2026-06-20T17:01:00-04:00,fulfilled,B2B-V1-BASE,BLD-9102B6E8BF1ABFFC5F32,True
ORD-SYN-003603,CUS-SYN-102,2026-06-16T17:51:00-04:00,2026-06-19T17:51:00-04:00,2026-06-19T17:51:00-04:00,fulfilled,B2B-V1-BASE,BLD-9102B6E8BF1ABFFC5F32,True
ORD-SYN-003604,CUS-SYN-123,2026-06-17T08:46:00-04:00,,2026-06-21T08:46:00-04:00,fulfilled,B2B-V1-BASE,BLD-9102B6E8BF1ABFFC5F32,True
ORD-SYN-003605,CUS-SYN-009,2026-06-17T09:08:00-04:00,,2026-06-19T09:08:00-04:00,fulfilled,B2B-V1-BASE,BLD-9102B6E8BF1ABFFC5F32,True
ORD-SYN-003606,CUS-SYN-133,2026-06-17T09:19:00-04:00,,2026-06-19T09:19:00-04:00,fulfilled,B2B-V1-BASE,BLD-9102B6E8BF1ABFFC5F32,True
ORD-SYN-003607,CUS-SYN-137,2026-06-17T09:34:00-04:00,2026-06-19T09:34:00-04:00,2026-06-19T09:34:00-04:00,fulfilled,B2B-V1-BASE,BLD-9102B6E8BF1ABFFC5F32,True
ORD-SYN-003608,CUS-SYN-099,2026-06-17T09:54:00-04:00,2026-06-19T09:54:00-04:00,2026-06-19T09:54:00-04:00,fulfilled,B2B-V1-BASE,BLD-9102B6E8BF1ABFFC5F32,True
ORD-SYN-003609,CUS-SYN-109,2026-06-17T10:33:00-04:00,2026-06-20T10:33:00-04:00,2026-06-21T10:33:00-04:00,fulfilled,B2B-V1-BASE,BLD-9102B6E8BF1ABFFC5F32,True
ORD-SYN-003610,CUS-SYN-118,2026-06-17T10:38:00-04:00,2026-06-22T10:38:00-04:00,2026-06-22T10:38:00-04:00,fulfilled,B2B-V1-BASE,BLD-9102B6E8BF1ABFFC5F32,True
ORD-SYN-003611,CUS-SYN-017,2026-06-17T11:23:00-04:00,2026-06-23T11:23:00-04:00,2026-06-23T11:23:00-04:00,fulfilled,B2B-V1-BASE,BLD-9102B6E8BF1ABFFC5F32,True
ORD-SYN-003612,CUS-SYN-129,2026-06-17T11:47:00-04:00,2026-06-19T11:47:00-04:00,2026-06-19T11:47:00-04:00,partially_fulfilled,B2B-V1-BASE,BLD-9102B6E8BF1ABFFC5F32,True
ORD-SYN-003613,CUS-SYN-128,2026-06-17T13:15:00-04:00,,2026-06-19T13:15:00-04:00,fulfilled,B2B-V1-BASE,BLD-9102B6E8BF1ABFFC5F32,True
ORD-SYN-003614,CUS-SYN-082,2026-06-17T13:25:00-04:00,2026-06-18T13:25:00-04:00,2026-06-23T13:25:00-04:00,fulfilled,B2B-V1-BASE,BLD-9102B6E8BF1ABFFC5F32,True
ORD-SYN-003615,CUS-SYN-036,2026-06-17T14:36:00-04:00,2026-06-19T14:36:00-04:00,2026-06-22T14:36:00-04:00,partially_fulfilled,B2B-V1-BASE,BLD-9102B6E8BF1ABFFC5F32,True
ORD-SYN-003616,CUS-SYN-022,2026-06-17T14:38:00-04:00,2026-06-20T14:38:00-04:00,2026-06-20T14:38:00-04:00,fulfilled,B2B-V1-BASE,BLD-9102B6E8BF1ABFFC5F32,True
ORD-SYN-003617,CUS-SYN-106,2026-06-18T08:30:00-04:00,,2026-06-21T08:30:00-04:00,fulfilled,B2B-V1-BASE,BLD-9102B6E8BF1ABFFC5F32,True
ORD-SYN-003618,CUS-SYN-133,2026-06-18T09:25:00-04:00,2026-06-20T09:25:00-04:00,2026-06-20T09:25:00-04:00,fulfilled,B2B-V1-BASE,BLD-9102B6E8BF1ABFFC5F32,True
ORD-SYN-003619,CUS-SYN-098,2026-06-18T11:06:00-04:00,2026-06-21T11:06:00-04:00,2026-06-22T11:06:00-04:00,fulfilled,B2B-V1-BASE,BLD-9102B6E8BF1ABFFC5F32,True
ORD-SYN-003620,CUS-SYN-044,2026-06-18T11:28:00-04:00,2026-06-23T11:28:00-04:00,2026-06-23T11:28:00-04:00,partially_fulfilled,B2B-V1-BASE,BLD-9102B6E8BF1ABFFC5F32,True
ORD-SYN-003621,CUS-SYN-053,2026-06-18T11:41:00-04:00,2026-06-21T11:41:00-04:00,2026-06-21T11:41:00-04:00,partially_fulfilled,B2B-V1-BASE,BLD-9102B6E8BF1ABFFC5F32,True
ORD-SYN-003622,CUS-SYN-051,2026-06-18T12:15:00-04:00,2026-06-19T12:15:00-04:00,2026-06-20T12:15:00-04:00,fulfilled,B2B-V1-BASE,BLD-9102B6E8BF1ABFFC5F32,True
ORD-SYN-003623,CUS-SYN-062,2026-06-18T12:37:00-04:00,2026-06-20T12:37:00-04:00,2026-06-22T12:37:00-04:00,partially_fulfilled,B2B-V1-BASE,BLD-9102B6E8BF1ABFFC5F32,True
ORD-SYN-003624,CUS-SYN-027,2026-06-18T13:21:00-04:00,2026-06-20T13:21:00-04:00,2026-06-22T13:21:00-04:00,fulfilled,B2B-V1-BASE,BLD-9102B6E8BF1ABFFC5F32,True
ORD-SYN-003625,CUS-SYN-114,2026-06-18T13:50:00-04:00,2026-06-19T13:50:00-04:00,2026-06-22T13:50:00-04:00,partially_fulfilled,B2B-V1-BASE,BLD-9102B6E8BF1ABFFC5F32,True
ORD-SYN-003626,CUS-SYN-025,2026-06-18T14:18:00-04:00,,2026-06-23T14:18:00-04:00,partially_fulfilled,B2B-V1-BASE,BLD-9102B6E8BF1ABFFC5F32,True
ORD-SYN-003627,CUS-SYN-002,2026-06-18T14:20:00-04:00,2026-06-21T14:20:00-04:00,2026-06-24T14:20:00-04:00,fulfilled,B2B-V1-BASE,BLD-9102B6E8BF1ABFFC5F32,True
ORD-SYN-003628,CUS-SYN-043,2026-06-18T14:22:00-04:00,2026-06-20T14:22:00-04:00,2026-06-20T14:22:00-04:00,fulfilled,B2B-V1-BASE,BLD-9102B6E8BF1ABFFC5F32,True
ORD-SYN-003629,CUS-SYN-120,2026-06-18T14:26:00-04:00,2026-06-19T14:26:00-04:00,2026-06-20T14:26:00-04:00,fulfilled,B2B-V1-BASE,BLD-9102B6E8BF1ABFFC5F32,True
ORD-SYN-003630,CUS-SYN-074,2026-06-18T14:45:00-04:00,,2026-06-22T14:45:00-04:00,fulfilled,B2B-V1-BASE,BLD-9102B6E8BF1ABFFC5F32,True
ORD-SYN-003631,CUS-SYN-046,2026-06-18T16:30:00-04:00,2026-06-19T16:30:00-04:00,2026-06-22T16:30:00-04:00,fulfilled,B2B-V1-BASE,BLD-9102B6E8BF1ABFFC5F32,True
ORD-SYN-003632,CUS-SYN-023,2026-06-19T08:54:00-04:00,2026-06-23T08:54:00-04:00,2026-06-23T08:54:00-04:00,partially_fulfilled,B2B-V1-BASE,BLD-9102B6E8BF1ABFFC5F32,True
ORD-SYN-003633,CUS-SYN-117,2026-06-19T09:04:00-04:00,2026-06-22T09:04:00-04:00,2026-06-25T09:04:00-04:00,fulfilled,B2B-V1-BASE,BLD-9102B6E8BF1ABFFC5F32,True
ORD-SYN-003634,CUS-SYN-117,2026-06-19T10:33:00-04:00,2026-06-21T10:33:00-04:00,2026-06-22T10:33:00-04:00,fulfilled,B2B-V1-BASE,BLD-9102B6E8BF1ABFFC5F32,True
ORD-SYN-003635,CUS-SYN-086,2026-06-19T11:12:00-04:00,,2026-06-22T11:12:00-04:00,fulfilled,B2B-V1-BASE,BLD-9102B6E8BF1ABFFC5F32,True
ORD-SYN-003636,CUS-SYN-031,2026-06-19T11:20:00-04:00,,2026-06-25T11:20:00-04:00,fulfilled,B2B-V1-BASE,BLD-9102B6E8BF1ABFFC5F32,True
ORD-SYN-003637,CUS-SYN-009,2026-06-19T11:25:00-04:00,,2026-06-23T11:25:00-04:00,partially_fulfilled,B2B-V1-BASE,BLD-9102B6E8BF1ABFFC5F32,True
ORD-SYN-003638,CUS-SYN-106,2026-06-19T11:29:00-04:00,,2026-06-25T11:29:00-04:00,partially_fulfilled,B2B-V1-BASE,BLD-9102B6E8BF1ABFFC5F32,True
ORD-SYN-003639,CUS-SYN-093,2026-06-19T11:30:00-04:00,2026-06-21T11:30:00-04:00,2026-06-22T11:30:00-04:00,fulfilled,B2B-V1-BASE,BLD-9102B6E8BF1ABFFC5F32,True
ORD-SYN-003640,CUS-SYN-149,2026-06-19T13:18:00-04:00,2026-06-22T13:18:00-04:00,2026-06-25T13:18:00-04:00,fulfilled,B2B-V1-BASE,BLD-9102B6E8BF1ABFFC5F32,True
ORD-SYN-003641,CUS-SYN-079,2026-06-19T14:02:00-04:00,2026-06-22T14:02:00-04:00,2026-06-22T14:02:00-04:00,fulfilled,B2B-V1-BASE,BLD-9102B6E8BF1ABFFC5F32,True
ORD-SYN-003642,CUS-SYN-085,2026-06-19T15:46:00-04:00,,2026-06-21T15:46:00-04:00,fulfilled,B2B-V1-BASE,BLD-9102B6E8BF1ABFFC5F32,True
ORD-SYN-003643,CUS-SYN-062,2026-06-19T15:52:00-04:00,2026-06-20T15:52:00-04:00,2026-06-21T15:52:00-04:00,fulfilled,B2B-V1-BASE,BLD-9102B6E8BF1ABFFC5F32,True
ORD-SYN-003644,CUS-SYN-142,2026-06-19T16:07:00-04:00,2026-06-22T16:07:00-04:00,2026-06-23T16:07:00-04:00,fulfilled,B2B-V1-BASE,BLD-9102B6E8BF1ABFFC5F32,True
ORD-SYN-003645,CUS-SYN-147,2026-06-19T16:27:00-04:00,2026-06-20T16:27:00-04:00,2026-06-23T16:27:00-04:00,fulfilled,B2B-V1-BASE,BLD-9102B6E8BF1ABFFC5F32,True
ORD-SYN-003646,CUS-SYN-016,2026-06-19T16:42:00-04:00,2026-06-25T16:42:00-04:00,2026-06-25T16:42:00-04:00,partially_fulfilled,B2B-V1-BASE,BLD-9102B6E8BF1ABFFC5F32,True
ORD-SYN-003647,CUS-SYN-133,2026-06-19T16:46:00-04:00,2026-06-23T16:46:00-04:00,2026-06-23T16:46:00-04:00,fulfilled,B2B-V1-BASE,BLD-9102B6E8BF1ABFFC5F32,True
ORD-SYN-003648,CUS-SYN-037,2026-06-19T16:56:00-04:00,2026-06-20T16:56:00-04:00,2026-06-21T16:56:00-04:00,fulfilled,B2B-V1-BASE,BLD-9102B6E8BF1ABFFC5F32,True
ORD-SYN-003649,CUS-SYN-112,2026-06-19T17:15:00-04:00,2026-06-21T17:15:00-04:00,2026-06-22T17:15:00-04:00,fulfilled,B2B-V1-BASE,BLD-9102B6E8BF1ABFFC5F32,True
ORD-SYN-003650,CUS-SYN-110,2026-06-20T08:03:00-04:00,2026-06-21T08:03:00-04:00,2026-06-22T08:03:00-04:00,fulfilled,B2B-V1-BASE,BLD-9102B6E8BF1ABFFC5F32,True
ORD-SYN-003651,CUS-SYN-003,2026-06-20T08:22:00-04:00,2026-06-25T08:22:00-04:00,2026-06-26T08:22:00-04:00,partially_fulfilled,B2B-V1-BASE,BLD-9102B6E8BF1ABFFC5F32,True
ORD-SYN-003652,CUS-SYN-062,2026-06-20T08:23:00-04:00,2026-06-22T08:23:00-04:00,2026-06-22T08:23:00-04:00,fulfilled,B2B-V1-BASE,BLD-9102B6E8BF1ABFFC5F32,True
ORD-SYN-003653,CUS-SYN-008,2026-06-20T10:10:00-04:00,2026-06-21T10:10:00-04:00,2026-06-23T10:10:00-04:00,fulfilled,B2B-V1-BASE,BLD-9102B6E8BF1ABFFC5F32,True
ORD-SYN-003654,CUS-SYN-122,2026-06-20T10:33:00-04:00,2026-06-24T10:33:00-04:00,2026-06-25T10:33:00-04:00,fulfilled,B2B-V1-BASE,BLD-9102B6E8BF1ABFFC5F32,True
ORD-SYN-003655,CUS-SYN-069,2026-06-20T10:36:00-04:00,2026-06-21T10:36:00-04:00,2026-06-23T10:36:00-04:00,fulfilled,B2B-V1-BASE,BLD-9102B6E8BF1ABFFC5F32,True
ORD-SYN-003656,CUS-SYN-125,2026-06-20T10:42:00-04:00,,2026-06-25T10:42:00-04:00,fulfilled,B2B-V1-BASE,BLD-9102B6E8BF1ABFFC5F32,True
ORD-SYN-003657,CUS-SYN-069,2026-06-20T10:46:00-04:00,2026-06-21T10:46:00-04:00,2026-06-23T10:46:00-04:00,fulfilled,B2B-V1-BASE,BLD-9102B6E8BF1ABFFC5F32,True
ORD-SYN-003658,CUS-SYN-041,2026-06-20T12:31:00-04:00,,2026-06-22T12:31:00-04:00,fulfilled,B2B-V1-BASE,BLD-9102B6E8BF1ABFFC5F32,True
ORD-SYN-003659,CUS-SYN-057,2026-06-20T12:57:00-04:00,2026-06-23T12:57:00-04:00,2026-06-23T12:57:00-04:00,partially_fulfilled,B2B-V1-BASE,BLD-9102B6E8BF1ABFFC5F32,True
ORD-SYN-003660,CUS-SYN-092,2026-06-20T13:21:00-04:00,2026-06-24T13:21:00-04:00,2026-06-24T13:21:00-04:00,partially_fulfilled,B2B-V1-BASE,BLD-9102B6E8BF1ABFFC5F32,True
ORD-SYN-003661,CUS-SYN-066,2026-06-20T16:30:00-04:00,2026-06-22T16:30:00-04:00,2026-06-24T16:30:00-04:00,partially_fulfilled,B2B-V1-BASE,BLD-9102B6E8BF1ABFFC5F32,True
ORD-SYN-003662,CUS-SYN-103,2026-06-20T17:05:00-04:00,,2026-06-25T17:05:00-04:00,fulfilled,B2B-V1-BASE,BLD-9102B6E8BF1ABFFC5F32,True
ORD-SYN-003663,CUS-SYN-010,2026-06-20T17:23:00-04:00,2026-06-22T17:23:00-04:00,2026-06-23T17:23:00-04:00,fulfilled,B2B-V1-BASE,BLD-9102B6E8BF1ABFFC5F32,True
ORD-SYN-003664,CUS-SYN-045,2026-06-20T17:28:00-04:00,2026-06-21T17:28:00-04:00,2026-06-23T17:28:00-04:00,fulfilled,B2B-V1-BASE,BLD-9102B6E8BF1ABFFC5F32,True
ORD-SYN-003665,CUS-SYN-110,2026-06-21T08:27:00-04:00,2026-06-26T08:27:00-04:00,2026-06-26T08:27:00-04:00,fulfilled,B2B-V1-BASE,BLD-9102B6E8BF1ABFFC5F32,True
ORD-SYN-003666,CUS-SYN-056,2026-06-21T09:30:00-04:00,,2026-06-23T09:30:00-04:00,fulfilled,B2B-V1-BASE,BLD-9102B6E8BF1ABFFC5F32,True
ORD-SYN-003667,CUS-SYN-062,2026-06-21T13:10:00-04:00,2026-06-22T13:10:00-04:00,2026-06-24T13:10:00-04:00,fulfilled,B2B-V1-BASE,BLD-9102B6E8BF1ABFFC5F32,True
ORD-SYN-003668,CUS-SYN-094,2026-06-21T14:11:00-04:00,2026-06-23T14:11:00-04:00,2026-06-26T14:11:00-04:00,fulfilled,B2B-V1-BASE,BLD-9102B6E8BF1ABFFC5F32,True
ORD-SYN-003669,CUS-SYN-020,2026-06-21T14:28:00-04:00,2026-06-22T14:28:00-04:00,2026-06-25T14:28:00-04:00,fulfilled,B2B-V1-BASE,BLD-9102B6E8BF1ABFFC5F32,True
ORD-SYN-003670,CUS-SYN-013,2026-06-21T14:50:00-04:00,2026-06-24T14:50:00-04:00,2026-06-24T14:50:00-04:00,partially_fulfilled,B2B-V1-BASE,BLD-9102B6E8BF1ABFFC5F32,True
ORD-SYN-003671,CUS-SYN-146,2026-06-21T15:32:00-04:00,2026-06-23T15:32:00-04:00,2026-06-27T15:32:00-04:00,fulfilled,B2B-V1-BASE,BLD-9102B6E8BF1ABFFC5F32,True
ORD-SYN-003672,CUS-SYN-104,2026-06-21T16:58:00-04:00,2026-06-23T16:58:00-04:00,2026-06-24T16:58:00-04:00,partially_fulfilled,B2B-V1-BASE,BLD-9102B6E8BF1ABFFC5F32,True
ORD-SYN-003673,CUS-SYN-138,2026-06-21T17:58:00-04:00,2026-06-25T17:58:00-04:00,2026-06-27T17:58:00-04:00,fulfilled,B2B-V1-BASE,BLD-9102B6E8BF1ABFFC5F32,True
ORD-SYN-003674,CUS-SYN-086,2026-06-22T08:19:00-04:00,,2026-06-27T08:19:00-04:00,fulfilled,B2B-V1-BASE,BLD-9102B6E8BF1ABFFC5F32,True
ORD-SYN-003675,CUS-SYN-120,2026-06-22T08:26:00-04:00,,2026-06-28T08:26:00-04:00,fulfilled,B2B-V1-BASE,BLD-9102B6E8BF1ABFFC5F32,True
ORD-SYN-003676,CUS-SYN-081,2026-06-22T09:19:00-04:00,2026-06-27T09:19:00-04:00,2026-06-28T09:19:00-04:00,fulfilled,B2B-V1-BASE,BLD-9102B6E8BF1ABFFC5F32,True
ORD-SYN-003677,CUS-SYN-054,2026-06-22T10:14:00-04:00,2026-06-23T10:14:00-04:00,2026-06-25T10:14:00-04:00,fulfilled,B2B-V1-BASE,BLD-9102B6E8BF1ABFFC5F32,True
ORD-SYN-003678,CUS-SYN-101,2026-06-22T10:28:00-04:00,2026-06-26T10:28:00-04:00,2026-06-26T10:28:00-04:00,fulfilled,B2B-V1-BASE,BLD-9102B6E8BF1ABFFC5F32,True
ORD-SYN-003679,CUS-SYN-110,2026-06-22T10:49:00-04:00,2026-06-24T10:49:00-04:00,2026-06-25T10:49:00-04:00,fulfilled,B2B-V1-BASE,BLD-9102B6E8BF1ABFFC5F32,True
ORD-SYN-003680,CUS-SYN-093,2026-06-22T10:58:00-04:00,2026-06-24T10:58:00-04:00,2026-06-24T10:58:00-04:00,fulfilled,B2B-V1-BASE,BLD-9102B6E8BF1ABFFC5F32,True
ORD-SYN-003681,CUS-SYN-130,2026-06-22T11:02:00-04:00,2026-06-26T11:02:00-04:00,2026-06-26T11:02:00-04:00,partially_fulfilled,B2B-V1-BASE,BLD-9102B6E8BF1ABFFC5F32,True
ORD-SYN-003682,CUS-SYN-078,2026-06-22T11:24:00-04:00,2026-06-27T11:24:00-04:00,2026-06-28T11:24:00-04:00,fulfilled,B2B-V1-BASE,BLD-9102B6E8BF1ABFFC5F32,True
ORD-SYN-003683,CUS-SYN-049,2026-06-22T11:43:00-04:00,2026-06-25T11:43:00-04:00,2026-06-26T11:43:00-04:00,fulfilled,B2B-V1-BASE,BLD-9102B6E8BF1ABFFC5F32,True
ORD-SYN-003684,CUS-SYN-131,2026-06-22T15:38:00-04:00,2026-06-25T15:38:00-04:00,2026-06-26T15:38:00-04:00,fulfilled,B2B-V1-BASE,BLD-9102B6E8BF1ABFFC5F32,True
ORD-SYN-003685,CUS-SYN-091,2026-06-22T15:49:00-04:00,2026-06-24T15:49:00-04:00,2026-06-25T15:49:00-04:00,fulfilled,B2B-V1-BASE,BLD-9102B6E8BF1ABFFC5F32,True
ORD-SYN-003686,CUS-SYN-058,2026-06-22T15:57:00-04:00,2026-06-25T15:57:00-04:00,2026-06-25T15:57:00-04:00,fulfilled,B2B-V1-BASE,BLD-9102B6E8BF1ABFFC5F32,True
ORD-SYN-003687,CUS-SYN-082,2026-06-22T16:30:00-04:00,2026-06-23T16:30:00-04:00,2026-06-24T16:30:00-04:00,fulfilled,B2B-V1-BASE,BLD-9102B6E8BF1ABFFC5F32,True
ORD-SYN-003688,CUS-SYN-141,2026-06-22T16:52:00-04:00,2026-06-27T16:52:00-04:00,2026-06-28T16:52:00-04:00,partially_fulfilled,B2B-V1-BASE,BLD-9102B6E8BF1ABFFC5F32,True
ORD-SYN-003689,CUS-SYN-087,2026-06-23T08:24:00-04:00,2026-06-24T08:24:00-04:00,2026-06-25T08:24:00-04:00,fulfilled,B2B-V1-BASE,BLD-9102B6E8BF1ABFFC5F32,True
ORD-SYN-003690,CUS-SYN-127,2026-06-23T10:09:00-04:00,,2026-06-29T10:09:00-04:00,fulfilled,B2B-V1-BASE,BLD-9102B6E8BF1ABFFC5F32,True
ORD-SYN-003691,CUS-SYN-045,2026-06-23T11:09:00-04:00,,2026-06-25T11:09:00-04:00,fulfilled,B2B-V1-BASE,BLD-9102B6E8BF1ABFFC5F32,True
ORD-SYN-003692,CUS-SYN-037,2026-06-23T12:47:00-04:00,,2026-06-27T12:47:00-04:00,fulfilled,B2B-V1-BASE,BLD-9102B6E8BF1ABFFC5F32,True
ORD-SYN-003693,CUS-SYN-037,2026-06-23T13:13:00-04:00,,2026-06-27T13:13:00-04:00,fulfilled,B2B-V1-BASE,BLD-9102B6E8BF1ABFFC5F32,True
ORD-SYN-003694,CUS-SYN-048,2026-06-23T15:40:00-04:00,2026-06-25T15:40:00-04:00,2026-06-26T15:40:00-04:00,partially_fulfilled,B2B-V1-BASE,BLD-9102B6E8BF1ABFFC5F32,True
ORD-SYN-003695,CUS-SYN-033,2026-06-23T15:43:00-04:00,2026-06-26T15:43:00-04:00,2026-06-29T15:43:00-04:00,fulfilled,B2B-V1-BASE,BLD-9102B6E8BF1ABFFC5F32,True
ORD-SYN-003696,CUS-SYN-132,2026-06-23T16:01:00-04:00,2026-06-27T16:01:00-04:00,2026-06-27T16:01:00-04:00,fulfilled,B2B-V1-BASE,BLD-9102B6E8BF1ABFFC5F32,True
ORD-SYN-003697,CUS-SYN-092,2026-06-24T08:25:00-04:00,,2026-06-26T08:25:00-04:00,fulfilled,B2B-V1-BASE,BLD-9102B6E8BF1ABFFC5F32,True
ORD-SYN-003698,CUS-SYN-097,2026-06-24T09:08:00-04:00,2026-06-26T09:08:00-04:00,2026-06-27T09:08:00-04:00,fulfilled,B2B-V1-BASE,BLD-9102B6E8BF1ABFFC5F32,True
ORD-SYN-003699,CUS-SYN-018,2026-06-24T10:51:00-04:00,2026-06-26T10:51:00-04:00,2026-06-27T10:51:00-04:00,fulfilled,B2B-V1-BASE,BLD-9102B6E8BF1ABFFC5F32,True
ORD-SYN-003700,CUS-SYN-130,2026-06-24T11:55:00-04:00,2026-06-27T11:55:00-04:00,2026-06-30T11:55:00-04:00,fulfilled,B2B-V1-BASE,BLD-9102B6E8BF1ABFFC5F32,True
ORD-SYN-003701,CUS-SYN-011,2026-06-24T12:09:00-04:00,2026-06-25T12:09:00-04:00,2026-06-30T12:09:00-04:00,fulfilled,B2B-V1-BASE,BLD-9102B6E8BF1ABFFC5F32,True
ORD-SYN-003702,CUS-SYN-023,2026-06-24T12:49:00-04:00,,2026-06-30T12:49:00-04:00,fulfilled,B2B-V1-BASE,BLD-9102B6E8BF1ABFFC5F32,True
ORD-SYN-003703,CUS-SYN-096,2026-06-24T13:35:00-04:00,2026-06-26T13:35:00-04:00,2026-06-30T13:35:00-04:00,fulfilled,B2B-V1-BASE,BLD-9102B6E8BF1ABFFC5F32,True
ORD-SYN-003704,CUS-SYN-118,2026-06-24T13:44:00-04:00,2026-06-29T13:44:00-04:00,2026-06-30T13:44:00-04:00,fulfilled,B2B-V1-BASE,BLD-9102B6E8BF1ABFFC5F32,True
ORD-SYN-003705,CUS-SYN-063,2026-06-24T13:54:00-04:00,2026-06-25T13:54:00-04:00,2026-06-27T13:54:00-04:00,fulfilled,B2B-V1-BASE,BLD-9102B6E8BF1ABFFC5F32,True
ORD-SYN-003706,CUS-SYN-146,2026-06-24T14:07:00-04:00,,2026-06-29T14:07:00-04:00,partially_fulfilled,B2B-V1-BASE,BLD-9102B6E8BF1ABFFC5F32,True
ORD-SYN-003707,CUS-SYN-146,2026-06-24T14:28:00-04:00,2026-06-25T14:28:00-04:00,2026-06-29T14:28:00-04:00,partially_fulfilled,B2B-V1-BASE,BLD-9102B6E8BF1ABFFC5F32,True
ORD-SYN-003708,CUS-SYN-040,2026-06-24T16:17:00-04:00,2026-06-25T16:17:00-04:00,2026-06-27T16:17:00-04:00,fulfilled,B2B-V1-BASE,BLD-9102B6E8BF1ABFFC5F32,True
ORD-SYN-003709,CUS-SYN-112,2026-06-24T16:57:00-04:00,2026-06-27T16:57:00-04:00,2026-06-27T16:57:00-04:00,fulfilled,B2B-V1-BASE,BLD-9102B6E8BF1ABFFC5F32,True
ORD-SYN-003710,CUS-SYN-142,2026-06-25T08:29:00-04:00,2026-06-27T08:29:00-04:00,2026-06-30T08:29:00-04:00,fulfilled,B2B-V1-BASE,BLD-9102B6E8BF1ABFFC5F32,True
ORD-SYN-003711,CUS-SYN-033,2026-06-25T10:25:00-04:00,2026-06-26T10:25:00-04:00,2026-06-28T10:25:00-04:00,fulfilled,B2B-V1-BASE,BLD-9102B6E8BF1ABFFC5F32,True
ORD-SYN-003712,CUS-SYN-058,2026-06-25T11:03:00-04:00,,2026-06-27T11:03:00-04:00,partially_fulfilled,B2B-V1-BASE,BLD-9102B6E8BF1ABFFC5F32,True
ORD-SYN-003713,CUS-SYN-049,2026-06-25T12:30:00-04:00,2026-06-26T12:30:00-04:00,2026-06-30T12:30:00-04:00,fulfilled,B2B-V1-BASE,BLD-9102B6E8BF1ABFFC5F32,True
ORD-SYN-003714,CUS-SYN-113,2026-06-25T12:41:00-04:00,2026-06-29T12:41:00-04:00,2026-06-29T12:41:00-04:00,fulfilled,B2B-V1-BASE,BLD-9102B6E8BF1ABFFC5F32,True
ORD-SYN-003715,CUS-SYN-094,2026-06-25T14:54:00-04:00,2026-06-26T14:54:00-04:00,2026-06-28T14:54:00-04:00,fulfilled,B2B-V1-BASE,BLD-9102B6E8BF1ABFFC5F32,True
ORD-SYN-003716,CUS-SYN-030,2026-06-25T16:16:00-04:00,2026-06-28T16:16:00-04:00,2026-06-28T16:16:00-04:00,fulfilled,B2B-V1-BASE,BLD-9102B6E8BF1ABFFC5F32,True
ORD-SYN-003717,CUS-SYN-107,2026-06-26T09:47:00-04:00,,2026-07-01T09:47:00-04:00,fulfilled,B2B-V1-BASE,BLD-9102B6E8BF1ABFFC5F32,True
ORD-SYN-003718,CUS-SYN-068,2026-06-26T11:43:00-04:00,2026-06-29T11:43:00-04:00,2026-07-01T11:43:00-04:00,fulfilled,B2B-V1-BASE,BLD-9102B6E8BF1ABFFC5F32,True
ORD-SYN-003719,CUS-SYN-084,2026-06-26T12:11:00-04:00,2026-07-01T12:11:00-04:00,2026-07-01T12:11:00-04:00,fulfilled,B2B-V1-BASE,BLD-9102B6E8BF1ABFFC5F32,True
ORD-SYN-003720,CUS-SYN-062,2026-06-26T12:15:00-04:00,2026-06-28T12:15:00-04:00,2026-07-01T12:15:00-04:00,fulfilled,B2B-V1-BASE,BLD-9102B6E8BF1ABFFC5F32,True
ORD-SYN-003721,CUS-SYN-094,2026-06-26T13:11:00-04:00,2026-06-29T13:11:00-04:00,2026-07-01T13:11:00-04:00,fulfilled,B2B-V1-BASE,BLD-9102B6E8BF1ABFFC5F32,True
ORD-SYN-003722,CUS-SYN-024,2026-06-26T14:34:00-04:00,2026-07-02T14:34:00-04:00,2026-07-02T14:34:00-04:00,fulfilled,B2B-V1-BASE,BLD-9102B6E8BF1ABFFC5F32,True
ORD-SYN-003723,CUS-SYN-118,2026-06-26T14:38:00-04:00,,2026-06-29T14:38:00-04:00,partially_fulfilled,B2B-V1-BASE,BLD-9102B6E8BF1ABFFC5F32,True
ORD-SYN-003724,CUS-SYN-122,2026-06-26T16:12:00-04:00,2026-06-29T16:12:00-04:00,2026-06-29T16:12:00-04:00,fulfilled,B2B-V1-BASE,BLD-9102B6E8BF1ABFFC5F32,True
ORD-SYN-003725,CUS-SYN-121,2026-06-27T08:21:00-04:00,2026-06-28T08:21:00-04:00,2026-07-02T08:21:00-04:00,fulfilled,B2B-V1-BASE,BLD-9102B6E8BF1ABFFC5F32,True
ORD-SYN-003726,CUS-SYN-089,2026-06-27T09:25:00-04:00,2026-07-01T09:25:00-04:00,2026-07-03T09:25:00-04:00,fulfilled,B2B-V1-BASE,BLD-9102B6E8BF1ABFFC5F32,True
ORD-SYN-003727,CUS-SYN-062,2026-06-27T11:03:00-04:00,,2026-07-02T11:03:00-04:00,fulfilled,B2B-V1-BASE,BLD-9102B6E8BF1ABFFC5F32,True
ORD-SYN-003728,CUS-SYN-002,2026-06-27T14:25:00-04:00,2026-06-30T14:25:00-04:00,2026-07-03T14:25:00-04:00,fulfilled,B2B-V1-BASE,BLD-9102B6E8BF1ABFFC5F32,True
ORD-SYN-003729,CUS-SYN-137,2026-06-27T14:52:00-04:00,2026-06-29T14:52:00-04:00,2026-07-02T14:52:00-04:00,fulfilled,B2B-V1-BASE,BLD-9102B6E8BF1ABFFC5F32,True
ORD-SYN-003730,CUS-SYN-022,2026-06-27T16:52:00-04:00,2026-06-28T16:52:00-04:00,2026-06-29T16:52:00-04:00,fulfilled,B2B-V1-BASE,BLD-9102B6E8BF1ABFFC5F32,True
ORD-SYN-003731,CUS-SYN-049,2026-06-27T16:55:00-04:00,2026-06-30T16:55:00-04:00,2026-07-03T16:55:00-04:00,fulfilled,B2B-V1-BASE,BLD-9102B6E8BF1ABFFC5F32,True
ORD-SYN-003732,CUS-SYN-102,2026-06-28T09:02:00-04:00,2026-06-30T09:02:00-04:00,2026-07-02T09:02:00-04:00,fulfilled,B2B-V1-BASE,BLD-9102B6E8BF1ABFFC5F32,True
ORD-SYN-003733,CUS-SYN-125,2026-06-28T09:15:00-04:00,2026-07-02T09:15:00-04:00,2026-07-02T09:15:00-04:00,partially_fulfilled,B2B-V1-BASE,BLD-9102B6E8BF1ABFFC5F32,True
ORD-SYN-003734,CUS-SYN-079,2026-06-28T10:07:00-04:00,2026-07-02T10:07:00-04:00,2026-07-03T10:07:00-04:00,partially_fulfilled,B2B-V1-BASE,BLD-9102B6E8BF1ABFFC5F32,True
ORD-SYN-003735,CUS-SYN-090,2026-06-28T10:07:00-04:00,2026-07-02T10:07:00-04:00,2026-07-03T10:07:00-04:00,fulfilled,B2B-V1-BASE,BLD-9102B6E8BF1ABFFC5F32,True
ORD-SYN-003736,CUS-SYN-142,2026-06-28T10:23:00-04:00,2026-07-02T10:23:00-04:00,2026-07-03T10:23:00-04:00,fulfilled,B2B-V1-BASE,BLD-9102B6E8BF1ABFFC5F32,True
ORD-SYN-003737,CUS-SYN-055,2026-06-28T13:45:00-04:00,,2026-07-01T13:45:00-04:00,fulfilled,B2B-V1-BASE,BLD-9102B6E8BF1ABFFC5F32,True
ORD-SYN-003738,CUS-SYN-121,2026-06-28T13:50:00-04:00,2026-06-30T13:50:00-04:00,2026-07-02T13:50:00-04:00,fulfilled,B2B-V1-BASE,BLD-9102B6E8BF1ABFFC5F32,True
ORD-SYN-003739,CUS-SYN-138,2026-06-28T13:55:00-04:00,2026-07-01T13:55:00-04:00,2026-07-02T13:55:00-04:00,fulfilled,B2B-V1-BASE,BLD-9102B6E8BF1ABFFC5F32,True
ORD-SYN-003740,CUS-SYN-028,2026-06-28T14:16:00-04:00,2026-06-30T14:16:00-04:00,2026-07-02T14:16:00-04:00,fulfilled,B2B-V1-BASE,BLD-9102B6E8BF1ABFFC5F32,True
ORD-SYN-003741,CUS-SYN-030,2026-06-28T15:38:00-04:00,2026-06-29T15:38:00-04:00,2026-07-04T15:38:00-04:00,fulfilled,B2B-V1-BASE,BLD-9102B6E8BF1ABFFC5F32,True
ORD-SYN-003742,CUS-SYN-085,2026-06-28T16:08:00-04:00,2026-06-30T16:08:00-04:00,2026-07-02T16:08:00-04:00,fulfilled,B2B-V1-BASE,BLD-9102B6E8BF1ABFFC5F32,True
ORD-SYN-003743,CUS-SYN-129,2026-06-28T17:34:00-04:00,,2026-07-02T17:34:00-04:00,fulfilled,B2B-V1-BASE,BLD-9102B6E8BF1ABFFC5F32,True
ORD-SYN-003744,CUS-SYN-110,2026-06-28T17:36:00-04:00,,2026-07-03T17:36:00-04:00,fulfilled,B2B-V1-BASE,BLD-9102B6E8BF1ABFFC5F32,True
ORD-SYN-003745,CUS-SYN-101,2026-06-29T09:09:00-04:00,2026-07-01T09:09:00-04:00,2026-07-04T09:09:00-04:00,partially_fulfilled,B2B-V1-BASE,BLD-9102B6E8BF1ABFFC5F32,True
ORD-SYN-003746,CUS-SYN-141,2026-06-29T10:18:00-04:00,2026-07-02T10:18:00-04:00,2026-07-03T10:18:00-04:00,fulfilled,B2B-V1-BASE,BLD-9102B6E8BF1ABFFC5F32,True
ORD-SYN-003747,CUS-SYN-069,2026-06-29T10:28:00-04:00,2026-07-01T10:28:00-04:00,2026-07-01T10:28:00-04:00,partially_fulfilled,B2B-V1-BASE,BLD-9102B6E8BF1ABFFC5F32,True
ORD-SYN-003748,CUS-SYN-070,2026-06-29T11:11:00-04:00,2026-07-01T11:11:00-04:00,2026-07-04T11:11:00-04:00,partially_fulfilled,B2B-V1-BASE,BLD-9102B6E8BF1ABFFC5F32,True
ORD-SYN-003749,CUS-SYN-006,2026-06-29T12:39:00-04:00,,2026-07-01T12:39:00-04:00,fulfilled,B2B-V1-BASE,BLD-9102B6E8BF1ABFFC5F32,True
ORD-SYN-003750,CUS-SYN-076,2026-06-29T17:13:00-04:00,2026-07-01T17:13:00-04:00,2026-07-01T17:13:00-04:00,fulfilled,B2B-V1-BASE,BLD-9102B6E8BF1ABFFC5F32,True
ORD-SYN-003751,CUS-SYN-061,2026-06-29T17:21:00-04:00,2026-07-01T17:21:00-04:00,2026-07-02T17:21:00-04:00,fulfilled,B2B-V1-BASE,BLD-9102B6E8BF1ABFFC5F32,True
ORD-SYN-003752,CUS-SYN-100,2026-06-29T17:40:00-04:00,2026-07-02T17:40:00-04:00,2026-07-03T17:40:00-04:00,fulfilled,B2B-V1-BASE,BLD-9102B6E8BF1ABFFC5F32,True
ORD-SYN-003753,CUS-SYN-013,2026-06-29T17:42:00-04:00,2026-06-30T17:42:00-04:00,2026-07-04T17:42:00-04:00,fulfilled,B2B-V1-BASE,BLD-9102B6E8BF1ABFFC5F32,True
ORD-SYN-003754,CUS-SYN-020,2026-06-30T08:24:00-04:00,2026-07-01T08:24:00-04:00,2026-07-04T08:24:00-04:00,fulfilled,B2B-V1-BASE,BLD-9102B6E8BF1ABFFC5F32,True
ORD-SYN-003755,CUS-SYN-002,2026-06-30T09:40:00-04:00,2026-07-03T09:40:00-04:00,2026-07-03T09:40:00-04:00,fulfilled,B2B-V1-BASE,BLD-9102B6E8BF1ABFFC5F32,True
ORD-SYN-003756,CUS-SYN-097,2026-06-30T09:42:00-04:00,,2026-07-02T09:42:00-04:00,fulfilled,B2B-V1-BASE,BLD-9102B6E8BF1ABFFC5F32,True
ORD-SYN-003757,CUS-SYN-085,2026-06-30T10:19:00-04:00,2026-07-02T10:19:00-04:00,2026-07-03T10:19:00-04:00,fulfilled,B2B-V1-BASE,BLD-9102B6E8BF1ABFFC5F32,True
ORD-SYN-003758,CUS-SYN-043,2026-06-30T11:06:00-04:00,2026-07-04T11:06:00-04:00,2026-07-06T11:06:00-04:00,fulfilled,B2B-V1-BASE,BLD-9102B6E8BF1ABFFC5F32,True
ORD-SYN-003759,CUS-SYN-005,2026-06-30T12:50:00-04:00,,2026-07-02T12:50:00-04:00,fulfilled,B2B-V1-BASE,BLD-9102B6E8BF1ABFFC5F32,True
ORD-SYN-003760,CUS-SYN-150,2026-06-30T14:12:00-04:00,2026-07-03T14:12:00-04:00,2026-07-03T14:12:00-04:00,fulfilled,B2B-V1-BASE,BLD-9102B6E8BF1ABFFC5F32,True
ORD-SYN-003761,CUS-SYN-065,2026-06-30T14:39:00-04:00,,2026-07-05T14:39:00-04:00,fulfilled,B2B-V1-BASE,BLD-9102B6E8BF1ABFFC5F32,True
ORD-SYN-003762,CUS-SYN-034,2026-06-30T14:52:00-04:00,2026-07-01T14:52:00-04:00,2026-07-02T14:52:00-04:00,fulfilled,B2B-V1-BASE,BLD-9102B6E8BF1ABFFC5F32,True
ORD-SYN-003763,CUS-SYN-149,2026-06-30T15:14:00-04:00,2026-07-01T15:14:00-04:00,2026-07-04T15:14:00-04:00,fulfilled,B2B-V1-BASE,BLD-9102B6E8BF1ABFFC5F32,True
ORD-SYN-003764,CUS-SYN-091,2026-06-30T16:49:00-04:00,2026-07-02T16:49:00-04:00,2026-07-04T16:49:00-04:00,partially_fulfilled,B2B-V1-BASE,BLD-9102B6E8BF1ABFFC5F32,True
ORD-SYN-003765,CUS-SYN-016,2026-06-30T17:05:00-04:00,2026-07-04T17:05:00-04:00,2026-07-04T17:05:00-04:00,fulfilled,B2B-V1-BASE,BLD-9102B6E8BF1ABFFC5F32,True
ORD-SYN-003766,CUS-SYN-141,2026-06-30T17:14:00-04:00,,2026-07-04T17:14:00-04:00,partially_fulfilled,B2B-V1-BASE,BLD-9102B6E8BF1ABFFC5F32,True
ORD-SYN-003767,CUS-SYN-138,2026-06-30T17:28:00-04:00,,2026-07-03T17:28:00-04:00,fulfilled,B2B-V1-BASE,BLD-9102B6E8BF1ABFFC5F32,True
ORD-SYN-003768,CUS-SYN-146,2026-07-01T08:33:00-04:00,2026-07-03T08:33:00-04:00,2026-07-06T08:33:00-04:00,fulfilled,B2B-V1-BASE,BLD-9102B6E8BF1ABFFC5F32,True
ORD-SYN-003769,CUS-SYN-105,2026-07-01T08:57:00-04:00,2026-07-03T08:57:00-04:00,2026-07-07T08:57:00-04:00,fulfilled,B2B-V1-BASE,BLD-9102B6E8BF1ABFFC5F32,True
ORD-SYN-003770,CUS-SYN-086,2026-07-01T09:09:00-04:00,,2026-07-03T09:09:00-04:00,fulfilled,B2B-V1-BASE,BLD-9102B6E8BF1ABFFC5F32,True
ORD-SYN-003771,CUS-SYN-012,2026-07-01T09:26:00-04:00,2026-07-02T09:26:00-04:00,2026-07-07T09:26:00-04:00,fulfilled,B2B-V1-BASE,BLD-9102B6E8BF1ABFFC5F32,True
ORD-SYN-003772,CUS-SYN-057,2026-07-01T10:02:00-04:00,2026-07-02T10:02:00-04:00,2026-07-04T10:02:00-04:00,fulfilled,B2B-V1-BASE,BLD-9102B6E8BF1ABFFC5F32,True
ORD-SYN-003773,CUS-SYN-098,2026-07-01T11:13:00-04:00,2026-07-03T11:13:00-04:00,2026-07-03T11:13:00-04:00,fulfilled,B2B-V1-BASE,BLD-9102B6E8BF1ABFFC5F32,True
ORD-SYN-003774,CUS-SYN-149,2026-07-01T12:25:00-04:00,2026-07-02T12:25:00-04:00,2026-07-03T12:25:00-04:00,partially_fulfilled,B2B-V1-BASE,BLD-9102B6E8BF1ABFFC5F32,True
ORD-SYN-003775,CUS-SYN-030,2026-07-01T12:50:00-04:00,2026-07-02T12:50:00-04:00,2026-07-03T12:50:00-04:00,partially_fulfilled,B2B-V1-BASE,BLD-9102B6E8BF1ABFFC5F32,True
ORD-SYN-003776,CUS-SYN-139,2026-07-01T13:46:00-04:00,2026-07-04T13:46:00-04:00,2026-07-04T13:46:00-04:00,partially_fulfilled,B2B-V1-BASE,BLD-9102B6E8BF1ABFFC5F32,True
ORD-SYN-003777,CUS-SYN-025,2026-07-01T14:33:00-04:00,2026-07-04T14:33:00-04:00,2026-07-04T14:33:00-04:00,fulfilled,B2B-V1-BASE,BLD-9102B6E8BF1ABFFC5F32,True
ORD-SYN-003778,CUS-SYN-124,2026-07-01T14:47:00-04:00,2026-07-03T14:47:00-04:00,2026-07-03T14:47:00-04:00,fulfilled,B2B-V1-BASE,BLD-9102B6E8BF1ABFFC5F32,True
ORD-SYN-003779,CUS-SYN-018,2026-07-01T15:28:00-04:00,2026-07-02T15:28:00-04:00,2026-07-04T15:28:00-04:00,fulfilled,B2B-V1-BASE,BLD-9102B6E8BF1ABFFC5F32,True
ORD-SYN-003780,CUS-SYN-033,2026-07-01T17:11:00-04:00,2026-07-03T17:11:00-04:00,2026-07-07T17:11:00-04:00,partially_fulfilled,B2B-V1-BASE,BLD-9102B6E8BF1ABFFC5F32,True
ORD-SYN-003781,CUS-SYN-036,2026-07-02T11:37:00-04:00,2026-07-03T11:37:00-04:00,2026-07-04T11:37:00-04:00,partially_fulfilled,B2B-V1-BASE,BLD-9102B6E8BF1ABFFC5F32,True
ORD-SYN-003782,CUS-SYN-002,2026-07-02T12:13:00-04:00,2026-07-03T12:13:00-04:00,2026-07-04T12:13:00-04:00,fulfilled,B2B-V1-BASE,BLD-9102B6E8BF1ABFFC5F32,True
ORD-SYN-003783,CUS-SYN-051,2026-07-02T14:06:00-04:00,2026-07-04T14:06:00-04:00,2026-07-05T14:06:00-04:00,partially_fulfilled,B2B-V1-BASE,BLD-9102B6E8BF1ABFFC5F32,True
ORD-SYN-003784,CUS-SYN-011,2026-07-02T14:46:00-04:00,2026-07-04T14:46:00-04:00,2026-07-04T14:46:00-04:00,fulfilled,B2B-V1-BASE,BLD-9102B6E8BF1ABFFC5F32,True
ORD-SYN-003785,CUS-SYN-022,2026-07-02T14:56:00-04:00,2026-07-07T14:56:00-04:00,2026-07-07T14:56:00-04:00,fulfilled,B2B-V1-BASE,BLD-9102B6E8BF1ABFFC5F32,True
ORD-SYN-003786,CUS-SYN-010,2026-07-02T16:42:00-04:00,2026-07-04T16:42:00-04:00,2026-07-07T16:42:00-04:00,fulfilled,B2B-V1-BASE,BLD-9102B6E8BF1ABFFC5F32,True
ORD-SYN-003787,CUS-SYN-133,2026-07-03T08:35:00-04:00,2026-07-05T08:35:00-04:00,2026-07-05T08:35:00-04:00,fulfilled,B2B-V1-BASE,BLD-9102B6E8BF1ABFFC5F32,True
ORD-SYN-003788,CUS-SYN-004,2026-07-03T08:46:00-04:00,2026-07-07T08:46:00-04:00,2026-07-07T08:46:00-04:00,fulfilled,B2B-V1-BASE,BLD-9102B6E8BF1ABFFC5F32,True
ORD-SYN-003789,CUS-SYN-143,2026-07-03T10:50:00-04:00,,2026-07-09T10:50:00-04:00,fulfilled,B2B-V1-BASE,BLD-9102B6E8BF1ABFFC5F32,True
ORD-SYN-003790,CUS-SYN-026,2026-07-03T14:48:00-04:00,2026-07-07T14:48:00-04:00,2026-07-09T14:48:00-04:00,fulfilled,B2B-V1-BASE,BLD-9102B6E8BF1ABFFC5F32,True
ORD-SYN-003791,CUS-SYN-098,2026-07-03T15:04:00-04:00,2026-07-07T15:04:00-04:00,2026-07-09T15:04:00-04:00,fulfilled,B2B-V1-BASE,BLD-9102B6E8BF1ABFFC5F32,True
ORD-SYN-003792,CUS-SYN-146,2026-07-03T17:13:00-04:00,2026-07-08T17:13:00-04:00,2026-07-09T17:13:00-04:00,fulfilled,B2B-V1-BASE,BLD-9102B6E8BF1ABFFC5F32,True
ORD-SYN-003793,CUS-SYN-015,2026-07-03T17:20:00-04:00,2026-07-09T17:20:00-04:00,2026-07-09T17:20:00-04:00,fulfilled,B2B-V1-BASE,BLD-9102B6E8BF1ABFFC5F32,True
ORD-SYN-003794,CUS-SYN-097,2026-07-04T08:15:00-04:00,2026-07-06T08:15:00-04:00,2026-07-08T08:15:00-04:00,fulfilled,B2B-V1-BASE,BLD-9102B6E8BF1ABFFC5F32,True
ORD-SYN-003795,CUS-SYN-114,2026-07-04T11:02:00-04:00,2026-07-06T11:02:00-04:00,2026-07-06T11:02:00-04:00,partially_fulfilled,B2B-V1-BASE,BLD-9102B6E8BF1ABFFC5F32,True
ORD-SYN-003796,CUS-SYN-090,2026-07-04T12:18:00-04:00,,2026-07-07T12:18:00-04:00,fulfilled,B2B-V1-BASE,BLD-9102B6E8BF1ABFFC5F32,True
ORD-SYN-003797,CUS-SYN-085,2026-07-04T13:44:00-04:00,2026-07-07T13:44:00-04:00,2026-07-08T13:44:00-04:00,fulfilled,B2B-V1-BASE,BLD-9102B6E8BF1ABFFC5F32,True
ORD-SYN-003798,CUS-SYN-135,2026-07-04T15:33:00-04:00,2026-07-08T15:33:00-04:00,2026-07-08T15:33:00-04:00,fulfilled,B2B-V1-BASE,BLD-9102B6E8BF1ABFFC5F32,True
ORD-SYN-003799,CUS-SYN-034,2026-07-04T15:46:00-04:00,2026-07-07T15:46:00-04:00,2026-07-10T15:46:00-04:00,fulfilled,B2B-V1-BASE,BLD-9102B6E8BF1ABFFC5F32,True
ORD-SYN-003800,CUS-SYN-037,2026-07-04T17:01:00-04:00,2026-07-08T17:01:00-04:00,2026-07-10T17:01:00-04:00,fulfilled,B2B-V1-BASE,BLD-9102B6E8BF1ABFFC5F32,True
ORD-SYN-003801,CUS-SYN-004,2026-07-04T17:34:00-04:00,2026-07-05T17:34:00-04:00,2026-07-10T17:34:00-04:00,partially_fulfilled,B2B-V1-BASE,BLD-9102B6E8BF1ABFFC5F32,True
ORD-SYN-003802,CUS-SYN-101,2026-07-04T17:58:00-04:00,2026-07-05T17:58:00-04:00,2026-07-07T17:58:00-04:00,partially_fulfilled,B2B-V1-BASE,BLD-9102B6E8BF1ABFFC5F32,True
ORD-SYN-003803,CUS-SYN-041,2026-07-05T10:43:00-04:00,2026-07-06T10:43:00-04:00,2026-07-07T10:43:00-04:00,partially_fulfilled,B2B-V1-BASE,BLD-9102B6E8BF1ABFFC5F32,True
ORD-SYN-003804,CUS-SYN-089,2026-07-05T11:23:00-04:00,2026-07-08T11:23:00-04:00,2026-07-10T11:23:00-04:00,fulfilled,B2B-V1-BASE,BLD-9102B6E8BF1ABFFC5F32,True
ORD-SYN-003805,CUS-SYN-134,2026-07-05T11:47:00-04:00,2026-07-07T11:47:00-04:00,2026-07-07T11:47:00-04:00,fulfilled,B2B-V1-BASE,BLD-9102B6E8BF1ABFFC5F32,True
ORD-SYN-003806,CUS-SYN-093,2026-07-05T14:33:00-04:00,2026-07-06T14:33:00-04:00,2026-07-08T14:33:00-04:00,partially_fulfilled,B2B-V1-BASE,BLD-9102B6E8BF1ABFFC5F32,True
ORD-SYN-003807,CUS-SYN-102,2026-07-05T15:22:00-04:00,2026-07-08T15:22:00-04:00,2026-07-10T15:22:00-04:00,fulfilled,B2B-V1-BASE,BLD-9102B6E8BF1ABFFC5F32,True
ORD-SYN-003808,CUS-SYN-016,2026-07-05T17:04:00-04:00,2026-07-07T17:04:00-04:00,2026-07-08T17:04:00-04:00,partially_fulfilled,B2B-V1-BASE,BLD-9102B6E8BF1ABFFC5F32,True
ORD-SYN-003809,CUS-SYN-093,2026-07-05T17:07:00-04:00,,2026-07-11T17:07:00-04:00,fulfilled,B2B-V1-BASE,BLD-9102B6E8BF1ABFFC5F32,True
ORD-SYN-003810,CUS-SYN-039,2026-07-06T08:14:00-04:00,2026-07-10T08:14:00-04:00,2026-07-11T08:14:00-04:00,fulfilled,B2B-V1-BASE,BLD-9102B6E8BF1ABFFC5F32,True
ORD-SYN-003811,CUS-SYN-138,2026-07-06T09:08:00-04:00,2026-07-09T09:08:00-04:00,2026-07-10T09:08:00-04:00,fulfilled,B2B-V1-BASE,BLD-9102B6E8BF1ABFFC5F32,True
ORD-SYN-003812,CUS-SYN-046,2026-07-06T10:19:00-04:00,2026-07-07T10:19:00-04:00,2026-07-12T10:19:00-04:00,partially_fulfilled,B2B-V1-BASE,BLD-9102B6E8BF1ABFFC5F32,True
ORD-SYN-003813,CUS-SYN-138,2026-07-06T14:54:00-04:00,2026-07-08T14:54:00-04:00,2026-07-10T14:54:00-04:00,fulfilled,B2B-V1-BASE,BLD-9102B6E8BF1ABFFC5F32,True
ORD-SYN-003814,CUS-SYN-094,2026-07-06T15:22:00-04:00,2026-07-10T15:22:00-04:00,2026-07-10T15:22:00-04:00,fulfilled,B2B-V1-BASE,BLD-9102B6E8BF1ABFFC5F32,True
ORD-SYN-003815,CUS-SYN-110,2026-07-06T15:43:00-04:00,2026-07-07T15:43:00-04:00,2026-07-08T15:43:00-04:00,fulfilled,B2B-V1-BASE,BLD-9102B6E8BF1ABFFC5F32,True
ORD-SYN-003816,CUS-SYN-007,2026-07-06T15:46:00-04:00,2026-07-08T15:46:00-04:00,2026-07-10T15:46:00-04:00,fulfilled,B2B-V1-BASE,BLD-9102B6E8BF1ABFFC5F32,True
ORD-SYN-003817,CUS-SYN-074,2026-07-06T17:34:00-04:00,2026-07-08T17:34:00-04:00,2026-07-09T17:34:00-04:00,fulfilled,B2B-V1-BASE,BLD-9102B6E8BF1ABFFC5F32,True
ORD-SYN-003818,CUS-SYN-062,2026-07-06T17:38:00-04:00,,2026-07-12T17:38:00-04:00,fulfilled,B2B-V1-BASE,BLD-9102B6E8BF1ABFFC5F32,True
ORD-SYN-003819,CUS-SYN-117,2026-07-07T10:34:00-04:00,2026-07-12T10:34:00-04:00,2026-07-12T10:34:00-04:00,partially_fulfilled,B2B-V1-BASE,BLD-9102B6E8BF1ABFFC5F32,True
ORD-SYN-003820,CUS-SYN-070,2026-07-07T10:35:00-04:00,2026-07-10T10:35:00-04:00,2026-07-13T10:35:00-04:00,fulfilled,B2B-V1-BASE,BLD-9102B6E8BF1ABFFC5F32,True
ORD-SYN-003821,CUS-SYN-008,2026-07-07T11:09:00-04:00,2026-07-11T11:09:00-04:00,2026-07-11T11:09:00-04:00,fulfilled,B2B-V1-BASE,BLD-9102B6E8BF1ABFFC5F32,True
ORD-SYN-003822,CUS-SYN-013,2026-07-07T12:40:00-04:00,2026-07-09T12:40:00-04:00,2026-07-09T12:40:00-04:00,partially_fulfilled,B2B-V1-BASE,BLD-9102B6E8BF1ABFFC5F32,True
ORD-SYN-003823,CUS-SYN-030,2026-07-07T14:14:00-04:00,2026-07-08T14:14:00-04:00,2026-07-13T14:14:00-04:00,fulfilled,B2B-V1-BASE,BLD-9102B6E8BF1ABFFC5F32,True
ORD-SYN-003824,CUS-SYN-133,2026-07-07T14:22:00-04:00,2026-07-08T14:22:00-04:00,2026-07-12T14:22:00-04:00,fulfilled,B2B-V1-BASE,BLD-9102B6E8BF1ABFFC5F32,True
ORD-SYN-003825,CUS-SYN-056,2026-07-07T16:44:00-04:00,2026-07-08T16:44:00-04:00,2026-07-12T16:44:00-04:00,partially_fulfilled,B2B-V1-BASE,BLD-9102B6E8BF1ABFFC5F32,True
ORD-SYN-003826,CUS-SYN-022,2026-07-07T17:17:00-04:00,2026-07-09T17:17:00-04:00,2026-07-13T17:17:00-04:00,fulfilled,B2B-V1-BASE,BLD-9102B6E8BF1ABFFC5F32,True
ORD-SYN-003827,CUS-SYN-004,2026-07-07T17:20:00-04:00,2026-07-11T17:20:00-04:00,2026-07-11T17:20:00-04:00,fulfilled,B2B-V1-BASE,BLD-9102B6E8BF1ABFFC5F32,True
ORD-SYN-003828,CUS-SYN-058,2026-07-08T08:34:00-04:00,2026-07-10T08:34:00-04:00,2026-07-10T08:34:00-04:00,fulfilled,B2B-V1-BASE,BLD-9102B6E8BF1ABFFC5F32,True
ORD-SYN-003829,CUS-SYN-074,2026-07-08T10:29:00-04:00,2026-07-10T10:29:00-04:00,2026-07-11T10:29:00-04:00,fulfilled,B2B-V1-BASE,BLD-9102B6E8BF1ABFFC5F32,True
ORD-SYN-003830,CUS-SYN-090,2026-07-08T10:41:00-04:00,,2026-07-13T10:41:00-04:00,fulfilled,B2B-V1-BASE,BLD-9102B6E8BF1ABFFC5F32,True
ORD-SYN-003831,CUS-SYN-085,2026-07-08T11:26:00-04:00,2026-07-11T11:26:00-04:00,2026-07-13T11:26:00-04:00,fulfilled,B2B-V1-BASE,BLD-9102B6E8BF1ABFFC5F32,True
ORD-SYN-003832,CUS-SYN-057,2026-07-08T12:09:00-04:00,2026-07-09T12:09:00-04:00,2026-07-10T12:09:00-04:00,fulfilled,B2B-V1-BASE,BLD-9102B6E8BF1ABFFC5F32,True
ORD-SYN-003833,CUS-SYN-045,2026-07-08T12:33:00-04:00,2026-07-11T12:33:00-04:00,2026-07-13T12:33:00-04:00,fulfilled,B2B-V1-BASE,BLD-9102B6E8BF1ABFFC5F32,True
ORD-SYN-003834,CUS-SYN-142,2026-07-08T12:36:00-04:00,,2026-07-14T12:36:00-04:00,fulfilled,B2B-V1-BASE,BLD-9102B6E8BF1ABFFC5F32,True
ORD-SYN-003835,CUS-SYN-004,2026-07-08T16:09:00-04:00,2026-07-10T16:09:00-04:00,2026-07-11T16:09:00-04:00,fulfilled,B2B-V1-BASE,BLD-9102B6E8BF1ABFFC5F32,True
ORD-SYN-003836,CUS-SYN-042,2026-07-08T16:32:00-04:00,2026-07-09T16:32:00-04:00,2026-07-12T16:32:00-04:00,fulfilled,B2B-V1-BASE,BLD-9102B6E8BF1ABFFC5F32,True
ORD-SYN-003837,CUS-SYN-109,2026-07-08T16:33:00-04:00,,2026-07-13T16:33:00-04:00,fulfilled,B2B-V1-BASE,BLD-9102B6E8BF1ABFFC5F32,True
ORD-SYN-003838,CUS-SYN-094,2026-07-08T17:22:00-04:00,2026-07-11T17:22:00-04:00,2026-07-13T17:22:00-04:00,fulfilled,B2B-V1-BASE,BLD-9102B6E8BF1ABFFC5F32,True
ORD-SYN-003839,CUS-SYN-094,2026-07-09T09:30:00-04:00,,2026-07-13T09:30:00-04:00,fulfilled,B2B-V1-BASE,BLD-9102B6E8BF1ABFFC5F32,True
ORD-SYN-003840,CUS-SYN-085,2026-07-09T10:25:00-04:00,,2026-07-15T10:25:00-04:00,fulfilled,B2B-V1-BASE,BLD-9102B6E8BF1ABFFC5F32,True
ORD-SYN-003841,CUS-SYN-111,2026-07-09T11:36:00-04:00,2026-07-10T11:36:00-04:00,2026-07-14T11:36:00-04:00,fulfilled,B2B-V1-BASE,BLD-9102B6E8BF1ABFFC5F32,True
ORD-SYN-003842,CUS-SYN-009,2026-07-09T14:33:00-04:00,,2026-07-13T14:33:00-04:00,fulfilled,B2B-V1-BASE,BLD-9102B6E8BF1ABFFC5F32,True
ORD-SYN-003843,CUS-SYN-041,2026-07-09T16:25:00-04:00,2026-07-10T16:25:00-04:00,2026-07-14T16:25:00-04:00,fulfilled,B2B-V1-BASE,BLD-9102B6E8BF1ABFFC5F32,True
ORD-SYN-003844,CUS-SYN-065,2026-07-09T16:56:00-04:00,2026-07-10T16:56:00-04:00,2026-07-14T16:56:00-04:00,fulfilled,B2B-V1-BASE,BLD-9102B6E8BF1ABFFC5F32,True
ORD-SYN-003845,CUS-SYN-017,2026-07-09T17:29:00-04:00,,2026-07-14T17:29:00-04:00,fulfilled,B2B-V1-BASE,BLD-9102B6E8BF1ABFFC5F32,True
ORD-SYN-003846,CUS-SYN-013,2026-07-09T17:57:00-04:00,2026-07-10T17:57:00-04:00,2026-07-11T17:57:00-04:00,fulfilled,B2B-V1-BASE,BLD-9102B6E8BF1ABFFC5F32,True
ORD-SYN-003847,CUS-SYN-017,2026-07-10T08:08:00-04:00,,2026-07-13T08:08:00-04:00,fulfilled,B2B-V1-BASE,BLD-9102B6E8BF1ABFFC5F32,True
ORD-SYN-003848,CUS-SYN-124,2026-07-10T09:24:00-04:00,2026-07-12T09:24:00-04:00,2026-07-14T09:24:00-04:00,fulfilled,B2B-V1-BASE,BLD-9102B6E8BF1ABFFC5F32,True
ORD-SYN-003849,CUS-SYN-057,2026-07-10T09:32:00-04:00,2026-07-11T09:32:00-04:00,2026-07-12T09:32:00-04:00,fulfilled,B2B-V1-BASE,BLD-9102B6E8BF1ABFFC5F32,True
ORD-SYN-003850,CUS-SYN-102,2026-07-10T09:34:00-04:00,2026-07-11T09:34:00-04:00,2026-07-16T09:34:00-04:00,fulfilled,B2B-V1-BASE,BLD-9102B6E8BF1ABFFC5F32,True
ORD-SYN-003851,CUS-SYN-098,2026-07-10T09:40:00-04:00,2026-07-14T09:40:00-04:00,2026-07-16T09:40:00-04:00,fulfilled,B2B-V1-BASE,BLD-9102B6E8BF1ABFFC5F32,True
ORD-SYN-003852,CUS-SYN-082,2026-07-10T10:19:00-04:00,2026-07-12T10:19:00-04:00,2026-07-16T10:19:00-04:00,fulfilled,B2B-V1-BASE,BLD-9102B6E8BF1ABFFC5F32,True
ORD-SYN-003853,CUS-SYN-122,2026-07-10T13:13:00-04:00,2026-07-13T13:13:00-04:00,2026-07-16T13:13:00-04:00,fulfilled,B2B-V1-BASE,BLD-9102B6E8BF1ABFFC5F32,True
ORD-SYN-003854,CUS-SYN-032,2026-07-10T14:25:00-04:00,2026-07-14T14:25:00-04:00,2026-07-15T14:25:00-04:00,fulfilled,B2B-V1-BASE,BLD-9102B6E8BF1ABFFC5F32,True
ORD-SYN-003855,CUS-SYN-021,2026-07-10T14:42:00-04:00,,2026-07-16T14:42:00-04:00,fulfilled,B2B-V1-BASE,BLD-9102B6E8BF1ABFFC5F32,True
ORD-SYN-003856,CUS-SYN-025,2026-07-10T16:52:00-04:00,2026-07-14T16:52:00-04:00,2026-07-14T16:52:00-04:00,fulfilled,B2B-V1-BASE,BLD-9102B6E8BF1ABFFC5F32,True
ORD-SYN-003857,CUS-SYN-098,2026-07-10T17:21:00-04:00,2026-07-12T17:21:00-04:00,2026-07-12T17:21:00-04:00,fulfilled,B2B-V1-BASE,BLD-9102B6E8BF1ABFFC5F32,True
ORD-SYN-003858,CUS-SYN-127,2026-07-10T17:28:00-04:00,2026-07-11T17:28:00-04:00,2026-07-12T17:28:00-04:00,partially_fulfilled,B2B-V1-BASE,BLD-9102B6E8BF1ABFFC5F32,True
ORD-SYN-003859,CUS-SYN-033,2026-07-11T08:01:00-04:00,2026-07-12T08:01:00-04:00,2026-07-15T08:01:00-04:00,fulfilled,B2B-V1-BASE,BLD-9102B6E8BF1ABFFC5F32,True
ORD-SYN-003860,CUS-SYN-024,2026-07-11T11:20:00-04:00,2026-07-12T11:20:00-04:00,2026-07-13T11:20:00-04:00,fulfilled,B2B-V1-BASE,BLD-9102B6E8BF1ABFFC5F32,True
ORD-SYN-003861,CUS-SYN-021,2026-07-11T12:31:00-04:00,2026-07-12T12:31:00-04:00,2026-07-13T12:31:00-04:00,fulfilled,B2B-V1-BASE,BLD-9102B6E8BF1ABFFC5F32,True
ORD-SYN-003862,CUS-SYN-082,2026-07-11T15:28:00-04:00,,2026-07-14T15:28:00-04:00,partially_fulfilled,B2B-V1-BASE,BLD-9102B6E8BF1ABFFC5F32,True
ORD-SYN-003863,CUS-SYN-037,2026-07-11T15:59:00-04:00,2026-07-16T15:59:00-04:00,2026-07-16T15:59:00-04:00,fulfilled,B2B-V1-BASE,BLD-9102B6E8BF1ABFFC5F32,True
ORD-SYN-003864,CUS-SYN-025,2026-07-11T17:27:00-04:00,2026-07-12T17:27:00-04:00,2026-07-16T17:27:00-04:00,fulfilled,B2B-V1-BASE,BLD-9102B6E8BF1ABFFC5F32,True
ORD-SYN-003865,CUS-SYN-074,2026-07-12T08:13:00-04:00,2026-07-16T08:13:00-04:00,2026-07-17T08:13:00-04:00,partially_fulfilled,B2B-V1-BASE,BLD-9102B6E8BF1ABFFC5F32,True
ORD-SYN-003866,CUS-SYN-065,2026-07-12T08:26:00-04:00,,2026-07-14T08:26:00-04:00,fulfilled,B2B-V1-BASE,BLD-9102B6E8BF1ABFFC5F32,True
ORD-SYN-003867,CUS-SYN-062,2026-07-12T08:47:00-04:00,2026-07-14T08:47:00-04:00,2026-07-18T08:47:00-04:00,partially_fulfilled,B2B-V1-BASE,BLD-9102B6E8BF1ABFFC5F32,True
ORD-SYN-003868,CUS-SYN-072,2026-07-12T10:03:00-04:00,2026-07-14T10:03:00-04:00,2026-07-16T10:03:00-04:00,fulfilled,B2B-V1-BASE,BLD-9102B6E8BF1ABFFC5F32,True
ORD-SYN-003869,CUS-SYN-102,2026-07-12T10:26:00-04:00,,2026-07-14T10:26:00-04:00,fulfilled,B2B-V1-BASE,BLD-9102B6E8BF1ABFFC5F32,True
ORD-SYN-003870,CUS-SYN-075,2026-07-12T12:06:00-04:00,2026-07-14T12:06:00-04:00,2026-07-14T12:06:00-04:00,fulfilled,B2B-V1-BASE,BLD-9102B6E8BF1ABFFC5F32,True
ORD-SYN-003871,CUS-SYN-073,2026-07-12T12:57:00-04:00,,2026-07-17T12:57:00-04:00,fulfilled,B2B-V1-BASE,BLD-9102B6E8BF1ABFFC5F32,True
ORD-SYN-003872,CUS-SYN-033,2026-07-12T13:07:00-04:00,2026-07-14T13:07:00-04:00,2026-07-15T13:07:00-04:00,fulfilled,B2B-V1-BASE,BLD-9102B6E8BF1ABFFC5F32,True
ORD-SYN-003873,CUS-SYN-026,2026-07-12T13:31:00-04:00,2026-07-14T13:31:00-04:00,2026-07-14T13:31:00-04:00,fulfilled,B2B-V1-BASE,BLD-9102B6E8BF1ABFFC5F32,True
ORD-SYN-003874,CUS-SYN-076,2026-07-12T13:44:00-04:00,,2026-07-18T13:44:00-04:00,fulfilled,B2B-V1-BASE,BLD-9102B6E8BF1ABFFC5F32,True
ORD-SYN-003875,CUS-SYN-079,2026-07-12T14:18:00-04:00,2026-07-13T14:18:00-04:00,2026-07-18T14:18:00-04:00,partially_fulfilled,B2B-V1-BASE,BLD-9102B6E8BF1ABFFC5F32,True
ORD-SYN-003876,CUS-SYN-133,2026-07-12T14:33:00-04:00,2026-07-13T14:33:00-04:00,2026-07-15T14:33:00-04:00,partially_fulfilled,B2B-V1-BASE,BLD-9102B6E8BF1ABFFC5F32,True
ORD-SYN-003877,CUS-SYN-087,2026-07-12T15:18:00-04:00,2026-07-15T15:18:00-04:00,2026-07-15T15:18:00-04:00,partially_fulfilled,B2B-V1-BASE,BLD-9102B6E8BF1ABFFC5F32,True
ORD-SYN-003878,CUS-SYN-096,2026-07-12T16:09:00-04:00,2026-07-13T16:09:00-04:00,2026-07-16T16:09:00-04:00,partially_fulfilled,B2B-V1-BASE,BLD-9102B6E8BF1ABFFC5F32,True
ORD-SYN-003879,CUS-SYN-005,2026-07-12T16:50:00-04:00,2026-07-15T16:50:00-04:00,2026-07-17T16:50:00-04:00,fulfilled,B2B-V1-BASE,BLD-9102B6E8BF1ABFFC5F32,True
ORD-SYN-003880,CUS-SYN-057,2026-07-12T17:11:00-04:00,2026-07-17T17:11:00-04:00,2026-07-17T17:11:00-04:00,fulfilled,B2B-V1-BASE,BLD-9102B6E8BF1ABFFC5F32,True
ORD-SYN-003881,CUS-SYN-133,2026-07-12T17:24:00-04:00,2026-07-16T17:24:00-04:00,2026-07-16T17:24:00-04:00,fulfilled,B2B-V1-BASE,BLD-9102B6E8BF1ABFFC5F32,True
ORD-SYN-003882,CUS-SYN-016,2026-07-12T17:39:00-04:00,2026-07-14T17:39:00-04:00,2026-07-16T17:39:00-04:00,fulfilled,B2B-V1-BASE,BLD-9102B6E8BF1ABFFC5F32,True
ORD-SYN-003883,CUS-SYN-094,2026-07-13T10:06:00-04:00,2026-07-16T10:06:00-04:00,2026-07-18T10:06:00-04:00,fulfilled,B2B-V1-BASE,BLD-9102B6E8BF1ABFFC5F32,True
ORD-SYN-003884,CUS-SYN-134,2026-07-13T11:53:00-04:00,2026-07-17T11:53:00-04:00,2026-07-19T11:53:00-04:00,fulfilled,B2B-V1-BASE,BLD-9102B6E8BF1ABFFC5F32,True
ORD-SYN-003885,CUS-SYN-002,2026-07-13T12:04:00-04:00,2026-07-14T12:04:00-04:00,2026-07-16T12:04:00-04:00,fulfilled,B2B-V1-BASE,BLD-9102B6E8BF1ABFFC5F32,True
ORD-SYN-003886,CUS-SYN-030,2026-07-13T13:22:00-04:00,2026-07-15T13:22:00-04:00,2026-07-16T13:22:00-04:00,partially_fulfilled,B2B-V1-BASE,BLD-9102B6E8BF1ABFFC5F32,True
ORD-SYN-003887,CUS-SYN-038,2026-07-13T13:36:00-04:00,2026-07-17T13:36:00-04:00,2026-07-17T13:36:00-04:00,fulfilled,B2B-V1-BASE,BLD-9102B6E8BF1ABFFC5F32,True
ORD-SYN-003888,CUS-SYN-113,2026-07-13T15:23:00-04:00,2026-07-15T15:23:00-04:00,2026-07-15T15:23:00-04:00,partially_fulfilled,B2B-V1-BASE,BLD-9102B6E8BF1ABFFC5F32,True
ORD-SYN-003889,CUS-SYN-141,2026-07-13T16:34:00-04:00,2026-07-18T16:34:00-04:00,2026-07-18T16:34:00-04:00,fulfilled,B2B-V1-BASE,BLD-9102B6E8BF1ABFFC5F32,True
ORD-SYN-003890,CUS-SYN-097,2026-07-13T17:02:00-04:00,2026-07-14T17:02:00-04:00,2026-07-18T17:02:00-04:00,fulfilled,B2B-V1-BASE,BLD-9102B6E8BF1ABFFC5F32,True
ORD-SYN-003891,CUS-SYN-137,2026-07-14T10:58:00-04:00,,2026-07-19T10:58:00-04:00,fulfilled,B2B-V1-BASE,BLD-9102B6E8BF1ABFFC5F32,True
ORD-SYN-003892,CUS-SYN-072,2026-07-14T11:45:00-04:00,2026-07-19T11:45:00-04:00,2026-07-19T11:45:00-04:00,fulfilled,B2B-V1-BASE,BLD-9102B6E8BF1ABFFC5F32,True
ORD-SYN-003893,CUS-SYN-034,2026-07-14T11:57:00-04:00,2026-07-17T11:57:00-04:00,2026-07-17T11:57:00-04:00,fulfilled,B2B-V1-BASE,BLD-9102B6E8BF1ABFFC5F32,True
ORD-SYN-003894,CUS-SYN-008,2026-07-14T12:48:00-04:00,2026-07-16T12:48:00-04:00,2026-07-19T12:48:00-04:00,fulfilled,B2B-V1-BASE,BLD-9102B6E8BF1ABFFC5F32,True
ORD-SYN-003895,CUS-SYN-065,2026-07-14T14:31:00-04:00,,2026-07-19T14:31:00-04:00,fulfilled,B2B-V1-BASE,BLD-9102B6E8BF1ABFFC5F32,True
ORD-SYN-003896,CUS-SYN-047,2026-07-14T15:05:00-04:00,2026-07-18T15:05:00-04:00,2026-07-18T15:05:00-04:00,fulfilled,B2B-V1-BASE,BLD-9102B6E8BF1ABFFC5F32,True
ORD-SYN-003897,CUS-SYN-102,2026-07-15T09:11:00-04:00,2026-07-19T09:11:00-04:00,2026-07-19T09:11:00-04:00,fulfilled,B2B-V1-BASE,BLD-9102B6E8BF1ABFFC5F32,True
ORD-SYN-003898,CUS-SYN-072,2026-07-15T09:20:00-04:00,2026-07-17T09:20:00-04:00,2026-07-21T09:20:00-04:00,fulfilled,B2B-V1-BASE,BLD-9102B6E8BF1ABFFC5F32,True
ORD-SYN-003899,CUS-SYN-117,2026-07-15T12:53:00-04:00,2026-07-20T12:53:00-04:00,2026-07-21T12:53:00-04:00,fulfilled,B2B-V1-BASE,BLD-9102B6E8BF1ABFFC5F32,True
ORD-SYN-003900,CUS-SYN-134,2026-07-15T13:13:00-04:00,2026-07-20T13:13:00-04:00,2026-07-21T13:13:00-04:00,partially_fulfilled,B2B-V1-BASE,BLD-9102B6E8BF1ABFFC5F32,True
ORD-SYN-003901,CUS-SYN-102,2026-07-15T13:44:00-04:00,2026-07-19T13:44:00-04:00,2026-07-21T13:44:00-04:00,fulfilled,B2B-V1-BASE,BLD-9102B6E8BF1ABFFC5F32,True
ORD-SYN-003902,CUS-SYN-096,2026-07-15T13:50:00-04:00,2026-07-20T13:50:00-04:00,2026-07-20T13:50:00-04:00,fulfilled,B2B-V1-BASE,BLD-9102B6E8BF1ABFFC5F32,True
ORD-SYN-003903,CUS-SYN-029,2026-07-15T15:07:00-04:00,2026-07-20T15:07:00-04:00,2026-07-20T15:07:00-04:00,fulfilled,B2B-V1-BASE,BLD-9102B6E8BF1ABFFC5F32,True
ORD-SYN-003904,CUS-SYN-073,2026-07-15T15:20:00-04:00,2026-07-17T15:20:00-04:00,2026-07-19T15:20:00-04:00,fulfilled,B2B-V1-BASE,BLD-9102B6E8BF1ABFFC5F32,True
ORD-SYN-003905,CUS-SYN-131,2026-07-15T15:32:00-04:00,2026-07-16T15:32:00-04:00,2026-07-17T15:32:00-04:00,fulfilled,B2B-V1-BASE,BLD-9102B6E8BF1ABFFC5F32,True
ORD-SYN-003906,CUS-SYN-037,2026-07-15T16:14:00-04:00,,2026-07-17T16:14:00-04:00,fulfilled,B2B-V1-BASE,BLD-9102B6E8BF1ABFFC5F32,True
ORD-SYN-003907,CUS-SYN-062,2026-07-15T16:51:00-04:00,2026-07-17T16:51:00-04:00,2026-07-18T16:51:00-04:00,fulfilled,B2B-V1-BASE,BLD-9102B6E8BF1ABFFC5F32,True
ORD-SYN-003908,CUS-SYN-138,2026-07-16T09:28:00-04:00,2026-07-18T09:28:00-04:00,2026-07-19T09:28:00-04:00,fulfilled,B2B-V1-BASE,BLD-9102B6E8BF1ABFFC5F32,True
ORD-SYN-003909,CUS-SYN-079,2026-07-16T10:33:00-04:00,2026-07-18T10:33:00-04:00,2026-07-18T10:33:00-04:00,fulfilled,B2B-V1-BASE,BLD-9102B6E8BF1ABFFC5F32,True
ORD-SYN-003910,CUS-SYN-049,2026-07-16T12:39:00-04:00,2026-07-20T12:39:00-04:00,2026-07-22T12:39:00-04:00,partially_fulfilled,B2B-V1-BASE,BLD-9102B6E8BF1ABFFC5F32,True
ORD-SYN-003911,CUS-SYN-114,2026-07-16T12:57:00-04:00,2026-07-17T12:57:00-04:00,2026-07-19T12:57:00-04:00,fulfilled,B2B-V1-BASE,BLD-9102B6E8BF1ABFFC5F32,True
ORD-SYN-003912,CUS-SYN-001,2026-07-16T13:03:00-04:00,2026-07-17T13:03:00-04:00,2026-07-21T13:03:00-04:00,fulfilled,B2B-V1-BASE,BLD-9102B6E8BF1ABFFC5F32,True
ORD-SYN-003913,CUS-SYN-068,2026-07-16T13:37:00-04:00,,2026-07-21T13:37:00-04:00,partially_fulfilled,B2B-V1-BASE,BLD-9102B6E8BF1ABFFC5F32,True
ORD-SYN-003914,CUS-SYN-113,2026-07-16T14:24:00-04:00,2026-07-19T14:24:00-04:00,2026-07-21T14:24:00-04:00,fulfilled,B2B-V1-BASE,BLD-9102B6E8BF1ABFFC5F32,True
ORD-SYN-003915,CUS-SYN-118,2026-07-16T15:06:00-04:00,,2026-07-22T15:06:00-04:00,fulfilled,B2B-V1-BASE,BLD-9102B6E8BF1ABFFC5F32,True
ORD-SYN-003916,CUS-SYN-062,2026-07-16T16:39:00-04:00,,2026-07-19T16:39:00-04:00,fulfilled,B2B-V1-BASE,BLD-9102B6E8BF1ABFFC5F32,True
ORD-SYN-003917,CUS-SYN-128,2026-07-16T17:17:00-04:00,2026-07-18T17:17:00-04:00,2026-07-22T17:17:00-04:00,fulfilled,B2B-V1-BASE,BLD-9102B6E8BF1ABFFC5F32,True
ORD-SYN-003918,CUS-SYN-037,2026-07-17T09:01:00-04:00,2026-07-20T09:01:00-04:00,2026-07-22T09:01:00-04:00,fulfilled,B2B-V1-BASE,BLD-9102B6E8BF1ABFFC5F32,True
ORD-SYN-003919,CUS-SYN-043,2026-07-17T10:01:00-04:00,2026-07-18T10:01:00-04:00,2026-07-20T10:01:00-04:00,fulfilled,B2B-V1-BASE,BLD-9102B6E8BF1ABFFC5F32,True
ORD-SYN-003920,CUS-SYN-101,2026-07-17T10:17:00-04:00,,2026-07-19T10:17:00-04:00,partially_fulfilled,B2B-V1-BASE,BLD-9102B6E8BF1ABFFC5F32,True
ORD-SYN-003921,CUS-SYN-036,2026-07-17T12:53:00-04:00,2026-07-18T12:53:00-04:00,2026-07-22T12:53:00-04:00,fulfilled,B2B-V1-BASE,BLD-9102B6E8BF1ABFFC5F32,True
ORD-SYN-003922,CUS-SYN-045,2026-07-17T14:42:00-04:00,,2026-07-20T14:42:00-04:00,partially_fulfilled,B2B-V1-BASE,BLD-9102B6E8BF1ABFFC5F32,True
ORD-SYN-003923,CUS-SYN-118,2026-07-17T17:09:00-04:00,2026-07-18T17:09:00-04:00,2026-07-22T17:09:00-04:00,fulfilled,B2B-V1-BASE,BLD-9102B6E8BF1ABFFC5F32,True
ORD-SYN-003924,CUS-SYN-081,2026-07-17T17:59:00-04:00,2026-07-22T17:59:00-04:00,2026-07-22T17:59:00-04:00,fulfilled,B2B-V1-BASE,BLD-9102B6E8BF1ABFFC5F32,True
ORD-SYN-003925,CUS-SYN-121,2026-07-18T08:00:00-04:00,2026-07-24T08:00:00-04:00,2026-07-24T08:00:00-04:00,partially_fulfilled,B2B-V1-BASE,BLD-9102B6E8BF1ABFFC5F32,True
ORD-SYN-003926,CUS-SYN-058,2026-07-18T08:54:00-04:00,2026-07-19T08:54:00-04:00,2026-07-22T08:54:00-04:00,fulfilled,B2B-V1-BASE,BLD-9102B6E8BF1ABFFC5F32,True
ORD-SYN-003927,CUS-SYN-017,2026-07-18T09:06:00-04:00,2026-07-20T09:06:00-04:00,2026-07-20T09:06:00-04:00,partially_fulfilled,B2B-V1-BASE,BLD-9102B6E8BF1ABFFC5F32,True
ORD-SYN-003928,CUS-SYN-121,2026-07-18T09:40:00-04:00,2026-07-19T09:40:00-04:00,2026-07-20T09:40:00-04:00,fulfilled,B2B-V1-BASE,BLD-9102B6E8BF1ABFFC5F32,True
ORD-SYN-003929,CUS-SYN-030,2026-07-18T10:27:00-04:00,2026-07-20T10:27:00-04:00,2026-07-21T10:27:00-04:00,fulfilled,B2B-V1-BASE,BLD-9102B6E8BF1ABFFC5F32,True
ORD-SYN-003930,CUS-SYN-081,2026-07-18T10:40:00-04:00,2026-07-20T10:40:00-04:00,2026-07-21T10:40:00-04:00,fulfilled,B2B-V1-BASE,BLD-9102B6E8BF1ABFFC5F32,True
ORD-SYN-003931,CUS-SYN-001,2026-07-18T10:41:00-04:00,2026-07-20T10:41:00-04:00,2026-07-22T10:41:00-04:00,fulfilled,B2B-V1-BASE,BLD-9102B6E8BF1ABFFC5F32,True
ORD-SYN-003932,CUS-SYN-006,2026-07-18T12:47:00-04:00,2026-07-24T12:47:00-04:00,2026-07-24T12:47:00-04:00,partially_fulfilled,B2B-V1-BASE,BLD-9102B6E8BF1ABFFC5F32,True
ORD-SYN-003933,CUS-SYN-125,2026-07-18T13:09:00-04:00,2026-07-22T13:09:00-04:00,2026-07-22T13:09:00-04:00,fulfilled,B2B-V1-BASE,BLD-9102B6E8BF1ABFFC5F32,True
ORD-SYN-003934,CUS-SYN-133,2026-07-18T14:37:00-04:00,2026-07-20T14:37:00-04:00,2026-07-21T14:37:00-04:00,fulfilled,B2B-V1-BASE,BLD-9102B6E8BF1ABFFC5F32,True
ORD-SYN-003935,CUS-SYN-142,2026-07-18T15:46:00-04:00,2026-07-20T15:46:00-04:00,2026-07-20T15:46:00-04:00,fulfilled,B2B-V1-BASE,BLD-9102B6E8BF1ABFFC5F32,True
ORD-SYN-003936,CUS-SYN-028,2026-07-18T16:21:00-04:00,2026-07-24T16:21:00-04:00,2026-07-24T16:21:00-04:00,fulfilled,B2B-V1-BASE,BLD-9102B6E8BF1ABFFC5F32,True
ORD-SYN-003937,CUS-SYN-033,2026-07-18T16:31:00-04:00,2026-07-19T16:31:00-04:00,2026-07-22T16:31:00-04:00,fulfilled,B2B-V1-BASE,BLD-9102B6E8BF1ABFFC5F32,True
ORD-SYN-003938,CUS-SYN-012,2026-07-18T17:55:00-04:00,2026-07-24T17:55:00-04:00,2026-07-24T17:55:00-04:00,fulfilled,B2B-V1-BASE,BLD-9102B6E8BF1ABFFC5F32,True
ORD-SYN-003939,CUS-SYN-139,2026-07-19T08:03:00-04:00,,2026-07-23T08:03:00-04:00,partially_fulfilled,B2B-V1-BASE,BLD-9102B6E8BF1ABFFC5F32,True
ORD-SYN-003940,CUS-SYN-122,2026-07-19T08:50:00-04:00,,2026-07-24T08:50:00-04:00,fulfilled,B2B-V1-BASE,BLD-9102B6E8BF1ABFFC5F32,True
ORD-SYN-003941,CUS-SYN-014,2026-07-19T09:49:00-04:00,2026-07-21T09:49:00-04:00,2026-07-22T09:49:00-04:00,fulfilled,B2B-V1-BASE,BLD-9102B6E8BF1ABFFC5F32,True
ORD-SYN-003942,CUS-SYN-068,2026-07-19T10:32:00-04:00,2026-07-21T10:32:00-04:00,2026-07-22T10:32:00-04:00,fulfilled,B2B-V1-BASE,BLD-9102B6E8BF1ABFFC5F32,True
ORD-SYN-003943,CUS-SYN-081,2026-07-19T11:13:00-04:00,2026-07-25T11:13:00-04:00,2026-07-25T11:13:00-04:00,partially_fulfilled,B2B-V1-BASE,BLD-9102B6E8BF1ABFFC5F32,True
ORD-SYN-003944,CUS-SYN-133,2026-07-19T13:13:00-04:00,2026-07-21T13:13:00-04:00,2026-07-24T13:13:00-04:00,fulfilled,B2B-V1-BASE,BLD-9102B6E8BF1ABFFC5F32,True
ORD-SYN-003945,CUS-SYN-092,2026-07-19T13:19:00-04:00,,2026-07-24T13:19:00-04:00,fulfilled,B2B-V1-BASE,BLD-9102B6E8BF1ABFFC5F32,True
ORD-SYN-003946,CUS-SYN-023,2026-07-19T14:22:00-04:00,2026-07-22T14:22:00-04:00,2026-07-22T14:22:00-04:00,fulfilled,B2B-V1-BASE,BLD-9102B6E8BF1ABFFC5F32,True
ORD-SYN-003947,CUS-SYN-034,2026-07-19T15:21:00-04:00,,2026-07-23T15:21:00-04:00,fulfilled,B2B-V1-BASE,BLD-9102B6E8BF1ABFFC5F32,True
ORD-SYN-003948,CUS-SYN-114,2026-07-19T16:08:00-04:00,2026-07-21T16:08:00-04:00,2026-07-23T16:08:00-04:00,fulfilled,B2B-V1-BASE,BLD-9102B6E8BF1ABFFC5F32,True
ORD-SYN-003949,CUS-SYN-146,2026-07-19T17:02:00-04:00,2026-07-21T17:02:00-04:00,2026-07-25T17:02:00-04:00,partially_fulfilled,B2B-V1-BASE,BLD-9102B6E8BF1ABFFC5F32,True
ORD-SYN-003950,CUS-SYN-103,2026-07-20T11:15:00-04:00,2026-07-22T11:15:00-04:00,2026-07-22T11:15:00-04:00,fulfilled,B2B-V1-BASE,BLD-9102B6E8BF1ABFFC5F32,True
ORD-SYN-003951,CUS-SYN-040,2026-07-20T13:59:00-04:00,2026-07-23T13:59:00-04:00,2026-07-23T13:59:00-04:00,fulfilled,B2B-V1-BASE,BLD-9102B6E8BF1ABFFC5F32,True
ORD-SYN-003952,CUS-SYN-145,2026-07-20T15:28:00-04:00,2026-07-22T15:28:00-04:00,2026-07-22T15:28:00-04:00,partially_fulfilled,B2B-V1-BASE,BLD-9102B6E8BF1ABFFC5F32,True
ORD-SYN-003953,CUS-SYN-082,2026-07-20T16:02:00-04:00,2026-07-22T16:02:00-04:00,2026-07-26T16:02:00-04:00,fulfilled,B2B-V1-BASE,BLD-9102B6E8BF1ABFFC5F32,True
ORD-SYN-003954,CUS-SYN-002,2026-07-20T16:18:00-04:00,,2026-07-24T16:18:00-04:00,fulfilled,B2B-V1-BASE,BLD-9102B6E8BF1ABFFC5F32,True
ORD-SYN-003955,CUS-SYN-105,2026-07-20T17:08:00-04:00,2026-07-24T17:08:00-04:00,2026-07-25T17:08:00-04:00,fulfilled,B2B-V1-BASE,BLD-9102B6E8BF1ABFFC5F32,True
ORD-SYN-003956,CUS-SYN-010,2026-07-20T17:56:00-04:00,2026-07-25T17:56:00-04:00,2026-07-26T17:56:00-04:00,fulfilled,B2B-V1-BASE,BLD-9102B6E8BF1ABFFC5F32,True
ORD-SYN-003957,CUS-SYN-082,2026-07-21T09:56:00-04:00,,2026-07-27T09:56:00-04:00,fulfilled,B2B-V1-BASE,BLD-9102B6E8BF1ABFFC5F32,True
ORD-SYN-003958,CUS-SYN-117,2026-07-21T11:05:00-04:00,2026-07-23T11:05:00-04:00,2026-07-23T11:05:00-04:00,fulfilled,B2B-V1-BASE,BLD-9102B6E8BF1ABFFC5F32,True
ORD-SYN-003959,CUS-SYN-005,2026-07-21T11:36:00-04:00,,2026-07-23T11:36:00-04:00,partially_fulfilled,B2B-V1-BASE,BLD-9102B6E8BF1ABFFC5F32,True
ORD-SYN-003960,CUS-SYN-051,2026-07-21T12:25:00-04:00,2026-07-25T12:25:00-04:00,2026-07-25T12:25:00-04:00,fulfilled,B2B-V1-BASE,BLD-9102B6E8BF1ABFFC5F32,True
ORD-SYN-003961,CUS-SYN-029,2026-07-21T13:07:00-04:00,2026-07-24T13:07:00-04:00,2026-07-24T13:07:00-04:00,fulfilled,B2B-V1-BASE,BLD-9102B6E8BF1ABFFC5F32,True
ORD-SYN-003962,CUS-SYN-054,2026-07-21T13:37:00-04:00,2026-07-24T13:37:00-04:00,2026-07-24T13:37:00-04:00,fulfilled,B2B-V1-BASE,BLD-9102B6E8BF1ABFFC5F32,True
ORD-SYN-003963,CUS-SYN-022,2026-07-21T14:23:00-04:00,2026-07-24T14:23:00-04:00,2026-07-24T14:23:00-04:00,partially_fulfilled,B2B-V1-BASE,BLD-9102B6E8BF1ABFFC5F32,True
ORD-SYN-003964,CUS-SYN-009,2026-07-21T14:50:00-04:00,2026-07-22T14:50:00-04:00,2026-07-23T14:50:00-04:00,fulfilled,B2B-V1-BASE,BLD-9102B6E8BF1ABFFC5F32,True
ORD-SYN-003965,CUS-SYN-122,2026-07-21T15:09:00-04:00,2026-07-25T15:09:00-04:00,2026-07-25T15:09:00-04:00,fulfilled,B2B-V1-BASE,BLD-9102B6E8BF1ABFFC5F32,True
ORD-SYN-003966,CUS-SYN-082,2026-07-21T15:23:00-04:00,,2026-07-25T15:23:00-04:00,partially_fulfilled,B2B-V1-BASE,BLD-9102B6E8BF1ABFFC5F32,True
ORD-SYN-003967,CUS-SYN-006,2026-07-21T17:32:00-04:00,2026-07-22T17:32:00-04:00,2026-07-24T17:32:00-04:00,fulfilled,B2B-V1-BASE,BLD-9102B6E8BF1ABFFC5F32,True
ORD-SYN-003968,CUS-SYN-041,2026-07-21T17:58:00-04:00,,2026-07-25T17:58:00-04:00,fulfilled,B2B-V1-BASE,BLD-9102B6E8BF1ABFFC5F32,True
ORD-SYN-003969,CUS-SYN-059,2026-07-22T08:36:00-04:00,2026-07-24T08:36:00-04:00,2026-07-25T08:36:00-04:00,fulfilled,B2B-V1-BASE,BLD-9102B6E8BF1ABFFC5F32,True
ORD-SYN-003970,CUS-SYN-132,2026-07-22T10:07:00-04:00,2026-07-24T10:07:00-04:00,2026-07-28T10:07:00-04:00,fulfilled,B2B-V1-BASE,BLD-9102B6E8BF1ABFFC5F32,True
ORD-SYN-003971,CUS-SYN-009,2026-07-22T11:18:00-04:00,2026-07-24T11:18:00-04:00,2026-07-24T11:18:00-04:00,fulfilled,B2B-V1-BASE,BLD-9102B6E8BF1ABFFC5F32,True
ORD-SYN-003972,CUS-SYN-086,2026-07-22T12:14:00-04:00,2026-07-23T12:14:00-04:00,2026-07-25T12:14:00-04:00,fulfilled,B2B-V1-BASE,BLD-9102B6E8BF1ABFFC5F32,True
ORD-SYN-003973,CUS-SYN-130,2026-07-22T12:38:00-04:00,2026-07-26T12:38:00-04:00,2026-07-28T12:38:00-04:00,fulfilled,B2B-V1-BASE,BLD-9102B6E8BF1ABFFC5F32,True
ORD-SYN-003974,CUS-SYN-107,2026-07-22T13:17:00-04:00,2026-07-24T13:17:00-04:00,2026-07-26T13:17:00-04:00,fulfilled,B2B-V1-BASE,BLD-9102B6E8BF1ABFFC5F32,True
ORD-SYN-003975,CUS-SYN-037,2026-07-22T14:22:00-04:00,2026-07-26T14:22:00-04:00,2026-07-27T14:22:00-04:00,fulfilled,B2B-V1-BASE,BLD-9102B6E8BF1ABFFC5F32,True
ORD-SYN-003976,CUS-SYN-061,2026-07-22T17:32:00-04:00,,2026-07-24T17:32:00-04:00,fulfilled,B2B-V1-BASE,BLD-9102B6E8BF1ABFFC5F32,True
ORD-SYN-003977,CUS-SYN-056,2026-07-23T08:31:00-04:00,,2026-07-28T08:31:00-04:00,fulfilled,B2B-V1-BASE,BLD-9102B6E8BF1ABFFC5F32,True
ORD-SYN-003978,CUS-SYN-098,2026-07-23T09:24:00-04:00,2026-07-26T09:24:00-04:00,2026-07-28T09:24:00-04:00,partially_fulfilled,B2B-V1-BASE,BLD-9102B6E8BF1ABFFC5F32,True
ORD-SYN-003979,CUS-SYN-119,2026-07-23T10:37:00-04:00,2026-07-25T10:37:00-04:00,2026-07-29T10:37:00-04:00,fulfilled,B2B-V1-BASE,BLD-9102B6E8BF1ABFFC5F32,True
ORD-SYN-003980,CUS-SYN-088,2026-07-23T10:43:00-04:00,2026-07-24T10:43:00-04:00,2026-07-29T10:43:00-04:00,fulfilled,B2B-V1-BASE,BLD-9102B6E8BF1ABFFC5F32,True
ORD-SYN-003981,CUS-SYN-042,2026-07-23T11:08:00-04:00,2026-07-24T11:08:00-04:00,2026-07-25T11:08:00-04:00,fulfilled,B2B-V1-BASE,BLD-9102B6E8BF1ABFFC5F32,True
ORD-SYN-003982,CUS-SYN-034,2026-07-23T12:43:00-04:00,2026-07-27T12:43:00-04:00,2026-07-28T12:43:00-04:00,fulfilled,B2B-V1-BASE,BLD-9102B6E8BF1ABFFC5F32,True
ORD-SYN-003983,CUS-SYN-053,2026-07-23T14:46:00-04:00,2026-07-25T14:46:00-04:00,2026-07-26T14:46:00-04:00,fulfilled,B2B-V1-BASE,BLD-9102B6E8BF1ABFFC5F32,True
ORD-SYN-003984,CUS-SYN-038,2026-07-23T15:40:00-04:00,2026-07-26T15:40:00-04:00,2026-07-27T15:40:00-04:00,fulfilled,B2B-V1-BASE,BLD-9102B6E8BF1ABFFC5F32,True
ORD-SYN-003985,CUS-SYN-038,2026-07-23T15:44:00-04:00,2026-07-24T15:44:00-04:00,2026-07-27T15:44:00-04:00,fulfilled,B2B-V1-BASE,BLD-9102B6E8BF1ABFFC5F32,True
ORD-SYN-003986,CUS-SYN-117,2026-07-23T16:13:00-04:00,2026-07-24T16:13:00-04:00,2026-07-25T16:13:00-04:00,partially_fulfilled,B2B-V1-BASE,BLD-9102B6E8BF1ABFFC5F32,True
ORD-SYN-003987,CUS-SYN-097,2026-07-23T17:20:00-04:00,2026-07-28T17:20:00-04:00,2026-07-29T17:20:00-04:00,partially_fulfilled,B2B-V1-BASE,BLD-9102B6E8BF1ABFFC5F32,True
ORD-SYN-003988,CUS-SYN-061,2026-07-23T17:27:00-04:00,2026-07-25T17:27:00-04:00,2026-07-26T17:27:00-04:00,fulfilled,B2B-V1-BASE,BLD-9102B6E8BF1ABFFC5F32,True
ORD-SYN-003989,CUS-SYN-005,2026-07-24T08:27:00-04:00,2026-07-28T08:27:00-04:00,2026-07-30T08:27:00-04:00,fulfilled,B2B-V1-BASE,BLD-9102B6E8BF1ABFFC5F32,True
ORD-SYN-003990,CUS-SYN-109,2026-07-24T08:50:00-04:00,,2026-07-27T08:50:00-04:00,fulfilled,B2B-V1-BASE,BLD-9102B6E8BF1ABFFC5F32,True
ORD-SYN-003991,CUS-SYN-061,2026-07-24T09:21:00-04:00,,2026-07-29T09:21:00-04:00,fulfilled,B2B-V1-BASE,BLD-9102B6E8BF1ABFFC5F32,True
ORD-SYN-003992,CUS-SYN-133,2026-07-24T13:07:00-04:00,2026-07-26T13:07:00-04:00,2026-07-26T13:07:00-04:00,fulfilled,B2B-V1-BASE,BLD-9102B6E8BF1ABFFC5F32,True
ORD-SYN-003993,CUS-SYN-086,2026-07-24T13:16:00-04:00,2026-07-26T13:16:00-04:00,2026-07-29T13:16:00-04:00,fulfilled,B2B-V1-BASE,BLD-9102B6E8BF1ABFFC5F32,True
ORD-SYN-003994,CUS-SYN-001,2026-07-24T15:10:00-04:00,2026-07-26T15:10:00-04:00,2026-07-26T15:10:00-04:00,fulfilled,B2B-V1-BASE,BLD-9102B6E8BF1ABFFC5F32,True
ORD-SYN-003995,CUS-SYN-106,2026-07-24T16:12:00-04:00,2026-07-27T16:12:00-04:00,2026-07-27T16:12:00-04:00,fulfilled,B2B-V1-BASE,BLD-9102B6E8BF1ABFFC5F32,True
ORD-SYN-003996,CUS-SYN-045,2026-07-24T17:04:00-04:00,2026-07-26T17:04:00-04:00,2026-07-27T17:04:00-04:00,partially_fulfilled,B2B-V1-BASE,BLD-9102B6E8BF1ABFFC5F32,True
ORD-SYN-003997,CUS-SYN-106,2026-07-24T17:37:00-04:00,2026-07-29T17:37:00-04:00,2026-07-30T17:37:00-04:00,fulfilled,B2B-V1-BASE,BLD-9102B6E8BF1ABFFC5F32,True
ORD-SYN-003998,CUS-SYN-022,2026-07-25T09:53:00-04:00,2026-07-30T09:53:00-04:00,2026-07-30T09:53:00-04:00,fulfilled,B2B-V1-BASE,BLD-9102B6E8BF1ABFFC5F32,True
ORD-SYN-003999,CUS-SYN-086,2026-07-25T12:01:00-04:00,2026-07-26T12:01:00-04:00,2026-07-27T12:01:00-04:00,fulfilled,B2B-V1-BASE,BLD-9102B6E8BF1ABFFC5F32,True
ORD-SYN-004000,CUS-SYN-129,2026-07-25T12:45:00-04:00,2026-07-28T12:45:00-04:00,2026-07-30T12:45:00-04:00,fulfilled,B2B-V1-BASE,BLD-9102B6E8BF1ABFFC5F32,True
